{
  "train_loss": [
    0.8806034098971974,
    0.6495693791996349,
    0.49732850031419235,
    0.44607574018565094,
    0.4215927172790874,
    0.3956548111005263,
    0.3844196324998682,
    0.3999213923107494,
    0.35914539694786074,
    0.3599012857133692,
    0.3556036179715937,
    0.3609373526139693,
    0.3438002358783375,
    0.34672149961644955,
    0.3436717802828008,
    0.34684123559431596,
    0.3360825535925952,
    0.3497055265036496,
    0.3396270898255435,
    0.33206886757503856,
    0.33136575492945586,
    0.30311280407688834,
    0.2962135520848361,
    0.29929723739624026,
    0.2939894107255069,
    0.2963702480901371,
    0.2956967448646372,
    0.28875347457148814,
    0.29123948135159233,
    0.2919420976530422,
    0.28858998932621693,
    0.29295131970535626,
    0.2897977251898159,
    0.29205515736883336,
    0.28847927965901116,
    0.28834984573450956,
    0.29016082205555654,
    0.2816880635239861,
    0.28443600101904437,
    0.28346538001840765,
    0.28413269357247783,
    0.28483224754983727,
    0.28584104559638285,
    0.28670927692543374,
    0.28112497519363056,
    0.28584353652867406,
    0.2862961679697037,
    0.28747022368691183,
    0.2852785286578265,
    0.2836523779413917,
    0.2828477463938973,
    0.2842991842464967,
    0.2831646111878482,
    0.28685050769285725,
    0.28118267926302826,
    0.28455052267421377,
    0.2812219969250939,
    0.2809972126375545,
    0.2818533710458062,
    0.28112289011478425,
    0.28030100681565023,
    0.2830080641941591,
    0.2832984515211799,
    0.2788823119618676,
    0.28085934032093396,
    0.28277185559272766,
    0.28231781450184906,
    0.28544684133746406,
    0.2841656470840627,
    0.28169820986010813,
    0.28219093192707406,
    0.2835310968485745,
    0.28432132032784546,
    0.279345808245919,
    0.2838322880593213,
    0.2791800160299648,
    0.28369835154576734,
    0.28153906843879006,
    0.28019711971282957,
    0.282059292901646,
    0.28285279165614735
  ],
  "val_loss": [
    0.7717697285115719,
    0.6046775504946709,
    0.7844599969685078,
    0.6820159703493118,
    0.40333192236721516,
    0.7642679996788502,
    0.38542724400758743,
    0.3826928399503231,
    0.5816255956888199,
    0.7930813133716583,
    0.3903086595237255,
    0.4857817403972149,
    0.5599887073040009,
    0.3795063979923725,
    0.3486057724803686,
    0.5686445198953152,
    0.36909472569823265,
    0.7219463624060154,
    0.6511295214295387,
    0.48921629786491394,
    0.4099304173141718,
    0.3244136357679963,
    0.32150502875447273,
    0.3420372996479273,
    0.31789755448699,
    0.3175790784880519,
    0.31904449313879013,
    0.3541772570461035,
    0.32285791262984276,
    0.323298548348248,
    0.3136723469942808,
    0.38194377161562443,
    0.39773422852158546,
    0.3153445292264223,
    0.319691332988441,
    0.35310481302440166,
    0.3546786103397608,
    0.3120199628174305,
    0.31152708176523447,
    0.3118249410763383,
    0.31294342689216137,
    0.3122334610670805,
    0.31146819796413183,
    0.3115920955315232,
    0.31149362307041883,
    0.3116321014240384,
    0.3111754711717367,
    0.3114890307188034,
    0.31411433685570955,
    0.312598517164588,
    0.31226957123726606,
    0.31145718693733215,
    0.3115023709833622,
    0.3114168820902705,
    0.31131031177937984,
    0.3114177128300071,
    0.31117296777665615,
    0.31174127012491226,
    0.3111395575106144,
    0.3111414276063442,
    0.3117544986307621,
    0.31155219580978155,
    0.31136245746165514,
    0.3121801232919097,
    0.3112031240016222,
    0.31090682931244373,
    0.31198391504585743,
    0.3114827712997794,
    0.3113900674507022,
    0.31249368842691183,
    0.3120238911360502,
    0.31101352255791426,
    0.31123456452041864,
    0.3115158127620816,
    0.3112396579235792,
    0.31121099926531315,
    0.3111816328018904,
    0.3111163107678294,
    0.3114335350692272,
    0.31107103638350964,
    0.3115884158760309
  ],
  "epochs": [
    0,
    1,
    2,
    3,
    4,
    5,
    6,
    7,
    8,
    9,
    10,
    11,
    12,
    13,
    14,
    15,
    16,
    17,
    18,
    19,
    20,
    21,
    22,
    23,
    24,
    25,
    26,
    27,
    28,
    29,
    30,
    31,
    32,
    33,
    34,
    35,
    36,
    37,
    38,
    39,
    40,
    41,
    42,
    43,
    44,
    45,
    46,
    47,
    48,
    49,
    50,
    51,
    52,
    53,
    54,
    55,
    56,
    57,
    58,
    59,
    60,
    61,
    62,
    63,
    64,
    65,
    66,
    67,
    68,
    69,
    70,
    71,
    72,
    73,
    74,
    75,
    76,
    77,
    78,
    79,
    80
  ]
}