{
  "train_loss": [
    0.8816850900650024,
    0.6158652744509957,
    0.4709589882330461,
    0.41620711142366584,
    0.38564159111543134,
    0.3676394570957531,
    0.35436787659471686,
    0.34792749963023445,
    0.33773398941213434,
    0.33714994463053616,
    0.3375908819111911,
    0.34060453284870496,
    0.32520205920392814,
    0.3246317129243504,
    0.3288649171590805,
    0.318472663380883,
    0.3165929415009239,
    0.3219526017254049,
    0.310963805697181,
    0.3199574513868852,
    0.31807892485098405,
    0.3100424896587025,
    0.30411740622737193,
    0.3156502791426399,
    0.30917155038226735,
    0.3214854020964016,
    0.28406412303447726,
    0.27647706514055076,
    0.27559862543236124,
    0.2750206378373233,
    0.2730081620541486,
    0.27229258824478497,
    0.27416657236489383,
    0.272303156690164,
    0.27240584167567167,
    0.27419979436831043,
    0.2700496096502651,
    0.2663989481600848,
    0.2682401554151015,
    0.2674751216715032,
    0.26955655948682267,
    0.2670103674585169,
    0.2703105162490498,
    0.2684833681041544,
    0.267292472449216,
    0.2691286550326781,
    0.26699150827797974,
    0.26983875090425663,
    0.27076098377054386,
    0.2669036602432078,
    0.2721750489690087,
    0.2711362291466106,
    0.2684546546502547,
    0.2692021800713106,
    0.26970802355896345,
    0.26729661524295806,
    0.2684517191214995,
    0.26826086748730055,
    0.26883698918602683,
    0.2707183829762719,
    0.27224910177967765,
    0.26976952010935,
    0.2715606608174064,
    0.26805569312789224,
    0.2669446181167256,
    0.2671902239322662,
    0.269467295570807,
    0.269876412099058,
    0.26823011149059645,
    0.2692902451211756
  ],
  "val_loss": [
    0.7637559063732624,
    0.5457000695168972,
    0.438187712803483,
    0.3896450623869896,
    0.3843434751033783,
    0.3822827748954296,
    0.3585906196385622,
    0.6801790781319141,
    0.35770823806524277,
    0.35057725571095943,
    0.5324800666421652,
    0.3638471197336912,
    0.40103911235928535,
    0.6159330531954765,
    0.3324171360582113,
    0.39724270440638065,
    0.43210049346089363,
    0.3492064420133829,
    0.3211343362927437,
    0.31766677275300026,
    0.6593154296278954,
    0.35314053297042847,
    0.4591474402695894,
    0.3840181026607752,
    0.3474515415728092,
    0.7624274007976055,
    0.2909649508073926,
    0.2912298124283552,
    0.2968596126884222,
    0.2927111266180873,
    0.2937591839581728,
    0.3012960944324732,
    0.3031268138438463,
    0.28423155657947063,
    0.2839808678254485,
    0.28345227241516113,
    0.28335527516901493,
    0.2843693299219012,
    0.2834778130054474,
    0.28350885305553675,
    0.2854134328663349,
    0.2838212978094816,
    0.2836533635854721,
    0.2835848145186901,
    0.2835061363875866,
    0.2836650535464287,
    0.28353959415107965,
    0.2832189593464136,
    0.28304115403443575,
    0.2841752888634801,
    0.28339808713644743,
    0.2833135137334466,
    0.2835854571312666,
    0.2830910151824355,
    0.2830047560855746,
    0.28351657185703516,
    0.2833723137155175,
    0.28385087102651596,
    0.28357897885143757,
    0.2836567396298051,
    0.2831433778628707,
    0.28363308031111956,
    0.2831098660826683,
    0.2831596378237009,
    0.2835054090246558,
    0.28310749866068363,
    0.28326568845659494,
    0.28333680611103773,
    0.2844680277630687,
    0.28363965172320604
  ],
  "epochs": [
    0,
    1,
    2,
    3,
    4,
    5,
    6,
    7,
    8,
    9,
    10,
    11,
    12,
    13,
    14,
    15,
    16,
    17,
    18,
    19,
    20,
    21,
    22,
    23,
    24,
    25,
    26,
    27,
    28,
    29,
    30,
    31,
    32,
    33,
    34,
    35,
    36,
    37,
    38,
    39,
    40,
    41,
    42,
    43,
    44,
    45,
    46,
    47,
    48,
    49,
    50,
    51,
    52,
    53,
    54,
    55,
    56,
    57,
    58,
    59,
    60,
    61,
    62,
    63,
    64,
    65,
    66,
    67,
    68,
    69
  ]
}