{
  "train_loss": [
    0.8803388920697299,
    0.7198717399076981,
    0.5503963530063629,
    0.49039473858746613,
    0.4638389706611633,
    0.4563981928608634,
    0.4344579528678547,
    0.41941919435154307,
    0.4026149695569819,
    0.41390765851194206,
    0.4081447113643993,
    0.4065289432352239,
    0.38708694197914817,
    0.3654129602692344,
    0.3459309231151234,
    0.3468921878121116,
    0.345791311155666,
    0.34243469725955616,
    0.3384615952318365,
    0.3401176723566922,
    0.34186194268139924,
    0.3402610220692375,
    0.33670591657811944,
    0.33445646546103736,
    0.3340145268223502,
    0.33154256343841554,
    0.33340950283137233,
    0.33156918666579505,
    0.3362431775439869,
    0.32942487543279475,
    0.3313438182527369,
    0.33223333087834445,
    0.32668104388497093,
    0.3246538053859364,
    0.32982278764247897,
    0.3317002578215166,
    0.32267992144281216,
    0.32255168773911214,
    0.32223577824505895,
    0.32113596309315073,
    0.3196650364182212,
    0.32240939790552314,
    0.32261748015880587,
    0.3225787328048186,
    0.32094227888367394,
    0.31981568282300776,
    0.32265715328129857,
    0.32001975883137096,
    0.3180838882923126,
    0.318903016502207,
    0.3220530401576649,
    0.3222336308522658,
    0.317041196606376,
    0.32013083452528174,
    0.3187811022455042,
    0.3159148546782407,
    0.3196104111996564,
    0.31831897415898064,
    0.3197051866488023,
    0.31713368134065106,
    0.31941333060914817,
    0.32072241468863055,
    0.31947149336338043,
    0.3198830106041648,
    0.3200944190675562,
    0.31813864491202615,
    0.3218838101083582,
    0.31972328370267694,
    0.31903936971317637,
    0.3182913856072859,
    0.3199271632866426,
    0.3193221953782168,
    0.3184660632501949,
    0.3138964848084883,
    0.32096396765925667,
    0.3201992858539928,
    0.3209612933072177,
    0.3213875117627057
  ],
  "val_loss": [
    0.7959906682372093,
    0.6913222223520279,
    0.6546353548765182,
    0.4411517772823572,
    0.8450033068656921,
    0.5639375057071447,
    0.39450262300670147,
    0.80973120033741,
    0.5428740214556456,
    0.41203021444380283,
    0.4128844700753689,
    0.4227645192295313,
    0.42734462581574917,
    0.34825070202350616,
    0.34628197364509106,
    0.3393375761806965,
    0.3424836304038763,
    0.3450862318277359,
    0.3375888206064701,
    0.3578594755381346,
    0.503759503364563,
    0.33320619352161884,
    0.42609323747456074,
    0.355095524340868,
    0.3420377653092146,
    0.3324333466589451,
    0.3387903533875942,
    0.41726241633296013,
    0.3641015850007534,
    0.3288126830011606,
    0.3656197190284729,
    0.33444399014115334,
    0.34217042848467827,
    0.348298866301775,
    0.3380517531186342,
    0.5194224733859301,
    0.32513015531003475,
    0.32637685537338257,
    0.3231890741735697,
    0.32328434474766254,
    0.3230364304035902,
    0.322850463911891,
    0.32189425826072693,
    0.3228435292840004,
    0.32198676094412804,
    0.3216304276138544,
    0.32271320931613445,
    0.32132755778729916,
    0.32110228948295116,
    0.32397839054465294,
    0.321593401953578,
    0.3240465000271797,
    0.32194405421614647,
    0.32122123427689075,
    0.3255808912217617,
    0.32096645794808865,
    0.3207525499165058,
    0.3210969790816307,
    0.3211969379335642,
    0.3211921099573374,
    0.3208719901740551,
    0.3213688712567091,
    0.32059898413717747,
    0.3208245635032654,
    0.3208334892988205,
    0.32075462490320206,
    0.32088752835989,
    0.32103757932782173,
    0.3213687054812908,
    0.3209849148988724,
    0.32129477337002754,
    0.32097475975751877,
    0.3215695098042488,
    0.32088750042021275,
    0.3214444909244776,
    0.32128373719751835,
    0.3230718895792961,
    0.3210136331617832
  ],
  "epochs": [
    0,
    1,
    2,
    3,
    4,
    5,
    6,
    7,
    8,
    9,
    10,
    11,
    12,
    13,
    14,
    15,
    16,
    17,
    18,
    19,
    20,
    21,
    22,
    23,
    24,
    25,
    26,
    27,
    28,
    29,
    30,
    31,
    32,
    33,
    34,
    35,
    36,
    37,
    38,
    39,
    40,
    41,
    42,
    43,
    44,
    45,
    46,
    47,
    48,
    49,
    50,
    51,
    52,
    53,
    54,
    55,
    56,
    57,
    58,
    59,
    60,
    61,
    62,
    63,
    64,
    65,
    66,
    67,
    68,
    69,
    70,
    71,
    72,
    73,
    74,
    75,
    76,
    77
  ]
}