{
  "train_loss": [
    0.8733764106577093,
    0.6538574554703452,
    0.529887918992476,
    0.47149747989394447,
    0.44129645824432373,
    0.4193995833396912,
    0.43338411992246456,
    0.4019455790519714,
    0.3912020195614208,
    0.3797452379356731,
    0.37764364210042084,
    0.35221423019062387,
    0.33929322199387985,
    0.3333690258589658,
    0.33072103532877833,
    0.3313261633569544,
    0.330978125333786,
    0.3297717197374864,
    0.32489040981639516,
    0.3274350979111411,
    0.32410418391227724,
    0.32412757765163075,
    0.32698379429903895,
    0.3228918037631295,
    0.3186524234034798,
    0.31672223833474245,
    0.3151699060743505,
    0.3167552498253909,
    0.31639180291782726,
    0.3140985510566018,
    0.3173000839623538,
    0.31989920085126705,
    0.31858416578986426,
    0.3159156417304819,
    0.31422896466471933,
    0.323693926226009,
    0.31822152083570304,
    0.3180805114182559,
    0.3171650176698511,
    0.3192935664545406,
    0.3209844510663639,
    0.32047463113611396,
    0.31596839427948,
    0.314197345755317,
    0.31451974375681446,
    0.32178787182677876,
    0.31634772392836485,
    0.3187357569282705,
    0.3186596008864316,
    0.31734678989106957,
    0.31409420262683524,
    0.32024010582403706,
    0.313913492993875,
    0.31589359884912316,
    0.3173314080996947,
    0.31645894755016674,
    0.31786842969330875,
    0.3189505606889725,
    0.3179637984796004
  ],
  "val_loss": [
    0.7419873960316181,
    0.648032907396555,
    0.8778827078640461,
    0.5126320105046034,
    0.418437821790576,
    0.7447559386491776,
    0.4542046803981066,
    0.48593495786190033,
    0.4234274812042713,
    0.4747210629284382,
    0.7157668098807335,
    0.3433654624968767,
    0.33705268427729607,
    0.3737509734928608,
    0.3319120015949011,
    0.3373728981241584,
    0.33248303923755884,
    0.33172294683754444,
    0.33285815082490444,
    0.33327420242130756,
    0.3548296354711056,
    0.35578211583197117,
    0.34087865985929966,
    0.33893125504255295,
    0.3258171649649739,
    0.32576046884059906,
    0.3250020304694772,
    0.325874263420701,
    0.32613612059503794,
    0.3251366578042507,
    0.32632855139672756,
    0.32555790711194277,
    0.3250309592112899,
    0.32638441398739815,
    0.325122794136405,
    0.3249022774398327,
    0.3253956353291869,
    0.3250517565757036,
    0.32535428926348686,
    0.32532187178730965,
    0.3254720801487565,
    0.3250988991931081,
    0.32538503408432007,
    0.3248092783614993,
    0.325022148899734,
    0.32519354205578566,
    0.3251733388751745,
    0.3251459551975131,
    0.3248649509623647,
    0.32521800976246595,
    0.32494801562279463,
    0.3250902593135834,
    0.3249925998970866,
    0.3252364303916693,
    0.325308158993721,
    0.3251212788745761,
    0.32521348632872105,
    0.3255697377026081,
    0.32501574605703354
  ],
  "epochs": [
    0,
    1,
    2,
    3,
    4,
    5,
    6,
    7,
    8,
    9,
    10,
    11,
    12,
    13,
    14,
    15,
    16,
    17,
    18,
    19,
    20,
    21,
    22,
    23,
    24,
    25,
    26,
    27,
    28,
    29,
    30,
    31,
    32,
    33,
    34,
    35,
    36,
    37,
    38,
    39,
    40,
    41,
    42,
    43,
    44,
    45,
    46,
    47,
    48,
    49,
    50,
    51,
    52,
    53,
    54,
    55,
    56,
    57,
    58
  ]
}