{
  "train_loss": [
    0.8293224334716797,
    0.5333613937551325,
    0.45172315727580675,
    0.4103719798001376,
    0.3800020694732666,
    0.3633047878742218,
    0.3587233608419245,
    0.3457515602762049,
    0.3346508213064887,
    0.3351311548189683,
    0.3275084062056108,
    0.32268826419656926,
    0.3185206231745807,
    0.3127087040380998,
    0.30723900740796867,
    0.3106091493910009,
    0.311882822080092,
    0.29964803728190337,
    0.3051142123612491,
    0.3011507353999398,
    0.3064747645096345,
    0.2922867295416919,
    0.3016936844045466,
    0.2984602364626798,
    0.2705595726316625,
    0.26565470803867686,
    0.2649560855193572,
    0.2604782353747975,
    0.26255594275214456,
    0.2633809374137358,
    0.2588974939151244,
    0.2619361316615885,
    0.26372309029102325,
    0.2615304665132002,
    0.26191272004084154,
    0.2597868361256339,
    0.25739555982026185,
    0.2574859990315004,
    0.25661546018990605,
    0.2569339015267112,
    0.25604824044487695,
    0.25436071482571687,
    0.25293243337761273,
    0.2560856979001652,
    0.25462805493311447,
    0.2533978107300672,
    0.25494268509474666,
    0.2545324740084735,
    0.25515827590768986,
    0.2547133475542068,
    0.253638370199637,
    0.25607087341221896,
    0.25209380848841234,
    0.2548358521678231,
    0.25769331726160916,
    0.25342232232744044,
    0.25285073870962316,
    0.2559484042904594,
    0.25092172622680664,
    0.25652477036822924,
    0.2551170254295522,
    0.2544487898999995,
    0.2564079913226041,
    0.2537261854518544,
    0.25778504014015197,
    0.25346447256478394,
    0.25089364972981537,
    0.2560613664713773,
    0.25107054141434754,
    0.2541959805922075,
    0.2538497033444318,
    0.2552369941364635
  ],
  "val_loss": [
    0.6456736735999584,
    0.4688379056751728,
    0.4088278263807297,
    0.41150033846497536,
    0.377144530415535,
    0.363104622811079,
    0.37650908902287483,
    0.46334689669311047,
    0.404356949031353,
    0.33434551395475864,
    0.3308161189779639,
    0.4821963496506214,
    0.42088957875967026,
    0.32001931220293045,
    0.31878051720559597,
    0.4183872640132904,
    0.6071681566536427,
    0.3107842355966568,
    0.34633004292845726,
    0.40263571962714195,
    0.9929310046136379,
    0.5526678897440434,
    0.41943463310599327,
    0.9079912267625332,
    0.2857306534424424,
    0.2901928061619401,
    0.28003799356520176,
    0.28274167980998755,
    0.27948577236384153,
    0.31144531816244125,
    0.28767978958785534,
    0.28126039542257786,
    0.2853740733116865,
    0.27964345645159483,
    0.36655564419925213,
    0.27706792764365673,
    0.2759731588885188,
    0.27653020713478327,
    0.2762367697432637,
    0.27610888332128525,
    0.27605798467993736,
    0.27635215874761343,
    0.27610765490680933,
    0.2768040392547846,
    0.276012965478003,
    0.27620828803628683,
    0.27626957185566425,
    0.27601503301411867,
    0.2755991881713271,
    0.2757209939882159,
    0.2760446611791849,
    0.27649856079369783,
    0.2762520778924227,
    0.27571725007146597,
    0.2756952475756407,
    0.27596699073910713,
    0.2755790753290057,
    0.27599276043474674,
    0.27596056181937456,
    0.2761931652203202,
    0.2769798245280981,
    0.2758489167317748,
    0.2768816165626049,
    0.2759299948811531,
    0.2758913030847907,
    0.27647795621305704,
    0.2758155083283782,
    0.2768841003999114,
    0.2760104574263096,
    0.2759297685697675,
    0.2761709913611412,
    0.2759573580697179
  ],
  "epochs": [
    0,
    1,
    2,
    3,
    4,
    5,
    6,
    7,
    8,
    9,
    10,
    11,
    12,
    13,
    14,
    15,
    16,
    17,
    18,
    19,
    20,
    21,
    22,
    23,
    24,
    25,
    26,
    27,
    28,
    29,
    30,
    31,
    32,
    33,
    34,
    35,
    36,
    37,
    38,
    39,
    40,
    41,
    42,
    43,
    44,
    45,
    46,
    47,
    48,
    49,
    50,
    51,
    52,
    53,
    54,
    55,
    56,
    57,
    58,
    59,
    60,
    61,
    62,
    63,
    64,
    65,
    66,
    67,
    68,
    69,
    70,
    71
  ]
}