{
  "train_loss": [
    0.8706198334693909,
    0.5793397616256367,
    0.4329181058840318,
    0.37665803053162317,
    0.3421863301233812,
    0.3401118571108038,
    0.3163849478418177,
    0.3126744958487424,
    0.32539120695807716,
    0.3180847119201313,
    0.30908115993846547,
    0.29486301649700514,
    0.29951888837597584,
    0.2938662921840494,
    0.28652402596040205,
    0.28491485471075234,
    0.28303390660069205,
    0.283851897445592,
    0.2776068150997162,
    0.2861722266132181,
    0.2875202306292274,
    0.28256430219520223,
    0.26226475753567435,
    0.24537652324546466,
    0.24279405095360496,
    0.2417135699228807,
    0.24276509501717308,
    0.23802768154577775,
    0.23736148368228566,
    0.23793539811264386,
    0.23606942160563035,
    0.2354397088289261,
    0.2354841860857877,
    0.23472916619344192,
    0.23131559789180756,
    0.23009158345786007,
    0.23293006853623824,
    0.23424676575443962,
    0.231897879188711,
    0.23156695040789518,
    0.23418594517491081,
    0.23148227469487623,
    0.22820610945874995,
    0.23075865534218876,
    0.2327712438323281,
    0.22846986705606634,
    0.23164359602061185,
    0.23279091932556845,
    0.22979177642952311,
    0.23130697770552203,
    0.2319810076193376,
    0.22960869317704982,
    0.23413752209056507,
    0.22630531516942112,
    0.23045067380775106,
    0.23145493187687613,
    0.2311982593753121,
    0.2278389266946099,
    0.23134432245384562,
    0.22889562303369695,
    0.23178244802084835,
    0.23285981633446434,
    0.23095891015096146,
    0.22953569238836116,
    0.22900481576269324,
    0.23161771568385037,
    0.2305046577345241,
    0.2319141062823209,
    0.2336470295082439,
    0.23161615620959888,
    0.23006546551531012,
    0.23095400604334745,
    0.22756774506785654,
    0.23041958835991946,
    0.23068715090101416,
    0.22957677353512157,
    0.2322487245906483,
    0.22830033112655987,
    0.23024084324186497,
    0.2319193818352439,
    0.2347756792198528,
    0.23162547051906585,
    0.23303507403893906,
    0.2328479745171287,
    0.2310762890360572,
    0.23140529854731126,
    0.23110393610867588,
    0.23084440177137203,
    0.23395251550457694,
    0.23126090412790126
  ],
  "val_loss": [
    0.7461329624056816,
    0.9006029888987541,
    1.0762256309390068,
    0.6537922993302345,
    0.42654748260974884,
    0.6667050495743752,
    0.36358257569372654,
    0.6457886695861816,
    0.669007234275341,
    0.4043176807463169,
    0.32021825574338436,
    0.357396736741066,
    0.956448633223772,
    0.5502576697617769,
    0.7637782208621502,
    0.29818758834153414,
    0.6148376762866974,
    0.34076622873544693,
    0.4762096405029297,
    0.3724209275096655,
    0.37426221929490566,
    0.6462412849068642,
    0.2815649351105094,
    0.2965722046792507,
    0.29970201943069696,
    0.2798645058646798,
    0.28598291240632534,
    0.2790254047140479,
    0.2905008578673005,
    0.2872310243546963,
    0.28466249629855156,
    0.2943995948880911,
    0.2870289031416178,
    0.2800271837040782,
    0.2784927049651742,
    0.27656806632876396,
    0.27842050883919,
    0.27643233072012663,
    0.28047765512019396,
    0.2761094607412815,
    0.27689858339726925,
    0.27695529628545046,
    0.27622064482420683,
    0.27664380334317684,
    0.28032236546278,
    0.27806318644434214,
    0.27649320010095835,
    0.27625614684075117,
    0.27618584502488375,
    0.2767033251002431,
    0.2768088970333338,
    0.27575951255857944,
    0.27711767982691526,
    0.2757837399840355,
    0.27643221989274025,
    0.27721164003014565,
    0.278549674898386,
    0.2762953517958522,
    0.276584817096591,
    0.27682455629110336,
    0.277073185890913,
    0.2755828369408846,
    0.27570381108671427,
    0.2757351426407695,
    0.275599735789001,
    0.2763830469921231,
    0.27654454950243235,
    0.2778236772865057,
    0.2766023240983486,
    0.27909105271101,
    0.27639293763786554,
    0.2763173822313547,
    0.27669111266732216,
    0.27552485559135675,
    0.27541965153068304,
    0.27600252255797386,
    0.27688252273947,
    0.27666870318353176,
    0.2765853786841035,
    0.2784202052280307,
    0.27544960379600525,
    0.2774857748299837,
    0.2767027597874403,
    0.27616208605468273,
    0.27630625758320093,
    0.2771519897505641,
    0.2760338680818677,
    0.2762622442096472,
    0.2768760956823826,
    0.27683617267757654
  ],
  "epochs": [
    0,
    1,
    2,
    3,
    4,
    5,
    6,
    7,
    8,
    9,
    10,
    11,
    12,
    13,
    14,
    15,
    16,
    17,
    18,
    19,
    20,
    21,
    22,
    23,
    24,
    25,
    26,
    27,
    28,
    29,
    30,
    31,
    32,
    33,
    34,
    35,
    36,
    37,
    38,
    39,
    40,
    41,
    42,
    43,
    44,
    45,
    46,
    47,
    48,
    49,
    50,
    51,
    52,
    53,
    54,
    55,
    56,
    57,
    58,
    59,
    60,
    61,
    62,
    63,
    64,
    65,
    66,
    67,
    68,
    69,
    70,
    71,
    72,
    73,
    74,
    75,
    76,
    77,
    78,
    79,
    80,
    81,
    82,
    83,
    84,
    85,
    86,
    87,
    88,
    89
  ]
}