{
  "train_loss": [
    0.8646910266442732,
    0.6358584994619543,
    0.4995549499988556,
    0.42464582865888423,
    0.3979996366934343,
    0.3730506831949407,
    0.35630214647813274,
    0.35453609878366643,
    0.33857784217054193,
    0.3369221058758822,
    0.3319339996034449,
    0.3139342351393266,
    0.2873887181282043,
    0.28314682922580026,
    0.2800761209292845,
    0.2824650097977031,
    0.27992014288902284,
    0.28020535870031876,
    0.2802472041411833,
    0.2784872838041999,
    0.27828201109712775,
    0.2789728692986748,
    0.2728892052715475,
    0.27493183531544424,
    0.27609101859006013,
    0.2723740363662893,
    0.2714277969165282,
    0.2683317563750527,
    0.2681363471529701,
    0.26886427077380093,
    0.2701699107885361,
    0.2670266717672348,
    0.26784686392003837,
    0.26736365312879734,
    0.2666287367994135,
    0.268897220492363,
    0.26660676517269827,
    0.2681502537293868,
    0.26802166158502755,
    0.2675600423054262,
    0.26708193665201013,
    0.2675404472784563,
    0.2699710038575259,
    0.2662407260049473,
    0.2682650110938332,
    0.26644388897852467,
    0.2675777944651517,
    0.26699957007711583,
    0.2669604000720111,
    0.266621766036207,
    0.2682425024834546,
    0.2667172079736536,
    0.26658149036494166,
    0.26870065927505493,
    0.26340498924255373,
    0.26482524411244823
  ],
  "val_loss": [
    0.7958075106143951,
    0.6110072061419487,
    0.5114670246839523,
    0.45738134533166885,
    0.41458707861602306,
    0.3810418900102377,
    0.3990350365638733,
    0.46085902862250805,
    1.0621708258986473,
    0.7094912230968475,
    0.5255592316389084,
    0.3810446821153164,
    0.36567240953445435,
    0.319383448921144,
    0.3368756864219904,
    0.32606194633990526,
    0.31080897338688374,
    0.3975075464695692,
    0.33991202525794506,
    0.30746341682970524,
    0.310578390955925,
    0.3492187336087227,
    0.3084294991567731,
    0.31965610664337873,
    0.32271060161292553,
    0.3263294491916895,
    0.3049048576503992,
    0.306181943975389,
    0.3040682468563318,
    0.30449279863387346,
    0.30446056742221117,
    0.3037866847589612,
    0.30460053496062756,
    0.3045267751440406,
    0.3058215891942382,
    0.3101969948038459,
    0.3060117084532976,
    0.30598439276218414,
    0.30397152062505484,
    0.303842069581151,
    0.3037208020687103,
    0.3038183879107237,
    0.30447758827358484,
    0.30400799959897995,
    0.30383467581123114,
    0.30420277547091246,
    0.3039034800603986,
    0.30399835761636496,
    0.3038147957995534,
    0.303837058134377,
    0.3043174734339118,
    0.3038873169571161,
    0.3040944030508399,
    0.3041530158370733,
    0.30407247971743345,
    0.30395667254924774
  ],
  "epochs": [
    0,
    1,
    2,
    3,
    4,
    5,
    6,
    7,
    8,
    9,
    10,
    11,
    12,
    13,
    14,
    15,
    16,
    17,
    18,
    19,
    20,
    21,
    22,
    23,
    24,
    25,
    26,
    27,
    28,
    29,
    30,
    31,
    32,
    33,
    34,
    35,
    36,
    37,
    38,
    39,
    40,
    41,
    42,
    43,
    44,
    45,
    46,
    47,
    48,
    49,
    50,
    51,
    52,
    53,
    54,
    55
  ]
}