{
  "train_loss": [
    0.8794732603159818,
    0.6778326359662142,
    0.5436176505955783,
    0.49185469421473416,
    0.4526563270525499,
    0.4436133942820809,
    0.44225585569034925,
    0.43546496142040597,
    0.40975001616911455,
    0.4131037414073944,
    0.4072474035349759,
    0.4071983581239527,
    0.3928708239035173,
    0.38796427195722405,
    0.39061481844295154,
    0.3840680875561454,
    0.38986713723702865,
    0.3943885721943595,
    0.37954529252919283,
    0.3762688528407704,
    0.3788095084103671,
    0.3755954970013012,
    0.38490320552479135,
    0.37648964470083063,
    0.37208336212418297,
    0.37289857972751966,
    0.3767388788136569,
    0.3828801821578633,
    0.36797351186925714,
    0.366551227461208,
    0.34102810458703475,
    0.3368691663850438,
    0.3290762652050365,
    0.3330733515999534,
    0.33347095901315865,
    0.33346467180685563,
    0.3347822763703086,
    0.3329174957492135,
    0.330032449147918,
    0.33157714117657056,
    0.3285456202246926,
    0.33240030245347457,
    0.3282504656098106,
    0.33095912987535653,
    0.33284860144961964,
    0.3274091918360103,
    0.3270617506720803,
    0.3295227310874245,
    0.3260476377877322,
    0.3227896441112865,
    0.32313188964670353,
    0.32849671190435237,
    0.3244616914879192,
    0.3245328323407607,
    0.3249503756111318,
    0.32530864043669266,
    0.3240366301753304,
    0.320860828594728,
    0.32349592880769207,
    0.32470814260569486,
    0.322547924247655,
    0.3238147269595753,
    0.32094328864054245,
    0.32292365485971625,
    0.32099695910107007,
    0.3215281746604226,
    0.3228849467906085,
    0.3237179539420388,
    0.3221913776614449,
    0.3235116032036868,
    0.32444446032697505,
    0.3230365208604119,
    0.3207785779779608,
    0.32511933554302563,
    0.32165822928602045,
    0.3207480013370514,
    0.3215669431469657,
    0.3248745333064686,
    0.3225987732410431,
    0.3216317734935067,
    0.32509571476416155,
    0.32475638633424586,
    0.3228738421743566,
    0.3243048215454275,
    0.32121427059173585,
    0.3221830877390775,
    0.3258039951324463,
    0.3260446992787448,
    0.3229238239201632,
    0.3228416922417554,
    0.3231230464848605,
    0.32515556595542217,
    0.32103879776867955,
    0.3214086640964855
  ],
  "val_loss": [
    0.7967264093458652,
    0.5454746913164854,
    1.2854022085666656,
    0.49630123004317284,
    0.4834766536951065,
    0.42248235642910004,
    0.5329090151935816,
    0.4274883568286896,
    0.6819829232990742,
    0.6568467952311039,
    0.5173759274184704,
    0.4005943685770035,
    0.5198895186185837,
    0.8167261965572834,
    0.40067523159086704,
    0.5895636603236198,
    0.401811296120286,
    0.38121444918215275,
    0.6075437478721142,
    0.37541110068559647,
    0.46818044036626816,
    0.4066493883728981,
    0.47152071073651314,
    0.3711468745023012,
    0.5050840750336647,
    0.4032459929585457,
    0.4262310825288296,
    0.45439246855676174,
    0.37991761043667793,
    0.3800488878041506,
    0.34642287716269493,
    0.34323097579181194,
    0.3432322610169649,
    0.39880966767668724,
    0.35970135033130646,
    0.3467172682285309,
    0.34315421991050243,
    0.3484158758074045,
    0.34423137083649635,
    0.34473794512450695,
    0.34354097209870815,
    0.33984869718551636,
    0.3550739623606205,
    0.3508849423378706,
    0.3471149429678917,
    0.3562718238681555,
    0.3455308433622122,
    0.35345322638750076,
    0.33793310075998306,
    0.3382463473826647,
    0.3384775537997484,
    0.3387342393398285,
    0.3381372708827257,
    0.33784770779311657,
    0.34035927429795265,
    0.3388677891343832,
    0.3382994346320629,
    0.33820741437375546,
    0.33791622146964073,
    0.3377734590321779,
    0.33842979557812214,
    0.3389049079269171,
    0.33869118243455887,
    0.33837093599140644,
    0.33912234380841255,
    0.3379002083092928,
    0.33857549354434013,
    0.3377921599894762,
    0.33768605068325996,
    0.3378032464534044,
    0.33808569982647896,
    0.33781479112803936,
    0.3380422107875347,
    0.33768090792000294,
    0.33769069612026215,
    0.3379614371806383,
    0.33776758797466755,
    0.3377492669969797,
    0.3375170435756445,
    0.3376776669174433,
    0.3376813381910324,
    0.3375197649002075,
    0.33770869486033916,
    0.33776904828846455,
    0.337584275752306,
    0.33809602446854115,
    0.33815803192555904,
    0.33758740313351154,
    0.33784154802560806,
    0.3376277834177017,
    0.33793470822274685,
    0.3378821238875389,
    0.3378639221191406,
    0.338461859151721
  ],
  "epochs": [
    0,
    1,
    2,
    3,
    4,
    5,
    6,
    7,
    8,
    9,
    10,
    11,
    12,
    13,
    14,
    15,
    16,
    17,
    18,
    19,
    20,
    21,
    22,
    23,
    24,
    25,
    26,
    27,
    28,
    29,
    30,
    31,
    32,
    33,
    34,
    35,
    36,
    37,
    38,
    39,
    40,
    41,
    42,
    43,
    44,
    45,
    46,
    47,
    48,
    49,
    50,
    51,
    52,
    53,
    54,
    55,
    56,
    57,
    58,
    59,
    60,
    61,
    62,
    63,
    64,
    65,
    66,
    67,
    68,
    69,
    70,
    71,
    72,
    73,
    74,
    75,
    76,
    77,
    78,
    79,
    80,
    81,
    82,
    83,
    84,
    85,
    86,
    87,
    88,
    89,
    90,
    91,
    92,
    93
  ]
}