{
  "train_loss": [
    0.8640432346950878,
    0.6288281261920929,
    0.44787106026302687,
    0.37031359618360343,
    0.3433828576044603,
    0.350340657342564,
    0.3027457218278538,
    0.3049792606722225,
    0.29940849325873636,
    0.3037639853629199,
    0.2904477547515522,
    0.27995874014767735,
    0.28345500447533345,
    0.28304756717248397,
    0.27665190615437246,
    0.2904440186240456,
    0.27633103240620005,
    0.2764768798242916,
    0.28118044246326795,
    0.27366218973289835,
    0.2650702121582898,
    0.2679046338254755,
    0.26406973681666635,
    0.2716745991598476,
    0.2657712838866494,
    0.23980944779786198,
    0.23365463397719644,
    0.23061830211769452,
    0.2280601276592775,
    0.2261496432802894,
    0.22726571586999025,
    0.22813666083595968,
    0.22760341275822032,
    0.22652635059573434,
    0.2274875283241272,
    0.22774818431247365,
    0.2262039368802851,
    0.22328905002637342,
    0.22552114508368754,
    0.2244658131491054,
    0.22023434882814233,
    0.22055690667845987,
    0.22127432118762624,
    0.22247124178843064,
    0.22189371450380846,
    0.21975348564711483,
    0.22097380296750502,
    0.22074331803755326,
    0.21932643895799464,
    0.2231159724972465,
    0.22026560658758337,
    0.21946438388390974,
    0.22148869931697845,
    0.21745008555325596,
    0.21974501636895266,
    0.21975231522863561,
    0.21783815188841385,
    0.2189118035814979,
    0.22023560133847322
  ],
  "val_loss": [
    0.7655029371380806,
    0.7217221185564995,
    0.4219615198671818,
    0.38534780964255333,
    0.33501160703599453,
    0.44138782657682896,
    0.3507597800344229,
    0.7215667217969894,
    0.3192826025187969,
    0.6187705956399441,
    0.2920184312388301,
    0.608354153111577,
    0.3081769812852144,
    0.28044674172997475,
    0.45993757247924805,
    0.3555761445313692,
    0.416593536734581,
    0.47175551392138004,
    0.27006837259978056,
    0.29029919020831585,
    0.35426693595945835,
    0.5219213664531708,
    0.31939623318612576,
    0.3470695689320564,
    0.7968042120337486,
    0.25604773312807083,
    0.274970181286335,
    0.2517429469153285,
    0.2540541607886553,
    0.263594095595181,
    0.25275662541389465,
    0.25135592464357615,
    0.2695889137685299,
    0.2486429689452052,
    0.25551305897533894,
    0.28740761894732714,
    0.2928853193297982,
    0.25180500093847513,
    0.2515840847045183,
    0.280770062468946,
    0.2479255674406886,
    0.24742922745645046,
    0.24727411847561598,
    0.24631968699395657,
    0.2480614334344864,
    0.24739338736981153,
    0.24728113692253828,
    0.24687389843165874,
    0.2471291394904256,
    0.24705005902796984,
    0.2472967617213726,
    0.24731566570699215,
    0.24692083895206451,
    0.2469399943947792,
    0.24640936218202114,
    0.24668665695935488,
    0.24676176998764277,
    0.24713989906013012,
    0.24657647870481014
  ],
  "epochs": [
    0,
    1,
    2,
    3,
    4,
    5,
    6,
    7,
    8,
    9,
    10,
    11,
    12,
    13,
    14,
    15,
    16,
    17,
    18,
    19,
    20,
    21,
    22,
    23,
    24,
    25,
    26,
    27,
    28,
    29,
    30,
    31,
    32,
    33,
    34,
    35,
    36,
    37,
    38,
    39,
    40,
    41,
    42,
    43,
    44,
    45,
    46,
    47,
    48,
    49,
    50,
    51,
    52,
    53,
    54,
    55,
    56,
    57,
    58
  ]
}