{
  "train_loss": [
    0.3228056657585231,
    0.1543921100551432,
    0.12547707615928216,
    0.10835018803450194,
    0.09543959660286254,
    0.08595966096628796,
    0.07991258087483319,
    0.07534005520357327,
    0.0703234057568691,
    0.06696331120350145,
    0.0649098066240549,
    0.062989496443082,
    0.061553727689791816,
    0.05945038768716834,
    0.05702220558781515,
    0.056108923893083223,
    0.05431906554847955,
    0.05422759646041827,
    0.053888730074871674,
    0.05200807875530286,
    0.050616926108910276,
    0.0499696000496095,
    0.04968254582109776,
    0.04925748961723664,
    0.04835993959314444,
    0.04941551178863103,
    0.047754866536706686,
    0.046976636416194116,
    0.04580479825254191,
    0.04628153370523994,
    0.04602207399566066,
    0.04593366204168309,
    0.04489990872584961,
    0.04519799080084671,
    0.04455985520035029,
    0.04437293314290318,
    0.04372038163075393,
    0.04337971213189038,
    0.04340381600301374,
    0.0429289357770573,
    0.04202784473415126,
    0.041307366353205664,
    0.04148762963712216,
    0.04200453818691048,
    0.041256295285103,
    0.04131343930282376,
    0.0407167045805942,
    0.04163809565319257,
    0.039700382270596246,
    0.0405968493680385,
    0.04045911290259524,
    0.04052990617399867,
    0.04110162334685976,
    0.04040452189404856,
    0.0396851522340016,
    0.03984927054325288,
    0.04077590233053674,
    0.04076382757249204,
    0.040407625612887466
  ],
  "val_loss": [
    0.14600572576746346,
    0.10698261088691652,
    0.08195401758421213,
    0.08005485977046192,
    0.0584356588544324,
    0.05214514951221645,
    0.053861651197075845,
    0.047620606451528144,
    0.046339512214763096,
    0.04600938044604845,
    0.04306313080014661,
    0.043117410689592364,
    0.04117656810558401,
    0.04289791872724891,
    0.03731547729112208,
    0.03892634668154642,
    0.0441322147671599,
    0.03834728840156459,
    0.03881965168984607,
    0.04141404617694207,
    0.04038956430158578,
    0.04071445948793553,
    0.03714795378036797,
    0.039026629982981835,
    0.039729907028959136,
    0.040105205067084176,
    0.04106497384491377,
    0.037543529103277254,
    0.03424477161606774,
    0.044138031438342294,
    0.038124405892449434,
    0.04740862851322163,
    0.045904094353318214,
    0.04322471768537071,
    0.04280785710725468,
    0.04379145627026446,
    0.03821328280610033,
    0.044877622259082275,
    0.039128195363446146,
    0.039170104818185794,
    0.039416948609868996,
    0.04046226420032326,
    0.03865607907646336,
    0.03917806042300071,
    0.03673962762695737,
    0.0427045238786377,
    0.0394896732585039,
    0.039881914111902006,
    0.0390745864569908,
    0.04205641106818803,
    0.04165614768862724,
    0.04127714206406381,
    0.03891581850475632,
    0.04008000504400116,
    0.03980263369739987,
    0.040989642968634145,
    0.04002657582750544,
    0.03930639757891186,
    0.03820528812357225
  ],
  "epochs": [
    0,
    1,
    2,
    3,
    4,
    5,
    6,
    7,
    8,
    9,
    10,
    11,
    12,
    13,
    14,
    15,
    16,
    17,
    18,
    19,
    20,
    21,
    22,
    23,
    24,
    25,
    26,
    27,
    28,
    29,
    30,
    31,
    32,
    33,
    34,
    35,
    36,
    37,
    38,
    39,
    40,
    41,
    42,
    43,
    44,
    45,
    46,
    47,
    48,
    49,
    50,
    51,
    52,
    53,
    54,
    55,
    56,
    57,
    58
  ]
}