{
  "train_loss": [
    0.2552970372546803,
    0.13951250958849085,
    0.11319132109257307,
    0.09439230796965686,
    0.0844839089431546,
    0.07718298744410276,
    0.0718244444206357,
    0.06892258097502318,
    0.06614814116196199,
    0.06373087369244207,
    0.06127313928847963,
    0.05847564121877606,
    0.05672749685292895,
    0.055072993971407413,
    0.05372855446555398,
    0.05348445917056366,
    0.052813945322890174,
    0.05118689918721264,
    0.050237885911694986,
    0.04983013475313783,
    0.04939583028920672,
    0.048721665927970954,
    0.047956561593508175,
    0.047052593686702573,
    0.04642393928359856,
    0.046622516003183345,
    0.04549261139197783,
    0.0453469317660413,
    0.04391037659211593,
    0.04445356407964772,
    0.04408127912743525,
    0.04272836260328239,
    0.041942662833766506,
    0.04181514953009107,
    0.042035040311854,
    0.0421556523645466,
    0.04160032219676809,
    0.04120355760678649,
    0.0411819636347619,
    0.04135506366464225,
    0.04169334035028111,
    0.04070493410595439,
    0.03999896962195635,
    0.04064952436665243,
    0.040525358576666226,
    0.03948379831388593,
    0.04012197440998121,
    0.040625743887979876,
    0.04106009556149895,
    0.040276304202323615
  ],
  "val_loss": [
    0.1401216273661703,
    0.10320463632233441,
    0.07918565028812737,
    0.06859605849022046,
    0.05833966316422448,
    0.05644257937674411,
    0.057373961783014245,
    0.05105136602069252,
    0.06027116263867356,
    0.04976505697704852,
    0.05519201972056181,
    0.053167103620944546,
    0.05579771792399697,
    0.04278476997278631,
    0.045830137026496236,
    0.04261366917635314,
    0.04659176804998424,
    0.03986893722612877,
    0.041567722934996706,
    0.03650652028736659,
    0.048511841651634316,
    0.04185135514417197,
    0.04765470251149964,
    0.04717887835868169,
    0.043829031541827136,
    0.03809060574567411,
    0.045477836256031884,
    0.04282661216566339,
    0.038951541995629675,
    0.03931452273391187,
    0.03890389779699035,
    0.043705970945302396,
    0.03987731818924658,
    0.04051794660044834,
    0.043627156707225376,
    0.040982478891965005,
    0.037274638711824085,
    0.040831058935145846,
    0.03930161716416478,
    0.041615935842855833,
    0.03969069973099977,
    0.04066807967901696,
    0.04236283887876197,
    0.04181003192206845,
    0.04197758481896017,
    0.040743317923625004,
    0.040940902344300416,
    0.04312134322535712,
    0.041237334659672345,
    0.041486565279774366
  ],
  "epochs": [
    0,
    1,
    2,
    3,
    4,
    5,
    6,
    7,
    8,
    9,
    10,
    11,
    12,
    13,
    14,
    15,
    16,
    17,
    18,
    19,
    20,
    21,
    22,
    23,
    24,
    25,
    26,
    27,
    28,
    29,
    30,
    31,
    32,
    33,
    34,
    35,
    36,
    37,
    38,
    39,
    40,
    41,
    42,
    43,
    44,
    45,
    46,
    47,
    48,
    49
  ]
}