{
  "train_loss": [
    0.3203651279752905,
    0.1520622253553434,
    0.12463766228068959,
    0.10607580140910365,
    0.09481875179843469,
    0.08787493556399238,
    0.08127429093149575,
    0.07699206821959129,
    0.07340593202886257,
    0.07123738028109074,
    0.06946501867676325,
    0.06719716559079561,
    0.06546302294527943,
    0.0634503822773695,
    0.06221483165567572,
    0.06049493622034789,
    0.060301923528313636,
    0.05878807504068722,
    0.056535989300093875,
    0.056916579189287,
    0.05478504064069553,
    0.05479898754845966,
    0.05501805232668465,
    0.053723753230138255,
    0.053525250029157506,
    0.052707305574281646,
    0.05176126930693334,
    0.051895386331122034,
    0.05170479957183653,
    0.05102300598032096,
    0.051164979543536895,
    0.04963680100711909,
    0.049600247982889416,
    0.05033108168874274,
    0.04881671379066327,
    0.04820278181779114,
    0.04830356567420743,
    0.048560951192947954,
    0.04623765757646073,
    0.04787325325675986,
    0.04702811616896228,
    0.04695519622076642,
    0.04686655011705377,
    0.046637603391639214,
    0.04685448311607947,
    0.04618300635367632,
    0.045643064501610674,
    0.046883849403397605,
    0.04579231224276803,
    0.04533690798181024,
    0.04651035534556617,
    0.04577856056392193,
    0.04546876955946738,
    0.04474114375358278,
    0.04439645497297699,
    0.044906213762746616,
    0.04273041505197232,
    0.04250568029894071,
    0.043643728812987156,
    0.04234902373261073,
    0.04298808219080622,
    0.04238882109014826,
    0.0426377912576903,
    0.043048888368701396,
    0.043035374959422786,
    0.04306558521464467,
    0.04238602494990284,
    0.04179274358363314,
    0.04242123652588237,
    0.04216070483184674,
    0.04294796470383352,
    0.042054518601772464,
    0.04178745584223758,
    0.04113598621027036,
    0.041144680089571256,
    0.041519736696711995,
    0.041036661494184626,
    0.04113719785247337,
    0.040932285741648894,
    0.04110871159386906,
    0.040543322634290564,
    0.041097676384855404,
    0.04082184047353539,
    0.04209231108257717,
    0.04095416169444269,
    0.04057240256193009,
    0.04090467039326375,
    0.041024532583965496,
    0.04134868976406076,
    0.04172769389369271,
    0.04127442176538436,
    0.04029039647091519,
    0.0410375425236469,
    0.040611188347366725,
    0.04112498700618744
  ],
  "val_loss": [
    0.13632657413836569,
    0.1107103698886931,
    0.09019774425541982,
    0.0730616887100041,
    0.06435042703524232,
    0.05947712076012977,
    0.05803703109850176,
    0.05557857957319357,
    0.051220649137394506,
    0.05110180323245004,
    0.04810521221370437,
    0.04827086361474357,
    0.048960626515327024,
    0.05169359304127284,
    0.04419380915933289,
    0.04225458421860821,
    0.04302496332093142,
    0.050470285036135466,
    0.04893511596601457,
    0.04368843677220866,
    0.03993083768291399,
    0.042330781411146746,
    0.04370285008917563,
    0.0403932279732544,
    0.042480114701902494,
    0.03823171500698663,
    0.040470753744011746,
    0.03952438288833946,
    0.041790097567718475,
    0.038477318035438655,
    0.036169958277605475,
    0.041713881230680275,
    0.03699816325097345,
    0.04515990747022443,
    0.03611262391204946,
    0.03657072923961095,
    0.03696254413225688,
    0.035320299147861084,
    0.03531884208205156,
    0.0398961273545865,
    0.0433235923468601,
    0.03967562282341533,
    0.03458382511744276,
    0.03609198837075382,
    0.03352029012748972,
    0.0339452667918522,
    0.03460793027770706,
    0.03639276606845669,
    0.0353562131349463,
    0.04095806191617157,
    0.036578911589458585,
    0.03589275670819916,
    0.03592457353952341,
    0.035422586847562346,
    0.03452958229463547,
    0.03754158250812907,
    0.035768682853085924,
    0.035453122999751945,
    0.036560406172066,
    0.03360071087081451,
    0.034774956034380015,
    0.034978554243571124,
    0.03561047803377733,
    0.034122280552401206,
    0.03295099030365237,
    0.03368349447264336,
    0.033771284521208145,
    0.0334346033341717,
    0.03392756609246135,
    0.03375866673013661,
    0.03417742880410515,
    0.034915852008271034,
    0.03382817727397196,
    0.033518314399407244,
    0.033636733519961125,
    0.03639817661605776,
    0.03355189555149991,
    0.033836800709832464,
    0.03406242085329723,
    0.03366188807412982,
    0.034394900230108764,
    0.03408141940890346,
    0.03343053845164832,
    0.03409116592083592,
    0.03436320687178523,
    0.03354052277863957,
    0.03377881565538701,
    0.03422001982689835,
    0.03442286589706783,
    0.03393152131175157,
    0.03388742523966357,
    0.034223526561982,
    0.033664049213984984,
    0.03402561598340981,
    0.03328672864008695
  ],
  "epochs": [
    0,
    1,
    2,
    3,
    4,
    5,
    6,
    7,
    8,
    9,
    10,
    11,
    12,
    13,
    14,
    15,
    16,
    17,
    18,
    19,
    20,
    21,
    22,
    23,
    24,
    25,
    26,
    27,
    28,
    29,
    30,
    31,
    32,
    33,
    34,
    35,
    36,
    37,
    38,
    39,
    40,
    41,
    42,
    43,
    44,
    45,
    46,
    47,
    48,
    49,
    50,
    51,
    52,
    53,
    54,
    55,
    56,
    57,
    58,
    59,
    60,
    61,
    62,
    63,
    64,
    65,
    66,
    67,
    68,
    69,
    70,
    71,
    72,
    73,
    74,
    75,
    76,
    77,
    78,
    79,
    80,
    81,
    82,
    83,
    84,
    85,
    86,
    87,
    88,
    89,
    90,
    91,
    92,
    93,
    94
  ]
}