{
  "train_loss": [
    0.2965425199812109,
    0.1383794271878221,
    0.10846790100363168,
    0.0908895464038307,
    0.08021209928799759,
    0.07315096776593816,
    0.06859484081579881,
    0.06581184625964273,
    0.06209768530320038,
    0.05921900479969654,
    0.05791263526813551,
    0.056002069557593626,
    0.0542648637870496,
    0.05442043058235537,
    0.05160790743306279,
    0.051352283492345704,
    0.04907545313239098,
    0.04991026765243574,
    0.04972553346644748,
    0.04858426608822563,
    0.046972776873206556,
    0.04698603425174951,
    0.046280029786920016,
    0.045667327569628303,
    0.04564203347164122,
    0.04408538223328916,
    0.04429746990346096,
    0.04340804122388363,
    0.04325998270545493,
    0.0430797506716441,
    0.04363328141414306,
    0.04276174131611532,
    0.04254707406867635,
    0.043239616792310365,
    0.041887140997092835,
    0.0416935090280392,
    0.04227074146101421,
    0.041456766385923736,
    0.04117815498770638,
    0.04153423790904609,
    0.040352799350565134,
    0.04033610879189589,
    0.039724487702954905,
    0.03957096907394854,
    0.039041137185625054,
    0.038238508064638486,
    0.03919887007637457,
    0.03830738240344958,
    0.03842830712314357,
    0.038477018915794116,
    0.03824897785247727,
    0.0383917582813989,
    0.037308455969799655,
    0.038359978019513866,
    0.03758489621464502,
    0.0372326123951511,
    0.038187598445537416,
    0.03728542172773318,
    0.0372768544439565,
    0.03763937342234633,
    0.037897126317362896,
    0.03751586329361255,
    0.0379939245517281
  ],
  "val_loss": [
    0.12768114989157767,
    0.09508089360315354,
    0.06804862784920261,
    0.05722581386798993,
    0.05621730214334093,
    0.05095064896158874,
    0.04883465169696137,
    0.05037368566845544,
    0.04916489738388918,
    0.0483453146298416,
    0.0534904754254967,
    0.052202495071105665,
    0.04826183512341231,
    0.0506316266313661,
    0.05529775912873447,
    0.054342733451630924,
    0.04853083061752841,
    0.04476955758873374,
    0.049853737914236265,
    0.04769475416396745,
    0.04713237395626493,
    0.04719884672085755,
    0.061343450821004814,
    0.04982155410107225,
    0.047272030753083526,
    0.05012495243863668,
    0.052281120067345914,
    0.04896411514782813,
    0.04398093911004253,
    0.04077549405628816,
    0.055390914474264724,
    0.055749007032136436,
    0.037546365041635,
    0.04692589381884318,
    0.052373949610046114,
    0.04250278029358014,
    0.040025080461055046,
    0.055324089026544246,
    0.0380656096705934,
    0.05040729752799962,
    0.04888587559689768,
    0.04572379910678137,
    0.04192603575647808,
    0.04746604248939548,
    0.05252246549644042,
    0.04926172095292714,
    0.05007082838856149,
    0.049501215823693205,
    0.04954831534123515,
    0.05612754875328392,
    0.0489593902748311,
    0.055738019250566144,
    0.054080186222563505,
    0.04873888421279844,
    0.0526652852393454,
    0.05233660802769009,
    0.046377158799441535,
    0.05011735804146156,
    0.049868039228022104,
    0.05095608450938017,
    0.04937931972381193,
    0.05230731111660134,
    0.04842309884843417
  ],
  "epochs": [
    0,
    1,
    2,
    3,
    4,
    5,
    6,
    7,
    8,
    9,
    10,
    11,
    12,
    13,
    14,
    15,
    16,
    17,
    18,
    19,
    20,
    21,
    22,
    23,
    24,
    25,
    26,
    27,
    28,
    29,
    30,
    31,
    32,
    33,
    34,
    35,
    36,
    37,
    38,
    39,
    40,
    41,
    42,
    43,
    44,
    45,
    46,
    47,
    48,
    49,
    50,
    51,
    52,
    53,
    54,
    55,
    56,
    57,
    58,
    59,
    60,
    61,
    62
  ]
}