{
  "train_loss": [
    0.34018277899785476,
    0.14318296704102645,
    0.10953788061710922,
    0.09241511616178535,
    0.08016532731665807,
    0.07458161409944297,
    0.06912821015851064,
    0.06551324151456356,
    0.06273542076010596,
    0.05999419251287526,
    0.057042094817893074,
    0.05511235514825041,
    0.052954022232443096,
    0.05265577590939674,
    0.05178734820166772,
    0.05031984828920527,
    0.049308547646823256,
    0.04826382078569044,
    0.04671027727255767,
    0.047306750841777434,
    0.04647329672155055,
    0.04493666904216463,
    0.04459111055528575,
    0.043717841165648266,
    0.043342944368381396,
    0.04213490357453173,
    0.042502230654724624,
    0.042542571466077456,
    0.0419811208952557,
    0.04255068332126195,
    0.04122898935086348,
    0.04078007041730664,
    0.03992629144848748,
    0.04021315292878585,
    0.03989128482443365,
    0.039798927368088204,
    0.03981506209820509,
    0.03864323877983473,
    0.0393424061855132,
    0.039252929298037836,
    0.03855527562004599,
    0.038283492841503834,
    0.037869202103465796,
    0.03783636727454988,
    0.03808920820328323,
    0.03868542660366406,
    0.03833722950213335,
    0.03756794241511009,
    0.037690865341573954,
    0.03785922798412768
  ],
  "val_loss": [
    0.14453581315465272,
    0.09607889009639621,
    0.0693207144853659,
    0.06325103556155227,
    0.06047571144881658,
    0.06146936488803476,
    0.05287067731842399,
    0.05159516717540101,
    0.049413976602954796,
    0.05415655716205947,
    0.052994256943929945,
    0.0652080262429081,
    0.049141177267301835,
    0.04977079078380484,
    0.05398773916531354,
    0.06498540586035233,
    0.0482193262083456,
    0.06220695312658791,
    0.06015176653163508,
    0.04686975774529856,
    0.06171166154672392,
    0.05499963601178024,
    0.06699444979021792,
    0.05534676281095017,
    0.05878238239383791,
    0.056011344341095545,
    0.05580580736277625,
    0.05086057775770314,
    0.05096567688160576,
    0.05264302220602986,
    0.05362010567332619,
    0.05527547351666726,
    0.0498257887782529,
    0.05601019174209796,
    0.05347480034688488,
    0.054339873252320106,
    0.05830089875962585,
    0.05013223124842626,
    0.054445210387348196,
    0.054002657713135706,
    0.06609036800218747,
    0.05546318119450007,
    0.05606453578802757,
    0.05786828262498603,
    0.056483975448645654,
    0.060165951121598484,
    0.05408096468017902,
    0.05885186708765105,
    0.055539021632284864,
    0.0583107012702385
  ],
  "epochs": [
    0,
    1,
    2,
    3,
    4,
    5,
    6,
    7,
    8,
    9,
    10,
    11,
    12,
    13,
    14,
    15,
    16,
    17,
    18,
    19,
    20,
    21,
    22,
    23,
    24,
    25,
    26,
    27,
    28,
    29,
    30,
    31,
    32,
    33,
    34,
    35,
    36,
    37,
    38,
    39,
    40,
    41,
    42,
    43,
    44,
    45,
    46,
    47,
    48,
    49
  ]
}