{
  "train_loss": [
    0.4855682251128283,
    0.29459157288074495,
    0.2942545541308143,
    0.28917997641996906,
    0.2864644993435253,
    0.2831578254699707,
    0.28865082914179024,
    0.28373702927069233,
    0.2850893418897282,
    0.28379672982475973,
    0.2798170401291414,
    0.2811028569936752,
    0.2784056929024783,
    0.2817776940085671,
    0.2811888813972473,
    0.27922328439625826,
    0.27848867855288767,
    0.2750900650566274,
    0.2754863915118304,
    0.27537654529918326,
    0.2743071832440116,
    0.2743114796551791,
    0.27466658760200846,
    0.27470604425126854,
    0.2733954833312468,
    0.2739688610488718,
    0.2743615928021344,
    0.2746164034713398,
    0.27318632494319567,
    0.2735293580727144,
    0.27359141463583164,
    0.27290922565893694,
    0.273690281401981,
    0.27454513203014025,
    0.27211059575731106,
    0.272588324546814,
    0.2729708590290763,
    0.2755831642584367,
    0.27499285773797466,
    0.27306129986589606,
    0.27101306021213534,
    0.2729780449108644,
    0.27354647463018245,
    0.27287129109556024,
    0.270937237685377,
    0.2735954853621396,
    0.27100347605618563,
    0.2728641856800426,
    0.27201780514283613,
    0.2734770864248276,
    0.2756103120066903,
    0.27235745056108995,
    0.2730468378825621,
    0.27152353470975704,
    0.2727644681930542,
    0.27304878587072545,
    0.27293797839771616,
    0.2718865107406269,
    0.2718763974579898,
    0.27118007920005105,
    0.27114179865880444,
    0.2730958098715002,
    0.27160332934422926,
    0.2718915110284632,
    0.27283054210922936,
    0.27091337090188805,
    0.27250743860548193,
    0.27114824083718386,
    0.27183997468514876,
    0.2739689314907247,
    0.27370257377624513,
    0.27232888638973235,
    0.27227359007705343,
    0.2748705798929388,
    0.2700103142044761,
    0.27320361056111075,
    0.27039929547093133,
    0.2744455321268602,
    0.26992178721861404,
    0.2736364646391435,
    0.27086302069100465,
    0.272409770434553
  ],
  "val_loss": [
    0.30427421629428864,
    0.31384321488440037,
    0.3008045554161072,
    0.29553034622222185,
    0.3036822210997343,
    0.3636162355542183,
    0.28702516853809357,
    0.2997748013585806,
    0.2873880686238408,
    0.28696920722723007,
    0.2902635307982564,
    0.3042930345982313,
    0.32285550236701965,
    0.3039150396361947,
    0.31384890526533127,
    0.30606227088719606,
    0.28536863531917334,
    0.2864712281152606,
    0.2843762580305338,
    0.28643583599478006,
    0.2841455079615116,
    0.2838993985205889,
    0.28398367762565613,
    0.28499209601432085,
    0.2859762366861105,
    0.2848282689228654,
    0.2836469132453203,
    0.28370457887649536,
    0.28371516056358814,
    0.2840079013258219,
    0.2869305443018675,
    0.28467125073075294,
    0.28428183775395155,
    0.2837137319147587,
    0.2839648546651006,
    0.28411763068288565,
    0.2840960072353482,
    0.2843140196055174,
    0.2836407972499728,
    0.2839825935661793,
    0.28400487545877695,
    0.2837423849850893,
    0.283938430249691,
    0.28377745393663645,
    0.28385455533862114,
    0.2839588690549135,
    0.28393250796943903,
    0.2838937249034643,
    0.28361595049500465,
    0.28398890420794487,
    0.28465081844478846,
    0.2838706513866782,
    0.2836003238335252,
    0.2841543219983578,
    0.2843921575695276,
    0.2841343404725194,
    0.28449817653745413,
    0.28376545291393995,
    0.28439771570265293,
    0.283741801045835,
    0.2844244306907058,
    0.2846867684274912,
    0.2839271239936352,
    0.28361566737294197,
    0.2842621626332402,
    0.2840466592460871,
    0.2835803907364607,
    0.28381103929132223,
    0.28409848269075155,
    0.28474706690758467,
    0.2842595102265477,
    0.2840164378285408,
    0.2838098369538784,
    0.28381740394979715,
    0.2839581370353699,
    0.2836521724238992,
    0.28396068420261145,
    0.28375469241291285,
    0.28393980767577887,
    0.28391519095748663,
    0.2839149972423911,
    0.2840221021324396
  ],
  "epochs": [
    0,
    1,
    2,
    3,
    4,
    5,
    6,
    7,
    8,
    9,
    10,
    11,
    12,
    13,
    14,
    15,
    16,
    17,
    18,
    19,
    20,
    21,
    22,
    23,
    24,
    25,
    26,
    27,
    28,
    29,
    30,
    31,
    32,
    33,
    34,
    35,
    36,
    37,
    38,
    39,
    40,
    41,
    42,
    43,
    44,
    45,
    46,
    47,
    48,
    49,
    50,
    51,
    52,
    53,
    54,
    55,
    56,
    57,
    58,
    59,
    60,
    61,
    62,
    63,
    64,
    65,
    66,
    67,
    68,
    69,
    70,
    71,
    72,
    73,
    74,
    75,
    76,
    77,
    78,
    79,
    80,
    81
  ]
}