{
  "train_loss": [
    0.4428228600458665,
    0.27836961285634476,
    0.2749544390223243,
    0.2726306370713494,
    0.2714107732881199,
    0.265150969136845,
    0.26314626254818657,
    0.2646696448326111,
    0.2607965742999857,
    0.26539264267141166,
    0.2668725241314281,
    0.26282735764980314,
    0.2638317259875211,
    0.26346637308597565,
    0.25966842580925337,
    0.258661439743909,
    0.2587103927677328,
    0.256019095399163,
    0.25675037747079676,
    0.2568828574635766,
    0.254816749421033,
    0.2548646699298512,
    0.2554423819888722,
    0.2560835732655092,
    0.25542516681281,
    0.25721739259633153,
    0.2565360879356211,
    0.2573886974291368,
    0.25626341673460873,
    0.2535838262601332,
    0.2546547448093241,
    0.25406358458779077,
    0.2567640247670087,
    0.25392854105342516,
    0.2538155490701849,
    0.2547177168455991,
    0.2563973082737489,
    0.2546622614968907
  ],
  "val_loss": [
    0.2794008180499077,
    0.2655578274279833,
    0.2663129149004817,
    0.2562151085585356,
    0.25879819598048925,
    0.2656127018854022,
    0.2591822184622288,
    0.26972887944430113,
    0.2522984277456999,
    0.30702091567218304,
    0.2570394352078438,
    0.25316555704921484,
    0.2550848666578531,
    0.2604272561147809,
    0.2578353760764003,
    0.2527506975457072,
    0.2514230366796255,
    0.25145787093788385,
    0.2508557038381696,
    0.25158632546663284,
    0.2512294612824917,
    0.25182382203638554,
    0.2506267111748457,
    0.2512604407966137,
    0.2512017451226711,
    0.25202213134616613,
    0.2518317475914955,
    0.2509668441489339,
    0.2519436124712229,
    0.25095319095999,
    0.2511964365839958,
    0.2507416969165206,
    0.2508213073015213,
    0.25073209684342146,
    0.2507414687424898,
    0.25074278376996517,
    0.2507550725713372,
    0.25090999715030193
  ],
  "epochs": [
    0,
    1,
    2,
    3,
    4,
    5,
    6,
    7,
    8,
    9,
    10,
    11,
    12,
    13,
    14,
    15,
    16,
    17,
    18,
    19,
    20,
    21,
    22,
    23,
    24,
    25,
    26,
    27,
    28,
    29,
    30,
    31,
    32,
    33,
    34,
    35,
    36,
    37
  ]
}