{
  "train_loss": [
    0.37681011124090713,
    0.1995684114369479,
    0.19071026661179283,
    0.19029804115945642,
    0.18321165212176063,
    0.18488310995427046,
    0.1846947031942281,
    0.18939071622761813,
    0.1814287554134022,
    0.18395994413982739,
    0.18355008295991204,
    0.18396563990549608,
    0.18254758729176088,
    0.17814277058297937,
    0.1783445333892649,
    0.17854939943010156,
    0.17860003831711682,
    0.1790451702746478,
    0.17766873375935988,
    0.17868345176631753,
    0.1773250945589759,
    0.17717127122662285,
    0.17864538837562907,
    0.1780949042602019,
    0.1777387957681309,
    0.17755910862575877,
    0.17924048196185718,
    0.17768642888827757
  ],
  "val_loss": [
    0.23256639949977398,
    0.2234662789851427,
    0.22624366451054811,
    0.22073390055447817,
    0.22441700659692287,
    0.22056766226887703,
    0.24466804414987564,
    0.2237532725557685,
    0.2237852243706584,
    0.2359743257984519,
    0.22830590698868036,
    0.22368095256388187,
    0.21845857053995132,
    0.22030771151185036,
    0.2196418447420001,
    0.21958100702613592,
    0.2197586800903082,
    0.21978488750755787,
    0.2186212046071887,
    0.21849737409502268,
    0.2192574730142951,
    0.21866488084197044,
    0.219149362295866,
    0.21936765871942043,
    0.21903691533952951,
    0.21950356289744377,
    0.21870591025799513,
    0.21935200691223145
  ],
  "epochs": [
    0,
    1,
    2,
    3,
    4,
    5,
    6,
    7,
    8,
    9,
    10,
    11,
    12,
    13,
    14,
    15,
    16,
    17,
    18,
    19,
    20,
    21,
    22,
    23,
    24,
    25,
    26,
    27
  ]
}