{
  "train_loss": [
    0.4415947448123585,
    0.2472444011406465,
    0.240491090037606,
    0.23582803363149815,
    0.23229544027285143,
    0.22860550094734539,
    0.2309629356319254,
    0.230002452026714,
    0.22623389282009818,
    0.22645282609896225,
    0.22625541551546616,
    0.229230982336131,
    0.22755859981883655,
    0.22567324882203882,
    0.22358751838857477,
    0.2233139994469556,
    0.2211509964682839,
    0.221888760545037,
    0.22115561203523115,
    0.2222123530778018,
    0.22237569906494833,
    0.2202776478095488,
    0.22318690852685408,
    0.22339201352813026,
    0.22149373157457872,
    0.2202067497101697,
    0.2209663141857494,
    0.2221705515276302,
    0.221057851748033,
    0.21969248381527987,
    0.21996137012134898,
    0.22065958001396874,
    0.2192302405834198,
    0.221203582666137,
    0.22018997696312992,
    0.22120197469537908,
    0.21992860653183677
  ],
  "val_loss": [
    0.26447190437465906,
    0.25517687946558,
    0.25670434534549713,
    0.26516060903668404,
    0.27987052872776985,
    0.27495825942605734,
    0.2780147884041071,
    0.24936532601714134,
    0.252081791870296,
    0.25290375854820013,
    0.26890722289681435,
    0.25811282359063625,
    0.25100551452487707,
    0.2816461678594351,
    0.24734751973301172,
    0.2474387651309371,
    0.24856854509562254,
    0.25093366485089064,
    0.2470074649900198,
    0.24717820715159178,
    0.24777136091142893,
    0.24623928591609,
    0.24626007955521345,
    0.2479431638494134,
    0.24689584970474243,
    0.24728487897664309,
    0.24626921396702528,
    0.2479593027383089,
    0.246782667003572,
    0.24656678549945354,
    0.2467032764106989,
    0.24667669739574194,
    0.24673046730458736,
    0.24733943305909634,
    0.2466197246685624,
    0.24674147460609674,
    0.24682277534157038
  ],
  "epochs": [
    0,
    1,
    2,
    3,
    4,
    5,
    6,
    7,
    8,
    9,
    10,
    11,
    12,
    13,
    14,
    15,
    16,
    17,
    18,
    19,
    20,
    21,
    22,
    23,
    24,
    25,
    26,
    27,
    28,
    29,
    30,
    31,
    32,
    33,
    34,
    35,
    36
  ]
}