{
  "train_loss": [
    0.3762227995829149,
    0.2434252999045632,
    0.23870870714837855,
    0.23129772272976962,
    0.2304717253554951,
    0.22518193261189895,
    0.22840621308846906,
    0.22589985972101037,
    0.22373125065456737,
    0.22713793001391672,
    0.2241256364367225,
    0.22705898908051578,
    0.22690978781743484,
    0.22329770787195727,
    0.22347247465090317,
    0.22023005106232382,
    0.2217878276651556,
    0.22000136077404023,
    0.22229536202820865,
    0.22046784460544586,
    0.21932863755659623,
    0.2182013148611242,
    0.21865914220159705,
    0.22026312757622113,
    0.2182299329475923,
    0.21859431158412587,
    0.2189897439696572,
    0.2177128943529996,
    0.21861620166084983,
    0.21854344498027456,
    0.21861430189826273,
    0.21831156503070484,
    0.21919722069393505,
    0.21656294790181246
  ],
  "val_loss": [
    0.2569076595827937,
    0.2556593120098114,
    0.25274261087179184,
    0.2572270995005965,
    0.24881046265363693,
    0.2562138568609953,
    0.2478013839572668,
    0.260090040974319,
    0.2517258822917938,
    0.24704618379473686,
    0.2508432921022177,
    0.2463372340425849,
    0.2532167537137866,
    0.27564421109855175,
    0.2589942840859294,
    0.2498905323445797,
    0.2502416642382741,
    0.2487279660999775,
    0.24501598253846169,
    0.24514749739319086,
    0.24566048569977283,
    0.24586496129631996,
    0.2456438234075904,
    0.24532095808535814,
    0.2451861845329404,
    0.2452566372230649,
    0.24518551025539637,
    0.24514176417142153,
    0.24539327062666416,
    0.24530747719109058,
    0.24509456101804972,
    0.24529313668608665,
    0.24532730411738157,
    0.24530366901308298
  ],
  "epochs": [
    0,
    1,
    2,
    3,
    4,
    5,
    6,
    7,
    8,
    9,
    10,
    11,
    12,
    13,
    14,
    15,
    16,
    17,
    18,
    19,
    20,
    21,
    22,
    23,
    24,
    25,
    26,
    27,
    28,
    29,
    30,
    31,
    32,
    33
  ]
}