{
  "train_loss": [
    0.3728817649862983,
    0.21958180882714012,
    0.2116053974086588,
    0.20799018984491174,
    0.20189094299619847,
    0.20458357713439249,
    0.20193793204697696,
    0.2050320115956393,
    0.19880978763103485,
    0.2021603215824474,
    0.19752657101912932,
    0.20078688182614066,
    0.20079657706347379,
    0.19811508574269035,
    0.2002545565366745,
    0.1950663236054507,
    0.1949545621871948,
    0.193539022044702,
    0.19435898417776282,
    0.19603958780115302,
    0.19658098979429764,
    0.1946805089712143,
    0.19648936797272076,
    0.19310721795667302,
    0.19471465240825306,
    0.19610221033746547,
    0.1945349793542515,
    0.1948071082884615,
    0.19283432296731257,
    0.19407650692896408,
    0.19417479878122157,
    0.19340286173603752,
    0.19467650733210823,
    0.194353665005077,
    0.19435537511652165,
    0.19646408693356948,
    0.19254649687897074,
    0.19173075258731842,
    0.19233905456282877,
    0.1929935013706034
  ],
  "val_loss": [
    0.2522272728383541,
    0.2511129816994071,
    0.2336016334593296,
    0.2292018923908472,
    0.22688225004822016,
    0.22270666901022196,
    0.22471207845956087,
    0.23493696004152298,
    0.2211660072207451,
    0.24184539541602135,
    0.22463304549455643,
    0.22630271408706903,
    0.23466712329536676,
    0.22811247128993273,
    0.2216179547831416,
    0.22183505166321993,
    0.22094682790338993,
    0.22167378291487694,
    0.2215642463415861,
    0.2208851519972086,
    0.22129772417247295,
    0.22130868397653103,
    0.2222856990993023,
    0.22096006385982037,
    0.22042506467550993,
    0.22118094097822905,
    0.22113315761089325,
    0.22332766465842724,
    0.22103893756866455,
    0.22272357810288668,
    0.22277739085257053,
    0.22226784750819206,
    0.22175793815404177,
    0.22175283171236515,
    0.22148999385535717,
    0.22196921613067389,
    0.22128659207373857,
    0.22138674184679985,
    0.22096369229257107,
    0.22130985837429762
  ],
  "epochs": [
    0,
    1,
    2,
    3,
    4,
    5,
    6,
    7,
    8,
    9,
    10,
    11,
    12,
    13,
    14,
    15,
    16,
    17,
    18,
    19,
    20,
    21,
    22,
    23,
    24,
    25,
    26,
    27,
    28,
    29,
    30,
    31,
    32,
    33,
    34,
    35,
    36,
    37,
    38,
    39
  ]
}