{
  "train_loss": [
    0.4203337533907457,
    0.25200514739209956,
    0.2396984495899894,
    0.2375952509316531,
    0.23367893479087137,
    0.2335169028152119,
    0.23254319510676644,
    0.23108756000345404,
    0.22992463111877443,
    0.23176733851432801,
    0.23240533769130706,
    0.230230634320866,
    0.22967591339891608,
    0.229144042188471,
    0.22998877763748168,
    0.2296032583171671,
    0.2315809807994149,
    0.2306008284742182,
    0.2277649546211416,
    0.22758090089667926,
    0.22546369650147177,
    0.22412950504909862,
    0.22341924092986368,
    0.2238817198710008,
    0.2251356536691839,
    0.2254943311214447,
    0.22424755448644812,
    0.22267084148797123
  ],
  "val_loss": [
    0.2868348006159067,
    0.2773714391514659,
    0.2785770483314991,
    0.282201268710196,
    0.26978649944067,
    0.2723323106765747,
    0.26181666273623705,
    0.2644985979422927,
    0.2709220526739955,
    0.2701506046578288,
    0.2730892151594162,
    0.2706883242353797,
    0.2594598326832056,
    0.2825990738347173,
    0.27092458214610815,
    0.26448721438646317,
    0.28923262376338243,
    0.2749741394072771,
    0.2676246240735054,
    0.2614882681518793,
    0.26051198691129684,
    0.26086333487182856,
    0.2621887344866991,
    0.26145840901881456,
    0.26111792027950287,
    0.2606110805645585,
    0.2609949354082346,
    0.2609084714204073
  ],
  "epochs": [
    0,
    1,
    2,
    3,
    4,
    5,
    6,
    7,
    8,
    9,
    10,
    11,
    12,
    13,
    14,
    15,
    16,
    17,
    18,
    19,
    20,
    21,
    22,
    23,
    24,
    25,
    26,
    27
  ]
}