{
  "train_loss": [
    0.41788019998507064,
    0.23731286905028603,
    0.2295741614970294,
    0.22412978302348743,
    0.22547082873907956,
    0.2227424919605255,
    0.22307771742343901,
    0.22240143878893417,
    0.22181845767931505,
    0.2205921777270057,
    0.22209510234269228,
    0.22131922353397715,
    0.22065706523981962,
    0.22020497593012722,
    0.22160712859847329,
    0.21679241955280304,
    0.217641866478053,
    0.21315007155591792,
    0.21524291092699224,
    0.21570128988135945,
    0.2160153952511874,
    0.21328016248616305,
    0.21371746063232422,
    0.2145204785195264
  ],
  "val_loss": [
    0.26189266610890627,
    0.2515988005325198,
    0.24887288082391024,
    0.25716177374124527,
    0.24903737381100655,
    0.2545578870922327,
    0.250392341054976,
    0.2586139813065529,
    0.24341492354869843,
    0.24925789143890142,
    0.27892566192895174,
    0.26432166900485754,
    0.24735653959214687,
    0.2610258897766471,
    0.2453450420871377,
    0.2445066599175334,
    0.24467671383172274,
    0.24511180631816387,
    0.24439787119627,
    0.24445663299411535,
    0.24511142168194056,
    0.2448570765554905,
    0.2445022128522396,
    0.24497730564326048
  ],
  "epochs": [
    0,
    1,
    2,
    3,
    4,
    5,
    6,
    7,
    8,
    9,
    10,
    11,
    12,
    13,
    14,
    15,
    16,
    17,
    18,
    19,
    20,
    21,
    22,
    23
  ]
}