{
  "train_loss": [
    0.4528629191897132,
    0.27718120271509344,
    0.26699147143147206,
    0.26203416694294324,
    0.26203358281742445,
    0.2608881183645942,
    0.2592535690827803,
    0.2579169137911363,
    0.2548988854343241,
    0.253367145224051,
    0.25081894208084454,
    0.2535032258792357,
    0.2517532234842127,
    0.2519261715087024,
    0.251507093147798,
    0.249335085532882,
    0.2508001151410016,
    0.25152136927301233,
    0.2499250279231505,
    0.24915120953863318,
    0.2503091354261745,
    0.24974597177722238,
    0.2517877080223777,
    0.24655175371603533,
    0.2508949957110665,
    0.24705568226900967,
    0.25064753646200355,
    0.24893089505759153,
    0.2482047284191305,
    0.24880192279815674,
    0.24929334412921558,
    0.24865775433453646,
    0.2502978574145924,
    0.24889535036954014,
    0.2477878592231057,
    0.24902161955833435,
    0.2495662905953147,
    0.24988330331715672,
    0.24871885993263937,
    0.2493519907647913,
    0.24695683500983498,
    0.24754458665847778,
    0.24671891033649446,
    0.24891607923941178,
    0.2508194460110231,
    0.2487877054647966,
    0.2475237873467532,
    0.24866229404102672
  ],
  "val_loss": [
    0.3075367845594883,
    0.2556000193580985,
    0.2804663022980094,
    0.2912720050662756,
    0.2588412072509527,
    0.2592756524682045,
    0.32913465052843094,
    0.2600888395681977,
    0.2503066025674343,
    0.24966569617390633,
    0.2497556395828724,
    0.2517504831776023,
    0.250138602219522,
    0.24997553601861,
    0.24945652950555086,
    0.2507385443896055,
    0.25130382645875216,
    0.2501854067668319,
    0.2496430054306984,
    0.2512775529175997,
    0.2517578061670065,
    0.2495131315663457,
    0.24934638384729624,
    0.24954367242753506,
    0.24954225774854422,
    0.24930365011096,
    0.24956575594842434,
    0.24939706549048424,
    0.24938031379133463,
    0.24981379508972168,
    0.24911416694521904,
    0.2496175393462181,
    0.2490217387676239,
    0.24927249923348427,
    0.2491773720830679,
    0.24934266600757837,
    0.24923388101160526,
    0.2494947798550129,
    0.24930338934063911,
    0.24940003268420696,
    0.24932774156332016,
    0.24922133702784777,
    0.24925052653998137,
    0.24919294193387032,
    0.24925402738153934,
    0.24917174689471722,
    0.24941381253302097,
    0.24926739279180765
  ],
  "epochs": [
    0,
    1,
    2,
    3,
    4,
    5,
    6,
    7,
    8,
    9,
    10,
    11,
    12,
    13,
    14,
    15,
    16,
    17,
    18,
    19,
    20,
    21,
    22,
    23,
    24,
    25,
    26,
    27,
    28,
    29,
    30,
    31,
    32,
    33,
    34,
    35,
    36,
    37,
    38,
    39,
    40,
    41,
    42,
    43,
    44,
    45,
    46,
    47
  ]
}