{
  "train_loss": [
    0.42341176840392025,
    0.2681692638180473,
    0.2610051225532185,
    0.2614247809756886,
    0.2605640644376928,
    0.2565826250748201,
    0.25732784135775133,
    0.2539279634302313,
    0.2548057279803536,
    0.2531823971054771,
    0.25521711192347785,
    0.251679555665363,
    0.24986708787354556,
    0.25023574314334174,
    0.24936379844492132,
    0.24977343082427977,
    0.2489993398839777,
    0.24725858108563856,
    0.24809779687361283,
    0.24910264069383795,
    0.24901600859381937,
    0.24783812382004478,
    0.24589792083610187,
    0.24929982775991613,
    0.24841216477480801,
    0.24751203060150145,
    0.24907460483637722,
    0.2482059427283027,
    0.2464003167369149,
    0.24700016975402833,
    0.24719534245404332,
    0.24945721436630597,
    0.24720895805142143,
    0.2472803235054016,
    0.2445795850320296,
    0.2463115399534052,
    0.24901396388357336,
    0.24592565298080443,
    0.2469289554791017,
    0.24516906223513862,
    0.2465824376453053,
    0.24728519266301935,
    0.24756746292114257,
    0.24650436477227644,
    0.24533399126746439,
    0.24767548821189186,
    0.24636903784491798,
    0.24577434279701926,
    0.2468178085305474,
    0.24696563238447364,
    0.24688228856433522,
    0.24667311717163432,
    0.2471601050008427,
    0.2473361299796538,
    0.24652396548878064,
    0.24601416940038853,
    0.2466411140832034,
    0.24759165536273608,
    0.2479096209461039,
    0.24843353737484325,
    0.24751977920532225,
    0.24697024199095638,
    0.24683745909820903,
    0.24894615167921239,
    0.2472180339423093,
    0.24805289263075048,
    0.24792663698846643,
    0.24646173363382165,
    0.24550657218152827
  ],
  "val_loss": [
    0.28747433610260487,
    0.26685808412730694,
    0.2740334961563349,
    0.2634931970387697,
    0.2602539574727416,
    0.277229156345129,
    0.27705071587115526,
    0.26161827985197306,
    0.26202367153018713,
    0.2642072420567274,
    0.2834095200523734,
    0.25876778922975063,
    0.2588126175105572,
    0.2590616000816226,
    0.25858112424612045,
    0.25865135341882706,
    0.2599101448431611,
    0.25840463768690825,
    0.25850823894143105,
    0.2597008142620325,
    0.25892787240445614,
    0.26042039692401886,
    0.2592301173135638,
    0.25887169409543276,
    0.25843569450080395,
    0.25843241438269615,
    0.25829104147851467,
    0.25826942455023527,
    0.258597481995821,
    0.2588073955848813,
    0.25851897336542606,
    0.25816583540290594,
    0.2584664924070239,
    0.2583946594968438,
    0.25835898984223604,
    0.25838456582278013,
    0.25859877839684486,
    0.2583203390240669,
    0.2581836702302098,
    0.2583706444129348,
    0.25823339726775885,
    0.2584496522322297,
    0.25826882664114237,
    0.25848553236573935,
    0.25815150514245033,
    0.2581767328083515,
    0.25822198390960693,
    0.2584703294560313,
    0.25820530485361814,
    0.2582723218947649,
    0.25837614201009274,
    0.2584001310169697,
    0.2581340577453375,
    0.25812118500471115,
    0.25836399756371975,
    0.258590386249125,
    0.25848843716084957,
    0.2582649337127805,
    0.2582907984033227,
    0.2581825898960233,
    0.2586482800543308,
    0.2581979986280203,
    0.25845661107450724,
    0.2582424506545067,
    0.2583576822653413,
    0.25821916945278645,
    0.25845513492822647,
    0.2585878288373351,
    0.25819303933531046
  ],
  "epochs": [
    0,
    1,
    2,
    3,
    4,
    5,
    6,
    7,
    8,
    9,
    10,
    11,
    12,
    13,
    14,
    15,
    16,
    17,
    18,
    19,
    20,
    21,
    22,
    23,
    24,
    25,
    26,
    27,
    28,
    29,
    30,
    31,
    32,
    33,
    34,
    35,
    36,
    37,
    38,
    39,
    40,
    41,
    42,
    43,
    44,
    45,
    46,
    47,
    48,
    49,
    50,
    51,
    52,
    53,
    54,
    55,
    56,
    57,
    58,
    59,
    60,
    61,
    62,
    63,
    64,
    65,
    66,
    67,
    68
  ]
}