{
  "train_loss": [
    0.6511742767878941,
    0.5695428306307111,
    0.5457257118225097,
    0.5342017511231558,
    0.5207149790900094,
    0.5126033214569092,
    0.5042978899683271,
    0.4949574175425938,
    0.49401643397467476,
    0.48585269054004127,
    0.4807324995449611,
    0.47468214536394393,
    0.47357506441388814,
    0.4708037238938468,
    0.46970407824516297,
    0.46671322047369823,
    0.4632247684819358,
    0.4588725317955017,
    0.45401074829782756,
    0.45800895039013456,
    0.4543820240497589,
    0.45095504292760574,
    0.44581693271228245,
    0.4470165027618408,
    0.44653619889531815,
    0.441006792143413,
    0.44117955284118654,
    0.4430876417704991,
    0.4356606081485748,
    0.4391625784056527,
    0.43643957937785555,
    0.4366335450308664,
    0.42983069404193336,
    0.43643341910498484,
    0.4299878594466618,
    0.43235434974261694,
    0.4310799640587398,
    0.426605972140176,
    0.4295590135846819,
    0.4274927078042712,
    0.42637174372673037,
    0.42524168707983834,
    0.4266384903567178,
    0.4244898140634809,
    0.42291474819864544,
    0.42237616513116016,
    0.42444724626541136,
    0.41833993473734177,
    0.42104888219152176,
    0.42016945560319086,
    0.4163468806675502,
    0.4204608629839761,
    0.41451630550112045,
    0.41817365364347187,
    0.4150628775051662,
    0.41578036924089706,
    0.4136641008785793,
    0.41480255705969676,
    0.4116133175304958,
    0.4125209847177778,
    0.411435287468774,
    0.41182061093194144,
    0.4078522612094879,
    0.41132338245255606,
    0.4097042523111616,
    0.41044516340664455,
    0.40817485243933543,
    0.40793844818387714,
    0.4049022040912083,
    0.4101503348214286,
    0.4096350619043623,
    0.40744278374399456,
    0.4057301378113883,
    0.40505638040133884,
    0.4038481217316219,
    0.40503660018103466,
    0.4033806225299835,
    0.4015580264500209,
    0.4032706932680947,
    0.40564309520721437,
    0.39967837646348137,
    0.400710221358708,
    0.40051730679784503,
    0.3999117263862065,
    0.40126744767597744,
    0.3958184635639191,
    0.3982057018484388,
    0.3987214292866843,
    0.4014351343495505,
    0.39817108193125045,
    0.3982160637651171,
    0.39754339985166276,
    0.39688791628565107,
    0.39886135880606516,
    0.3985083672455379,
    0.39852359689303807,
    0.39559611580712456,
    0.39478805197307043,
    0.3970558945792062,
    0.3935921920027052
  ],
  "val_loss": [
    0.3747672931194305,
    0.3688001747608185,
    0.36562585134506226,
    0.3493304552078247,
    0.34623986821174624,
    0.35464811429977416,
    0.3419490888595581,
    0.33367235798835754,
    0.3320265265464783,
    0.32825661230087283,
    0.3197502052307129,
    0.3361874903202057,
    0.34021846766471864,
    0.3185914044857025,
    0.32390127005577085,
    0.3361167317867279,
    0.3260480760097504,
    0.3209649331092834,
    0.3157075248718262,
    0.3149368616104126,
    0.3076676483154297,
    0.30816441922187804,
    0.30812705936431883,
    0.30666839742660523,
    0.3193197310447693,
    0.3082262009143829,
    0.3104741093158722,
    0.30575627841949465,
    0.3095244303703308,
    0.30379558000564577,
    0.30347844381332395,
    0.30070673360824585,
    0.2996770408630371,
    0.2983424397468567,
    0.30116262283325196,
    0.29995528316497805,
    0.28942568106651306,
    0.2972075958251953,
    0.30395903215408326,
    0.3061757692337036,
    0.29655770998001096,
    0.29281377668380737,
    0.28962966685295105,
    0.29976212902069094,
    0.2939425290107727,
    0.2938103747844696,
    0.29688808817863466,
    0.2973504930973053,
    0.29466085562705996,
    0.29396594166755674,
    0.2920717667102814,
    0.2979769995689392,
    0.29325356159210203,
    0.28227764978408815,
    0.28803498039245606,
    0.2919506588935852,
    0.29645704231262204,
    0.2924511585235596,
    0.2860048303604126,
    0.28571207323074344,
    0.2922883460998535,
    0.28531337985992433,
    0.2850169535160065,
    0.2826546669006348,
    0.2872806064605713,
    0.28923602199554443,
    0.28155150923728944,
    0.28028509941101076,
    0.28360869607925415,
    0.28589340996742246,
    0.28510796880722045,
    0.2861969122886658,
    0.2758667149066925,
    0.28241639170646665,
    0.28342309980392455,
    0.2908012115955353,
    0.28906424250602725,
    0.28179173803329466,
    0.28101122794151306,
    0.28759292612075804,
    0.275571182346344,
    0.27835050172805786,
    0.28676830368041994,
    0.2829103624820709,
    0.283626268196106,
    0.2821865977287292,
    0.2777129454135895,
    0.2794151120185852,
    0.28164174041748047,
    0.27720578022003173,
    0.2828066427707672,
    0.28046340494155886,
    0.2770256931781769,
    0.27846763215065,
    0.2802409054756165,
    0.2758493839263916,
    0.279271506023407,
    0.2771748610496521,
    0.2801865200996399,
    0.2751777364730835
  ],
  "epochs": [
    0,
    1,
    2,
    3,
    4,
    5,
    6,
    7,
    8,
    9,
    10,
    11,
    12,
    13,
    14,
    15,
    16,
    17,
    18,
    19,
    20,
    21,
    22,
    23,
    24,
    25,
    26,
    27,
    28,
    29,
    30,
    31,
    32,
    33,
    34,
    35,
    36,
    37,
    38,
    39,
    40,
    41,
    42,
    43,
    44,
    45,
    46,
    47,
    48,
    49,
    50,
    51,
    52,
    53,
    54,
    55,
    56,
    57,
    58,
    59,
    60,
    61,
    62,
    63,
    64,
    65,
    66,
    67,
    68,
    69,
    70,
    71,
    72,
    73,
    74,
    75,
    76,
    77,
    78,
    79,
    80,
    81,
    82,
    83,
    84,
    85,
    86,
    87,
    88,
    89,
    90,
    91,
    92,
    93,
    94,
    95,
    96,
    97,
    98,
    99
  ]
}