{
    "dataset": "train",
    "accuracy": 0.9092071428571429,
    "macro_precision": 0.9086258795645418,
    "macro_recall": 0.9092071428571428,
    "macro_f1": 0.9085889703725301,
    "weighted_precision": 0.9086258795645418,
    "weighted_recall": 0.9092071428571429,
    "weighted_f1": 0.9085889703725301,
    "per_class_metrics": {
        "class_0": {
            "precision": 0.9118829347291709,
            "recall": 0.9009142857142857,
            "f1_score": 0.9063654263499045,
            "support": 35000
        },
        "class_1": {
            "precision": 0.8353199027231513,
            "recall": 0.7949142857142857,
            "f1_score": 0.8146163643550441,
            "support": 35000
        },
        "class_2": {
            "precision": 0.8883288409703504,
            "recall": 0.9416285714285715,
            "f1_score": 0.9142024965325937,
            "support": 35000
        },
        "class_3": {
            "precision": 0.9989718398354944,
            "recall": 0.9993714285714286,
            "f1_score": 0.9991715942525781,
            "support": 35000
        }
    },
    "confusion_matrix": [
        [
            31532,
            3447,
            6,
            15
        ],
        [
            3045,
            27822,
            4125,
            8
        ],
        [
            0,
            2030,
            32957,
            13
        ],
        [
            2,
            8,
            12,
            34978
        ]
    ]
}