{
  "train_loss": [
    0.39920356896790593,
    0.21735534153201364,
    0.21298587240956046,
    0.20682099867950787,
    0.20443401390855961,
    0.20348357178948143,
    0.20333919552239504,
    0.2067698996175419,
    0.20235579366033726,
    0.2008925906636498,
    0.1987365412441167,
    0.19704462696205485,
    0.1952992853793231,
    0.19611761542883785,
    0.19553875354203312,
    0.19455753375183452,
    0.1970572909170931,
    0.19663287726315584,
    0.19600760530341754,
    0.19537754383954134,
    0.1940187866037542,
    0.19676539599895476,
    0.19461701512336732,
    0.19463846575130117,
    0.19432560300285165,
    0.1971715679222887,
    0.19467341222546317,
    0.19539299227974632
  ],
  "val_loss": [
    0.24583189841359854,
    0.2685357350856066,
    0.23830723017454147,
    0.23624448012560606,
    0.23650064505636692,
    0.24481037817895412,
    0.24173013400286436,
    0.24497175961732864,
    0.2365802638232708,
    0.23819638788700104,
    0.2334374412894249,
    0.23518268577754498,
    0.23314450401812792,
    0.23407697398215532,
    0.23756438866257668,
    0.2339995177462697,
    0.2346477396786213,
    0.23718305304646492,
    0.23439491912722588,
    0.2346413340419531,
    0.23481960035860538,
    0.23470264859497547,
    0.23427802603691816,
    0.23477132245898247,
    0.23457961436361074,
    0.2348883505910635,
    0.23463557474315166,
    0.23436211328953505
  ],
  "epochs": [
    0,
    1,
    2,
    3,
    4,
    5,
    6,
    7,
    8,
    9,
    10,
    11,
    12,
    13,
    14,
    15,
    16,
    17,
    18,
    19,
    20,
    21,
    22,
    23,
    24,
    25,
    26,
    27
  ]
}