{
  "train_loss": [
    0.4499051340601661,
    0.28315303921699525,
    0.276162068139423,
    0.27358890771865846,
    0.27361229360103606,
    0.2713184735991738,
    0.27492418776858935,
    0.2710038122805682,
    0.26865406740795483,
    0.2688911947337064,
    0.2695828069340099,
    0.2692934169010682,
    0.2676755506883968,
    0.26507432460784913,
    0.2646230125969106,
    0.26101598631251943,
    0.2614856638691642,
    0.2605631064284932,
    0.26155382719906894,
    0.26461946882984855,
    0.26431469727646223,
    0.262595149603757,
    0.26467363807288086,
    0.26351187202063475,
    0.261189577254382,
    0.26137201189994813,
    0.2602711642330343,
    0.2628738704052838,
    0.26206815540790557,
    0.26075877411799,
    0.2616132584485141,
    0.26124482913450764,
    0.26123984266411177,
    0.26112254018133335,
    0.2618498823859475,
    0.2609720612114126,
    0.26012952544472434,
    0.2619890497489409
  ],
  "val_loss": [
    0.33437585085630417,
    0.33596103824675083,
    0.35938203893601894,
    0.3295141849666834,
    0.3416408021003008,
    0.3411719612777233,
    0.32434857450425625,
    0.33469302020967007,
    0.33896317705512047,
    0.343849066644907,
    0.3273760285228491,
    0.36002619192004204,
    0.3261813372373581,
    0.3218435775488615,
    0.32206361182034016,
    0.32217341288924217,
    0.3221067897975445,
    0.32218362390995026,
    0.322802122682333,
    0.3213735166937113,
    0.3221778590232134,
    0.3219492621719837,
    0.320481076836586,
    0.32200866378843784,
    0.3216316606849432,
    0.32186984457075596,
    0.32366813346743584,
    0.32190461456775665,
    0.32116011157631874,
    0.3216303884983063,
    0.32205598801374435,
    0.3218347579240799,
    0.3218901492655277,
    0.3222658336162567,
    0.3215036913752556,
    0.3214395809918642,
    0.3215442765504122,
    0.3215876333415508
  ],
  "epochs": [
    0,
    1,
    2,
    3,
    4,
    5,
    6,
    7,
    8,
    9,
    10,
    11,
    12,
    13,
    14,
    15,
    16,
    17,
    18,
    19,
    20,
    21,
    22,
    23,
    24,
    25,
    26,
    27,
    28,
    29,
    30,
    31,
    32,
    33,
    34,
    35,
    36,
    37
  ]
}