{
  "train_loss": [
    0.4257967301390388,
    0.2707738163796338,
    0.2614054116335782,
    0.2551146607507359,
    0.25578741349957207,
    0.2526492939753966,
    0.25269401615316217,
    0.2529715462164445,
    0.2500578113577583,
    0.2532445766709068,
    0.24866725152189081,
    0.24933718768033114,
    0.24542581926692617,
    0.2460612429813905,
    0.24522107514468106,
    0.24473245523192666,
    0.24389212050221182,
    0.24221872714432804,
    0.24162797169251876,
    0.24321216182275252,
    0.2412809057669206,
    0.24218802154064178,
    0.24159035005352714,
    0.24269330420277335,
    0.241594475236806,
    0.2435004941441796,
    0.2403394265608354,
    0.24211789207025008
  ],
  "val_loss": [
    0.2930204812437296,
    0.2944364948198199,
    0.33006179612129927,
    0.28974012937396765,
    0.30250335298478603,
    0.2777156811207533,
    0.28413507901132107,
    0.28624592535197735,
    0.29509822838008404,
    0.2868264354765415,
    0.28071347530931234,
    0.27853478491306305,
    0.27655981108546257,
    0.277062407694757,
    0.2773560620844364,
    0.2782051805406809,
    0.27782529313117266,
    0.27840656507760286,
    0.2831788957118988,
    0.2772389939054847,
    0.2773974062874913,
    0.2772313663735986,
    0.27720980253070593,
    0.2776333410292864,
    0.2773795500397682,
    0.2771434672176838,
    0.2775592766702175,
    0.27707836870104074
  ],
  "epochs": [
    0,
    1,
    2,
    3,
    4,
    5,
    6,
    7,
    8,
    9,
    10,
    11,
    12,
    13,
    14,
    15,
    16,
    17,
    18,
    19,
    20,
    21,
    22,
    23,
    24,
    25,
    26,
    27
  ]
}