{
  "train_loss": [
    0.44558748738332227,
    0.26861002174290743,
    0.2597068496725776,
    0.2506775696169246,
    0.2471462284976786,
    0.24193517430262132,
    0.24213196120478891,
    0.24013661362908104,
    0.24204349734566427,
    0.23700454831123352,
    0.23853345973925158,
    0.23842760947617617,
    0.2352689350193197,
    0.23628077317367902,
    0.2397333467548544,
    0.23529377092014658,
    0.2354844486171549,
    0.23560745309699666,
    0.23597845760258762,
    0.23758202601562847,
    0.2355566306547685,
    0.2337082410400564,
    0.23035127222537993,
    0.22853302251208912,
    0.22883798317475754,
    0.22959881587461992,
    0.22980771633711727,
    0.22702874541282653,
    0.2276034861803055,
    0.2302944069558924,
    0.23012528880075975,
    0.22754042446613312,
    0.22791791558265687,
    0.22914256832816385,
    0.22802456725727427,
    0.2275500939650969,
    0.22657346535812725,
    0.22812157733873886,
    0.22782769392837177,
    0.22765874076973308,
    0.22977808172052558,
    0.22684023461558603
  ],
  "val_loss": [
    0.31243548169732094,
    0.32038972806185484,
    0.3328688954934478,
    0.29637934174388647,
    0.2970973802730441,
    0.2925953743979335,
    0.2898017084226012,
    0.3212168784812093,
    0.28380907606333494,
    0.2859387695789337,
    0.29446537513285875,
    0.2981847058981657,
    0.28049300145357847,
    0.35564723052084446,
    0.2922252845019102,
    0.27766777761280537,
    0.32359696365892887,
    0.29976773634552956,
    0.29216066375374794,
    0.28353979904204607,
    0.28356228955090046,
    0.30226822942495346,
    0.2795298332348466,
    0.2783955456689,
    0.27747492026537657,
    0.27860752306878567,
    0.2772559942677617,
    0.28295919485390186,
    0.2791400644928217,
    0.27793317660689354,
    0.2778348820284009,
    0.27757478505373,
    0.2779793795198202,
    0.27894765604287386,
    0.2787520969286561,
    0.27884444408118725,
    0.278223586268723,
    0.2796632871031761,
    0.279257096350193,
    0.2786595690995455,
    0.2786885928362608,
    0.278916253708303
  ],
  "epochs": [
    0,
    1,
    2,
    3,
    4,
    5,
    6,
    7,
    8,
    9,
    10,
    11,
    12,
    13,
    14,
    15,
    16,
    17,
    18,
    19,
    20,
    21,
    22,
    23,
    24,
    25,
    26,
    27,
    28,
    29,
    30,
    31,
    32,
    33,
    34,
    35,
    36,
    37,
    38,
    39,
    40,
    41
  ]
}