{
  "train_loss": [
    0.44609441621737045,
    0.2515340027484027,
    0.24036613404750823,
    0.23671701469204642,
    0.23463990877975116,
    0.23663339804519307,
    0.23444032696160402,
    0.23316282061013308,
    0.23025562194260685,
    0.23011000562797893,
    0.23165680115873163,
    0.23001525510441173,
    0.2288001618602059,
    0.2293138013644652,
    0.22543367824771188,
    0.22635595961050553,
    0.22798205966299231,
    0.22866384332830256,
    0.22447208057750356,
    0.2243094406344674,
    0.22469699518247085,
    0.2244393370368264,
    0.22533671747554432,
    0.2219648149880496,
    0.22519421685825694,
    0.22171618775887922,
    0.22186788483099504,
    0.22271376170895316,
    0.22316016202623193,
    0.2242203723300587,
    0.22277954952283338,
    0.22328410947864705,
    0.22247200337323275,
    0.2233818235722455,
    0.22158351811495694,
    0.22146407636729154,
    0.2234826456416737,
    0.221047428521243,
    0.222405482693152,
    0.22170355265790767,
    0.22458634051409634
  ],
  "val_loss": [
    0.2808179147541523,
    0.28202588204294443,
    0.28298027347773314,
    0.28952601086348295,
    0.2670878889039159,
    0.2824177537113428,
    0.2615817738696933,
    0.27618414256721735,
    0.2701528053730726,
    0.26952878572046757,
    0.26694040559232235,
    0.2610228881239891,
    0.26461369451135397,
    0.2650196850299835,
    0.2681858818978071,
    0.26560263708233833,
    0.2619748776778579,
    0.26807253155857325,
    0.2621292173862457,
    0.26126416865736246,
    0.26069408748298883,
    0.26118605863302946,
    0.2604554835706949,
    0.26072752196341753,
    0.2607316402718425,
    0.2600816786289215,
    0.2602164437994361,
    0.2606380684301257,
    0.26062208507210016,
    0.26009118370711803,
    0.2605192195624113,
    0.26072262041270733,
    0.26036133244633675,
    0.26045047864317894,
    0.2602643156424165,
    0.2606709636747837,
    0.26059343572705984,
    0.26070250011980534,
    0.26020461320877075,
    0.2600840665400028,
    0.26041453052312136
  ],
  "epochs": [
    0,
    1,
    2,
    3,
    4,
    5,
    6,
    7,
    8,
    9,
    10,
    11,
    12,
    13,
    14,
    15,
    16,
    17,
    18,
    19,
    20,
    21,
    22,
    23,
    24,
    25,
    26,
    27,
    28,
    29,
    30,
    31,
    32,
    33,
    34,
    35,
    36,
    37,
    38,
    39,
    40
  ]
}