{
  "train_loss": [
    0.39256359392946416,
    0.23674003129655666,
    0.23003965020179748,
    0.22065581706437198,
    0.22267017066478728,
    0.2231621517376466,
    0.22115725658156654,
    0.2191523627801375,
    0.2208594417030161,
    0.21852097592570566,
    0.217649660598148,
    0.21656483709812163,
    0.21494184732437133,
    0.21407087309793993,
    0.21371485888957978,
    0.21349051025780766,
    0.21232809126377106,
    0.21323902092196725,
    0.2118412567810579,
    0.21243566870689393,
    0.21168629554185,
    0.21234177567742088,
    0.212169580838897,
    0.21264037679542194,
    0.21091527424075387,
    0.21387038881128484,
    0.21008267511021006,
    0.21275501197034663,
    0.20998326675458387,
    0.21079401563514363,
    0.21215095574205572,
    0.21217265914786945,
    0.21205520711161874,
    0.2121831081130288,
    0.21101829680529507,
    0.21090882393446836,
    0.2122344128110192
  ],
  "val_loss": [
    0.27180132176727057,
    0.271563021466136,
    0.27226600516587496,
    0.2721818657591939,
    0.27017818205058575,
    0.26468496676534414,
    0.26099090185016394,
    0.26946437917649746,
    0.2690662620589137,
    0.27547929529100657,
    0.2617353545501828,
    0.2697756178677082,
    0.26671805046498775,
    0.26141774002462626,
    0.2592880865558982,
    0.26000215392559767,
    0.2601762507110834,
    0.259456280618906,
    0.2592769814655185,
    0.2599597480148077,
    0.25934117659926414,
    0.25923232454806566,
    0.25947388634085655,
    0.25940204970538616,
    0.2594023337587714,
    0.2595941247418523,
    0.25966493878513575,
    0.2598302932456136,
    0.259688732214272,
    0.2597093218937516,
    0.2596241645514965,
    0.2595840357244015,
    0.2596696000546217,
    0.25978800281882286,
    0.25993378460407257,
    0.2596985837444663,
    0.2595959594473243
  ],
  "epochs": [
    0,
    1,
    2,
    3,
    4,
    5,
    6,
    7,
    8,
    9,
    10,
    11,
    12,
    13,
    14,
    15,
    16,
    17,
    18,
    19,
    20,
    21,
    22,
    23,
    24,
    25,
    26,
    27,
    28,
    29,
    30,
    31,
    32,
    33,
    34,
    35,
    36
  ]
}