{
  "train_loss": [
    0.45049217451702467,
    0.28163175772536886,
    0.2677930040792985,
    0.2632778750224547,
    0.2629473789171739,
    0.2598837681791999,
    0.2595860150727359,
    0.25976991138675,
    0.25699448531324215,
    0.2605547046119517,
    0.2550377515229312,
    0.2551725067875602,
    0.25485521392388777,
    0.25383290187879043,
    0.2538809686899185,
    0.2526241410862316,
    0.25367752015590667,
    0.25114256116476924,
    0.25046735351735894,
    0.2501756692474539,
    0.24708227677778763,
    0.2482373611493544,
    0.2497586803002791,
    0.24625418348745867,
    0.24750353477217935,
    0.24824539666826076,
    0.24669376747174696,
    0.24645661928436974,
    0.2463655718348243,
    0.2461226769469001,
    0.24745606048540636,
    0.24813014512712306,
    0.2466505912217227,
    0.24817494614557786,
    0.247713195735758,
    0.24947324991226197,
    0.24666551568291403,
    0.24635308195244182
  ],
  "val_loss": [
    0.30911840684711933,
    0.30623034853488207,
    0.2973106987774372,
    0.29811515659093857,
    0.3010914186015725,
    0.3286181725561619,
    0.2904893858358264,
    0.2895601689815521,
    0.2876366702839732,
    0.2897821497172117,
    0.29621462803334,
    0.3301694728434086,
    0.2859677905216813,
    0.2991597354412079,
    0.2911339793354273,
    0.28675113432109356,
    0.28845529071986675,
    0.2879963321611285,
    0.2910745143890381,
    0.28231384698301554,
    0.2819319237023592,
    0.28309324011206627,
    0.2812223341315985,
    0.28185052052140236,
    0.28277194034308195,
    0.282158425077796,
    0.283185257576406,
    0.28273431211709976,
    0.282877448014915,
    0.28200756292790174,
    0.28207696322351694,
    0.2818048316985369,
    0.28185648564249277,
    0.28186714090406895,
    0.2819114411249757,
    0.28178172279149294,
    0.28175486624240875,
    0.2816775906831026
  ],
  "epochs": [
    0,
    1,
    2,
    3,
    4,
    5,
    6,
    7,
    8,
    9,
    10,
    11,
    12,
    13,
    14,
    15,
    16,
    17,
    18,
    19,
    20,
    21,
    22,
    23,
    24,
    25,
    26,
    27,
    28,
    29,
    30,
    31,
    32,
    33,
    34,
    35,
    36,
    37
  ]
}