{
  "train_loss": [
    0.473952500928532,
    0.3009885720231316,
    0.29266803752292286,
    0.28941231938925654,
    0.2853960102254694,
    0.28746268667957997,
    0.2802071988582611,
    0.28170092566446825,
    0.2824133602055636,
    0.2832101263783195,
    0.28630792661146687,
    0.2790499757636677,
    0.28231125365604054,
    0.28022963783957744,
    0.27694263295693833,
    0.2792331500486894,
    0.27923499697988685,
    0.27912358993833714,
    0.2764022092927586,
    0.2747143320061944,
    0.27478018538518384,
    0.2743926926092668,
    0.2739196595820514,
    0.274445043368773,
    0.27444848228584634,
    0.2719790997830304,
    0.27188061719590967
  ],
  "val_loss": [
    0.34321668557822704,
    0.41076306998729706,
    0.3305900665000081,
    0.32874905224889517,
    0.34047322161495686,
    0.3315381836146116,
    0.3269193107262254,
    0.3506867792457342,
    0.35183435026556253,
    0.3246808648109436,
    0.3338209353387356,
    0.31615537498146296,
    0.3847458977252245,
    0.36580612137913704,
    0.3315053265541792,
    0.3755958443507552,
    0.34114873223006725,
    0.33996568620204926,
    0.32166375033557415,
    0.31937626376748085,
    0.32052890583872795,
    0.32046099100261927,
    0.32106689643114805,
    0.32011630199849606,
    0.3198573347181082,
    0.31951253302395344,
    0.3201750935986638
  ],
  "epochs": [
    0,
    1,
    2,
    3,
    4,
    5,
    6,
    7,
    8,
    9,
    10,
    11,
    12,
    13,
    14,
    15,
    16,
    17,
    18,
    19,
    20,
    21,
    22,
    23,
    24,
    25,
    26
  ]
}