{
  "train_loss": [
    0.42604808671907946,
    0.24460328438065268,
    0.23699721070853147,
    0.23192401745102623,
    0.23239764083515513,
    0.23051035973158748,
    0.22490384632890875,
    0.23023535988547586,
    0.2281158512288874,
    0.22785925485871056,
    0.2263685394417156,
    0.22206866145133972,
    0.22148928100412543,
    0.22063904323361136,
    0.21943393566391683,
    0.21878433986143633,
    0.21869145062836734,
    0.22033317576755176,
    0.2193880178711631,
    0.217626845294779,
    0.21707701114091008,
    0.2182312407276847,
    0.21898618150841107,
    0.21759929846633563,
    0.2187190226533196,
    0.2175009559501301,
    0.21874598860740663,
    0.21819400733167474
  ],
  "val_loss": [
    0.2610793085768819,
    0.2520679933950305,
    0.2706189015880227,
    0.24949731770902872,
    0.24749584030359983,
    0.25860990211367607,
    0.25177977327257395,
    0.2511892504990101,
    0.25973991490900517,
    0.2637127647176385,
    0.25572090223431587,
    0.2486819652840495,
    0.24476853664964437,
    0.24570109136402607,
    0.24657546542584896,
    0.24609924852848053,
    0.246337809599936,
    0.24525533616542816,
    0.24585049878805876,
    0.24557964224368334,
    0.2456085542216897,
    0.2458793492987752,
    0.24542210903018713,
    0.24556617066264153,
    0.24519733153283596,
    0.24510511755943298,
    0.24503108207136393,
    0.24551785737276077
  ],
  "epochs": [
    0,
    1,
    2,
    3,
    4,
    5,
    6,
    7,
    8,
    9,
    10,
    11,
    12,
    13,
    14,
    15,
    16,
    17,
    18,
    19,
    20,
    21,
    22,
    23,
    24,
    25,
    26,
    27
  ]
}