{
  "train_loss": [
    0.42862114933404055,
    0.26178937527266416,
    0.25832546732642436,
    0.2486925168470903,
    0.24532827924598347,
    0.24232550778172232,
    0.24509109448302877,
    0.24547198956662958,
    0.24142500162124633,
    0.24332372817126188,
    0.24290511526844719,
    0.2425785644487901,
    0.23976507647470993,
    0.23816099898381668,
    0.23971375795927916,
    0.2375463071194562,
    0.23777409304272046,
    0.23710192062638022,
    0.2373759304935282,
    0.23770414130254225,
    0.23651354041966524,
    0.236941226774996
  ],
  "val_loss": [
    0.2804640457034111,
    0.27642298862338066,
    0.28056216333061457,
    0.26782360579818487,
    0.27038929983973503,
    0.26789295952767134,
    0.2603452792391181,
    0.29209175147116184,
    0.26314312033355236,
    0.2655731663107872,
    0.26433855574578047,
    0.26348753925412893,
    0.26470763143152,
    0.2629832122474909,
    0.2617639824748039,
    0.2611154904589057,
    0.26162300165742636,
    0.26132760290056467,
    0.26277289260178804,
    0.2621388826519251,
    0.26209474075585604,
    0.2618506420403719
  ],
  "epochs": [
    0,
    1,
    2,
    3,
    4,
    5,
    6,
    7,
    8,
    9,
    10,
    11,
    12,
    13,
    14,
    15,
    16,
    17,
    18,
    19,
    20,
    21
  ]
}