{
  "train_loss": [
    0.7111919440269471,
    0.6376149170330593,
    0.6158581602913993,
    0.6059682938848223,
    0.5969365966251918,
    0.5916828271184649,
    0.5886068284852164,
    0.5809063772882734,
    0.5842808492660523,
    0.5743866419247219,
    0.574100807421548,
    0.5681210780824933,
    0.5663447175707136,
    0.5658525280271257,
    0.564332300567627,
    0.5607620654651096,
    0.5639272947447641,
    0.5572083873476301
  ],
  "val_loss": [
    0.3912568407058716,
    0.3880775107383728,
    0.39567643280029297,
    0.38377735986709594,
    0.3767687116622925,
    0.3950763540267944,
    0.38462609696388245,
    0.3853355442047119,
    0.37603539113998413,
    0.3651422246932983,
    0.3877969211101532,
    0.3839545978546143,
    0.3604251533508301,
    0.36817412605285643,
    0.3662144327163696,
    0.3708705568313599,
    0.365154158115387,
    0.36712854433059694
  ],
  "epochs": [
    0,
    1,
    2,
    3,
    4,
    5,
    6,
    7,
    8,
    9,
    10,
    11,
    12,
    13,
    14,
    15,
    16,
    17
  ]
}