{
    "dataset": "train",
    "accuracy": 0.8712285714285715,
    "macro_precision": 0.8691544503162087,
    "macro_recall": 0.8712285714285715,
    "macro_f1": 0.8684476286186318,
    "weighted_precision": 0.8691544503162087,
    "weighted_recall": 0.8712285714285715,
    "weighted_f1": 0.8684476286186317,
    "per_class_metrics": {
        "class_0": {
            "precision": 0.8359288972785905,
            "recall": 0.9109714285714285,
            "f1_score": 0.8718383418555686,
            "support": 35000
        },
        "class_1": {
            "precision": 0.78969438760106,
            "recall": 0.6725714285714286,
            "f1_score": 0.7264423151105557,
            "support": 35000
        },
        "class_2": {
            "precision": 0.8564708426829598,
            "recall": 0.9051428571428571,
            "f1_score": 0.8801344649877064,
            "support": 35000
        },
        "class_3": {
            "precision": 0.9945236737022247,
            "recall": 0.9962285714285715,
            "f1_score": 0.9953753925206965,
            "support": 35000
        }
    },
    "confusion_matrix": [
        [
            31884,
            3055,
            18,
            43
        ],
        [
            6175,
            23540,
            5233,
            52
        ],
        [
            24,
            3199,
            31680,
            97
        ],
        [
            59,
            15,
            58,
            34868
        ]
    ]
}