{
  "train_loss": [
    0.7758922891183333,
    0.36399056965654547,
    0.29310365346345035,
    0.27464918250387366,
    0.275459043004296,
    0.2677146215330471,
    0.2655319081111388,
    0.26446268368851056,
    0.26217817989262665,
    0.262204174561934,
    0.2546472600915215,
    0.25532353872602637,
    0.25547507757490334,
    0.2552348578518087,
    0.24568175131624395,
    0.249414141069759,
    0.24380923103202473,
    0.23507125160910866,
    0.23048371239141985,
    0.23060756000605495,
    0.22718354761600495,
    0.22851245186545632,
    0.22983598411083223,
    0.2300179505890066,
    0.23036443509838797,
    0.22827733131972225,
    0.22682557133111086,
    0.22467076913876968,
    0.22414697787978433,
    0.22407691153613005,
    0.22820842076431622,
    0.22738903191956608,
    0.22437042025002565,
    0.22544551952318712
  ],
  "val_loss": [
    0.47953622974455357,
    0.2952111139893532,
    0.33063323982059956,
    0.44088767655193806,
    0.3263450153172016,
    0.27986468840390444,
    1.531642995774746,
    0.7206611782312393,
    0.284922088496387,
    0.2800643537193537,
    0.27378112729638815,
    0.39892816729843616,
    0.33121379651129246,
    0.34541201405227184,
    0.27547783497720957,
    0.275529763661325,
    0.34266356006264687,
    0.26507044583559036,
    0.26346743386238813,
    0.2639730041846633,
    0.2705243453383446,
    0.2743046786636114,
    0.2687149364501238,
    0.2745129745453596,
    0.29435430746525526,
    0.26523579005151987,
    0.26360522489994764,
    0.2635911386460066,
    0.26367331482470036,
    0.2642060490325093,
    0.26429383363574743,
    0.26479461416602135,
    0.2636266481131315,
    0.26492244098335505
  ],
  "epochs": [
    0,
    1,
    2,
    3,
    4,
    5,
    6,
    7,
    8,
    9,
    10,
    11,
    12,
    13,
    14,
    15,
    16,
    17,
    18,
    19,
    20,
    21,
    22,
    23,
    24,
    25,
    26,
    27,
    28,
    29,
    30,
    31,
    32,
    33
  ]
}