{
  "train_loss": [
    0.7981107256629251,
    0.39008792530406605,
    0.3360659024932168,
    0.2912107833407142,
    0.28653000891208646,
    0.28580472008748486,
    0.27662695212797683,
    0.27168288230896,
    0.27272111096165397,
    0.2704187347130342,
    0.2643749697641893,
    0.2668603336269205,
    0.2547500743107362,
    0.24870745593851262,
    0.2463192335583947,
    0.2460636618462476,
    0.24722342111847617,
    0.24647227498618038,
    0.24783662042834542,
    0.2461666383526542,
    0.24361605373295872,
    0.24465630975636568,
    0.24382972500540995,
    0.244622603058815,
    0.24437400509010662,
    0.24420161951671948,
    0.2486575126647949,
    0.24553591988303444,
    0.24501676613634282,
    0.23964460681785238,
    0.2424891322851181,
    0.2434715138240294,
    0.24237393005327745,
    0.24431445869532498,
    0.24403147182681345,
    0.2404684448784048,
    0.24551752643151717,
    0.24210113395344127
  ],
  "val_loss": [
    0.5651730634272099,
    0.39757915772497654,
    0.28090646490454674,
    0.2989358361810446,
    0.3278679884970188,
    0.277053264901042,
    0.32575961016118526,
    0.49187253415584564,
    0.29412874951958656,
    0.2863029111176729,
    0.3274500407278538,
    0.27848223503679037,
    0.26638211216777563,
    0.2691227253526449,
    0.27005550637841225,
    0.2739263344556093,
    0.26710354164242744,
    0.26846525631845,
    0.2726708445698023,
    0.26695577055215836,
    0.2655960898846388,
    0.26593039091676474,
    0.2655118331313133,
    0.265640857629478,
    0.26689443923532963,
    0.265670832246542,
    0.2657444989308715,
    0.26649083010852337,
    0.26557093020528555,
    0.26591264083981514,
    0.265993001870811,
    0.265584971755743,
    0.26558052469044924,
    0.26572570856660604,
    0.2657237472012639,
    0.2656602878123522,
    0.2656334228813648,
    0.26582141779363155
  ],
  "epochs": [
    0,
    1,
    2,
    3,
    4,
    5,
    6,
    7,
    8,
    9,
    10,
    11,
    12,
    13,
    14,
    15,
    16,
    17,
    18,
    19,
    20,
    21,
    22,
    23,
    24,
    25,
    26,
    27,
    28,
    29,
    30,
    31,
    32,
    33,
    34,
    35,
    36,
    37
  ]
}