{
  "train_loss": [
    0.8481342976743524,
    0.442587367512963,
    0.3353328363461928,
    0.3107235626740889,
    0.29721508459611373,
    0.2855863877318122,
    0.28085562884807586,
    0.2779204395684329,
    0.28452551690014927,
    0.27402462552894247,
    0.2771337631073865,
    0.2722798079252243,
    0.2682210759683089,
    0.24991188862107017,
    0.24642249129035257,
    0.24624372937462546,
    0.24424944763833825,
    0.2475935475392775,
    0.24597217603163285,
    0.24888305366039276,
    0.24701065746220677,
    0.2458624701608311,
    0.24810107052326202,
    0.2448263011195443,
    0.2457802807742899,
    0.2452197112820365,
    0.24633667089722372,
    0.24505775950171732,
    0.24379128542813389,
    0.24329323064197195,
    0.24185300063003193,
    0.23904064947908574,
    0.23854911517013203,
    0.2398814686320045,
    0.24202356148849835,
    0.23871149881319567,
    0.23973204845731907,
    0.2412070255387913
  ],
  "val_loss": [
    0.6178378649055958,
    0.3300511781126261,
    0.5145886391401291,
    0.30968972481787205,
    0.3013050891458988,
    0.3047630051150918,
    0.2897760858759284,
    0.32816422171890736,
    0.3682343140244484,
    0.3252203203737736,
    0.3203881047666073,
    0.2987707983702421,
    0.37690897658467293,
    0.28000788297504187,
    0.2791377501562238,
    0.28039675764739513,
    0.27840801142156124,
    0.2771027758717537,
    0.28773961402475834,
    0.30594784673303366,
    0.27758275531232357,
    0.28407961688935757,
    0.2754378067329526,
    0.29660761915147305,
    0.27811348903924227,
    0.28242345806211233,
    0.2817790061235428,
    0.2775288028642535,
    0.27744630817323923,
    0.27647368889302015,
    0.27627244032919407,
    0.2762065976858139,
    0.2762079741805792,
    0.27635749243199825,
    0.27651335299015045,
    0.2760755205526948,
    0.27609045524150133,
    0.2766548031941056
  ],
  "epochs": [
    0,
    1,
    2,
    3,
    4,
    5,
    6,
    7,
    8,
    9,
    10,
    11,
    12,
    13,
    14,
    15,
    16,
    17,
    18,
    19,
    20,
    21,
    22,
    23,
    24,
    25,
    26,
    27,
    28,
    29,
    30,
    31,
    32,
    33,
    34,
    35,
    36,
    37
  ]
}