{
  "train_loss": [
    0.8069627111608332,
    0.39543012272227895,
    0.31375758133151316,
    0.28204880979928104,
    0.2637171439149163,
    0.26317046176303516,
    0.2577872644771229,
    0.25988785272294823,
    0.2571223359216343,
    0.23451817062768068,
    0.23038321327079425,
    0.22682936625047165,
    0.2276563376188278,
    0.22874618037180466,
    0.22886466031724756,
    0.22687050347978419,
    0.22727228159254248,
    0.22758231352676045,
    0.22285032191059806,
    0.22215522012927316,
    0.22552818249572407,
    0.22674728550694206,
    0.22599625208161095,
    0.2237090533429926,
    0.2224311809648167,
    0.22354647815227507,
    0.22250023863532326,
    0.2215400671417063,
    0.22789162695407866,
    0.22039816189895978,
    0.22162167457017032,
    0.2243375090035525,
    0.21990680450742894,
    0.22033225758509203,
    0.22128500694578343,
    0.22336118438027122,
    0.22157513986934316,
    0.2212147658521479,
    0.22112430848858572,
    0.22226179187948053,
    0.22046186327934264,
    0.22229573293165727,
    0.22112139517610724,
    0.22200278639793397,
    0.22120433314280077
  ],
  "val_loss": [
    0.5589948557317257,
    0.3054186962544918,
    0.2815584000200033,
    0.369901143014431,
    0.35281279496848583,
    0.3000796791166067,
    0.5237412936985493,
    0.6864894032478333,
    0.37773431837558746,
    0.2464523809030652,
    0.24476142972707748,
    0.2442938257008791,
    0.24825529009103775,
    0.2468515457585454,
    0.24494970496743917,
    0.24447643291205168,
    0.2514367839321494,
    0.24379798211157322,
    0.24657012894749641,
    0.2505627889186144,
    0.24558593798428774,
    0.24840864911675453,
    0.24955087434500456,
    0.2517838189378381,
    0.24327043071389198,
    0.24326977040618658,
    0.24342911317944527,
    0.2438232246786356,
    0.24356277473270893,
    0.2429100824519992,
    0.24309237394481897,
    0.24364674650132656,
    0.24364546593278646,
    0.24361147824674845,
    0.24321764055639505,
    0.2435055710375309,
    0.24344928842037916,
    0.24357055965811014,
    0.2435282850638032,
    0.24360955506563187,
    0.24339484982192516,
    0.24364275019615889,
    0.24398596212267876,
    0.24357974343001842,
    0.24345200043171644
  ],
  "epochs": [
    0,
    1,
    2,
    3,
    4,
    5,
    6,
    7,
    8,
    9,
    10,
    11,
    12,
    13,
    14,
    15,
    16,
    17,
    18,
    19,
    20,
    21,
    22,
    23,
    24,
    25,
    26,
    27,
    28,
    29,
    30,
    31,
    32,
    33,
    34,
    35,
    36,
    37,
    38,
    39,
    40,
    41,
    42,
    43,
    44
  ]
}