{
  "train_loss": [
    0.8460145625201139,
    0.443816369230097,
    0.360092264955694,
    0.33229018503969365,
    0.3182003690437837,
    0.31385948739268565,
    0.3121420968662609,
    0.3143908189101653,
    0.3045717556368221,
    0.3222490213134072,
    0.30240351070057264,
    0.30179824531078336,
    0.30478504733605816,
    0.29774154370481315,
    0.29113951352509587,
    0.2969276355071501,
    0.29645599099722775,
    0.2944631953131069,
    0.29323262897404756,
    0.2911891384558244,
    0.29480234574187886,
    0.29290788607163865,
    0.27951242490248246,
    0.2763098283247514,
    0.27392461083152075,
    0.2733795642852783,
    0.2715041109106757,
    0.27470097677274186,
    0.27202605334195223,
    0.2743486241860823,
    0.2746454471891577,
    0.27322290539741517,
    0.2750119772824374,
    0.27306084063920105,
    0.2739757421341809,
    0.2745762508023869,
    0.2711437241597609,
    0.2730534851551056,
    0.27244773561304264,
    0.2717608408494429,
    0.2713979810476303,
    0.26857219690626316,
    0.270587376572869,
    0.2710097919810902,
    0.27079012502323496,
    0.2707991705699401,
    0.27031305540691725,
    0.27086555659770967,
    0.2705476855689829,
    0.2681283893910321,
    0.27046788849613884
  ],
  "val_loss": [
    0.6774796433746815,
    0.348980063572526,
    0.3506790678948164,
    0.5011020954698324,
    0.49697771295905113,
    0.34214626997709274,
    0.6300403438508511,
    0.36721729673445225,
    0.32685678638517857,
    0.5322190299630165,
    0.32506374455988407,
    0.3628832194954157,
    0.3210269417613745,
    0.34374525398015976,
    0.515485268086195,
    0.3149324841797352,
    0.32306034304201603,
    0.3556521572172642,
    0.38220481388270855,
    0.3641181644052267,
    0.3646821826696396,
    0.37971125915646553,
    0.3178555406630039,
    0.3182595707476139,
    0.3118606861680746,
    0.31338886357843876,
    0.3135461416095495,
    0.3152017965912819,
    0.31232184264808893,
    0.3114012638106942,
    0.31257912889122963,
    0.3158920593559742,
    0.3136128932237625,
    0.31126257684081793,
    0.3165673799812794,
    0.311247942969203,
    0.312965196557343,
    0.32202522829174995,
    0.31834033504128456,
    0.3129878770560026,
    0.3113256450742483,
    0.3114152941852808,
    0.31126188300549984,
    0.31183766946196556,
    0.31129902321845293,
    0.3124082302674651,
    0.31214683782309294,
    0.31164986081421375,
    0.3119020815938711,
    0.31201617047190666,
    0.31172413006424904
  ],
  "epochs": [
    0,
    1,
    2,
    3,
    4,
    5,
    6,
    7,
    8,
    9,
    10,
    11,
    12,
    13,
    14,
    15,
    16,
    17,
    18,
    19,
    20,
    21,
    22,
    23,
    24,
    25,
    26,
    27,
    28,
    29,
    30,
    31,
    32,
    33,
    34,
    35,
    36,
    37,
    38,
    39,
    40,
    41,
    42,
    43,
    44,
    45,
    46,
    47,
    48,
    49,
    50
  ]
}