{
  "train_loss": [
    0.7932216064496473,
    0.3623615638776259,
    0.2864255761558359,
    0.2788745939731598,
    0.2732089728116989,
    0.2618742322379893,
    0.25827250155535614,
    0.25774738084186205,
    0.25663285526362334,
    0.24844483868642286,
    0.2514502988620238,
    0.24905196780508215,
    0.23527810356833717,
    0.2278842040083625,
    0.22912158126180823,
    0.22401455451141705,
    0.22745766775174575,
    0.22777676338499242,
    0.2253748354586688,
    0.2247389552268115,
    0.22861453050916844,
    0.22451266023245725,
    0.225346902012825,
    0.2250126770951531,
    0.22414919977838343,
    0.2256812718781558,
    0.2240533034909855,
    0.22331741018728776,
    0.22221601605415345,
    0.22154913300817664,
    0.22203653021292252
  ],
  "val_loss": [
    0.9103263430297375,
    0.41192364506423473,
    0.4088314212858677,
    0.6502799205482006,
    0.2795900320634246,
    0.24780203122645617,
    0.8039061017334461,
    0.35877556912600994,
    0.3355350773781538,
    0.288584953173995,
    0.29154767468571663,
    0.5331694707274437,
    0.234403969720006,
    0.23449838906526566,
    0.24467884376645088,
    0.23363625723868608,
    0.23954578675329685,
    0.235358202829957,
    0.23599710687994957,
    0.2389986552298069,
    0.23607813008129597,
    0.23601676058024168,
    0.23543953895568848,
    0.23608858976513147,
    0.23435222450643778,
    0.23452832456678152,
    0.23391546960920095,
    0.23397644888609648,
    0.23371562734246254,
    0.2337935920804739,
    0.23375630006194115
  ],
  "epochs": [
    0,
    1,
    2,
    3,
    4,
    5,
    6,
    7,
    8,
    9,
    10,
    11,
    12,
    13,
    14,
    15,
    16,
    17,
    18,
    19,
    20,
    21,
    22,
    23,
    24,
    25,
    26,
    27,
    28,
    29,
    30
  ]
}