{
  "train_loss": [
    0.7851627339016307,
    0.3727172428911382,
    0.29161972213875165,
    0.28005332323637877,
    0.25749762464653364,
    0.26459037038412964,
    0.2598173339258541,
    0.2662964929233898,
    0.2532996852289547,
    0.25280343158678575,
    0.2470044569535689,
    0.24755134961821817,
    0.25511729608882555,
    0.24862928498875012,
    0.24689726721156727,
    0.24951866540041837,
    0.2523154524239627,
    0.2528216020627455,
    0.23061717450618743,
    0.2261765870180997,
    0.22151466012001036,
    0.22533250451087952,
    0.21945492733608593,
    0.2263967598026449,
    0.22176825539632278,
    0.22639891667799517,
    0.22461185482415286,
    0.2224003856832331,
    0.2224820535291325,
    0.222323707558892,
    0.22269081283699382,
    0.220303628932346,
    0.21997750889171253,
    0.2225120251828974,
    0.22066249711947009,
    0.22334023930809715,
    0.22121873606335032,
    0.22189503583041104,
    0.22055980346419596,
    0.21912082650444725,
    0.21909695565700532,
    0.2206415357914838,
    0.2202365840023214,
    0.2208234716545452,
    0.2192911291664297,
    0.22082105604085056,
    0.2214564954692667,
    0.22167387821457601,
    0.22186388454654,
    0.2188187301158905,
    0.21851240423592655,
    0.22286612987518312,
    0.2202708610079505,
    0.2209367440505461,
    0.22021768553690477,
    0.22104741768403488,
    0.22170814140276476,
    0.21884483803402294,
    0.221442343971946,
    0.22059590328823436,
    0.21648223210464823,
    0.22142345742745834,
    0.220845595814965,
    0.22418988401239567
  ],
  "val_loss": [
    0.5184366945177317,
    0.3262082301080227,
    0.2725141244009137,
    0.391351155936718,
    0.3088961709290743,
    0.2654152484610677,
    0.2712608305737376,
    0.2659458937123418,
    0.31468867789953947,
    0.2578700203448534,
    0.29612056724727154,
    0.24052629061043262,
    0.3767519649118185,
    0.2586510106921196,
    0.29298233054578304,
    0.3422178365290165,
    0.24594487994909286,
    0.2988737542182207,
    0.22830327227711678,
    0.22245484963059425,
    0.2214874206110835,
    0.2217878084629774,
    0.22635808680206537,
    0.22491830494254827,
    0.22257990017533302,
    0.22334433253854513,
    0.24254313111305237,
    0.223941370844841,
    0.22206285689026117,
    0.22085445001721382,
    0.22105755470693111,
    0.22116503585129976,
    0.22110164910554886,
    0.22130457125604153,
    0.22197140287607908,
    0.22222484927624464,
    0.2211474170908332,
    0.2224347284063697,
    0.22114984970539808,
    0.22072373796254396,
    0.22160059586167336,
    0.2225308120250702,
    0.2213377645239234,
    0.22121123410761356,
    0.2209390327334404,
    0.22102701663970947,
    0.22267696354538202,
    0.22131688334047794,
    0.22044953983277082,
    0.2218760196119547,
    0.22070066630840302,
    0.22114249598234892,
    0.22103015147149563,
    0.22096054442226887,
    0.22070434410125017,
    0.22201973106712103,
    0.22192227840423584,
    0.22125076688826084,
    0.2210925966501236,
    0.22177888546139002,
    0.2208500811830163,
    0.22107294388115406,
    0.22182430885732174,
    0.22058401070535183
  ],
  "epochs": [
    0,
    1,
    2,
    3,
    4,
    5,
    6,
    7,
    8,
    9,
    10,
    11,
    12,
    13,
    14,
    15,
    16,
    17,
    18,
    19,
    20,
    21,
    22,
    23,
    24,
    25,
    26,
    27,
    28,
    29,
    30,
    31,
    32,
    33,
    34,
    35,
    36,
    37,
    38,
    39,
    40,
    41,
    42,
    43,
    44,
    45,
    46,
    47,
    48,
    49,
    50,
    51,
    52,
    53,
    54,
    55,
    56,
    57,
    58,
    59,
    60,
    61,
    62,
    63
  ]
}