{
  "train_loss": [
    0.805298128453168,
    0.40037819851528517,
    0.31564579091288825,
    0.2912306186827746,
    0.28036230694163927,
    0.27550026069987904,
    0.26814609440890225,
    0.2647921188311143,
    0.26192192895845934,
    0.26809420856562527,
    0.25786435008049013,
    0.2602026365020058,
    0.2627668581225655,
    0.25374987585978076,
    0.2560121406208385,
    0.25170526043935254,
    0.25677400529384614,
    0.25374684956940735,
    0.24060244208032436,
    0.23493145921013572,
    0.23234170485626568,
    0.23383586840196088,
    0.2314852774143219,
    0.23504958125677974,
    0.23398120322010735,
    0.235364107652144,
    0.23141652156006207,
    0.23216527131470768,
    0.22849922640757128,
    0.2298299331556667,
    0.2304545765573328,
    0.2292061970992522,
    0.23411596661264247,
    0.2303754985332489,
    0.23017311502586713,
    0.22789981175552715,
    0.22851731072772632,
    0.22875384200703014,
    0.22871533821929585,
    0.22740420726212587,
    0.2297121917659586,
    0.22907084091143173,
    0.22983390472152015,
    0.2318465606732802,
    0.22834681705995039,
    0.22866445617242293,
    0.2298536482182416,
    0.22831343927166678,
    0.22866038111123171,
    0.2292486762458628,
    0.22702024389397013,
    0.23153216269883242
  ],
  "val_loss": [
    0.5441832467913628,
    0.4179266784340143,
    0.2977374196052551,
    0.276935001835227,
    0.28733554389327765,
    0.7150874510407448,
    0.263158755376935,
    0.5031134840101004,
    0.34424538910388947,
    0.26400559209287167,
    0.2830547448247671,
    0.2552893189713359,
    0.30176237504929304,
    0.2667967090383172,
    0.259428801946342,
    1.171378269791603,
    0.275777880102396,
    0.26503091864287853,
    0.24340933468192816,
    0.24202453810721636,
    0.2433523442596197,
    0.2429301356896758,
    0.24028722383081913,
    0.24876068625599146,
    0.2542003057897091,
    0.24353366903960705,
    0.2441503182053566,
    0.24368391185998917,
    0.2433729087933898,
    0.2402281342074275,
    0.23981353268027306,
    0.23972663935273886,
    0.23948026541620493,
    0.2397919576615095,
    0.23970803432166576,
    0.2398222954943776,
    0.23940183594822884,
    0.2401637453585863,
    0.24000331945717335,
    0.23968221805989742,
    0.23975119646638632,
    0.24114962201565504,
    0.23966879397630692,
    0.2398747354745865,
    0.2399389734491706,
    0.23972752131521702,
    0.2398068467155099,
    0.23990552220493555,
    0.24001865182071924,
    0.23965245485305786,
    0.23968503531068563,
    0.239744589664042
  ],
  "epochs": [
    0,
    1,
    2,
    3,
    4,
    5,
    6,
    7,
    8,
    9,
    10,
    11,
    12,
    13,
    14,
    15,
    16,
    17,
    18,
    19,
    20,
    21,
    22,
    23,
    24,
    25,
    26,
    27,
    28,
    29,
    30,
    31,
    32,
    33,
    34,
    35,
    36,
    37,
    38,
    39,
    40,
    41,
    42,
    43,
    44,
    45,
    46,
    47,
    48,
    49,
    50,
    51
  ]
}