{
  "train_loss": [
    0.7440139429135756,
    0.3470998774875294,
    0.28485350554639643,
    0.27751307026906447,
    0.263377371430397,
    0.2656598069451072,
    0.2578125940127806,
    0.25712514167482203,
    0.24791579327800056,
    0.2447046607732773,
    0.245339881290089,
    0.24850046634674072,
    0.24285462336106733,
    0.24620765474709597,
    0.23689535070549358,
    0.24408485455946488,
    0.24097940271550958,
    0.23837501840157943,
    0.24311837445605886,
    0.2359691790559075,
    0.22997669956900857,
    0.2194549872116609,
    0.22167031954635275,
    0.22241683954542332,
    0.21869627833366395,
    0.2187020561911843,
    0.21796141971241345,
    0.22105225703933024,
    0.22133703096346422,
    0.21569755294106224,
    0.2181961173360998,
    0.21521633484146813,
    0.2175900028510527,
    0.2161676116965034,
    0.21664240089329806,
    0.21786908209323883,
    0.2151658128608357,
    0.2146549159830267,
    0.21434087428179655,
    0.21623087850483982,
    0.21735213155096228,
    0.21889161535284735,
    0.21473433727567845,
    0.21554749716411936,
    0.2140349878506227,
    0.21481351283463565,
    0.21564077464017,
    0.21640095006335866,
    0.216310839490457,
    0.21650147898630662,
    0.21694775765592403,
    0.21554017554629934,
    0.21523437689651143,
    0.2141599170186303,
    0.2171980234709653,
    0.21566593728282235,
    0.21621044440702958,
    0.2150976232507012,
    0.21625338115475395,
    0.21180618188597938,
    0.21475719646974042,
    0.21504081243818457,
    0.21727230575951664,
    0.2169664499434558,
    0.2165490681474859,
    0.21798774274912747,
    0.21660706373778257,
    0.21579813090237704,
    0.21306859092278915,
    0.21434970823201266,
    0.2137450955130837,
    0.21407627896829085,
    0.21509585814042526
  ],
  "val_loss": [
    0.4450623858720064,
    0.32984728924930096,
    0.32681380584836006,
    0.3864940144121647,
    0.2590027777478099,
    0.2793136229738593,
    0.3432306256145239,
    0.6507882922887802,
    0.2479595085605979,
    0.26198852714151144,
    0.5499807372689247,
    0.43880389258265495,
    0.4076806977391243,
    0.24226880446076393,
    0.24600418005138636,
    0.38436674140393734,
    0.2641479969024658,
    0.2755873501300812,
    0.2576514510437846,
    0.38309144973754883,
    0.2307228920981288,
    0.23019554931670427,
    0.2288354430347681,
    0.22890192922204733,
    0.2340741604566574,
    0.23215623665601015,
    0.22965917270630598,
    0.23268696013838053,
    0.23213960323482752,
    0.22871450893580914,
    0.22815111000090837,
    0.22878021467477083,
    0.22858741506934166,
    0.22805613558739424,
    0.22812624741345644,
    0.22819828242063522,
    0.2284179301932454,
    0.22907311003655195,
    0.2278898274526,
    0.228831990621984,
    0.22870760411024094,
    0.22808449901640415,
    0.22772543597966433,
    0.22812680806964636,
    0.2285496136173606,
    0.2286448124796152,
    0.22784707322716713,
    0.22811767272651196,
    0.2275807885453105,
    0.2277861274778843,
    0.22895739320665598,
    0.22818336449563503,
    0.2276833476498723,
    0.22797515615820885,
    0.22891759127378464,
    0.2277178755030036,
    0.22783075366169214,
    0.22756445687264204,
    0.22893499583005905,
    0.2276974217966199,
    0.2277823742479086,
    0.22814731020480394,
    0.2279950361698866,
    0.22862180043011904,
    0.22770738415420055,
    0.22812981251627207,
    0.2278256481513381,
    0.22913508769124746,
    0.22843577153980732,
    0.22875650599598885,
    0.22796021774411201,
    0.22808555606752634,
    0.22779624536633492
  ],
  "epochs": [
    0,
    1,
    2,
    3,
    4,
    5,
    6,
    7,
    8,
    9,
    10,
    11,
    12,
    13,
    14,
    15,
    16,
    17,
    18,
    19,
    20,
    21,
    22,
    23,
    24,
    25,
    26,
    27,
    28,
    29,
    30,
    31,
    32,
    33,
    34,
    35,
    36,
    37,
    38,
    39,
    40,
    41,
    42,
    43,
    44,
    45,
    46,
    47,
    48,
    49,
    50,
    51,
    52,
    53,
    54,
    55,
    56,
    57,
    58,
    59,
    60,
    61,
    62,
    63,
    64,
    65,
    66,
    67,
    68,
    69,
    70,
    71,
    72
  ]
}