{
  "train_loss": [
    0.7935910734263334,
    0.37046221115372396,
    0.2972794386473569,
    0.27698657675222915,
    0.2689681963487105,
    0.26277035203847016,
    0.25131153816526586,
    0.2566801829771562,
    0.24945075593211435,
    0.25607268810272216,
    0.2461232456293973,
    0.2430719326842915,
    0.24644655097614634,
    0.24088242920962247,
    0.24066340652379123,
    0.2355996148152785,
    0.24055742702700875,
    0.2357854734767567,
    0.2333243800835176,
    0.23381419452753935,
    0.2372211740775542,
    0.23902392333204095,
    0.23453612165017562,
    0.2301612612876025,
    0.22951032736084678,
    0.22263467853719537,
    0.21573241190476852,
    0.21670223772525787,
    0.21322228637608615,
    0.21575221825729718,
    0.21476091498678382,
    0.2112635371359912,
    0.21266823979941282,
    0.2129109187559648,
    0.2092142795974558,
    0.20948828540065073,
    0.20965568260713058,
    0.2101509446447546,
    0.2136078436266292,
    0.21252022764899514,
    0.2128006024794145
  ],
  "val_loss": [
    0.5519267581403255,
    0.6082474179565907,
    0.3219264652580023,
    0.2582281297072768,
    0.41833799332380295,
    0.24651943426579237,
    0.40144602954387665,
    0.29359364975243807,
    0.24405987095087767,
    0.2748629841953516,
    0.289627717807889,
    0.2531948098912835,
    0.23566691763699055,
    0.272941998206079,
    0.26956545002758503,
    0.24322513490915298,
    0.30313241854310036,
    0.24192227981984615,
    0.23120359890162945,
    0.24353638011962175,
    0.35945085156708956,
    0.2523154579102993,
    0.30713155679404736,
    0.2619837634265423,
    0.2681783623993397,
    0.22936002537608147,
    0.22936172038316727,
    0.23061818350106478,
    0.23220995627343655,
    0.2334596486762166,
    0.23068058863282204,
    0.22950936388224363,
    0.22946405597031116,
    0.22938630264252424,
    0.23027238249778748,
    0.2294196579605341,
    0.22946021147072315,
    0.2298688916489482,
    0.23033364117145538,
    0.22951975744217634,
    0.22967867832630873
  ],
  "epochs": [
    0,
    1,
    2,
    3,
    4,
    5,
    6,
    7,
    8,
    9,
    10,
    11,
    12,
    13,
    14,
    15,
    16,
    17,
    18,
    19,
    20,
    21,
    22,
    23,
    24,
    25,
    26,
    27,
    28,
    29,
    30,
    31,
    32,
    33,
    34,
    35,
    36,
    37,
    38,
    39,
    40
  ]
}