{
  "train_loss": [
    1.202881405245174,
    0.7088741819966922,
    0.5894473345713181,
    0.5203390349041332,
    0.4811912095546722,
    0.4523362281647596,
    0.430992717851292,
    0.41273638069629665,
    0.3965821690721945,
    0.38715324919332156,
    0.37598874078555533,
    0.36483572355725546,
    0.3650450802120295,
    0.3515786008943211,
    0.3433790368383581,
    0.340168659334833,
    0.33532336844639343,
    0.329953518862074,
    0.3271333952112631,
    0.3281375824050469,
    0.3229677282409234,
    0.3141736169294877,
    0.30841959465633734,
    0.3134047624739733,
    0.3019620043852112,
    0.306294357966293,
    0.30540349689396945,
    0.3003656918894161,
    0.29655151816931635,
    0.29679033225232904,
    0.2931824660572139,
    0.2903988726301626,
    0.29064408231865274,
    0.289562376033176,
    0.2854667706652121,
    0.2851745034889741,
    0.28098047565330153,
    0.2822846155004068,
    0.282645583206957,
    0.28067202492193744,
    0.28540671744129875,
    0.27523379992354996,
    0.2779580920663747,
    0.27532026905905116,
    0.27559671640396116,
    0.27599572173573755,
    0.2772895215045322,
    0.2749116848544641,
    0.2724923612041907,
    0.2699409712444652,
    0.27005232477729973,
    0.2652281456914815,
    0.2645393410866911,
    0.2652840181914243,
    0.2663892185417088,
    0.2669657674702731,
    0.26471392506902863,
    0.25806998231194234,
    0.2588002433560111,
    0.255045297877355,
    0.2529802247340029,
    0.2489810546419837,
    0.25460299865766006,
    0.2505792290785096,
    0.25102764828638596,
    0.2563045504689217,
    0.254688004499132,
    0.249185568744486,
    0.2483684665506536,
    0.2441995319724083,
    0.2498953988064419,
    0.24327420055866242,
    0.2500793714144013,
    0.24729204253716902,
    0.24501792991703206,
    0.248751726556908
  ],
  "val_loss": [
    0.7303625419735909,
    0.5635071305558085,
    0.4663958949036896,
    0.4292357573285699,
    0.4767538879998028,
    0.3979533732868731,
    0.3451247669756412,
    0.4119954423978925,
    0.4281258218921721,
    0.3640811945311725,
    0.3396143967751413,
    0.33304740153253076,
    0.3369432207662612,
    0.36424201354384417,
    0.3426549410447478,
    0.29906015549786386,
    0.3191021375823766,
    0.35757893812842667,
    0.39528334964998063,
    0.3904738881625235,
    0.3514820002485066,
    0.3549531783442944,
    0.36183243463747206,
    0.38102079983800646,
    0.3116119400132447,
    0.2767417365219444,
    0.3203448973596096,
    0.26170822237618263,
    0.3050809980835765,
    0.275019071623683,
    0.2780906522180885,
    0.2710609591566026,
    0.31912739484105257,
    0.2672215437050909,
    0.24976162302773444,
    0.2627852581208572,
    0.28615535930730396,
    0.27448649373836814,
    0.2863062960095703,
    0.3377620001556352,
    0.3062850319780409,
    0.243073367071338,
    0.2678388812346384,
    0.2190725681371987,
    0.27582844118587674,
    0.2108791571110487,
    0.22102417640853672,
    0.28139444282278414,
    0.27123844565358013,
    0.25227117992471904,
    0.30203583012335,
    0.2374784608138725,
    0.233293606643565,
    0.23516603477764872,
    0.27143106344155965,
    0.2742744986899197,
    0.2432663179701194,
    0.22672386507038025,
    0.23424602330196648,
    0.22015735199674963,
    0.23473428087309003,
    0.25401618352625516,
    0.22818648843094705,
    0.24311134926974773,
    0.25298498971387745,
    0.2460496194195002,
    0.23772246013395487,
    0.2473428596742451,
    0.2319004868622869,
    0.23026857471559195,
    0.22864318131469188,
    0.22577357911504803,
    0.2299498998792842,
    0.22711630198173224,
    0.23338318190071733,
    0.2262360032647848
  ],
  "epochs": [
    0,
    1,
    2,
    3,
    4,
    5,
    6,
    7,
    8,
    9,
    10,
    11,
    12,
    13,
    14,
    15,
    16,
    17,
    18,
    19,
    20,
    21,
    22,
    23,
    24,
    25,
    26,
    27,
    28,
    29,
    30,
    31,
    32,
    33,
    34,
    35,
    36,
    37,
    38,
    39,
    40,
    41,
    42,
    43,
    44,
    45,
    46,
    47,
    48,
    49,
    50,
    51,
    52,
    53,
    54,
    55,
    56,
    57,
    58,
    59,
    60,
    61,
    62,
    63,
    64,
    65,
    66,
    67,
    68,
    69,
    70,
    71,
    72,
    73,
    74,
    75
  ]
}