{
  "train_loss": [
    1.2854023069685154,
    0.836401950391856,
    0.71255393456329,
    0.628547692136331,
    0.5649546750567176,
    0.5375706779956817,
    0.5113748375935987,
    0.47804535573179063,
    0.4611251873048869,
    0.4490658290819688,
    0.4284211034395478,
    0.4174758972092108,
    0.4059307464686307,
    0.4020993235707283,
    0.3872380191358653,
    0.3788606696508147,
    0.37299594540487635,
    0.3706434338472106,
    0.36879004196687176,
    0.36223887064240196,
    0.3564205910942771,
    0.35126710954037577,
    0.34852756221186026,
    0.34070052997632455,
    0.3419905932383103,
    0.33334841124036096,
    0.33842413365840907,
    0.335240461284464,
    0.3252455911582166,
    0.3292865160649473,
    0.3291156264055859,
    0.3247786017981443,
    0.3235116337917068,
    0.32180046103217386,
    0.316603900112889,
    0.318686679141088,
    0.31524203053929584,
    0.3172036243839697,
    0.3070521565729921,
    0.31255982553417033,
    0.30513418129899283,
    0.3063157867572524,
    0.3184737172180956,
    0.3056348706646399,
    0.307374497895891,
    0.3054538174650886,
    0.30407863725315437,
    0.30219375225630674,
    0.29559352874755856,
    0.2993601339513605,
    0.3023916514353318,
    0.295208966542374,
    0.30186308855360205,
    0.30065948445688595,
    0.29393054032867605,
    0.2892248773303898,
    0.2873119068145752,
    0.29450684425505724,
    0.2930372328920798,
    0.29342183996330606,
    0.29717941714958707,
    0.2917645640806718,
    0.2973407986489209,
    0.29265561962669545,
    0.28610369408672504,
    0.28475214687260714,
    0.2892637384750626,
    0.2872523365237496,
    0.28492084833708675,
    0.2850974558158354,
    0.28836373857476494,
    0.28652225310152224,
    0.2854323980754072,
    0.28155192380601707,
    0.2808956280621615,
    0.28450735241174696,
    0.2808952911604534,
    0.2749160810221325,
    0.27110293345017866,
    0.27269972961057315,
    0.26967700828205454,
    0.26445067107677456,
    0.2734307403727011,
    0.2738234514810822,
    0.2749317926439372,
    0.2693488326126879,
    0.27429743764075365,
    0.2629555620388551,
    0.26531583577394485,
    0.2726189848780632,
    0.2622044383666732,
    0.26855857458981597,
    0.2639880199594931,
    0.2680834741484035,
    0.2594137103991075
  ],
  "val_loss": [
    0.8285353526473045,
    0.6952174507081509,
    0.5593068154528736,
    0.4608086134307086,
    0.4159984472207725,
    0.3824560815468431,
    0.3482487273402512,
    0.33191564045846456,
    0.33032442526891825,
    0.3137930994387716,
    0.2924144840799272,
    0.28773428122512995,
    0.27716101640835406,
    0.2724644228816032,
    0.2576964267063886,
    0.25946572283282876,
    0.2675289866514504,
    0.24769762842915952,
    0.2524231889750808,
    0.26039018565788863,
    0.23747488707304001,
    0.23630422628484665,
    0.23075658874586222,
    0.23670592932030557,
    0.2381055026780814,
    0.22915114224888383,
    0.2483372767921537,
    0.23104208987206218,
    0.21972796055488286,
    0.22497197869233787,
    0.23377122217789292,
    0.22735647801309822,
    0.249879793333821,
    0.2233417695388198,
    0.22326197968795894,
    0.23237969491165128,
    0.22295558573678134,
    0.21276642319280653,
    0.25328577819745984,
    0.21879212711937723,
    0.22994597293436528,
    0.2224486202467233,
    0.21039463316556065,
    0.21520179053768515,
    0.21879581457469613,
    0.21227128847967833,
    0.2202360266353935,
    0.21395954678300766,
    0.21737228194251654,
    0.22962788329459727,
    0.22885459680110215,
    0.21143495419528335,
    0.2086680259555578,
    0.2245312571991235,
    0.2082142996136099,
    0.19884927740786223,
    0.23957169193308797,
    0.21568503356538712,
    0.23092904516961424,
    0.21138136852532624,
    0.20457771762739865,
    0.2274843054357916,
    0.21136443172581493,
    0.20002694071736185,
    0.19421529546380042,
    0.206506403721869,
    0.20567714204080403,
    0.21422815755940972,
    0.2036481007467955,
    0.22351032053120432,
    0.25529669444076714,
    0.21229738038964568,
    0.20302160235587507,
    0.20316161529626697,
    0.2016387048875913,
    0.2054022488184273,
    0.199622391234152,
    0.19503912965301423,
    0.19754821360111235,
    0.2000239545945078,
    0.19603174719959496,
    0.20702785276807845,
    0.20385213324334472,
    0.19505615662783385,
    0.2029028236865997,
    0.20502490561921147,
    0.2007821066305041,
    0.19809653740376232,
    0.1986298711039126,
    0.20028812102973462,
    0.2001805230975151,
    0.19601292100269346,
    0.19875331711955369,
    0.19671904481947422,
    0.1977394183864817
  ],
  "epochs": [
    0,
    1,
    2,
    3,
    4,
    5,
    6,
    7,
    8,
    9,
    10,
    11,
    12,
    13,
    14,
    15,
    16,
    17,
    18,
    19,
    20,
    21,
    22,
    23,
    24,
    25,
    26,
    27,
    28,
    29,
    30,
    31,
    32,
    33,
    34,
    35,
    36,
    37,
    38,
    39,
    40,
    41,
    42,
    43,
    44,
    45,
    46,
    47,
    48,
    49,
    50,
    51,
    52,
    53,
    54,
    55,
    56,
    57,
    58,
    59,
    60,
    61,
    62,
    63,
    64,
    65,
    66,
    67,
    68,
    69,
    70,
    71,
    72,
    73,
    74,
    75,
    76,
    77,
    78,
    79,
    80,
    81,
    82,
    83,
    84,
    85,
    86,
    87,
    88,
    89,
    90,
    91,
    92,
    93,
    94
  ]
}