{
  "train_loss": [
    1.3572768631848422,
    0.8837975957176901,
    0.7783881881562147,
    0.716757252162153,
    0.6387727921659296,
    0.5849105164679614,
    0.5465662028572775,
    0.5077730296416716,
    0.49158201613209457,
    0.4674851459264755,
    0.45187341684644866,
    0.43793698245828805,
    0.417580104470253,
    0.4093159396810965,
    0.40619335152886127,
    0.39015946791930634,
    0.3807948210835457,
    0.3766024013540961,
    0.37310201625932343,
    0.3651082634654912,
    0.3525309584899382,
    0.3552936964956197,
    0.3501287344639951,
    0.342426696609367,
    0.33835424853996793,
    0.3356180634010921,
    0.33351475122300056,
    0.3286498034542257,
    0.3307479138536886,
    0.3253461574966257,
    0.32103327155113215,
    0.32318625555797054,
    0.3246469021927227,
    0.3095935980298302,
    0.31075741293755443,
    0.3119182324951345,
    0.3090521352670409,
    0.3119934745268388,
    0.29987029780041086,
    0.29131299552592366,
    0.2912946190888231,
    0.29485839651389556,
    0.29428036288781595,
    0.29323822593147103,
    0.2907287981835278,
    0.2957846626910296,
    0.2926067287542603,
    0.2876631471243771,
    0.2866506108370694,
    0.2919458959861235,
    0.280760809562423,
    0.2844764348593625,
    0.2859482036937367,
    0.2933074244585904,
    0.28395174771547316,
    0.28758108033375307,
    0.28126837641000746,
    0.2761036935990507,
    0.27870181682434947,
    0.2786523625254631,
    0.28100986022840846,
    0.28279451784762466,
    0.27759823847900733,
    0.2797401582652872,
    0.27974627573381766,
    0.2790048426660624,
    0.2783827489072626,
    0.27484742245890875,
    0.27715068619359623,
    0.2755723495916887,
    0.27422585996714505,
    0.2748624703288078,
    0.2760253583301197
  ],
  "val_loss": [
    0.8960492219775915,
    0.7095484908670187,
    0.6281302271410822,
    0.5516197920776903,
    0.4471052594482898,
    0.4131326724775135,
    0.3844152919948101,
    0.3317876499146223,
    0.3806542300619185,
    0.3201653520576656,
    0.29566024807281793,
    0.2993749647401273,
    0.3120892947539687,
    0.2764913539867848,
    0.2845399593934417,
    0.2826899727806449,
    0.30988457789644597,
    0.2724865783471614,
    0.25526427472941576,
    0.3775331893004477,
    0.2416852263268083,
    0.23802745370194314,
    0.24681089958176014,
    0.301024568406865,
    0.21680880826897916,
    0.25982588483020663,
    0.20782755180262028,
    0.2536989226937294,
    0.22547318008728323,
    0.22435673656873406,
    0.2904420590028166,
    0.21465105563402176,
    0.2175960731692612,
    0.2583652050700038,
    0.27192962546832855,
    0.21226802729070185,
    0.2365980121772736,
    0.23599236428271977,
    0.22967403223738073,
    0.20323571227490903,
    0.2130084030330181,
    0.23141979903448373,
    0.19787361095659434,
    0.241875624214299,
    0.22146422106306998,
    0.21097313775680956,
    0.20521013669203966,
    0.23182511667255312,
    0.19946223767474294,
    0.20914254975505173,
    0.20471132104285059,
    0.2131840848829597,
    0.2044393981574103,
    0.2209788788575679,
    0.22180834379978479,
    0.20187024327460673,
    0.20652133123949168,
    0.20774323358200492,
    0.20744942082092163,
    0.21827115782070905,
    0.2190352537902072,
    0.21679767677560446,
    0.20532393776811658,
    0.21244263248518108,
    0.21837550664786248,
    0.2127371561480686,
    0.2120472060982138,
    0.20728923487477005,
    0.21256088684312996,
    0.20602956449147314,
    0.21074187888298182,
    0.21231061886064706,
    0.21045919971074908
  ],
  "epochs": [
    0,
    1,
    2,
    3,
    4,
    5,
    6,
    7,
    8,
    9,
    10,
    11,
    12,
    13,
    14,
    15,
    16,
    17,
    18,
    19,
    20,
    21,
    22,
    23,
    24,
    25,
    26,
    27,
    28,
    29,
    30,
    31,
    32,
    33,
    34,
    35,
    36,
    37,
    38,
    39,
    40,
    41,
    42,
    43,
    44,
    45,
    46,
    47,
    48,
    49,
    50,
    51,
    52,
    53,
    54,
    55,
    56,
    57,
    58,
    59,
    60,
    61,
    62,
    63,
    64,
    65,
    66,
    67,
    68,
    69,
    70,
    71,
    72
  ]
}