{
  "train_loss": [
    1.1654388965259899,
    0.704597697908228,
    0.5942892943729053,
    0.5320281614498659,
    0.49005756307731974,
    0.4677946368672631,
    0.4465923417969183,
    0.4280293725837361,
    0.4182497402754697,
    0.4115820462324402,
    0.3989410355145281,
    0.3852328702265566,
    0.3872854164242744,
    0.36669624626636504,
    0.3696705945784395,
    0.3575976021452383,
    0.3509137020869688,
    0.3524464512684128,
    0.3425744544105096,
    0.3443161418763074,
    0.33982711870561944,
    0.33483056434176184,
    0.335944209234281,
    0.3249966987154701,
    0.32194626940922305,
    0.32057738136161457,
    0.31795998814431103,
    0.3217873442714865,
    0.31200738421895285,
    0.31645456292412494,
    0.3191501501473513,
    0.31333860565315597,
    0.30870604929598894,
    0.31094472649422555,
    0.30620432105931367,
    0.3023683878237551,
    0.30774682416157284,
    0.3028027933835983,
    0.3015549988367341,
    0.3028439324010502,
    0.2993191308324987,
    0.2893960324742577,
    0.2882268960367549,
    0.2896614780209281,
    0.2898816273158247,
    0.28782558262348173,
    0.28700921478596597,
    0.2835395001281391,
    0.27925957441329957,
    0.287148247117346,
    0.28491683672774926,
    0.2851292761618441,
    0.2807113675095818,
    0.2857439635829492,
    0.2802945719794793,
    0.28024948477745054,
    0.277874552174048,
    0.28061873560602013,
    0.279460865936496,
    0.2836353730342605
  ],
  "val_loss": [
    0.728765570372343,
    0.5287781576626003,
    0.44390502599999304,
    0.407257744576782,
    0.3972520926967263,
    0.3846044776029885,
    0.3866623722948134,
    0.3830753052607178,
    0.4215573828201741,
    0.37858676305040717,
    0.4259339743759483,
    0.402525685634464,
    0.37940324638038875,
    0.3684269692748785,
    0.32228360115550453,
    0.35909788254648445,
    0.344508265517652,
    0.34776231218129394,
    0.36453796005807815,
    0.3661740021780133,
    0.40469332751818,
    0.3588989456649869,
    0.32029739953577513,
    0.40057051200419663,
    0.48070110548287626,
    0.3352427075617015,
    0.4131192947737872,
    0.39758884427137675,
    0.3658412240911275,
    0.300304062385112,
    0.37991772750392555,
    0.35560955875553185,
    0.3800099390558898,
    0.37552934549748895,
    0.4163289713207632,
    0.31670094546861943,
    0.3805467052385211,
    0.3890519946813583,
    0.3964802635833621,
    0.3465843501035124,
    0.3722028113901615,
    0.36168751199729743,
    0.4098251959774643,
    0.37317869740072634,
    0.3597735670628026,
    0.388436141773127,
    0.39067044276744123,
    0.40367633260320873,
    0.39964993060566484,
    0.3633198301075026,
    0.3862711486173794,
    0.36358043723739686,
    0.37156156925484535,
    0.3827902487246319,
    0.3670751552795991,
    0.37887927822303025,
    0.3947867618873715,
    0.38617085074074564,
    0.3718441511970013,
    0.3744160537840798
  ],
  "epochs": [
    0,
    1,
    2,
    3,
    4,
    5,
    6,
    7,
    8,
    9,
    10,
    11,
    12,
    13,
    14,
    15,
    16,
    17,
    18,
    19,
    20,
    21,
    22,
    23,
    24,
    25,
    26,
    27,
    28,
    29,
    30,
    31,
    32,
    33,
    34,
    35,
    36,
    37,
    38,
    39,
    40,
    41,
    42,
    43,
    44,
    45,
    46,
    47,
    48,
    49,
    50,
    51,
    52,
    53,
    54,
    55,
    56,
    57,
    58,
    59
  ]
}