{
  "train_loss": [
    1.1589538863572209,
    0.6447035900029269,
    0.5589348750222812,
    0.5011339928887106,
    0.4745258104259317,
    0.4438954455744136,
    0.43161032232371244,
    0.41396134132688694,
    0.40275149578397923,
    0.38739695383743805,
    0.3771933095563541,
    0.36762906927954064,
    0.3642220876433632,
    0.35490330311385065,
    0.3475457559661431,
    0.3358103200522336,
    0.33840348996899344,
    0.3292673893679272,
    0.3214075421474196,
    0.3163523642583327,
    0.3135647361928766,
    0.31034857172857633,
    0.31647989544001487,
    0.3095856559276581,
    0.29790036943825804,
    0.29718248432332817,
    0.295013188177889,
    0.2947095387361266,
    0.2899805855209177,
    0.28616739961234006,
    0.2855944955348968,
    0.2872201236540621,
    0.28434837704355065,
    0.28687539601867845,
    0.2796641002189029,
    0.27431048935109914,
    0.2715098786354065,
    0.2738003623485565,
    0.26711760957132685,
    0.2606444783915173,
    0.26949148072437806,
    0.2602886504476721,
    0.2614345986463807,
    0.25655358783223414,
    0.2554344769770449,
    0.2611087592894381,
    0.25950591577724974,
    0.2601591700857335,
    0.2554892607439648,
    0.25726098602468317,
    0.25349815653129054,
    0.25455668533390213,
    0.2558957599238916,
    0.24957224160432812,
    0.25181351862170476,
    0.24960178608244116,
    0.25742404918779027
  ],
  "val_loss": [
    0.636923441849649,
    0.48679686421528456,
    0.49132528668269515,
    0.43412170112133025,
    0.3891837332397699,
    0.5434760301373899,
    0.4167518843896687,
    0.3559667288325727,
    0.3198112773708999,
    0.5030905712395906,
    0.28406563606113194,
    0.36911965599283575,
    0.4610186541453004,
    0.40332103078253567,
    0.45852494942955674,
    0.3160942716524005,
    0.3576210495550185,
    0.3698931325692683,
    0.27275860076770186,
    0.3297552104108035,
    0.34998038150370114,
    0.30451024966314433,
    0.3030448122881353,
    0.2731548354495317,
    0.3556146742310375,
    0.33389486130326984,
    0.2515919054392725,
    0.3402051299810409,
    0.409602158376947,
    0.2705969420261681,
    0.2903274753130972,
    0.29796113288030024,
    0.32479284699074923,
    0.29461441426537927,
    0.2835205032955855,
    0.3085337076801807,
    0.3488228977657854,
    0.3923033418133855,
    0.2770853334572166,
    0.2882443229900673,
    0.32825093925930554,
    0.3363049188628793,
    0.3091855841688812,
    0.2689908638596535,
    0.32219885671511295,
    0.2841444307239726,
    0.25821366377640514,
    0.3248640357516706,
    0.30196936198044566,
    0.32817002434749154,
    0.28313979497179387,
    0.30522489463910457,
    0.2875337365316227,
    0.32192995499353855,
    0.3143245151266455,
    0.327475739410147,
    0.31737645945977416
  ],
  "epochs": [
    0,
    1,
    2,
    3,
    4,
    5,
    6,
    7,
    8,
    9,
    10,
    11,
    12,
    13,
    14,
    15,
    16,
    17,
    18,
    19,
    20,
    21,
    22,
    23,
    24,
    25,
    26,
    27,
    28,
    29,
    30,
    31,
    32,
    33,
    34,
    35,
    36,
    37,
    38,
    39,
    40,
    41,
    42,
    43,
    44,
    45,
    46,
    47,
    48,
    49,
    50,
    51,
    52,
    53,
    54,
    55,
    56
  ]
}