{
  "summary": {
    "norm_name": "robust_normalized",
    "num_chips_requested": 10,
    "num_chips_processed": 10,
    "num_chips_with_metrics": 10,
    "generated_at": "2025-10-22T04:57:24.270620"
  },
  "averages": {
    "train": {
      "accuracy": 0.9028142857142857,
      "accuracy_std": 0.015947112847260643,
      "precision": 0.9032693392601849,
      "precision_std": 0.01576015084068314,
      "recall": 0.9028142857142857,
      "recall_std": 0.015947112847260643,
      "f1": 0.9029211024441801,
      "f1_std": 0.01587284239476414,
      "num_chips": 10
    },
    "val": {
      "accuracy": 0.8906046976511742,
      "accuracy_std": 0.01800446495182817,
      "precision": 0.8908921243828963,
      "precision_std": 0.017724205639257955,
      "recall": 0.8906046976511742,
      "recall_std": 0.01800446495182817,
      "f1": 0.8906470924541117,
      "f1_std": 0.017874207858276262,
      "num_chips": 10
    },
    "test": {
      "accuracy": 0.8912912912912911,
      "accuracy_std": 0.01671821515405148,
      "precision": 0.8920268395967442,
      "precision_std": 0.016136140102654385,
      "recall": 0.8912912912912911,
      "recall_std": 0.01671821515405148,
      "f1": 0.891439863420157,
      "f1_std": 0.01654917514725589,
      "num_chips": 10
    }
  },
  "per_chip": {
    "1": {
      "train": {
        "accuracy": 0.9239285714285714,
        "precision": 0.9238925997240853,
        "recall": 0.9239285714285714,
        "f1": 0.9238920064745941
      },
      "val": {
        "accuracy": 0.914792603698151,
        "precision": 0.9143022504027227,
        "recall": 0.914792603698151,
        "f1": 0.914442288679796
      },
      "test": {
        "accuracy": 0.9094094094094094,
        "precision": 0.9093514055195031,
        "recall": 0.9094094094094094,
        "f1": 0.909299084955813
      }
    },
    "2": {
      "train": {
        "accuracy": 0.9022857142857142,
        "precision": 0.9025311460248263,
        "recall": 0.9022857142857142,
        "f1": 0.9023811281927149
      },
      "val": {
        "accuracy": 0.8940529735132434,
        "precision": 0.8941247720335864,
        "recall": 0.8940529735132434,
        "f1": 0.8940363779603381
      },
      "test": {
        "accuracy": 0.8973973973973974,
        "precision": 0.8987535588562229,
        "recall": 0.8973973973973974,
        "f1": 0.8978767576501167
      }
    },
    "3": {
      "train": {
        "accuracy": 0.8890714285714286,
        "precision": 0.8890199642926517,
        "recall": 0.8890714285714286,
        "f1": 0.8890348153076356
      },
      "val": {
        "accuracy": 0.8770614692653673,
        "precision": 0.8774342962967311,
        "recall": 0.8770614692653673,
        "f1": 0.8772367991146547
      },
      "test": {
        "accuracy": 0.8843843843843844,
        "precision": 0.8837765435510099,
        "recall": 0.8843843843843844,
        "f1": 0.8840107993737862
      }
    },
    "4": {
      "train": {
        "accuracy": 0.931,
        "precision": 0.9307672760324128,
        "recall": 0.931,
        "f1": 0.9308532724230513
      },
      "val": {
        "accuracy": 0.9205397301349325,
        "precision": 0.9202024125310161,
        "recall": 0.9205397301349325,
        "f1": 0.9203300254146151
      },
      "test": {
        "accuracy": 0.9209209209209209,
        "precision": 0.921523144831079,
        "recall": 0.9209209209209209,
        "f1": 0.9211375349443178
      }
    },
    "5": {
      "train": {
        "accuracy": 0.8946428571428572,
        "precision": 0.8992473639223533,
        "recall": 0.8946428571428572,
        "f1": 0.8959347942337613
      },
      "val": {
        "accuracy": 0.8748125937031485,
        "precision": 0.8777564042838137,
        "recall": 0.8748125937031485,
        "f1": 0.8758009399901989
      },
      "test": {
        "accuracy": 0.8668668668668669,
        "precision": 0.8728454714716278,
        "recall": 0.8668668668668669,
        "f1": 0.8686486211975107
      }
    },
    "6": {
      "train": {
        "accuracy": 0.8879285714285714,
        "precision": 0.8882644242005485,
        "recall": 0.8879285714285714,
        "f1": 0.8880858336991192
      },
      "val": {
        "accuracy": 0.8683158420789605,
        "precision": 0.8679311209457979,
        "recall": 0.8683158420789605,
        "f1": 0.8680905701004519
      },
      "test": {
        "accuracy": 0.8738738738738738,
        "precision": 0.8750320675590103,
        "recall": 0.8738738738738738,
        "f1": 0.8743679148558854
      }
    },
    "7": {
      "train": {
        "accuracy": 0.9045714285714286,
        "precision": 0.9040817111929103,
        "recall": 0.9045714285714286,
        "f1": 0.9042779774438638
      },
      "val": {
        "accuracy": 0.8903048475762119,
        "precision": 0.8895555977006759,
        "recall": 0.8903048475762119,
        "f1": 0.8898100502354351
      },
      "test": {
        "accuracy": 0.8978978978978979,
        "precision": 0.897193824126072,
        "recall": 0.8978978978978979,
        "f1": 0.8972096001041295
      }
    },
    "8": {
      "train": {
        "accuracy": 0.8768571428571429,
        "precision": 0.8765482700832703,
        "recall": 0.8768571428571429,
        "f1": 0.8766958071801213
      },
      "val": {
        "accuracy": 0.8665667166416792,
        "precision": 0.866617802572476,
        "recall": 0.8665667166416792,
        "f1": 0.8665848037008813
      },
      "test": {
        "accuracy": 0.8688688688688688,
        "precision": 0.8677948111412594,
        "recall": 0.8688688688688688,
        "f1": 0.8682207318587317
      }
    },
    "9": {
      "train": {
        "accuracy": 0.915,
        "precision": 0.9152174736361807,
        "recall": 0.915,
        "f1": 0.9150809549005074
      },
      "val": {
        "accuracy": 0.9057971014492754,
        "precision": 0.9063053461617981,
        "recall": 0.9057971014492754,
        "f1": 0.9059770642429115
      },
      "test": {
        "accuracy": 0.8968968968968969,
        "precision": 0.8973028132987731,
        "recall": 0.8968968968968969,
        "f1": 0.897092665375377
      }
    },
    "10": {
      "train": {
        "accuracy": 0.9028571428571428,
        "precision": 0.9031231634926101,
        "recall": 0.9028571428571428,
        "f1": 0.9029744345864323
      },
      "val": {
        "accuracy": 0.8938030984507747,
        "precision": 0.8946912409003446,
        "recall": 0.8938030984507747,
        "f1": 0.8941620051018326
      },
      "test": {
        "accuracy": 0.8963963963963963,
        "precision": 0.8966947556128843,
        "recall": 0.8963963963963963,
        "f1": 0.8965349238859022
      }
    }
  }
}