{
  "summary": {
    "norm_name": "robust_normalized",
    "num_chips_requested": 10,
    "num_chips_processed": 10,
    "num_chips_with_metrics": 10,
    "generated_at": "2025-10-22T10:35:41.759597"
  },
  "averages": {
    "train": {
      "accuracy": 0.9071428571428571,
      "precision": 0.9064213092811748,
      "recall": 0.9071428571428571,
      "f1": 0.9065805104947886,
      "num_chips": 10
    },
    "val": {
      "accuracy": 0.8945277361319341,
      "precision": 0.8934793018215466,
      "recall": 0.8945277361319341,
      "f1": 0.8936689752373637,
      "num_chips": 10
    },
    "test": {
      "accuracy": 0.8946946946946946,
      "precision": 0.8938944493234938,
      "recall": 0.8946946946946946,
      "f1": 0.8939915550904572,
      "num_chips": 10
    }
  },
  "per_chip": {
    "1": {
      "train": {
        "accuracy": 0.9179285714285714,
        "precision": 0.9174281989682028,
        "recall": 0.9179285714285714,
        "f1": 0.9175953598463464
      },
      "val": {
        "accuracy": 0.9042978510744628,
        "precision": 0.9034721059573771,
        "recall": 0.9042978510744628,
        "f1": 0.9037017218331581
      },
      "test": {
        "accuracy": 0.9014014014014013,
        "precision": 0.9009321882152161,
        "recall": 0.9014014014014013,
        "f1": 0.9011195831036528
      }
    },
    "2": {
      "train": {
        "accuracy": 0.9097857142857143,
        "precision": 0.9092507626219749,
        "recall": 0.9097857142857143,
        "f1": 0.9094268568215316
      },
      "val": {
        "accuracy": 0.8978010994502749,
        "precision": 0.8967182721646352,
        "recall": 0.8978010994502749,
        "f1": 0.8967792848192121
      },
      "test": {
        "accuracy": 0.8938938938938938,
        "precision": 0.893153280897803,
        "recall": 0.8938938938938938,
        "f1": 0.8933282273794785
      }
    },
    "3": {
      "train": {
        "accuracy": 0.9342142857142857,
        "precision": 0.933780443426294,
        "recall": 0.9342142857142857,
        "f1": 0.9338356719359558
      },
      "val": {
        "accuracy": 0.9182908545727136,
        "precision": 0.9175947239457407,
        "recall": 0.9182908545727136,
        "f1": 0.9176875073486092
      },
      "test": {
        "accuracy": 0.9284284284284284,
        "precision": 0.9279199910543984,
        "recall": 0.9284284284284284,
        "f1": 0.9280162741758071
      }
    },
    "4": {
      "train": {
        "accuracy": 0.9189285714285714,
        "precision": 0.9186238369585792,
        "recall": 0.9189285714285714,
        "f1": 0.9187330202353348
      },
      "val": {
        "accuracy": 0.9112943528235882,
        "precision": 0.9105179217687859,
        "recall": 0.9112943528235882,
        "f1": 0.9106270326273924
      },
      "test": {
        "accuracy": 0.9144144144144144,
        "precision": 0.9139164739411667,
        "recall": 0.9144144144144144,
        "f1": 0.9133660745030379
      }
    },
    "5": {
      "train": {
        "accuracy": 0.9031428571428571,
        "precision": 0.9027233315912058,
        "recall": 0.9031428571428571,
        "f1": 0.9026666845378559
      },
      "val": {
        "accuracy": 0.8908045977011494,
        "precision": 0.8896117127648683,
        "recall": 0.8908045977011494,
        "f1": 0.8896582470277131
      },
      "test": {
        "accuracy": 0.8948948948948949,
        "precision": 0.8941773479944723,
        "recall": 0.8948948948948949,
        "f1": 0.8938456054409755
      }
    },
    "6": {
      "train": {
        "accuracy": 0.9007142857142857,
        "precision": 0.9001586846422176,
        "recall": 0.9007142857142857,
        "f1": 0.9002895879359919
      },
      "val": {
        "accuracy": 0.8910544727636182,
        "precision": 0.8900886339564864,
        "recall": 0.8910544727636182,
        "f1": 0.8903759623536736
      },
      "test": {
        "accuracy": 0.8883883883883884,
        "precision": 0.888579828117865,
        "recall": 0.8883883883883884,
        "f1": 0.8884437963248071
      }
    },
    "7": {
      "train": {
        "accuracy": 0.915,
        "precision": 0.9144443490025199,
        "recall": 0.915,
        "f1": 0.9146196192962228
      },
      "val": {
        "accuracy": 0.899800099950025,
        "precision": 0.8996797785558747,
        "recall": 0.899800099950025,
        "f1": 0.8997379534328055
      },
      "test": {
        "accuracy": 0.9064064064064065,
        "precision": 0.9061028018691282,
        "recall": 0.9064064064064065,
        "f1": 0.9062240919156027
      }
    },
    "8": {
      "train": {
        "accuracy": 0.8583571428571428,
        "precision": 0.8561825083874358,
        "recall": 0.8583571428571428,
        "f1": 0.8566899130047279
      },
      "val": {
        "accuracy": 0.8365817091454273,
        "precision": 0.8338760951160786,
        "recall": 0.8365817091454273,
        "f1": 0.834401260469782
      },
      "test": {
        "accuracy": 0.8403403403403403,
        "precision": 0.8379922091799298,
        "recall": 0.8403403403403403,
        "f1": 0.8387014824331601
      }
    },
    "9": {
      "train": {
        "accuracy": 0.8995,
        "precision": 0.8984829740289779,
        "recall": 0.8995,
        "f1": 0.898679158715722
      },
      "val": {
        "accuracy": 0.8888055972013993,
        "precision": 0.8873690046942282,
        "recall": 0.8888055972013993,
        "f1": 0.8876646254750388
      },
      "test": {
        "accuracy": 0.8873873873873874,
        "precision": 0.8859492651597656,
        "recall": 0.8873873873873874,
        "f1": 0.8863319943903673
      }
    },
    "10": {
      "train": {
        "accuracy": 0.9138571428571428,
        "precision": 0.913138003184339,
        "recall": 0.9138571428571428,
        "f1": 0.913269232618196
      },
      "val": {
        "accuracy": 0.9065467266366817,
        "precision": 0.9058647692913903,
        "recall": 0.9065467266366817,
        "f1": 0.9060561569862509
      },
      "test": {
        "accuracy": 0.8913913913913913,
        "precision": 0.8902211068051931,
        "recall": 0.8913913913913913,
        "f1": 0.8905384212376845
      }
    }
  }
}