{
  "train_loss": [
    0.8573429725238255,
    0.6600276188714164,
    0.6018609926496233,
    0.5771377857344491,
    0.5566532977512905,
    0.5449550005231585,
    0.5341796133722577,
    0.5260303929737636,
    0.5168489697796957,
    0.5089312909126281,
    0.5044353876113892,
    0.4961108207634517,
    0.49243475340434484,
    0.4846214143889291,
    0.48361308356012617,
    0.48216256829670495,
    0.47783457796914236,
    0.4727472908224378,
    0.4719469181128911,
    0.4702175374099187,
    0.4656708379336766,
    0.4618991773400988,
    0.46079592883246284,
    0.4596035914557321,
    0.45742179043633596,
    0.45617214298929487,
    0.45357379631996153,
    0.45080203025000437,
    0.4513779215676444,
    0.4472252328668322,
    0.44228077325820925,
    0.4470951823779515,
    0.4441025576046535,
    0.43813515438352313,
    0.4379006130831582,
    0.43828978694507054,
    0.43868896974836075,
    0.43498882726260596,
    0.43239085662705556,
    0.43519816107749937,
    0.43271247237069266,
    0.4330473745073591,
    0.4301194358212607,
    0.428734764276232,
    0.43229673673084806,
    0.4289674587522234,
    0.4299693545954568,
    0.427115498147692,
    0.42689061436653136,
    0.42426709403991697,
    0.4251815212862832,
    0.4259661872318813,
    0.42366275135449,
    0.42070061589649743,
    0.4222013380186898,
    0.4194227162497384,
    0.4169501471383231,
    0.41617675405911037,
    0.4202104607582092,
    0.41568334368978227
  ],
  "val_loss": [
    0.4934160052776337,
    0.42601864943504336,
    0.40431291489601134,
    0.3708643453598022,
    0.37060729699134826,
    0.3704363615036011,
    0.3642471450805664,
    0.3507665380001068,
    0.34853709440231323,
    0.3453948926925659,
    0.3471397105693817,
    0.34916791167259215,
    0.3361511380672455,
    0.3350629843711853,
    0.3268134795188904,
    0.3346849815368652,
    0.32960466084480283,
    0.3198732847213745,
    0.3215709889411926,
    0.3100807644844055,
    0.3121011999607086,
    0.31016640129089357,
    0.30893592629432676,
    0.321665934419632,
    0.31726917552948,
    0.30367828307151795,
    0.30891427369117735,
    0.30728913192749024,
    0.30278388147354124,
    0.3015567677497864,
    0.29180051159858705,
    0.30221657176017763,
    0.3074413140773773,
    0.3079886830329895,
    0.29534730110168456,
    0.296669353055954,
    0.307949511384964,
    0.3010745014190674,
    0.2965007842540741,
    0.2946828239440918,
    0.2982513372898102,
    0.3004181631565094,
    0.29462097516059876,
    0.2927907904624939,
    0.2949418330192566,
    0.2942840216636658,
    0.2954012020587921,
    0.2885652154445648,
    0.30254270882606504,
    0.2918639092683792,
    0.29489800918102266,
    0.29471831216812133,
    0.2930523035049438,
    0.29181068091392515,
    0.28776727352142334,
    0.29114872708320616,
    0.2960784563064575,
    0.28458296456336973,
    0.290525368309021,
    0.2846128460884094
  ],
  "epochs": [
    0,
    1,
    2,
    3,
    4,
    5,
    6,
    7,
    8,
    9,
    10,
    11,
    12,
    13,
    14,
    15,
    16,
    17,
    18,
    19,
    20,
    21,
    22,
    23,
    24,
    25,
    26,
    27,
    28,
    29,
    30,
    31,
    32,
    33,
    34,
    35,
    36,
    37,
    38,
    39,
    40,
    41,
    42,
    43,
    44,
    45,
    46,
    47,
    48,
    49,
    50,
    51,
    52,
    53,
    54,
    55,
    56,
    57,
    58,
    59
  ]
}