{
    "dataset": "train",
    "accuracy": 0.9032214285714286,
    "macro_precision": 0.9021647437871118,
    "macro_recall": 0.9032214285714285,
    "macro_f1": 0.9018938967460008,
    "weighted_precision": 0.9021647437871118,
    "weighted_recall": 0.9032214285714286,
    "weighted_f1": 0.9018938967460008,
    "per_class_metrics": {
        "class_0": {
            "precision": 0.8809543263338508,
            "recall": 0.9241714285714285,
            "f1_score": 0.9020455401090397,
            "support": 35000
        },
        "class_1": {
            "precision": 0.8411878426773999,
            "recall": 0.7583428571428571,
            "f1_score": 0.7976199420011119,
            "support": 35000
        },
        "class_2": {
            "precision": 0.8877456584462954,
            "recall": 0.9318285714285715,
            "f1_score": 0.9092531155036382,
            "support": 35000
        },
        "class_3": {
            "precision": 0.9987711476909008,
            "recall": 0.9985428571428572,
            "f1_score": 0.9986569893702137,
            "support": 35000
        }
    },
    "confusion_matrix": [
        [
            32346,
            2638,
            6,
            10
        ],
        [
            4341,
            26542,
            4106,
            11
        ],
        [
            7,
            2357,
            32614,
            22
        ],
        [
            23,
            16,
            12,
            34949
        ]
    ]
}