{
  "summary": {
    "norm_name": "robust_normalized",
    "num_chips_requested": 10,
    "num_chips_processed": 10,
    "num_chips_with_metrics": 10,
    "generated_at": "2025-10-22T05:17:18.905451"
  },
  "averages": {
    "train": {
      "accuracy": 0.9050428571428573,
      "precision": 0.9044080392762911,
      "recall": 0.9050428571428573,
      "f1": 0.9045933475223812,
      "num_chips": 10
    },
    "val": {
      "accuracy": 0.8951524237881058,
      "precision": 0.8942945036567362,
      "recall": 0.8951524237881058,
      "f1": 0.8945369447692872,
      "num_chips": 10
    },
    "test": {
      "accuracy": 0.8923923923923924,
      "precision": 0.891681759404985,
      "recall": 0.8923923923923924,
      "f1": 0.8917231147642026,
      "num_chips": 10
    }
  },
  "per_chip": {
    "1": {
      "train": {
        "accuracy": 0.896,
        "precision": 0.8955594077725076,
        "recall": 0.896,
        "f1": 0.8956680021281097
      },
      "val": {
        "accuracy": 0.8740629685157422,
        "precision": 0.8731278048080209,
        "recall": 0.8740629685157422,
        "f1": 0.8733660748935766
      },
      "test": {
        "accuracy": 0.8903903903903904,
        "precision": 0.8893743124248584,
        "recall": 0.8903903903903904,
        "f1": 0.8896421471062543
      }
    },
    "2": {
      "train": {
        "accuracy": 0.9056428571428572,
        "precision": 0.9049944992536345,
        "recall": 0.9056428571428572,
        "f1": 0.9052177853594927
      },
      "val": {
        "accuracy": 0.8898050974512743,
        "precision": 0.8886179424535916,
        "recall": 0.8898050974512743,
        "f1": 0.8889506144566776
      },
      "test": {
        "accuracy": 0.8918918918918919,
        "precision": 0.8912018804615637,
        "recall": 0.8918918918918919,
        "f1": 0.8914173116521404
      }
    },
    "3": {
      "train": {
        "accuracy": 0.919,
        "precision": 0.9184477295975861,
        "recall": 0.919,
        "f1": 0.9186095065287765
      },
      "val": {
        "accuracy": 0.9142928535732134,
        "precision": 0.9136897973555711,
        "recall": 0.9142928535732134,
        "f1": 0.9138612597743275
      },
      "test": {
        "accuracy": 0.9104104104104104,
        "precision": 0.909878125291665,
        "recall": 0.9104104104104104,
        "f1": 0.9100033436499598
      }
    },
    "4": {
      "train": {
        "accuracy": 0.9148571428571428,
        "precision": 0.9143845375594918,
        "recall": 0.9148571428571428,
        "f1": 0.9145607701689834
      },
      "val": {
        "accuracy": 0.9085457271364318,
        "precision": 0.907785282013211,
        "recall": 0.9085457271364318,
        "f1": 0.9079507244957146
      },
      "test": {
        "accuracy": 0.8983983983983984,
        "precision": 0.8981039288117031,
        "recall": 0.8983983983983984,
        "f1": 0.8982460347993226
      }
    },
    "5": {
      "train": {
        "accuracy": 0.9056428571428572,
        "precision": 0.9053708915422414,
        "recall": 0.9056428571428572,
        "f1": 0.9053941025747304
      },
      "val": {
        "accuracy": 0.9000499750124937,
        "precision": 0.8996476466912424,
        "recall": 0.9000499750124937,
        "f1": 0.8997833029212049
      },
      "test": {
        "accuracy": 0.8923923923923924,
        "precision": 0.8921928958250722,
        "recall": 0.8923923923923924,
        "f1": 0.8922535596148341
      }
    },
    "6": {
      "train": {
        "accuracy": 0.9152142857142858,
        "precision": 0.9145518961016489,
        "recall": 0.9152142857142858,
        "f1": 0.9147244512877883
      },
      "val": {
        "accuracy": 0.9090454772613693,
        "precision": 0.9084395606495451,
        "recall": 0.9090454772613693,
        "f1": 0.9086493090421266
      },
      "test": {
        "accuracy": 0.8968968968968969,
        "precision": 0.8955977663202174,
        "recall": 0.8968968968968969,
        "f1": 0.8954953474417174
      }
    },
    "7": {
      "train": {
        "accuracy": 0.912,
        "precision": 0.911375514196251,
        "recall": 0.912,
        "f1": 0.911553208082899
      },
      "val": {
        "accuracy": 0.9057971014492754,
        "precision": 0.9050180282794924,
        "recall": 0.9057971014492754,
        "f1": 0.9052292273065433
      },
      "test": {
        "accuracy": 0.9004004004004004,
        "precision": 0.899399805179757,
        "recall": 0.9004004004004004,
        "f1": 0.899780908679014
      }
    },
    "8": {
      "train": {
        "accuracy": 0.8852857142857142,
        "precision": 0.8842373441127149,
        "recall": 0.8852857142857142,
        "f1": 0.8845808227554521
      },
      "val": {
        "accuracy": 0.8743128435782109,
        "precision": 0.8727959765703812,
        "recall": 0.8743128435782109,
        "f1": 0.8733354984532228
      },
      "test": {
        "accuracy": 0.8638638638638638,
        "precision": 0.8622917691420674,
        "recall": 0.8638638638638638,
        "f1": 0.8628560493444852
      }
    },
    "9": {
      "train": {
        "accuracy": 0.9138571428571428,
        "precision": 0.9130827986327361,
        "recall": 0.9138571428571428,
        "f1": 0.9132185185875293
      },
      "val": {
        "accuracy": 0.9080459770114943,
        "precision": 0.9073109917450372,
        "recall": 0.9080459770114943,
        "f1": 0.9073086209915984
      },
      "test": {
        "accuracy": 0.9084084084084084,
        "precision": 0.9078028326260913,
        "recall": 0.9084084084084084,
        "f1": 0.9066934599300837
      }
    },
    "10": {
      "train": {
        "accuracy": 0.8829285714285714,
        "precision": 0.8820757739941003,
        "recall": 0.8829285714285714,
        "f1": 0.8824063077500507
      },
      "val": {
        "accuracy": 0.8675662168915542,
        "precision": 0.8665120060012685,
        "recall": 0.8675662168915542,
        "f1": 0.8669348153578802
      },
      "test": {
        "accuracy": 0.8708708708708709,
        "precision": 0.8709742779668541,
        "recall": 0.8708708708708709,
        "f1": 0.8708429854242146
      }
    }
  }
}