{
  "summary": {
    "norm_name": "robust_normalized",
    "num_chips_requested": 10,
    "num_chips_processed": 10,
    "num_chips_with_metrics": 10,
    "generated_at": "2025-10-22T10:18:35.117292"
  },
  "averages": {
    "train": {
      "accuracy": 0.9071428571428571,
      "accuracy_std": 0.02200885721518425,
      "precision": 0.9071101793715692,
      "precision_std": 0.022171435985173446,
      "recall": 0.9071428571428571,
      "recall_std": 0.02200885721518425,
      "f1": 0.9070826132349257,
      "f1_std": 0.022093464809152967,
      "num_chips": 10
    },
    "val": {
      "accuracy": 0.8913293353323338,
      "accuracy_std": 0.01911942679922045,
      "precision": 0.8914894651470947,
      "precision_std": 0.019297198199450208,
      "recall": 0.8913293353323338,
      "recall_std": 0.01911942679922045,
      "f1": 0.8913588590696898,
      "f1_std": 0.019219580824091285,
      "num_chips": 10
    },
    "test": {
      "accuracy": 0.8926926926926928,
      "accuracy_std": 0.021945905401806656,
      "precision": 0.8927861784967701,
      "precision_std": 0.02194767717303065,
      "recall": 0.8926926926926928,
      "recall_std": 0.021945905401806656,
      "f1": 0.8926255806332775,
      "f1_std": 0.02195447932342657,
      "num_chips": 10
    }
  },
  "per_chip": {
    "1": {
      "train": {
        "accuracy": 0.9198571428571428,
        "precision": 0.9197130183379946,
        "recall": 0.9198571428571428,
        "f1": 0.9197793934549487
      },
      "val": {
        "accuracy": 0.8968015992003998,
        "precision": 0.8972761369985973,
        "recall": 0.8968015992003998,
        "f1": 0.8970117951450363
      },
      "test": {
        "accuracy": 0.9114114114114115,
        "precision": 0.9115499521666021,
        "recall": 0.9114114114114115,
        "f1": 0.9114776899453575
      }
    },
    "2": {
      "train": {
        "accuracy": 0.9042857142857142,
        "precision": 0.9046355649987953,
        "recall": 0.9042857142857142,
        "f1": 0.9044222419775808
      },
      "val": {
        "accuracy": 0.9005497251374313,
        "precision": 0.9009034193544335,
        "recall": 0.9005497251374313,
        "f1": 0.9007122195403356
      },
      "test": {
        "accuracy": 0.8858858858858859,
        "precision": 0.8854722690026164,
        "recall": 0.8858858858858859,
        "f1": 0.8854743410926467
      }
    },
    "3": {
      "train": {
        "accuracy": 0.8513571428571428,
        "precision": 0.8507828140753492,
        "recall": 0.8513571428571428,
        "f1": 0.8510511258177764
      },
      "val": {
        "accuracy": 0.8453273363318341,
        "precision": 0.8452519592654991,
        "recall": 0.8453273363318341,
        "f1": 0.8452654498061928
      },
      "test": {
        "accuracy": 0.8343343343343343,
        "precision": 0.834572621245172,
        "recall": 0.8343343343343343,
        "f1": 0.8343464212757521
      }
    },
    "4": {
      "train": {
        "accuracy": 0.9333571428571429,
        "precision": 0.9333806142473375,
        "recall": 0.9333571428571429,
        "f1": 0.933366225534494
      },
      "val": {
        "accuracy": 0.9162918540729635,
        "precision": 0.9163899067885155,
        "recall": 0.9162918540729635,
        "f1": 0.9163374626290705
      },
      "test": {
        "accuracy": 0.9114114114114115,
        "precision": 0.911498563462337,
        "recall": 0.9114114114114115,
        "f1": 0.9114408558842382
      }
    },
    "5": {
      "train": {
        "accuracy": 0.9135,
        "precision": 0.9136348929485317,
        "recall": 0.9135,
        "f1": 0.913498600314895
      },
      "val": {
        "accuracy": 0.8863068465767117,
        "precision": 0.8876141659897999,
        "recall": 0.8863068465767117,
        "f1": 0.8867350708582173
      },
      "test": {
        "accuracy": 0.8988988988988988,
        "precision": 0.8995008513082999,
        "recall": 0.8988988988988988,
        "f1": 0.8990597550026329
      }
    },
    "6": {
      "train": {
        "accuracy": 0.9118571428571428,
        "precision": 0.9114104490519749,
        "recall": 0.9118571428571428,
        "f1": 0.9115869434673808
      },
      "val": {
        "accuracy": 0.8953023488255872,
        "precision": 0.8950670851617477,
        "recall": 0.8953023488255872,
        "f1": 0.895178731112414
      },
      "test": {
        "accuracy": 0.8888888888888888,
        "precision": 0.8885349579089262,
        "recall": 0.8888888888888888,
        "f1": 0.8886989803588726
      }
    },
    "7": {
      "train": {
        "accuracy": 0.915,
        "precision": 0.914578362275523,
        "recall": 0.915,
        "f1": 0.9147289564753076
      },
      "val": {
        "accuracy": 0.9007996001999,
        "precision": 0.9010271094818955,
        "recall": 0.9007996001999,
        "f1": 0.9008960853804919
      },
      "test": {
        "accuracy": 0.9024024024024024,
        "precision": 0.9013911072984352,
        "recall": 0.9024024024024024,
        "f1": 0.9015205823983228
      }
    },
    "8": {
      "train": {
        "accuracy": 0.8884285714285715,
        "precision": 0.8884351504954938,
        "recall": 0.8884285714285715,
        "f1": 0.8883148136592519
      },
      "val": {
        "accuracy": 0.8710644677661169,
        "precision": 0.8700874348164137,
        "recall": 0.8710644677661169,
        "f1": 0.8705053302583454
      },
      "test": {
        "accuracy": 0.8898898898898899,
        "precision": 0.8901952835654364,
        "recall": 0.8898898898898899,
        "f1": 0.8898979182373031
      }
    },
    "9": {
      "train": {
        "accuracy": 0.9271428571428572,
        "precision": 0.9276579700081777,
        "recall": 0.9271428571428572,
        "f1": 0.927338516361199
      },
      "val": {
        "accuracy": 0.907296351824088,
        "precision": 0.9076929018177701,
        "recall": 0.907296351824088,
        "f1": 0.9074734504912607
      },
      "test": {
        "accuracy": 0.914914914914915,
        "precision": 0.9155533969293935,
        "recall": 0.914914914914915,
        "f1": 0.9151584452457799
      }
    },
    "10": {
      "train": {
        "accuracy": 0.9066428571428572,
        "precision": 0.9068729572765143,
        "recall": 0.9066428571428572,
        "f1": 0.9067393152864229
      },
      "val": {
        "accuracy": 0.8935532233883059,
        "precision": 0.8935845317962732,
        "recall": 0.8935532233883059,
        "f1": 0.8934729954755333
      },
      "test": {
        "accuracy": 0.8888888888888888,
        "precision": 0.8895927820804828,
        "recall": 0.8888888888888888,
        "f1": 0.8891808168918673
      }
    }
  }
}