{
  "summary": {
    "norm_name": "robust_normalized",
    "num_chips_requested": 10,
    "num_chips_processed": 10,
    "num_chips_with_metrics": 10,
    "generated_at": "2025-10-22T07:02:32.416300"
  },
  "averages": {
    "train": {
      "accuracy": 0.9144428571428571,
      "accuracy_std": 0.009916734979470885,
      "precision": 0.9145127395377353,
      "precision_std": 0.009978372204387607,
      "recall": 0.9144428571428571,
      "recall_std": 0.009916734979470885,
      "f1": 0.914437014789631,
      "f1_std": 0.00993731363218658,
      "num_chips": 10
    },
    "val": {
      "accuracy": 0.8991254372813595,
      "accuracy_std": 0.011165837089672555,
      "precision": 0.8992624670113815,
      "precision_std": 0.011126153186936114,
      "recall": 0.8991254372813595,
      "recall_std": 0.011165837089672555,
      "f1": 0.8991248434700907,
      "f1_std": 0.011124274355384519,
      "num_chips": 10
    },
    "test": {
      "accuracy": 0.9008508508508509,
      "accuracy_std": 0.013993353138192742,
      "precision": 0.9009699296846563,
      "precision_std": 0.01378520227399625,
      "recall": 0.9008508508508509,
      "recall_std": 0.013993353138192742,
      "f1": 0.9008140874648911,
      "f1_std": 0.013871767338532185,
      "num_chips": 10
    }
  },
  "per_chip": {
    "1": {
      "train": {
        "accuracy": 0.9106428571428572,
        "precision": 0.9103998821833789,
        "recall": 0.9106428571428572,
        "f1": 0.9105103434628945
      },
      "val": {
        "accuracy": 0.9085457271364318,
        "precision": 0.9083850263131232,
        "recall": 0.9085457271364318,
        "f1": 0.9084439404140375
      },
      "test": {
        "accuracy": 0.8883883883883884,
        "precision": 0.8888717808713011,
        "recall": 0.8883883883883884,
        "f1": 0.8885730387843109
      }
    },
    "2": {
      "train": {
        "accuracy": 0.9160714285714285,
        "precision": 0.9156825144469262,
        "recall": 0.9160714285714285,
        "f1": 0.9158216199741896
      },
      "val": {
        "accuracy": 0.9017991004497751,
        "precision": 0.9009148014458601,
        "recall": 0.9017991004497751,
        "f1": 0.9012508682457318
      },
      "test": {
        "accuracy": 0.914914914914915,
        "precision": 0.9143988531325838,
        "recall": 0.914914914914915,
        "f1": 0.9145810804331788
      }
    },
    "3": {
      "train": {
        "accuracy": 0.93,
        "precision": 0.9300251765705738,
        "recall": 0.93,
        "f1": 0.929985790037424
      },
      "val": {
        "accuracy": 0.9175412293853074,
        "precision": 0.9177982753621767,
        "recall": 0.9175412293853074,
        "f1": 0.9175833585663798
      },
      "test": {
        "accuracy": 0.91991991991992,
        "precision": 0.9197128583087565,
        "recall": 0.91991991991992,
        "f1": 0.9197754663701361
      }
    },
    "4": {
      "train": {
        "accuracy": 0.9240714285714285,
        "precision": 0.924316162915661,
        "recall": 0.9240714285714285,
        "f1": 0.9241746678450659
      },
      "val": {
        "accuracy": 0.9050474762618691,
        "precision": 0.9057633202566491,
        "recall": 0.9050474762618691,
        "f1": 0.9053354703948
      },
      "test": {
        "accuracy": 0.9029029029029029,
        "precision": 0.9038217985393366,
        "recall": 0.9029029029029029,
        "f1": 0.9032856237929078
      }
    },
    "5": {
      "train": {
        "accuracy": 0.9107142857142857,
        "precision": 0.9103594074823421,
        "recall": 0.9107142857142857,
        "f1": 0.9104795679122057
      },
      "val": {
        "accuracy": 0.9032983508245878,
        "precision": 0.9031946085204707,
        "recall": 0.9032983508245878,
        "f1": 0.9031243820047276
      },
      "test": {
        "accuracy": 0.8993993993993994,
        "precision": 0.8985401633681595,
        "recall": 0.8993993993993994,
        "f1": 0.8987594309192398
      }
    },
    "6": {
      "train": {
        "accuracy": 0.9127857142857143,
        "precision": 0.9135213935149782,
        "recall": 0.9127857142857143,
        "f1": 0.9130812374767793
      },
      "val": {
        "accuracy": 0.8918040979510244,
        "precision": 0.8927585166046333,
        "recall": 0.8918040979510244,
        "f1": 0.892208093451961
      },
      "test": {
        "accuracy": 0.8883883883883884,
        "precision": 0.889160853941962,
        "recall": 0.8883883883883884,
        "f1": 0.8886199990609445
      }
    },
    "7": {
      "train": {
        "accuracy": 0.9177857142857143,
        "precision": 0.9185060060706302,
        "recall": 0.9177857142857143,
        "f1": 0.9180641514340894
      },
      "val": {
        "accuracy": 0.894552723638181,
        "precision": 0.8954146867712727,
        "recall": 0.894552723638181,
        "f1": 0.8949208661271053
      },
      "test": {
        "accuracy": 0.908908908908909,
        "precision": 0.9096115663280333,
        "recall": 0.908908908908909,
        "f1": 0.9092019291268768
      }
    },
    "8": {
      "train": {
        "accuracy": 0.8911428571428571,
        "precision": 0.8911835839735757,
        "recall": 0.8911428571428571,
        "f1": 0.8911566239394622
      },
      "val": {
        "accuracy": 0.8730634682658671,
        "precision": 0.8730387719244751,
        "recall": 0.8730634682658671,
        "f1": 0.8730496666927028
      },
      "test": {
        "accuracy": 0.8713713713713713,
        "precision": 0.8716064866011185,
        "recall": 0.8713713713713713,
        "f1": 0.8714793961452537
      }
    },
    "9": {
      "train": {
        "accuracy": 0.9102142857142858,
        "precision": 0.910089301805648,
        "recall": 0.9102142857142858,
        "f1": 0.9101407303194686
      },
      "val": {
        "accuracy": 0.8968015992003998,
        "precision": 0.8970246532007848,
        "recall": 0.8968015992003998,
        "f1": 0.8969051348340497
      },
      "test": {
        "accuracy": 0.9014014014014013,
        "precision": 0.9015323299947541,
        "recall": 0.9014014014014013,
        "f1": 0.9014289429443214
      }
    },
    "10": {
      "train": {
        "accuracy": 0.921,
        "precision": 0.9210439664136377,
        "recall": 0.921,
        "f1": 0.920955415494731
      },
      "val": {
        "accuracy": 0.8988005997001499,
        "precision": 0.8983320097143699,
        "recall": 0.8988005997001499,
        "f1": 0.898426653969413
      },
      "test": {
        "accuracy": 0.9129129129129129,
        "precision": 0.9124426057605562,
        "recall": 0.9129129129129129,
        "f1": 0.9124359670717405
      }
    }
  }
}