{
  "summary": {
    "norm_name": "robust_normalized",
    "num_chips_requested": 10,
    "num_chips_processed": 10,
    "num_chips_with_metrics": 10,
    "generated_at": "2025-11-17T13:02:34.770751"
  },
  "averages": {
    "train": {
      "accuracy": 0.8959428571428572,
      "precision": 0.8948028304344777,
      "recall": 0.8959428571428572,
      "f1": 0.8946055272225619,
      "num_chips": 10
    },
    "val": {
      "accuracy": 0.8805347326336831,
      "precision": 0.8790675996388451,
      "recall": 0.8805347326336831,
      "f1": 0.8791693302461313,
      "num_chips": 10
    },
    "test": {
      "accuracy": 0.8763263263263263,
      "precision": 0.8748859047393684,
      "recall": 0.8763263263263263,
      "f1": 0.874762837357094,
      "num_chips": 10
    }
  },
  "per_chip": {
    "1": {
      "train": {
        "accuracy": 0.9071428571428571,
        "precision": 0.9064285020736691,
        "recall": 0.9071428571428571,
        "f1": 0.9063274196072948
      },
      "val": {
        "accuracy": 0.8995502248875562,
        "precision": 0.89842395740645,
        "recall": 0.8995502248875562,
        "f1": 0.898484526320273
      },
      "test": {
        "accuracy": 0.8938938938938938,
        "precision": 0.8932536315583762,
        "recall": 0.8938938938938938,
        "f1": 0.8932793037352403
      }
    },
    "2": {
      "train": {
        "accuracy": 0.8868571428571429,
        "precision": 0.8856912721166833,
        "recall": 0.8868571428571429,
        "f1": 0.8843857529670403
      },
      "val": {
        "accuracy": 0.8780609695152424,
        "precision": 0.8762588166499015,
        "recall": 0.8780609695152424,
        "f1": 0.8752840950980135
      },
      "test": {
        "accuracy": 0.8503503503503503,
        "precision": 0.8474449095198935,
        "recall": 0.8503503503503503,
        "f1": 0.8470241677771995
      }
    },
    "3": {
      "train": {
        "accuracy": 0.9102142857142858,
        "precision": 0.9094082829356573,
        "recall": 0.9102142857142858,
        "f1": 0.909466994578872
      },
      "val": {
        "accuracy": 0.8858070964517741,
        "precision": 0.885116999816172,
        "recall": 0.8858070964517741,
        "f1": 0.8853434269840119
      },
      "test": {
        "accuracy": 0.8968968968968969,
        "precision": 0.8967908461928279,
        "recall": 0.8968968968968969,
        "f1": 0.896840831843795
      }
    },
    "4": {
      "train": {
        "accuracy": 0.9087857142857143,
        "precision": 0.9078627713971801,
        "recall": 0.9087857142857143,
        "f1": 0.907884286774019
      },
      "val": {
        "accuracy": 0.8860569715142429,
        "precision": 0.8845895951902709,
        "recall": 0.8860569715142429,
        "f1": 0.8847537881509965
      },
      "test": {
        "accuracy": 0.8893893893893894,
        "precision": 0.8886274208333201,
        "recall": 0.8893893893893894,
        "f1": 0.8887677227321262
      }
    },
    "5": {
      "train": {
        "accuracy": 0.8861428571428571,
        "precision": 0.8847821287312264,
        "recall": 0.8861428571428571,
        "f1": 0.8848474599277055
      },
      "val": {
        "accuracy": 0.8718140929535232,
        "precision": 0.870312479945008,
        "recall": 0.8718140929535232,
        "f1": 0.8707921665651731
      },
      "test": {
        "accuracy": 0.8723723723723724,
        "precision": 0.8705589155853704,
        "recall": 0.8723723723723724,
        "f1": 0.8705017974512176
      }
    },
    "6": {
      "train": {
        "accuracy": 0.9014285714285715,
        "precision": 0.900336057689443,
        "recall": 0.9014285714285715,
        "f1": 0.8998259091921637
      },
      "val": {
        "accuracy": 0.8898050974512743,
        "precision": 0.8883146344711926,
        "recall": 0.8898050974512743,
        "f1": 0.8883295449567704
      },
      "test": {
        "accuracy": 0.8748748748748749,
        "precision": 0.8730675020934321,
        "recall": 0.8748748748748749,
        "f1": 0.8721064292492864
      }
    },
    "7": {
      "train": {
        "accuracy": 0.9036428571428572,
        "precision": 0.9028133908603208,
        "recall": 0.9036428571428572,
        "f1": 0.9030512860569283
      },
      "val": {
        "accuracy": 0.8888055972013993,
        "precision": 0.8875418183621449,
        "recall": 0.8888055972013993,
        "f1": 0.887851896682089
      },
      "test": {
        "accuracy": 0.8763763763763763,
        "precision": 0.8747803826423635,
        "recall": 0.8763763763763763,
        "f1": 0.8749496940859818
      }
    },
    "8": {
      "train": {
        "accuracy": 0.8638571428571429,
        "precision": 0.8619610580227267,
        "recall": 0.8638571428571429,
        "f1": 0.8620719968261118
      },
      "val": {
        "accuracy": 0.8555722138930535,
        "precision": 0.8530941464739727,
        "recall": 0.8555722138930535,
        "f1": 0.8537197257007507
      },
      "test": {
        "accuracy": 0.8558558558558559,
        "precision": 0.854713549180619,
        "recall": 0.8558558558558559,
        "f1": 0.8549590256364836
      }
    },
    "9": {
      "train": {
        "accuracy": 0.8845714285714286,
        "precision": 0.8829355437561939,
        "recall": 0.8845714285714286,
        "f1": 0.8823445885274881
      },
      "val": {
        "accuracy": 0.8673163418290855,
        "precision": 0.8652520672071808,
        "recall": 0.8673163418290855,
        "f1": 0.86504265222457
      },
      "test": {
        "accuracy": 0.8668668668668669,
        "precision": 0.8644512535496471,
        "recall": 0.8668668668668669,
        "f1": 0.8644937228499664
      }
    },
    "10": {
      "train": {
        "accuracy": 0.9067857142857143,
        "precision": 0.9058092967616769,
        "recall": 0.9067857142857143,
        "f1": 0.9058495777679944
      },
      "val": {
        "accuracy": 0.8825587206396801,
        "precision": 0.8817714808661573,
        "recall": 0.8825587206396801,
        "f1": 0.8820914797786651
      },
      "test": {
        "accuracy": 0.8863863863863863,
        "precision": 0.8851706362378347,
        "recall": 0.8863863863863863,
        "f1": 0.8847056782096429
      }
    }
  }
}