{
  "train_loss": [
    0.7996629091826353,
    0.40154313119975005,
    0.3535550681027499,
    0.3396932672370564,
    0.32338915115053,
    0.3212526646527377,
    0.31541017619046297,
    0.31604553867470137,
    0.31822830655358053,
    0.30811625068837944,
    0.3054014967246489,
    0.31163336715914985,
    0.30345530103553425,
    0.3025680116631768,
    0.30088928098028356,
    0.30242752866311506,
    0.30187470289793883,
    0.2971676067872481,
    0.2995835014364936,
    0.30070783522996036,
    0.30293384140188045,
    0.2971134841442108,
    0.29829726598479533,
    0.29782683605497534,
    0.28641429218378933,
    0.2817425148053603,
    0.28129763251001183,
    0.28210632638497785,
    0.2829414893280376,
    0.2801552626219663,
    0.2778137423775413,
    0.2779785679145293,
    0.2789104272018779,
    0.27962352362546056,
    0.2783665494485335,
    0.27590643736449155,
    0.27725469063628805,
    0.2780690453269265,
    0.2764361186461015,
    0.2773070297457955,
    0.27817717709324574,
    0.2748262833465229,
    0.2788497244769877,
    0.2748471663756804,
    0.27717612981796264,
    0.27865855395793915,
    0.27732019857926804,
    0.2806190794164484,
    0.27607465142553506,
    0.2801536343314431,
    0.27661184018308466,
    0.276667137037624,
    0.2763224729082801
  ],
  "val_loss": [
    0.5470872949808836,
    0.43295386619865894,
    0.39069148898124695,
    0.5201655682176352,
    0.34439639188349247,
    0.38940898701548576,
    0.35759956389665604,
    0.36416095308959484,
    0.3596027847379446,
    0.345566114410758,
    0.31353949196636677,
    0.33235535211861134,
    0.30574246495962143,
    0.3102059103548527,
    0.3113958351314068,
    0.4764586575329304,
    0.30864985939115286,
    0.29806107468903065,
    0.3560202717781067,
    0.3858045656234026,
    0.3405059315264225,
    0.5219567362219095,
    0.31992765329778194,
    0.3057775255292654,
    0.2924825865775347,
    0.29271494038403034,
    0.2938140742480755,
    0.2926004957407713,
    0.2958832886070013,
    0.29301730915904045,
    0.29391930624842644,
    0.29235704615712166,
    0.29207324236631393,
    0.2921703178435564,
    0.2928960584104061,
    0.2930984515696764,
    0.2924802992492914,
    0.2915984205901623,
    0.29269030690193176,
    0.29260652139782906,
    0.29192555882036686,
    0.29230635054409504,
    0.29228224605321884,
    0.2928287908434868,
    0.2924123276025057,
    0.2921693157404661,
    0.2934518251568079,
    0.29161793924868107,
    0.29208704084157944,
    0.2927934490144253,
    0.2916769031435251,
    0.29257061891257763,
    0.29170793294906616
  ],
  "epochs": [
    0,
    1,
    2,
    3,
    4,
    5,
    6,
    7,
    8,
    9,
    10,
    11,
    12,
    13,
    14,
    15,
    16,
    17,
    18,
    19,
    20,
    21,
    22,
    23,
    24,
    25,
    26,
    27,
    28,
    29,
    30,
    31,
    32,
    33,
    34,
    35,
    36,
    37,
    38,
    39,
    40,
    41,
    42,
    43,
    44,
    45,
    46,
    47,
    48,
    49,
    50,
    51,
    52
  ]
}