{
  "train_loss": [
    0.7551655758510937,
    0.49670236327431416,
    0.44338384704156353,
    0.4230456818233837,
    0.4129821625622836,
    0.4038077397779985,
    0.403963545777581,
    0.3960898307236758,
    0.3940723327073184,
    0.3864115693352439,
    0.3808843119577928,
    0.36522942998192526,
    0.3626259310679002,
    0.3567981486970728,
    0.3562114720994776,
    0.35550481677055357,
    0.3574093276804144,
    0.35556146719238974,
    0.3536082311110063,
    0.35271329337900337,
    0.3512563342397863,
    0.3563869904388081,
    0.3486136019229889,
    0.35569699460809884,
    0.3525833091952584,
    0.3544667970050465,
    0.3499220084060322,
    0.35270873362367805,
    0.3526282175020738,
    0.35313375050371343,
    0.35065782503648235,
    0.3510928815061396,
    0.35024516013535584,
    0.35145962129939684,
    0.35260388417677446,
    0.3518627329306169,
    0.3491932977329601,
    0.3532346850091761,
    0.3498659074306488,
    0.35290648286992854,
    0.3541293306784196,
    0.349907756393606,
    0.3532611462202939,
    0.34931147694587705,
    0.34989495385776864,
    0.3492489224130457,
    0.3505393077026714,
    0.3487343896519054,
    0.35536744702946055,
    0.3510903537273407,
    0.34783113111149183,
    0.3478508418256586,
    0.34966829473322086,
    0.3493354618549347,
    0.3509695662693544,
    0.3479973928494887,
    0.35224894014271824,
    0.35097608945586467,
    0.3488398253917694,
    0.34805447459220884,
    0.34923754280263725,
    0.34847005605697634,
    0.348337506164204,
    0.3536111159758134,
    0.35017872994596305,
    0.34794049967419016,
    0.34614704197103324,
    0.34795679179104894,
    0.3476364704695615,
    0.3491953345862302,
    0.35090367739850825,
    0.3500317026268352,
    0.3501113783229481,
    0.3474640515717593,
    0.34943214600736444,
    0.34975522594018416,
    0.35114958773959765,
    0.3499045426195318,
    0.3521700219674544
  ],
  "val_loss": [
    0.8257565870881081,
    0.503819277510047,
    0.5143188517540693,
    0.5598919577896595,
    0.40215048007667065,
    0.43048907443881035,
    0.48875921219587326,
    0.7673809789121151,
    0.6937467455863953,
    0.45002441480755806,
    0.4342643953859806,
    0.3673456348478794,
    0.37095489166677,
    0.37026719376444817,
    0.36999918706715107,
    0.37385675124824047,
    0.367798313498497,
    0.3897384386509657,
    0.3635554779320955,
    0.36265039816498756,
    0.3622145913541317,
    0.3626584131270647,
    0.3627454526722431,
    0.3620723634958267,
    0.3628755658864975,
    0.3643514830619097,
    0.3622106723487377,
    0.3620364610105753,
    0.36237867921590805,
    0.36193604953587055,
    0.361533934250474,
    0.3621238209307194,
    0.3617166895419359,
    0.3619324993342161,
    0.3624844793230295,
    0.36146281100809574,
    0.3614769708365202,
    0.3615432847291231,
    0.3614166136831045,
    0.3619277495890856,
    0.36221579276025295,
    0.3616867419332266,
    0.36134869046509266,
    0.3619707487523556,
    0.36136277578771114,
    0.361247044056654,
    0.36181493289768696,
    0.3611492458730936,
    0.3618837632238865,
    0.36104012466967106,
    0.36131634190678596,
    0.3615843616425991,
    0.36101652123034,
    0.3610147349536419,
    0.36098285019397736,
    0.36059461161494255,
    0.36126183718442917,
    0.3605859540402889,
    0.361493282020092,
    0.3605713192373514,
    0.36086283810436726,
    0.3616550527513027,
    0.3610739689320326,
    0.36050852574408054,
    0.36072066612541676,
    0.360897958278656,
    0.3612860646098852,
    0.3610510379076004,
    0.3606469612568617,
    0.3606319036334753,
    0.3609095551073551,
    0.36096346378326416,
    0.36069476790726185,
    0.36096168868243694,
    0.36071479693055153,
    0.36097008921206,
    0.361239779740572,
    0.36122055910527706,
    0.36052555590867996
  ],
  "epochs": [
    0,
    1,
    2,
    3,
    4,
    5,
    6,
    7,
    8,
    9,
    10,
    11,
    12,
    13,
    14,
    15,
    16,
    17,
    18,
    19,
    20,
    21,
    22,
    23,
    24,
    25,
    26,
    27,
    28,
    29,
    30,
    31,
    32,
    33,
    34,
    35,
    36,
    37,
    38,
    39,
    40,
    41,
    42,
    43,
    44,
    45,
    46,
    47,
    48,
    49,
    50,
    51,
    52,
    53,
    54,
    55,
    56,
    57,
    58,
    59,
    60,
    61,
    62,
    63,
    64,
    65,
    66,
    67,
    68,
    69,
    70,
    71,
    72,
    73,
    74,
    75,
    76,
    77,
    78
  ]
}