{
  "train_loss": [
    0.7950982982462103,
    0.3665688070383939,
    0.2985799865289168,
    0.283803283626383,
    0.27002675912596963,
    0.25664896450259467,
    0.2604595951058648,
    0.2576024524190209,
    0.255005726760084,
    0.2535987003283067,
    0.2458757359873165,
    0.24525633373043754,
    0.24577198651703921,
    0.2468085830861872,
    0.23861303654584018,
    0.2235242160883817,
    0.2253771402619102,
    0.22583396218039772,
    0.22597073126922954,
    0.22321323969147422,
    0.22290817228230564,
    0.22528237998485565,
    0.2220623620531776,
    0.2205526446754282,
    0.22149675271727823,
    0.22047063058072872,
    0.2182793451981111,
    0.2176059541377154,
    0.21932102035392415,
    0.21870943362062628,
    0.2204234843904322,
    0.2207717711275274,
    0.2220968186855316,
    0.21948158984834498
  ],
  "val_loss": [
    0.5254747625440359,
    0.761404987424612,
    0.3591235373169184,
    0.30032959301024675,
    0.2948675360530615,
    0.2984541682526469,
    0.29091912414878607,
    0.26953511219471693,
    0.3028143495321274,
    0.5126162879168987,
    0.7475894279778004,
    0.30649356357753277,
    0.2943855654448271,
    0.811144545674324,
    0.24276668950915337,
    0.24428628664463758,
    0.24595007300376892,
    0.23962723929435015,
    0.23889083229005337,
    0.2449784241616726,
    0.23966821283102036,
    0.2446363354101777,
    0.23910243064165115,
    0.2595114717260003,
    0.24617364816367626,
    0.2393394922837615,
    0.23914847429841757,
    0.23928931448608637,
    0.23961261380463839,
    0.23929223977029324,
    0.23922213725745678,
    0.23955749813467264,
    0.23924580682069063,
    0.23928123340010643
  ],
  "epochs": [
    0,
    1,
    2,
    3,
    4,
    5,
    6,
    7,
    8,
    9,
    10,
    11,
    12,
    13,
    14,
    15,
    16,
    17,
    18,
    19,
    20,
    21,
    22,
    23,
    24,
    25,
    26,
    27,
    28,
    29,
    30,
    31,
    32,
    33
  ]
}