{
  "train_loss": [
    0.7488592218269001,
    0.3165056044405157,
    0.26482910947366195,
    0.24055891389196568,
    0.23397575616836547,
    0.22865936810320073,
    0.22446994510563936,
    0.226115436445583,
    0.2252583148804578,
    0.22106895365498283,
    0.21833576424555345,
    0.22360502291809428,
    0.19528189111839642,
    0.1965542982925068,
    0.19608719240535388,
    0.19413998885588213,
    0.19565266858447683,
    0.1940441616556861,
    0.198182765733112,
    0.1906604214148088,
    0.19310064938935367,
    0.19258960349993273,
    0.19102524437687612,
    0.19351560419256036,
    0.19038665077903055,
    0.19015507237477736,
    0.1943898771296848,
    0.19209850254383953,
    0.18849379108710723,
    0.19365979812361978,
    0.19364673657850787,
    0.1898482024669647,
    0.19111866788430648,
    0.1943381504579024,
    0.19465293559161098,
    0.19254465997219086
  ],
  "val_loss": [
    0.6071620471775532,
    0.33713279850780964,
    0.2816720651462674,
    0.23214086703956127,
    0.27144159376621246,
    0.223420025780797,
    0.31291806884109974,
    0.24163782130926847,
    0.2795499861240387,
    0.3094186708331108,
    0.23273141775280237,
    0.22659125085920095,
    0.2180568492040038,
    0.2192447306588292,
    0.2181965783238411,
    0.22140853479504585,
    0.21927426662296057,
    0.2192482491955161,
    0.22058382909744978,
    0.21675535570830107,
    0.21666813921183348,
    0.21750373486429453,
    0.21712184697389603,
    0.21691716741770506,
    0.21718298643827438,
    0.2181468578055501,
    0.21705232933163643,
    0.21718368493020535,
    0.2169482558965683,
    0.21691050473600626,
    0.217151734046638,
    0.21686945110559464,
    0.21704817842692137,
    0.2166806235909462,
    0.2172377249225974,
    0.21718395221978426
  ],
  "epochs": [
    0,
    1,
    2,
    3,
    4,
    5,
    6,
    7,
    8,
    9,
    10,
    11,
    12,
    13,
    14,
    15,
    16,
    17,
    18,
    19,
    20,
    21,
    22,
    23,
    24,
    25,
    26,
    27,
    28,
    29,
    30,
    31,
    32,
    33,
    34,
    35
  ]
}