{
  "train_loss": [
    0.8040033719756386,
    0.40709596547213467,
    0.3117463930086656,
    0.3042496919631958,
    0.28848368471319025,
    0.2759130903265693,
    0.2729908390478654,
    0.2701973571018739,
    0.2669005453586578,
    0.2560057128017599,
    0.26575247049331663,
    0.2652626018632542,
    0.25938005555759774,
    0.2640017200600017,
    0.2702317451888865,
    0.2543242294679989,
    0.2585542231798172,
    0.2408148142424497,
    0.2325145724144849,
    0.23148084282875062,
    0.23428507447242736,
    0.23336935801939532,
    0.23077534274621445,
    0.22942675406282598,
    0.23179691271348432,
    0.2349526581439105,
    0.23186439925974064,
    0.2280228463086215,
    0.2270879572088068,
    0.22892954783006148,
    0.23026976856318387,
    0.2307566688819365,
    0.2276244201443412,
    0.23153704594482075,
    0.23275085145776922,
    0.23006061640652745,
    0.23113984655250203,
    0.22908787320960652,
    0.22838731597770345,
    0.22996922568841413,
    0.22892441072247244,
    0.22896452952514995,
    0.22873477393930608,
    0.22711231735619633,
    0.22556493932550603,
    0.22516904960979114,
    0.22925629642876713,
    0.22630325772545554,
    0.2244898492639715,
    0.22503855363889175,
    0.22636695964769885,
    0.22352065687829797,
    0.2287159410389987,
    0.2245686875148253,
    0.22538889456879008,
    0.22723338495601308,
    0.22550820816646922,
    0.2244208352132277,
    0.22487769208171152,
    0.22770548381588676,
    0.2259351535276933,
    0.22539316551251845,
    0.22880328785289417,
    0.2258745017376813,
    0.22738663174889304,
    0.22349780093539845
  ],
  "val_loss": [
    0.5575992800295353,
    0.3245850130915642,
    0.2818550020456314,
    0.5647984463721514,
    0.3259399626404047,
    0.45603587105870247,
    0.4801880531013012,
    0.26175424084067345,
    0.5102745816111565,
    0.3465923238545656,
    0.2551362793892622,
    0.28019888140261173,
    0.4551673959940672,
    0.8867577724158764,
    0.5003086254000664,
    0.26932001020759344,
    0.30586492735892534,
    0.24659398291260004,
    0.2454546382650733,
    0.24711251724511385,
    0.24394480232149363,
    0.2552175261080265,
    0.2443705489858985,
    0.25258686020970345,
    0.25033656135201454,
    0.2432590238749981,
    0.2533148266375065,
    0.2595344353467226,
    0.24974537547677755,
    0.24561677034944296,
    0.24303185380995274,
    0.2673995681107044,
    0.2450583865866065,
    0.25079544074833393,
    0.2459002798423171,
    0.24166684318333864,
    0.24110408499836922,
    0.24188110884279013,
    0.24784415867179632,
    0.24203048460185528,
    0.24757010769098997,
    0.2590162754058838,
    0.24537780694663525,
    0.24113525729626417,
    0.24092162121087313,
    0.24066107999533415,
    0.2407264281064272,
    0.24117672815918922,
    0.24086105078458786,
    0.24109440948814154,
    0.24065147526562214,
    0.2408690955489874,
    0.24082815553992987,
    0.24086732137948275,
    0.2411175984889269,
    0.24151386227458715,
    0.24100302904844284,
    0.24101017229259014,
    0.24085594713687897,
    0.2410241737961769,
    0.24082167726010084,
    0.24139057006686926,
    0.2409296352416277,
    0.24085678532719612,
    0.24108802247792482,
    0.24114064686000347
  ],
  "epochs": [
    0,
    1,
    2,
    3,
    4,
    5,
    6,
    7,
    8,
    9,
    10,
    11,
    12,
    13,
    14,
    15,
    16,
    17,
    18,
    19,
    20,
    21,
    22,
    23,
    24,
    25,
    26,
    27,
    28,
    29,
    30,
    31,
    32,
    33,
    34,
    35,
    36,
    37,
    38,
    39,
    40,
    41,
    42,
    43,
    44,
    45,
    46,
    47,
    48,
    49,
    50,
    51,
    52,
    53,
    54,
    55,
    56,
    57,
    58,
    59,
    60,
    61,
    62,
    63,
    64,
    65
  ]
}