{
  "train_loss": [
    0.8380664966323159,
    0.46483352888714186,
    0.35838448134335604,
    0.33673084486614574,
    0.3301041066646576,
    0.3223669929937883,
    0.3173657078634609,
    0.3074962339617989,
    0.29993597783825615,
    0.3053033639084209,
    0.30261131795969876,
    0.3041002503850243,
    0.2835800379514694,
    0.2779411619359797,
    0.27523516389456665,
    0.2756989205425436,
    0.27313850061459977,
    0.27549235766584224,
    0.27376908659934995,
    0.2707197097214786,
    0.2690359500321475,
    0.26894802451133726,
    0.27273962633176285,
    0.26994198750365866,
    0.27064902972091326,
    0.27085535390810533,
    0.27211989083073357,
    0.26886098818345505,
    0.27204541130499404,
    0.2672602404247631,
    0.26925814639438284,
    0.269967564127662,
    0.2685564929788763,
    0.26968523318117316,
    0.2720353904095563,
    0.2716753501783718,
    0.2693802909417586,
    0.2690054422075098,
    0.26892926665869626,
    0.2696891034191305,
    0.27065969001163137,
    0.26915543187748303,
    0.2694697082042694,
    0.26671389693563635,
    0.269492230090228,
    0.2682414469393817
  ],
  "val_loss": [
    0.8777512833476067,
    0.35974953323602676,
    0.35613382793962955,
    0.8742016926407814,
    0.3179676681756973,
    0.302866505458951,
    0.4701973721385002,
    0.3673826493322849,
    0.46431504003703594,
    0.30511966347694397,
    0.3053210824728012,
    0.3569253981113434,
    0.28179249353706837,
    0.29105086624622345,
    0.2856188742443919,
    0.2848613215610385,
    0.2848911229521036,
    0.2845220696181059,
    0.2936992673203349,
    0.28066530637443066,
    0.28084761276841164,
    0.28007621690630913,
    0.28016314189881086,
    0.280132744461298,
    0.2799704344943166,
    0.2797634210437536,
    0.2807044619694352,
    0.2798593873158097,
    0.2799868490546942,
    0.2801977675408125,
    0.2795471912249923,
    0.2796532269567251,
    0.28036895487457514,
    0.28010283689945936,
    0.27999286260455847,
    0.27997531834989786,
    0.2799950735643506,
    0.27991210110485554,
    0.2798888683319092,
    0.2804151028394699,
    0.28022341523319483,
    0.2798811346292496,
    0.2799177374690771,
    0.27993869222700596,
    0.280251182615757,
    0.2796449223533273
  ],
  "epochs": [
    0,
    1,
    2,
    3,
    4,
    5,
    6,
    7,
    8,
    9,
    10,
    11,
    12,
    13,
    14,
    15,
    16,
    17,
    18,
    19,
    20,
    21,
    22,
    23,
    24,
    25,
    26,
    27,
    28,
    29,
    30,
    31,
    32,
    33,
    34,
    35,
    36,
    37,
    38,
    39,
    40,
    41,
    42,
    43,
    44,
    45
  ]
}