{
  "train_loss": [
    0.8003429228609259,
    0.36650689190084285,
    0.2936610679734837,
    0.2717343964359977,
    0.2694992173801769,
    0.25878228680654003,
    0.25132969970052893,
    0.24725658758120103,
    0.24568644951690327,
    0.23673366687514566,
    0.2404548482461409,
    0.237616935914213,
    0.23135364218191667,
    0.23359752216122368,
    0.23229975537820297,
    0.23138007630001414,
    0.22785447185689753,
    0.2275908047502691,
    0.22617374658584594,
    0.2226437495513396,
    0.22180245085196063,
    0.21882763288237833,
    0.22755061767318033,
    0.2202896307815205,
    0.22730700048533353,
    0.21158794760704042,
    0.20640760091218083,
    0.20371166440573604,
    0.20259118351069363,
    0.20606595359065316,
    0.20170585973696276,
    0.20118224106051705,
    0.20087517852132972,
    0.20254352756521918,
    0.20700003938241437,
    0.20204663276672363,
    0.2003164231777191,
    0.20483741976998068,
    0.19855166267264973,
    0.20108820606361735,
    0.2003344321792776,
    0.1998125905340368,
    0.20170319757678293,
    0.19819206730885938,
    0.19900262545455585,
    0.1994488312439485,
    0.19659536751833828,
    0.19761430431496013,
    0.20014043856750835,
    0.20127373121001504,
    0.19941730932755905,
    0.19968536198139192,
    0.19782526642084122,
    0.19920804283835672,
    0.20047055022283033,
    0.2006536833264611,
    0.19774370207027955,
    0.19979521496729416,
    0.19978456741029565,
    0.19750641205094077,
    0.1988801427862861
  ],
  "val_loss": [
    0.5420957654714584,
    0.3147697690874338,
    0.44968498684465885,
    0.4525365550071001,
    0.31291103549301624,
    0.3694081958383322,
    0.2502869376912713,
    0.31772163696587086,
    0.3221022691577673,
    0.23755819909274578,
    0.27726578805595636,
    0.3874145597219467,
    0.2768745794892311,
    0.6809681095182896,
    0.3633543476462364,
    0.23076181393116713,
    0.23808727227151394,
    0.3949040751904249,
    0.22852718830108643,
    0.2560725137591362,
    0.3702339567244053,
    0.27581633999943733,
    0.31174881756305695,
    0.2736816545948386,
    0.2962312027812004,
    0.2249038964509964,
    0.22211883310228586,
    0.2174439299851656,
    0.21982126124203205,
    0.2183488793671131,
    0.21840987727046013,
    0.2191692227497697,
    0.22238279320299625,
    0.21644437685608864,
    0.21934962645173073,
    0.2209326457232237,
    0.22401384636759758,
    0.22033211588859558,
    0.22135332692414522,
    0.22060321271419525,
    0.21731723938137293,
    0.21665472723543644,
    0.21784826647490263,
    0.2171256383880973,
    0.21650017332285643,
    0.2164247939363122,
    0.21701625734567642,
    0.2170599466189742,
    0.21644447185099125,
    0.21765493787825108,
    0.21683229971677065,
    0.21716798841953278,
    0.21687636245042086,
    0.21694921609014273,
    0.2167634405195713,
    0.21727729588747025,
    0.2167697325348854,
    0.2168676285073161,
    0.21671590954065323,
    0.21721432264894247,
    0.21671244129538536
  ],
  "epochs": [
    0,
    1,
    2,
    3,
    4,
    5,
    6,
    7,
    8,
    9,
    10,
    11,
    12,
    13,
    14,
    15,
    16,
    17,
    18,
    19,
    20,
    21,
    22,
    23,
    24,
    25,
    26,
    27,
    28,
    29,
    30,
    31,
    32,
    33,
    34,
    35,
    36,
    37,
    38,
    39,
    40,
    41,
    42,
    43,
    44,
    45,
    46,
    47,
    48,
    49,
    50,
    51,
    52,
    53,
    54,
    55,
    56,
    57,
    58,
    59,
    60
  ]
}