{
  "train_loss": [
    0.7996342214671048,
    0.4043410209092227,
    0.3476670181209391,
    0.3206354401328347,
    0.3200661209496585,
    0.3120092194188725,
    0.30089514418081803,
    0.3137698539278724,
    0.30284374193711716,
    0.2944088719107888,
    0.30054964368993586,
    0.2966697730801322,
    0.29216718619520016,
    0.2995883822441101,
    0.2921160042285919,
    0.2748638321052898,
    0.2737425286661495,
    0.2714641075242649,
    0.26907485588030383,
    0.2714540270241824,
    0.27140560854565016,
    0.27027482905171135,
    0.2714745350859382,
    0.2718670609322461,
    0.27092110162431543,
    0.27091811976649544,
    0.2692472013560208,
    0.2690875630487095,
    0.269310337305069,
    0.27116709866307,
    0.2700027517297051,
    0.26792891459031537,
    0.26816604381257836,
    0.2694029607556083,
    0.2666111263361844,
    0.268831823088906,
    0.2635457450693304,
    0.2657198962840167,
    0.2670621321959929,
    0.2658795188773762,
    0.2683945593508807,
    0.26516065326603977,
    0.26686490178108213,
    0.26538148820400237,
    0.2670691200278022,
    0.2638823249123313,
    0.26460830081592907,
    0.26384841420433736,
    0.2638476488265124,
    0.26588383560830897,
    0.2643270072611896,
    0.26600251035256817,
    0.2652862551537427,
    0.2643244973637841,
    0.26483589708805083,
    0.2651517009193247,
    0.2654080323197625,
    0.26603163291107523,
    0.26351176717064595,
    0.2654504039070823,
    0.26506343456831843
  ],
  "val_loss": [
    0.5989684127271175,
    0.3596899565309286,
    0.3248264528810978,
    0.31853279657661915,
    0.5058752447366714,
    0.3338045533746481,
    0.3922460712492466,
    0.5303474608808756,
    0.30172362364828587,
    0.7205152995884418,
    0.3326156325638294,
    0.31875750608742237,
    0.3095306511968374,
    0.32503143325448036,
    0.3794212266802788,
    0.2956330981105566,
    0.2971617095172405,
    0.29439408145844936,
    0.29619563929736614,
    0.29709672648459673,
    0.3027580212801695,
    0.2960778996348381,
    0.29686710610985756,
    0.29296392761170864,
    0.29571490082889795,
    0.29350161366164684,
    0.2942911386489868,
    0.2928679333999753,
    0.3102702386677265,
    0.29427302442491055,
    0.2936849156394601,
    0.2963426010683179,
    0.3089078161865473,
    0.29802921414375305,
    0.2928983364254236,
    0.29304016660898924,
    0.2926831543445587,
    0.2927419701591134,
    0.2928262706845999,
    0.2929024687036872,
    0.29289364628493786,
    0.2928561568260193,
    0.29270893801003695,
    0.29268090706318617,
    0.2931050341576338,
    0.29266975447535515,
    0.2928645480424166,
    0.2929620537906885,
    0.2938201017677784,
    0.29293166380375624,
    0.2931959256529808,
    0.29290678165853024,
    0.29332332126796246,
    0.29286803863942623,
    0.29325155075639486,
    0.29279739782214165,
    0.2930374192073941,
    0.2927558245137334,
    0.2931211069226265,
    0.2927984092384577,
    0.29276200383901596
  ],
  "epochs": [
    0,
    1,
    2,
    3,
    4,
    5,
    6,
    7,
    8,
    9,
    10,
    11,
    12,
    13,
    14,
    15,
    16,
    17,
    18,
    19,
    20,
    21,
    22,
    23,
    24,
    25,
    26,
    27,
    28,
    29,
    30,
    31,
    32,
    33,
    34,
    35,
    36,
    37,
    38,
    39,
    40,
    41,
    42,
    43,
    44,
    45,
    46,
    47,
    48,
    49,
    50,
    51,
    52,
    53,
    54,
    55,
    56,
    57,
    58,
    59,
    60
  ]
}