{
  "train_loss": [
    0.8290780305862426,
    0.5876467851075259,
    0.49221034483476117,
    0.4484829382462935,
    0.4437475264072418,
    0.4311012945391915,
    0.413914229111238,
    0.41312131773341787,
    0.4087736660783941,
    0.41361098993908274,
    0.39653588858517735,
    0.4028044364669106,
    0.4048460147597573,
    0.39127829670906067,
    0.3864423529668288,
    0.3896917776627974,
    0.38397376320578835,
    0.3981001940640536,
    0.3869479363614863,
    0.38449059995737944,
    0.3836878803643313,
    0.3810876277360049,
    0.379174049875953,
    0.37075183499943126,
    0.3718773283741691,
    0.3840972504832528,
    0.37715849713845684,
    0.3767345152117989,
    0.37720888961445204,
    0.36845767064528034,
    0.37663768313147805,
    0.35269691781564194,
    0.3510043382644653,
    0.34866760047999296,
    0.3457610834728588,
    0.3457274707880887,
    0.3455974578857422,
    0.3442585609175942,
    0.3467805488543077,
    0.3426178980957378,
    0.34362844012000343,
    0.34164569919759574,
    0.34024906862865795,
    0.3438319742679596,
    0.3422015748240731,
    0.34004837653853676,
    0.340892033143477,
    0.34667631008408284,
    0.3406271376393058,
    0.34298672784458506,
    0.34517223834991456,
    0.3428433315320448,
    0.34142251150174574,
    0.3400999107144096,
    0.3422069777141918,
    0.341006277366118,
    0.3386447689749978,
    0.34501799778504805,
    0.3394491282376376,
    0.3398751117966392,
    0.3418821703303944,
    0.34056318510662426,
    0.3398872754790566,
    0.34157123457301747,
    0.3398964377966794,
    0.34055278409611095,
    0.340433176539161,
    0.3394448307427493,
    0.3430101524699818,
    0.3397045774893327,
    0.341702751679854,
    0.34122065793384204
  ],
  "val_loss": [
    0.674934845417738,
    0.5636984445154667,
    0.43593840301036835,
    0.4998859353363514,
    0.6002108789980412,
    0.416361253708601,
    0.40443624183535576,
    0.391516899690032,
    0.4060535319149494,
    0.38492908887565136,
    0.3898489773273468,
    0.4518293961882591,
    0.4877422358840704,
    0.524694012477994,
    0.37206803634762764,
    0.4402741976082325,
    0.47811292111873627,
    0.6033501457422972,
    0.38111237809062004,
    0.3596522081643343,
    0.36596851609647274,
    0.3949939087033272,
    0.44806304574012756,
    0.43336055986583233,
    0.35493789054453373,
    0.3724338449537754,
    0.4319643322378397,
    0.4306498821824789,
    0.5624163933098316,
    0.501662777736783,
    0.39612780697643757,
    0.349204471334815,
    0.3444606587290764,
    0.34361097030341625,
    0.34372448548674583,
    0.3442028630524874,
    0.34874082542955875,
    0.3475386928766966,
    0.3530725948512554,
    0.35201215744018555,
    0.34300608560442924,
    0.3426744882017374,
    0.34212029352784157,
    0.3423868175595999,
    0.3420106377452612,
    0.34213887341320515,
    0.3422419987618923,
    0.342126676812768,
    0.34246068447828293,
    0.341654347255826,
    0.3425701651722193,
    0.3418478649109602,
    0.3417026959359646,
    0.34220457822084427,
    0.34201620146632195,
    0.34178142063319683,
    0.3416062518954277,
    0.34161598794162273,
    0.3420185688883066,
    0.3417111448943615,
    0.34166629798710346,
    0.341634189710021,
    0.3418281264603138,
    0.34172703325748444,
    0.34310437366366386,
    0.34181790985167027,
    0.341623080894351,
    0.34227507561445236,
    0.3417512718588114,
    0.3416649680584669,
    0.3416263870894909,
    0.34177619218826294
  ],
  "epochs": [
    0,
    1,
    2,
    3,
    4,
    5,
    6,
    7,
    8,
    9,
    10,
    11,
    12,
    13,
    14,
    15,
    16,
    17,
    18,
    19,
    20,
    21,
    22,
    23,
    24,
    25,
    26,
    27,
    28,
    29,
    30,
    31,
    32,
    33,
    34,
    35,
    36,
    37,
    38,
    39,
    40,
    41,
    42,
    43,
    44,
    45,
    46,
    47,
    48,
    49,
    50,
    51,
    52,
    53,
    54,
    55,
    56,
    57,
    58,
    59,
    60,
    61,
    62,
    63,
    64,
    65,
    66,
    67,
    68,
    69,
    70,
    71
  ]
}