{
  "train_loss": [
    0.804472191767259,
    0.3991139287298376,
    0.32300709323449567,
    0.3047954873605208,
    0.2995771259069443,
    0.28902012461965737,
    0.2856527474793521,
    0.2847609197551554,
    0.28056668612090024,
    0.28166647959839214,
    0.27769246291030536,
    0.2806618189269846,
    0.2708341758359562,
    0.271436899358576,
    0.2761453539133072,
    0.25615149546753274,
    0.2522858118469065,
    0.25789439488540994,
    0.2547889915379611,
    0.25314474214207044,
    0.25448118448257445,
    0.2517411280762066,
    0.2525526905601675,
    0.25144813006574457,
    0.2533774993636391,
    0.25217803743752565,
    0.2529626583511179,
    0.25114440403201366,
    0.2506688546050679,
    0.2510986298322678,
    0.2503860842097889,
    0.2495270471681248,
    0.24772067936983974,
    0.247931368784471,
    0.24728321812369608,
    0.2498003230853514,
    0.247320418195291,
    0.24722641706466675,
    0.2472836285829544,
    0.24732493270527234,
    0.2448822625658729,
    0.24991403655572372,
    0.24884870214895768,
    0.24639674398032102,
    0.24761680662631988,
    0.24503202736377716,
    0.24866650917313315,
    0.24624858904968608,
    0.24788919578899038,
    0.24817174158313057,
    0.24759252315217797,
    0.24832080711017956,
    0.24320623766292226,
    0.24654433347962118,
    0.24599607532674617,
    0.24701027436689896,
    0.24591903686523436,
    0.24855687618255615,
    0.24614411673762582,
    0.24756816571409052,
    0.2478714728897268,
    0.24625755575570193,
    0.2485885045745156,
    0.2502776861190796,
    0.24609992585398935,
    0.24733123725110834,
    0.2473737212744626,
    0.24671578353101556,
    0.2507508483800021,
    0.24795026020570235
  ],
  "val_loss": [
    0.5700699910521507,
    0.6146965697407722,
    0.6444606594741344,
    0.3202087227255106,
    0.4644484054297209,
    0.3178041661158204,
    0.4108161050826311,
    0.3520351629704237,
    0.2888783384114504,
    0.33065946213901043,
    0.3339675283059478,
    0.3181922100484371,
    0.31911081820726395,
    0.28888361528515816,
    0.29304423555731773,
    0.2725809449329972,
    0.2731026802212,
    0.2728386586531997,
    0.2751397369429469,
    0.2716086972504854,
    0.27195195760577917,
    0.277678363956511,
    0.2762678563594818,
    0.2790826354175806,
    0.2710787756368518,
    0.2790094595402479,
    0.27323334850370884,
    0.27312818355858326,
    0.27428204379975796,
    0.27342631109058857,
    0.27202783804386854,
    0.27147413417696953,
    0.27104925736784935,
    0.271619975566864,
    0.27070267871022224,
    0.2713810112327337,
    0.2704414101317525,
    0.27122320514172316,
    0.27086680196225643,
    0.2707163514569402,
    0.27153277676552534,
    0.2706141769886017,
    0.27131195832043886,
    0.27183270268142223,
    0.2714435840025544,
    0.2705873604863882,
    0.2704066690057516,
    0.2707381034269929,
    0.2709173299372196,
    0.27097138017416,
    0.2711589755490422,
    0.27039190009236336,
    0.2708139503374696,
    0.2707077879458666,
    0.27036712784320116,
    0.2709380928426981,
    0.27074211928993464,
    0.2709321463480592,
    0.2709698909893632,
    0.2714906418696046,
    0.27081514056771994,
    0.2705628415569663,
    0.27079517021775246,
    0.2705826312303543,
    0.2706477902829647,
    0.2716668602079153,
    0.2708066971972585,
    0.27094260416924953,
    0.2706559421494603,
    0.2708007078617811
  ],
  "epochs": [
    0,
    1,
    2,
    3,
    4,
    5,
    6,
    7,
    8,
    9,
    10,
    11,
    12,
    13,
    14,
    15,
    16,
    17,
    18,
    19,
    20,
    21,
    22,
    23,
    24,
    25,
    26,
    27,
    28,
    29,
    30,
    31,
    32,
    33,
    34,
    35,
    36,
    37,
    38,
    39,
    40,
    41,
    42,
    43,
    44,
    45,
    46,
    47,
    48,
    49,
    50,
    51,
    52,
    53,
    54,
    55,
    56,
    57,
    58,
    59,
    60,
    61,
    62,
    63,
    64,
    65,
    66,
    67,
    68,
    69
  ]
}