{
  "train_loss": [
    1.2514382463151759,
    0.6583161867748606,
    0.550651671778072,
    0.4941546533324502,
    0.4563783931732178,
    0.4324346671863035,
    0.41173642060973425,
    0.3985581947998567,
    0.3859350539337505,
    0.37740827603773636,
    0.3644945983995091,
    0.35445762596347113,
    0.3498061815717003,
    0.3407249693707986,
    0.33374099436131394,
    0.3245355997302315,
    0.3219577684998512,
    0.32129417197270826,
    0.313777892535383,
    0.3068519936908375,
    0.3058499619093808,
    0.3055539178306406,
    0.2969399430264126,
    0.28876192580569876,
    0.29291592638600955,
    0.2766975981538946,
    0.28054522668773474,
    0.28500978375023056,
    0.27908188819885255,
    0.27528237770904196,
    0.277283586859703,
    0.28055857891386204,
    0.2723583455790173,
    0.270578872913664,
    0.2692552314563231,
    0.271434030587023,
    0.2658256043629213,
    0.2614274788173762,
    0.25648076285015453,
    0.26513533036817205,
    0.2606975911151279,
    0.2600450455058705,
    0.2596136504953558,
    0.25555934090505944,
    0.2567530645294623,
    0.2543360171263868,
    0.25029424225742164,
    0.24605324189771302,
    0.24768562763929364,
    0.24143428301269357,
    0.24527722361412913,
    0.24090098790147088,
    0.24599667974493722,
    0.24443996456536377,
    0.2427911835096099,
    0.23964611635966734,
    0.2403552828322757,
    0.2398041178963401,
    0.24376209053126244,
    0.23817120012911883,
    0.2381368210911751,
    0.23756670824506065,
    0.24042346501892262,
    0.23782010110941798,
    0.2341192201050845,
    0.23595558483492243,
    0.23799354382536628,
    0.2346389281749725,
    0.2350601155107671,
    0.23341888007792558,
    0.23298179588534612,
    0.2357042082060467,
    0.23372017077424306,
    0.2266187699003653,
    0.2354555238106034,
    0.23472138204357842,
    0.23272391246123747,
    0.23157116407697848,
    0.23185518931258808,
    0.23262570489536633,
    0.23256067928942764,
    0.23439546888524837,
    0.23192108539017764,
    0.22807530224323272,
    0.23489817643707447
  ],
  "val_loss": [
    0.6777584236115217,
    0.45601051365956663,
    0.4175238349474967,
    0.38770908480510113,
    0.40107810264453286,
    0.379231484234333,
    0.30672218678519125,
    0.31967356055974955,
    0.2943586922250688,
    0.2636618139687925,
    0.28528955853544175,
    0.2717050987761468,
    0.40379116665571924,
    0.281410706276074,
    0.2614147413522005,
    0.2667733818758279,
    0.4009019216522574,
    0.2510140602942556,
    0.26517782248556615,
    0.32508445335552094,
    0.22823535241186618,
    0.24071985790506006,
    0.25134536209516223,
    0.2232931443955749,
    0.2347938022110611,
    0.23750755107030272,
    0.20787141178734597,
    0.2162799655459821,
    0.20987445558421314,
    0.19275551899336277,
    0.21556095047853888,
    0.20116925959009674,
    0.21060289409942923,
    0.2506882023997605,
    0.19135509815532714,
    0.29911500699818133,
    0.20702492594718933,
    0.2267156384186819,
    0.23097859423141925,
    0.20454916593153027,
    0.23602726156823337,
    0.20179028699640184,
    0.22215695490594953,
    0.23343052316922694,
    0.19305490092374383,
    0.2200387892546132,
    0.20200383618939666,
    0.22567828346509486,
    0.22635936811566354,
    0.2261586526641622,
    0.20239566715899854,
    0.20118037729989738,
    0.2022929462371394,
    0.21373091449495404,
    0.19095846330747007,
    0.2076940736034885,
    0.20270306954625994,
    0.24070765106007455,
    0.22372655624058096,
    0.2085582480765879,
    0.22668914448004215,
    0.22047147545963525,
    0.21710589742287995,
    0.21814766803290694,
    0.22783334548585116,
    0.20419043977744877,
    0.20474612498655914,
    0.20368231520988048,
    0.20841218647547063,
    0.21137046015355734,
    0.20397822675295174,
    0.2016544365789741,
    0.2038663328392431,
    0.20657553430646655,
    0.200166381127201,
    0.21658863034099338,
    0.22876484976150094,
    0.21067024455405772,
    0.20994807148817923,
    0.20330825773999095,
    0.20686008061747996,
    0.21043893233872948,
    0.20443699294701217,
    0.1997759021585807,
    0.213818049011752
  ],
  "epochs": [
    0,
    1,
    2,
    3,
    4,
    5,
    6,
    7,
    8,
    9,
    10,
    11,
    12,
    13,
    14,
    15,
    16,
    17,
    18,
    19,
    20,
    21,
    22,
    23,
    24,
    25,
    26,
    27,
    28,
    29,
    30,
    31,
    32,
    33,
    34,
    35,
    36,
    37,
    38,
    39,
    40,
    41,
    42,
    43,
    44,
    45,
    46,
    47,
    48,
    49,
    50,
    51,
    52,
    53,
    54,
    55,
    56,
    57,
    58,
    59,
    60,
    61,
    62,
    63,
    64,
    65,
    66,
    67,
    68,
    69,
    70,
    71,
    72,
    73,
    74,
    75,
    76,
    77,
    78,
    79,
    80,
    81,
    82,
    83,
    84
  ]
}