{
  "train_loss": [
    1.3577510965954172,
    0.8345153307914733,
    0.6987528893622484,
    0.6270845650001006,
    0.5742150722850452,
    0.5418346220796759,
    0.5176438137617978,
    0.49561918415806505,
    0.48382865082133897,
    0.4643572144887664,
    0.44554047850045286,
    0.44153467389670276,
    0.42950369596481325,
    0.41585243428295304,
    0.4144727832891724,
    0.4019205936518582,
    0.39644166824492544,
    0.388332457027652,
    0.3866164803775874,
    0.37814059560949154,
    0.37095379986546256,
    0.3664315365932205,
    0.3609666613828052,
    0.3559339900450273,
    0.34945139543576675,
    0.35068225232037625,
    0.3475422344966368,
    0.34425154626369475,
    0.3425130474838343,
    0.33924731306054373,
    0.3404365740310062,
    0.33572663141922515,
    0.33383338825269177,
    0.32935270802541206,
    0.3285461921312592,
    0.3291505808992819,
    0.3281622522527521,
    0.33362144602970645,
    0.330044596303593,
    0.325507687411525,
    0.3202573574673046,
    0.32077492218125947,
    0.3140998472408814,
    0.3034936461394483,
    0.3089816576784307,
    0.30766998922282995,
    0.30691849684173406,
    0.30163959646766836,
    0.30394754710522565,
    0.30883635583249003,
    0.3031125233931975,
    0.3005176990682428,
    0.30570443416183646,
    0.30155077698555854,
    0.2973587127165361,
    0.29795003498142414,
    0.29862915353341535,
    0.3021178190274672,
    0.29873770559375934,
    0.29831279004162004,
    0.2969637188044461
  ],
  "val_loss": [
    0.808459230698645,
    0.65116933202371,
    0.506123579852283,
    0.5419138837605715,
    0.43366277525201435,
    0.5076736494898796,
    0.4983383547514677,
    0.511050209775567,
    0.40885594761930405,
    0.4516617899760604,
    0.45673715658485886,
    0.4460255811922252,
    0.35513404775410884,
    0.38736622091382744,
    0.3931412606500089,
    0.3729457300622016,
    0.35685453559271985,
    0.3848155122250318,
    0.34386567319743333,
    0.4117913660593331,
    0.3434373267460614,
    0.33858355176635085,
    0.3914477303158491,
    0.39850847283378243,
    0.3089614796452224,
    0.3911788001190871,
    0.36457385877147314,
    0.28833185764960945,
    0.30900037328246976,
    0.32592219559010116,
    0.26527153786737473,
    0.2870054239174351,
    0.3001171011012047,
    0.3696244871476665,
    0.3070593073498457,
    0.3036507210694253,
    0.3137763374717906,
    0.2733419463969767,
    0.315083957882598,
    0.29505227894987907,
    0.28797470547724513,
    0.29329409028869124,
    0.286775733390823,
    0.29665504531003534,
    0.3167599723441526,
    0.27507963513489814,
    0.3010143799940124,
    0.31660564735066143,
    0.30182184709701687,
    0.32786572780460116,
    0.2657678604824468,
    0.2990452067460864,
    0.29800224311184137,
    0.30757621454540635,
    0.3053382974583655,
    0.2992046823725104,
    0.2911142920842394,
    0.29028052114881575,
    0.27565377431456,
    0.29528208568226544,
    0.2864603703608736
  ],
  "epochs": [
    0,
    1,
    2,
    3,
    4,
    5,
    6,
    7,
    8,
    9,
    10,
    11,
    12,
    13,
    14,
    15,
    16,
    17,
    18,
    19,
    20,
    21,
    22,
    23,
    24,
    25,
    26,
    27,
    28,
    29,
    30,
    31,
    32,
    33,
    34,
    35,
    36,
    37,
    38,
    39,
    40,
    41,
    42,
    43,
    44,
    45,
    46,
    47,
    48,
    49,
    50,
    51,
    52,
    53,
    54,
    55,
    56,
    57,
    58,
    59,
    60
  ]
}