{
  "train_loss": [
    1.3461955342509528,
    0.8641494609009136,
    0.7591192012483423,
    0.7126849139278584,
    0.6665456149794838,
    0.6191709570993076,
    0.5778775342486121,
    0.5520075772567228,
    0.5241739625280554,
    0.5034334992278706,
    0.49391374720768494,
    0.47344250240109187,
    0.46430386776273896,
    0.4484606887264685,
    0.4411701602014628,
    0.4234930095347491,
    0.42217420296235514,
    0.42266524347392,
    0.4050567749142646,
    0.4027493906292048,
    0.401669147177176,
    0.3936788954518058,
    0.38850610600276425,
    0.3808632995323701,
    0.378908736678687,
    0.3734949016300114,
    0.3691254977746443,
    0.3627986477721821,
    0.35950100952928715,
    0.3626051687652414,
    0.35984425785866647,
    0.35710435590960765,
    0.3529269873012196,
    0.3459932308847254,
    0.35160820183428854,
    0.3495962594314055,
    0.34156061830845746,
    0.3428743010488423,
    0.33369133802977474,
    0.33643541271036315,
    0.34034145566550167,
    0.3290114080905914,
    0.32040732313286174,
    0.32376885655251414,
    0.3225023407014933,
    0.3205988934365185,
    0.31874020221558486,
    0.32209629760547115,
    0.3211943497711962,
    0.31787498796528035,
    0.31596592767672105,
    0.3199379395896738,
    0.3169708895412358,
    0.3121165092695843,
    0.3113594757426869,
    0.31368387634103945,
    0.3132696966962381,
    0.30504129163243554,
    0.3036747501655058,
    0.3062297240983356,
    0.3083295504884286,
    0.315888257920742,
    0.3039797776124694,
    0.3102149423956871,
    0.3108414934711023,
    0.3088056483864784,
    0.3023041295734319,
    0.30731422259048985,
    0.29727525098757307,
    0.30549442237073726,
    0.30896820778196504,
    0.31025875332680614,
    0.30667159671133215,
    0.2997787836194038,
    0.3058082784034989,
    0.3050057702985677,
    0.30448782048442147,
    0.3092200952497396,
    0.30189129127697506,
    0.3082716054537079,
    0.3008139745755629,
    0.3052112166719003,
    0.2988238114118576,
    0.29831163170662794,
    0.30185405790805814,
    0.30456988694992926,
    0.30877480222420256,
    0.3042733596671711,
    0.310371466522867,
    0.30696732198650184
  ],
  "val_loss": [
    0.9364951062947512,
    0.7064026422798634,
    0.6585908355191349,
    0.5880935387685895,
    0.5727258241735399,
    0.4587074760347604,
    0.41857838472351433,
    0.39521641265600915,
    0.3867891424335539,
    0.35498249661177395,
    0.34795807125046846,
    0.3514349499717354,
    0.45856692562811074,
    0.3154730420093983,
    0.3795662479940802,
    0.39166403519921,
    0.2889726073015481,
    0.2909306486137211,
    0.2887906083837152,
    0.30100565678440033,
    0.3153792029246688,
    0.26848759483546014,
    0.27578476564958687,
    0.2687312227673828,
    0.29281319589354093,
    0.2721212393604219,
    0.2713648305740207,
    0.2775346218142658,
    0.28121828082948924,
    0.2447931654285639,
    0.31113819358870387,
    0.25371776809915897,
    0.25105391754768785,
    0.2584752538241446,
    0.2693194078747183,
    0.2582220778334886,
    0.2513363757170737,
    0.28023947658948595,
    0.27217965251766146,
    0.2730729886330664,
    0.27195759890601034,
    0.2374195237411186,
    0.23876306512393056,
    0.24282554942183196,
    0.25113342772237957,
    0.22873727378901093,
    0.25326438995543865,
    0.24837561747990547,
    0.23805555258877575,
    0.24089459157548843,
    0.2478171181399375,
    0.24514168829191474,
    0.2449069722322747,
    0.23882826506160199,
    0.2317247892031446,
    0.24288950415793803,
    0.24941255056764927,
    0.23175063009839503,
    0.2355672470293939,
    0.2240004807943478,
    0.24050343576818703,
    0.24392833521123974,
    0.23837897283956405,
    0.23063660741318018,
    0.23324973280541597,
    0.23218185498844832,
    0.23633100911974905,
    0.2329181178472936,
    0.23413249405566602,
    0.23806266596075146,
    0.23380566514097154,
    0.24155122463125733,
    0.23985147629864512,
    0.23286013696342706,
    0.23036049085203558,
    0.2382492783013731,
    0.23216169758234173,
    0.23503921790979804,
    0.23629035770427437,
    0.2300523411715403,
    0.23097229038830844,
    0.2363410955062136,
    0.2284547810209915,
    0.2307547136908397,
    0.23139086684677748,
    0.23879590327851472,
    0.23015174574684352,
    0.23136464511044322,
    0.2380343336611986,
    0.23484997160267082
  ],
  "epochs": [
    0,
    1,
    2,
    3,
    4,
    5,
    6,
    7,
    8,
    9,
    10,
    11,
    12,
    13,
    14,
    15,
    16,
    17,
    18,
    19,
    20,
    21,
    22,
    23,
    24,
    25,
    26,
    27,
    28,
    29,
    30,
    31,
    32,
    33,
    34,
    35,
    36,
    37,
    38,
    39,
    40,
    41,
    42,
    43,
    44,
    45,
    46,
    47,
    48,
    49,
    50,
    51,
    52,
    53,
    54,
    55,
    56,
    57,
    58,
    59,
    60,
    61,
    62,
    63,
    64,
    65,
    66,
    67,
    68,
    69,
    70,
    71,
    72,
    73,
    74,
    75,
    76,
    77,
    78,
    79,
    80,
    81,
    82,
    83,
    84,
    85,
    86,
    87,
    88,
    89
  ]
}