{
  "train_loss": [
    1.1446283490007574,
    0.7248850484327836,
    0.6262428039312362,
    0.5484570397030223,
    0.5033874951709401,
    0.47264684482054276,
    0.4486307693069631,
    0.4278356523947282,
    0.4139153661782091,
    0.40486087861386205,
    0.3899571860649369,
    0.3830248341235247,
    0.37694181648167696,
    0.3627391937104138,
    0.3592305049029263,
    0.3581919359348037,
    0.34784772241657425,
    0.3439018511230295,
    0.3368429478732022,
    0.33869158335707406,
    0.3320525216785344,
    0.3311591265418312,
    0.3275524072484537,
    0.322186098288406,
    0.32166398064656687,
    0.31762960087169295,
    0.31524035069075496,
    0.3169353610548106,
    0.310507803180001,
    0.3043272143331441,
    0.3004869126189838,
    0.2992018006335605,
    0.29509604370052167,
    0.30277764829722315,
    0.2982532641020688,
    0.2950464611432769,
    0.2953102573752403,
    0.29686760265718803,
    0.2964400481635874,
    0.2951712507280436,
    0.29399176922711456,
    0.292773674509742,
    0.2879314419356259,
    0.289934301728552,
    0.2840315174514597,
    0.2920476147532463,
    0.2849482720277526,
    0.2899895084987987
  ],
  "val_loss": [
    0.7189370216801763,
    0.5970635764300823,
    0.4723363772034645,
    0.4139530427753925,
    0.40144896088168025,
    0.3452338277362287,
    0.34112319396808743,
    0.33873785235919057,
    0.3450519594829529,
    0.3484985623974353,
    0.2964023562613875,
    0.34651675806380805,
    0.3134881268255412,
    0.34642704729922114,
    0.2960212906356901,
    0.38855108749121425,
    0.33677936508320266,
    0.29286763076670463,
    0.3905391335953027,
    0.31244734320789574,
    0.3634699746500701,
    0.3775782141834497,
    0.35047163618728516,
    0.3707490949425846,
    0.34865553849376735,
    0.328460121108219,
    0.2969625052530318,
    0.3218007437884807,
    0.31063777273520826,
    0.3377790560014546,
    0.33716525915078815,
    0.3300537835340947,
    0.34802595898509026,
    0.3219100174494088,
    0.3384937368100509,
    0.34387810914777217,
    0.3440201286226511,
    0.34253728860057886,
    0.34804248646833,
    0.3345650842878967,
    0.3412075076717883,
    0.3492690516635775,
    0.34687185946386306,
    0.34078586266841737,
    0.3668178966501728,
    0.3410686384420842,
    0.34901148260105397,
    0.3644021359505132
  ],
  "epochs": [
    0,
    1,
    2,
    3,
    4,
    5,
    6,
    7,
    8,
    9,
    10,
    11,
    12,
    13,
    14,
    15,
    16,
    17,
    18,
    19,
    20,
    21,
    22,
    23,
    24,
    25,
    26,
    27,
    28,
    29,
    30,
    31,
    32,
    33,
    34,
    35,
    36,
    37,
    38,
    39,
    40,
    41,
    42,
    43,
    44,
    45,
    46,
    47
  ]
}