{
  "train_loss": [
    1.3407763344591315,
    0.8646696363795887,
    0.7162697916139256,
    0.6419631664319472,
    0.5819253047487952,
    0.5564899401231246,
    0.5202376176552338,
    0.5059136409109288,
    0.4804786522280086,
    0.46336346157572483,
    0.450261546075344,
    0.43325960879976094,
    0.4291795310378074,
    0.41159760163588954,
    0.40078995273871854,
    0.4018928690932014,
    0.39401132014664736,
    0.3912385659868067,
    0.3776491289789026,
    0.37594207270578905,
    0.3739259790832346,
    0.368286841051145,
    0.3628756257078864,
    0.35618156601082196,
    0.35054002436724574,
    0.3538676967404105,
    0.3524824137850241,
    0.34368634107437995,
    0.3427182750810276,
    0.33747464914213526,
    0.33081508186730474,
    0.3379899188063361,
    0.3314661979946223,
    0.3346486654877663,
    0.3229733910885724,
    0.32780291137370193,
    0.3262046674977649,
    0.3243470393256707,
    0.32842071855610067,
    0.32306671733205966,
    0.3145654953067953,
    0.31808614785021,
    0.32061858865347775,
    0.31913470793854104,
    0.306661932007833,
    0.30937017576260994,
    0.30447895066304637,
    0.3075304233756932,
    0.3136452260342511,
    0.3073765083605593,
    0.29731666340069335,
    0.29485525900667364,
    0.2907529347593134,
    0.293521301177415,
    0.29493157885291355,
    0.2930499669638547,
    0.2910854286497289,
    0.2953899595683271,
    0.29002360048619186,
    0.2971951174736023,
    0.29784786224365234,
    0.2939892385222695,
    0.2902378849007866,
    0.2853017903999849,
    0.2900523733821782,
    0.28965737789869306,
    0.2908365541967478,
    0.2900651503151113,
    0.28336911876093257,
    0.2872164083339951,
    0.28392706201835116,
    0.2885851775245233,
    0.2825699641758745,
    0.28220219024203036,
    0.280078545727513,
    0.29053842959078874,
    0.2793407025391405,
    0.28016396487301043,
    0.2859965612129731,
    0.2762187111377716,
    0.28208488141948523,
    0.2814071416583928,
    0.2799709394032305,
    0.2868690093809908,
    0.284481424878944
  ],
  "val_loss": [
    0.9243297446519136,
    0.6629248972982168,
    0.5267366982065141,
    0.5298409185372293,
    0.5780844846740365,
    0.4397480289451778,
    0.46522678192704914,
    0.3793330010026693,
    0.3691695239394903,
    0.3779443191364407,
    0.34654585081152617,
    0.47253002789802845,
    0.3130445936694741,
    0.30531176798976956,
    0.4102640543598681,
    0.31452555260621007,
    0.2758298778440803,
    0.32008923622779545,
    0.31072349902242424,
    0.30440562800504267,
    0.3424693976994604,
    0.35648919553495945,
    0.30508257653564214,
    0.30900555155239995,
    0.2993250293191522,
    0.2959262161981314,
    0.2596211043652147,
    0.24291960238479077,
    0.3219432363286614,
    0.3032646773383021,
    0.4130410201847553,
    0.27145555042661723,
    0.24029780323617161,
    0.2841404863167554,
    0.23783502033911644,
    0.26875191004946825,
    0.24003758560866115,
    0.2213451324729249,
    0.22281591698992997,
    0.2979151551611721,
    0.23581813033670185,
    0.25681107575073836,
    0.23205901621840894,
    0.257826164457947,
    0.2430885789217427,
    0.27710039480589327,
    0.22858339194208382,
    0.237525014905259,
    0.3078525754855945,
    0.2302113989368081,
    0.25947829280048607,
    0.25691685762722044,
    0.24886319281067698,
    0.2584984060609713,
    0.21866221516393125,
    0.2464800882153213,
    0.23289492146577684,
    0.23896393647883085,
    0.2388753545004874,
    0.22660452940035608,
    0.2518470106413588,
    0.23738956067245454,
    0.23066901897545902,
    0.24133593244478105,
    0.2688339069718495,
    0.2796222100500017,
    0.22525639790110288,
    0.2234507013345137,
    0.23532950738444922,
    0.23424438957590607,
    0.223562340461649,
    0.24133769732434301,
    0.21874226985964923,
    0.23291937403846533,
    0.22821446647867558,
    0.22911950275301932,
    0.23462380077689884,
    0.23077374272979795,
    0.22739436998963355,
    0.22326093185693024,
    0.2303871277021244,
    0.2211280050687492,
    0.23549548787996172,
    0.23318497659638524,
    0.2308687407290563
  ],
  "epochs": [
    0,
    1,
    2,
    3,
    4,
    5,
    6,
    7,
    8,
    9,
    10,
    11,
    12,
    13,
    14,
    15,
    16,
    17,
    18,
    19,
    20,
    21,
    22,
    23,
    24,
    25,
    26,
    27,
    28,
    29,
    30,
    31,
    32,
    33,
    34,
    35,
    36,
    37,
    38,
    39,
    40,
    41,
    42,
    43,
    44,
    45,
    46,
    47,
    48,
    49,
    50,
    51,
    52,
    53,
    54,
    55,
    56,
    57,
    58,
    59,
    60,
    61,
    62,
    63,
    64,
    65,
    66,
    67,
    68,
    69,
    70,
    71,
    72,
    73,
    74,
    75,
    76,
    77,
    78,
    79,
    80,
    81,
    82,
    83,
    84
  ]
}