{
  "train_loss": [
    1.1790550772710278,
    0.7294368833845312,
    0.6149744140559976,
    0.5488114594329487,
    0.5061717185107144,
    0.4734961812604557,
    0.4566351512887261,
    0.44145373474467886,
    0.4258332659439607,
    0.41363340421156447,
    0.40162241914055563,
    0.3901004114205187,
    0.3809314394539053,
    0.3789062529260462,
    0.37121667241508305,
    0.365942956561392,
    0.3579112209515138,
    0.35203429991548707,
    0.3517555026303638,
    0.3390440824898806,
    0.33757347594607956,
    0.33689375907182695,
    0.33440272374586627,
    0.3343252843889323,
    0.32889752285047,
    0.32961411291902715,
    0.32673720798709177,
    0.33190578869797965,
    0.32898085195909843,
    0.32729181498289106,
    0.320487042015249,
    0.3240991784496741,
    0.32226939117366615,
    0.32491815453225914,
    0.32254885047674176,
    0.32140815507281906,
    0.3230547839403152,
    0.31582665018059985
  ],
  "val_loss": [
    0.7181672509759665,
    0.5663981199264526,
    0.47169201988726855,
    0.45585683910176156,
    0.3787754889577627,
    0.39743768693879244,
    0.385402150824666,
    0.3412156340666115,
    0.43468957580626005,
    0.3977378242649138,
    0.35032076938077805,
    0.4035284199286252,
    0.3651525843422859,
    0.3601693336851895,
    0.3838925640564412,
    0.3909612339455634,
    0.47590646715834733,
    0.3715252850204706,
    0.3690951610449701,
    0.41839828044176103,
    0.4239869011100381,
    0.4472140860278159,
    0.4147471745032817,
    0.419886278687045,
    0.3879706908017397,
    0.4562549744267016,
    0.414617382735014,
    0.45569105534814297,
    0.45222538616508245,
    0.40875112721696494,
    0.4250599716324359,
    0.4328069358598441,
    0.416159554477781,
    0.4441923279315233,
    0.4334189237561077,
    0.4415661571547389,
    0.43020562231540677,
    0.41992358458228407
  ],
  "epochs": [
    0,
    1,
    2,
    3,
    4,
    5,
    6,
    7,
    8,
    9,
    10,
    11,
    12,
    13,
    14,
    15,
    16,
    17,
    18,
    19,
    20,
    21,
    22,
    23,
    24,
    25,
    26,
    27,
    28,
    29,
    30,
    31,
    32,
    33,
    34,
    35,
    36,
    37
  ]
}