{
  "train_loss": [
    1.1853406429290771,
    0.6879360734874552,
    0.5761877404559741,
    0.5219063449989666,
    0.4883845847845077,
    0.46025224479761984,
    0.43800991475582124,
    0.4236837046254765,
    0.41268696243112735,
    0.39689299634911795,
    0.38505029835484245,
    0.3797010338306427,
    0.3738245586915449,
    0.3593334123763171,
    0.3534757014838132,
    0.3398370113968849,
    0.33869276908310975,
    0.3330637499148196,
    0.3258101045543497,
    0.32688784680583255,
    0.3244847831130028,
    0.32087739670818505,
    0.3194880047169599,
    0.3177379241585731,
    0.314846211400899,
    0.31713452238928186,
    0.31330673789436164,
    0.3158275097337636,
    0.3155983970652927,
    0.30783286818049166,
    0.301786049712788,
    0.3055061148242517,
    0.3046065883744847,
    0.3078680808435787,
    0.3059398079189387,
    0.300750186660073,
    0.30745270761576565
  ],
  "val_loss": [
    0.688655442930758,
    0.5154766181483864,
    0.46460001450031996,
    0.44885502224788065,
    0.45103266313672064,
    0.36453337157145144,
    0.3488011099398136,
    0.4127746671438217,
    0.3953324087895453,
    0.3630240322556347,
    0.4509871949907392,
    0.3940157419070601,
    0.47594575495459135,
    0.38794550653547044,
    0.42563451724126933,
    0.3977119060233235,
    0.44740310036577285,
    0.41677037966437636,
    0.375730044953525,
    0.38074221592396496,
    0.3894042256753891,
    0.40311116110533474,
    0.4173397223930806,
    0.421379905520007,
    0.42513217250816526,
    0.387466937629506,
    0.41012754421681163,
    0.406900405138731,
    0.4355338496156037,
    0.41915925429202616,
    0.39491249853745103,
    0.39606501096859575,
    0.3990535242483019,
    0.41700097294524313,
    0.4059274731669575,
    0.42615319825708864,
    0.40832214676775036
  ],
  "epochs": [
    0,
    1,
    2,
    3,
    4,
    5,
    6,
    7,
    8,
    9,
    10,
    11,
    12,
    13,
    14,
    15,
    16,
    17,
    18,
    19,
    20,
    21,
    22,
    23,
    24,
    25,
    26,
    27,
    28,
    29,
    30,
    31,
    32,
    33,
    34,
    35,
    36
  ]
}