{
  "train_loss": [
    0.8275321895190648,
    0.6433741997037615,
    0.5886711688314166,
    0.5652872744696481,
    0.5451742228031159,
    0.535589813722883,
    0.5246095708983285,
    0.5160544983727592,
    0.5094069323267255,
    0.5017423662185669,
    0.4963390085356576,
    0.49123878757613043,
    0.48485459329060143,
    0.4814163536003658,
    0.4787724579811096,
    0.47890132384981426,
    0.47270043174198695,
    0.46960234854561944,
    0.4678462609427316,
    0.46441196432794846,
    0.46293094481740676,
    0.4614382954597473,
    0.45716483793258667,
    0.4553250434739249,
    0.4550951298236847,
    0.45415076609339033,
    0.4519766561440059,
    0.4483173951421465,
    0.4489660442352295,
    0.4447035438673837,
    0.4424149326324463,
    0.4441906586578914,
    0.4425304028715406,
    0.43775919000080654,
    0.43511793439728874,
    0.4360775332246508,
    0.4359303670815059,
    0.4363990909780775,
    0.42998213207381114,
    0.4351899080004011,
    0.42946775906426565,
    0.4291572145870754,
    0.42658540774072917,
    0.42876603239604405,
    0.42738375264576506,
    0.429092692061833,
    0.42710563614709035,
    0.42529049205098834,
    0.42252200588498795,
    0.42369523304530554,
    0.4217084930351802,
    0.4241904073034014,
    0.4190339445795332,
    0.4179968458243779,
    0.41899737270218984,
    0.41830981061799183,
    0.4167837815829686,
    0.4151293328557696,
    0.4168243880748749,
    0.41455489951542446,
    0.4136837927205222,
    0.41451397934641154,
    0.4138413749013628,
    0.41547383284568784,
    0.41057830209732055,
    0.41032615570340836,
    0.4120239082949502,
    0.4112538453647069
  ],
  "val_loss": [
    0.46515164437294004,
    0.4045013165473938,
    0.3832430134773254,
    0.3694674115657806,
    0.3592336814880371,
    0.3608170625686645,
    0.3541963254928589,
    0.3450895661354065,
    0.3421923290252686,
    0.3338855303287506,
    0.3332739605426788,
    0.3304705197811127,
    0.33405665435791015,
    0.32536719040870665,
    0.3202436477661133,
    0.32241516275405885,
    0.3216337032318115,
    0.3162283034324646,
    0.3237428867816925,
    0.30773242588043215,
    0.30695312032699584,
    0.30646853246688843,
    0.3050209225654602,
    0.32199372382164,
    0.3099020917892456,
    0.30452636137008665,
    0.3087727080821991,
    0.3035151643753052,
    0.29867774333953856,
    0.30327696011066435,
    0.3056088544368744,
    0.30418758373260496,
    0.30693485078811644,
    0.3028149925231934,
    0.29802933292388917,
    0.29902591252326965,
    0.30096600089073183,
    0.29651544704437255,
    0.2944390164375305,
    0.29140001373291013,
    0.2957605477333069,
    0.29620551528930666,
    0.29416352722644806,
    0.2935583016872406,
    0.2983154940605164,
    0.2871823287963867,
    0.28603222880363466,
    0.2833776596069336,
    0.2915890241622925,
    0.28533736062049864,
    0.28969967837333677,
    0.2919833402633667,
    0.28905184259414674,
    0.2876807782173157,
    0.2945848755836487,
    0.2869310122489929,
    0.290171108007431,
    0.28491862955093383,
    0.28594939918518064,
    0.2816560308933258,
    0.2852534643173218,
    0.2851002017021179,
    0.28698167943954467,
    0.28809886083602904,
    0.2884048563241959,
    0.2789004813909531,
    0.2857816427230835,
    0.28388113198280335
  ],
  "epochs": [
    0,
    1,
    2,
    3,
    4,
    5,
    6,
    7,
    8,
    9,
    10,
    11,
    12,
    13,
    14,
    15,
    16,
    17,
    18,
    19,
    20,
    21,
    22,
    23,
    24,
    25,
    26,
    27,
    28,
    29,
    30,
    31,
    32,
    33,
    34,
    35,
    36,
    37,
    38,
    39,
    40,
    41,
    42,
    43,
    44,
    45,
    46,
    47,
    48,
    49,
    50,
    51,
    52,
    53,
    54,
    55,
    56,
    57,
    58,
    59,
    60,
    61,
    62,
    63,
    64,
    65,
    66,
    67
  ]
}