{
    "dataset": "train",
    "accuracy": 0.9064,
    "macro_precision": 0.9055105207362933,
    "macro_recall": 0.9064,
    "macro_f1": 0.9056081543269853,
    "weighted_precision": 0.9055105207362933,
    "weighted_recall": 0.9064,
    "weighted_f1": 0.9056081543269854,
    "per_class_metrics": {
        "class_0": {
            "precision": 0.8996093086461695,
            "recall": 0.9078857142857143,
            "f1_score": 0.9037285628963909,
            "support": 35000
        },
        "class_1": {
            "precision": 0.834575941085177,
            "recall": 0.7835714285714286,
            "f1_score": 0.808269845714033,
            "support": 35000
        },
        "class_2": {
            "precision": 0.8897980264767446,
            "recall": 0.9352285714285714,
            "f1_score": 0.9119478457102261,
            "support": 35000
        },
        "class_3": {
            "precision": 0.9980588067370825,
            "recall": 0.9989142857142858,
            "f1_score": 0.9984863629872912,
            "support": 35000
        }
    },
    "confusion_matrix": [
        [
            31776,
            3188,
            4,
            32
        ],
        [
            3530,
            27425,
            4032,
            13
        ],
        [
            1,
            2243,
            32733,
            23
        ],
        [
            15,
            5,
            18,
            34962
        ]
    ]
}