{
  "train_loss": [
    0.7841744580052116,
    0.37153558135032655,
    0.2984192875298587,
    0.28308569490909574,
    0.28165149146860297,
    0.2761569394306703,
    0.2643515760248358,
    0.2579855431209911,
    0.2567116509784352,
    0.25327483984557064,
    0.2532622077248313,
    0.25478779917413535,
    0.24938896108757366,
    0.250634502009912,
    0.26246037483215334,
    0.24629906415939332,
    0.24406543861735952,
    0.2499034361405806,
    0.24453197040341118,
    0.2512732660228556,
    0.24297679256309163,
    0.24660311883146113,
    0.22967931682413276,
    0.2289561938155781,
    0.22669250748374245,
    0.22357713607224552,
    0.2251123222437772,
    0.22475104386156255,
    0.22398920113390142,
    0.22364277568730442,
    0.22045848830179735,
    0.22337037487463518,
    0.21897200779481368,
    0.22194500430063768,
    0.22156739180738275,
    0.22277433167804372,
    0.22167403508316386,
    0.2225317889993841,
    0.22221187922087582,
    0.22617426162416285,
    0.2216479783708399,
    0.22367750948125667,
    0.22140462561087174,
    0.22163523706522856,
    0.22082180841402574,
    0.2211206167936325,
    0.22561566802588376,
    0.22590840594335035,
    0.2211378820917823,
    0.22251280464909293,
    0.2199030423706228,
    0.2236366334286603,
    0.22078904888846657,
    0.22271159318360415,
    0.2238480112769387,
    0.2228231803937392,
    0.2217163703658364,
    0.22204094149849632,
    0.22461146414279937,
    0.22340621677311984,
    0.2237017807635394,
    0.22432558915831827,
    0.22299869060516359,
    0.22293717075477948,
    0.22043550393798134,
    0.22242426790974357,
    0.22228479195724835,
    0.2210906294259158
  ],
  "val_loss": [
    0.5270102098584175,
    0.44226870127022266,
    0.2862802604213357,
    0.3853385727852583,
    0.4218392167240381,
    0.424680357798934,
    0.34592699632048607,
    0.27699361741542816,
    0.28148734010756016,
    0.2693251697346568,
    0.36149995401501656,
    0.27011035569012165,
    0.2694283137097955,
    0.2816954758018255,
    0.28116526640951633,
    0.2610127506777644,
    0.29152892902493477,
    0.33949614129960537,
    0.2930609192699194,
    0.2823216337710619,
    0.5650302842259407,
    0.34905032254755497,
    0.2565635833889246,
    0.25679976772516966,
    0.26170180831104517,
    0.26347840670496225,
    0.2615943690761924,
    0.25813743844628334,
    0.268282363191247,
    0.2553011104464531,
    0.25474158860743046,
    0.2548937341198325,
    0.2544388771057129,
    0.25458002369850874,
    0.25468688644468784,
    0.2544349804520607,
    0.25428363494575024,
    0.2548221256583929,
    0.2544526467099786,
    0.2541611148044467,
    0.25455943681299686,
    0.2543954821303487,
    0.25457604322582483,
    0.2541793854907155,
    0.2544231414794922,
    0.2547235721722245,
    0.2543484251946211,
    0.254516969434917,
    0.2541431002318859,
    0.25488668866455555,
    0.25438011065125465,
    0.25445376336574554,
    0.25411616172641516,
    0.2544931499287486,
    0.2546679498627782,
    0.2547528324648738,
    0.2543088346719742,
    0.2544834855943918,
    0.2545153805986047,
    0.25490025617182255,
    0.25487170461565256,
    0.254332447424531,
    0.2545066988095641,
    0.25435105711221695,
    0.25455408450216055,
    0.2541462732478976,
    0.25565092638134956,
    0.2546430882066488
  ],
  "epochs": [
    0,
    1,
    2,
    3,
    4,
    5,
    6,
    7,
    8,
    9,
    10,
    11,
    12,
    13,
    14,
    15,
    16,
    17,
    18,
    19,
    20,
    21,
    22,
    23,
    24,
    25,
    26,
    27,
    28,
    29,
    30,
    31,
    32,
    33,
    34,
    35,
    36,
    37,
    38,
    39,
    40,
    41,
    42,
    43,
    44,
    45,
    46,
    47,
    48,
    49,
    50,
    51,
    52,
    53,
    54,
    55,
    56,
    57,
    58,
    59,
    60,
    61,
    62,
    63,
    64,
    65,
    66,
    67
  ]
}