{
  "train_loss": [
    0.8651040944186124,
    0.6617695093154907,
    0.5708144372159785,
    0.5351525680585341,
    0.5115873623978008,
    0.5008236207745292,
    0.4831492759964683,
    0.4739183014089411,
    0.4766750980507244,
    0.4827363290569999,
    0.4567470512606881,
    0.4667607849294489,
    0.4642967462539673,
    0.46423024372621013,
    0.45479136380282315,
    0.4562534679066051,
    0.4496646518057043,
    0.4268964697014202,
    0.42515276182781564,
    0.4243299820206382,
    0.42135843201117085,
    0.4199376355517994,
    0.42072985389015893,
    0.4178692812269384,
    0.4188692791895433,
    0.41977969191291115,
    0.41981803287159314,
    0.41548812010071495,
    0.41883014061234214,
    0.4177680644122037,
    0.41590148318897596,
    0.4138099041852084,
    0.41666248657486654,
    0.4175824338739568,
    0.4138401129029014,
    0.416584036025134,
    0.4117416181347587,
    0.41488158865408464,
    0.4145520464940505,
    0.40970082174647937,
    0.40993536331436853,
    0.41148474216461184,
    0.415073529698632,
    0.408022803068161,
    0.4097121032801541,
    0.4135833285071633,
    0.4095238084142858,
    0.4060252677310597,
    0.4091192765669389,
    0.40606270811774514,
    0.4088553146882491,
    0.4055973556908694,
    0.4053401979533109,
    0.4041076443412087,
    0.40681461962786586,
    0.40659375895153393,
    0.40510702295736833,
    0.40609123815189707,
    0.40832150090824476,
    0.40601828585971483,
    0.4074306628920815,
    0.4106700891798193
  ],
  "val_loss": [
    0.7848803102970123,
    0.7676489613950253,
    0.5285149365663528,
    0.5136441923677921,
    0.47784906439483166,
    1.1609796285629272,
    0.6941828355193138,
    0.5222653113305569,
    0.4682813100516796,
    0.7073015756905079,
    0.4489718209952116,
    0.6002034153789282,
    0.47526950016617775,
    0.47393681295216084,
    0.5034254100173712,
    0.4709892272949219,
    0.5527726840227842,
    0.420966187492013,
    0.4221510086208582,
    0.4388223197311163,
    0.45952216535806656,
    0.43010550551116467,
    0.4199132099747658,
    0.41720632649958134,
    0.4234208893030882,
    0.4238037411123514,
    0.418684471398592,
    0.4455906953662634,
    0.4169386997818947,
    0.42637853510677814,
    0.4685539770871401,
    0.4354595020413399,
    0.43307758681476116,
    0.41568977758288383,
    0.43004324473440647,
    0.4255720153450966,
    0.41402729973196983,
    0.4207542184740305,
    0.4151863772422075,
    0.4202494341880083,
    0.41529442742466927,
    0.4171080235391855,
    0.41584000550210476,
    0.4109780602157116,
    0.40984304063022137,
    0.411030238494277,
    0.4097939729690552,
    0.4105032440274954,
    0.41440136544406414,
    0.41016875579953194,
    0.41019188426434994,
    0.4109593704342842,
    0.41150955483317375,
    0.41038503870368004,
    0.4108206778764725,
    0.4108664486557245,
    0.41003563068807125,
    0.4122488908469677,
    0.4112082477658987,
    0.41055115312337875,
    0.41053126752376556,
    0.4112770762294531
  ],
  "epochs": [
    0,
    1,
    2,
    3,
    4,
    5,
    6,
    7,
    8,
    9,
    10,
    11,
    12,
    13,
    14,
    15,
    16,
    17,
    18,
    19,
    20,
    21,
    22,
    23,
    24,
    25,
    26,
    27,
    28,
    29,
    30,
    31,
    32,
    33,
    34,
    35,
    36,
    37,
    38,
    39,
    40,
    41,
    42,
    43,
    44,
    45,
    46,
    47,
    48,
    49,
    50,
    51,
    52,
    53,
    54,
    55,
    56,
    57,
    58,
    59,
    60,
    61
  ]
}