{
  "train_loss": [
    0.8098605112595991,
    0.37198147936300796,
    0.2935884123498743,
    0.2761315876787359,
    0.26901919381185013,
    0.25853356258435684,
    0.2558900212699717,
    0.2518029752102765,
    0.25335035757585006,
    0.24846031232313676,
    0.24457183588634837,
    0.24365515139969912,
    0.24574287913062356,
    0.22725563320246608,
    0.2257617882706902,
    0.22378333454782312,
    0.2250880775126544,
    0.22409000207077373,
    0.22140833518721842,
    0.21913771087473088,
    0.22394678809426047,
    0.2222933454947038,
    0.2246042411435734,
    0.2218567276542837,
    0.22086023092269896,
    0.22725377462126992,
    0.223157784613696,
    0.2232998409054496,
    0.22111626023595984,
    0.21896189857612958,
    0.22249687124382367,
    0.21964336877519433,
    0.2209816802631725,
    0.22250648059628225,
    0.22313016057014465,
    0.21958430897105824,
    0.2202199486168948,
    0.2188863301819021,
    0.21608695550398394,
    0.2178435517983003,
    0.21581687141548503,
    0.21537697829983452,
    0.21504011750221252,
    0.21431845020164142,
    0.216316648775881,
    0.21519009579311718,
    0.2153489410877228,
    0.2165569478815252,
    0.21391319036483764,
    0.21503580862825566,
    0.21740438585931604,
    0.21566587388515474,
    0.21557978174903175,
    0.2160317450761795,
    0.2186101260510358,
    0.2170952333645387,
    0.21546371497891165
  ],
  "val_loss": [
    0.6410543695092201,
    0.46994322538375854,
    0.2602633601054549,
    0.27756283059716225,
    0.4111431408673525,
    0.28723100759088993,
    0.24716621451079845,
    0.2600399199873209,
    0.3342257961630821,
    0.2472738530486822,
    0.25523362308740616,
    0.27300540264695883,
    0.24719313159585,
    0.2357039013877511,
    0.23382006026804447,
    0.2307811053469777,
    0.23285942804068327,
    0.23015844449400902,
    0.23039690870791674,
    0.23168502561748028,
    0.23467374686151743,
    0.23923668637871742,
    0.24869451951235533,
    0.22929231356829405,
    0.2311083236709237,
    0.2512812642380595,
    0.23794603161513805,
    0.23024907428771257,
    0.2287281872704625,
    0.22945306077599525,
    0.22897136583924294,
    0.22745260410010815,
    0.22832139022648335,
    0.22771259490400553,
    0.23178479075431824,
    0.2355826934799552,
    0.22851577121764421,
    0.25736425910145044,
    0.22740867547690868,
    0.22799579985439777,
    0.22714098915457726,
    0.22710309363901615,
    0.2272042604163289,
    0.22754117287695408,
    0.22795271407812834,
    0.22715883515775204,
    0.2274220883846283,
    0.22736653313040733,
    0.2272063046693802,
    0.2273215064778924,
    0.22743387892842293,
    0.22729278076440096,
    0.2271675243973732,
    0.22717166040092707,
    0.22710850927978754,
    0.2278179582208395,
    0.22733133472502232
  ],
  "epochs": [
    0,
    1,
    2,
    3,
    4,
    5,
    6,
    7,
    8,
    9,
    10,
    11,
    12,
    13,
    14,
    15,
    16,
    17,
    18,
    19,
    20,
    21,
    22,
    23,
    24,
    25,
    26,
    27,
    28,
    29,
    30,
    31,
    32,
    33,
    34,
    35,
    36,
    37,
    38,
    39,
    40,
    41,
    42,
    43,
    44,
    45,
    46,
    47,
    48,
    49,
    50,
    51,
    52,
    53,
    54,
    55,
    56
  ]
}