{
  "train_loss": [
    0.7755856654860757,
    0.4017373453487049,
    0.34812696196816184,
    0.33100798997012054,
    0.32830119268460706,
    0.3200235529379411,
    0.31070626378059385,
    0.3126202613115311,
    0.306942789662968,
    0.31238522231578825,
    0.3056344435973601,
    0.30389067991213364,
    0.3021281136707826,
    0.30808543942191385,
    0.2952567065303976,
    0.2842239054766568,
    0.2842571263963526,
    0.2839999987320466,
    0.2843193904920058,
    0.28552070558071135,
    0.28246715231375263,
    0.2828030851754275,
    0.28053144920956,
    0.28238304419951005,
    0.2856853360479528,
    0.28285379165952856,
    0.2803660940040242,
    0.28089278123595496,
    0.2793093201788989,
    0.27907698262821545,
    0.2799835261973468,
    0.27944537021897053,
    0.27719847424463795,
    0.2799931054765528,
    0.2816340527751229
  ],
  "val_loss": [
    0.747070424258709,
    0.35742026194930077,
    0.45542152412235737,
    0.5776410475373268,
    0.36953768506646156,
    0.4392288848757744,
    0.3609331902116537,
    0.3379095271229744,
    0.36846878193318844,
    0.3825636953115463,
    0.39374508894979954,
    0.41062770411372185,
    0.3844843711704016,
    0.8014418557286263,
    0.3147074030712247,
    0.31853347551077604,
    0.3145756395533681,
    0.3138400111347437,
    0.3129372810944915,
    0.3125683907419443,
    0.31847180984914303,
    0.31518459413200617,
    0.3131339680403471,
    0.3160079410299659,
    0.3140183538198471,
    0.31527956388890743,
    0.3129937816411257,
    0.3125763339921832,
    0.3139337133616209,
    0.3129358505830169,
    0.31266978941857815,
    0.3129954859614372,
    0.31311773136258125,
    0.3128842003643513,
    0.3131970604881644
  ],
  "epochs": [
    0,
    1,
    2,
    3,
    4,
    5,
    6,
    7,
    8,
    9,
    10,
    11,
    12,
    13,
    14,
    15,
    16,
    17,
    18,
    19,
    20,
    21,
    22,
    23,
    24,
    25,
    26,
    27,
    28,
    29,
    30,
    31,
    32,
    33,
    34
  ]
}