{
  "train_loss": [
    0.8457282131368463,
    0.4479991598562761,
    0.3594576201655648,
    0.32916255105625497,
    0.32178345024585725,
    0.3186258172447031,
    0.3065429226918654,
    0.30355919978835366,
    0.3093382935632359,
    0.30348862517963754,
    0.29532776989720083,
    0.30146059827371074,
    0.29494952261447904,
    0.2913370660760186,
    0.29874397055669266,
    0.2948521901260723,
    0.27742495753548363,
    0.2751463749191978,
    0.27356174696575514,
    0.2726580549370159,
    0.27405774322423065,
    0.27076705585826527,
    0.27242619015953756,
    0.2727521170269359,
    0.2755856237628243,
    0.26987190761349417,
    0.2723601219328967,
    0.27199330980127506,
    0.2706242228096182,
    0.27183476036245174,
    0.26793948709964754,
    0.2696882123296911,
    0.26884213252501055,
    0.2701638945124366,
    0.26863490722396155,
    0.2689510610970584
  ],
  "val_loss": [
    0.6841138638556004,
    0.7407111898064613,
    0.3444431945681572,
    0.3130904510617256,
    0.342302143573761,
    0.6452105157077312,
    0.31427073664963245,
    0.736150223761797,
    0.30915165040642023,
    0.29711073357611895,
    0.30759158730506897,
    0.3139345571398735,
    0.31858652271330357,
    0.5230779908597469,
    0.45071774907410145,
    0.31667153164744377,
    0.2823022324591875,
    0.28933589719235897,
    0.2841803301125765,
    0.2842426970601082,
    0.2817327259108424,
    0.2855657795444131,
    0.28880760353058577,
    0.2829091688618064,
    0.2836334314197302,
    0.2933521531522274,
    0.2877767365425825,
    0.2827890031039715,
    0.2822123635560274,
    0.28232900332659483,
    0.28250518068671227,
    0.2820980930700898,
    0.2821589130908251,
    0.2848920151591301,
    0.2822229554876685,
    0.2820436740294099
  ],
  "epochs": [
    0,
    1,
    2,
    3,
    4,
    5,
    6,
    7,
    8,
    9,
    10,
    11,
    12,
    13,
    14,
    15,
    16,
    17,
    18,
    19,
    20,
    21,
    22,
    23,
    24,
    25,
    26,
    27,
    28,
    29,
    30,
    31,
    32,
    33,
    34,
    35
  ]
}