{
  "train_loss": [
    0.792841068722985,
    0.37034691247073087,
    0.30452823476357893,
    0.2850078837438063,
    0.2718356173146855,
    0.2718226381323554,
    0.2668396844105287,
    0.25936228958043184,
    0.2571806173432957,
    0.2621231745589863,
    0.2519839422269301,
    0.2533813999457793,
    0.25346322926608,
    0.24635556719519874,
    0.256724641810764,
    0.25622907768596304,
    0.24933281324126505,
    0.24833416180177167,
    0.2450666679577394,
    0.2485273930159482,
    0.24414375857873397,
    0.2436503204432401,
    0.24975651042027908,
    0.24930982400070537,
    0.2426749194210226,
    0.24164860113100572,
    0.24623238119212063,
    0.23128875548189337,
    0.22239036018198186,
    0.22415937835519964,
    0.22494571154767817,
    0.22046990421685306,
    0.22536510879343205,
    0.22133414393121545,
    0.22256337404251098,
    0.2217099896886132,
    0.22396615743637086,
    0.2251812306317416,
    0.22356219779361378,
    0.22255291667851534,
    0.22410617524927312,
    0.22163290571082722,
    0.22095728733322836,
    0.21964061856269837,
    0.221328513730656,
    0.22265820476141843,
    0.22053978741168975,
    0.21961698179895228,
    0.22030722851103002,
    0.21995733353224667,
    0.21800695251334798,
    0.22402033372358843,
    0.21763367490334945,
    0.220642767440189,
    0.21926711933179335,
    0.22262725694613023,
    0.21945036974820223,
    0.21957643140446056,
    0.2198701243508946,
    0.22178149656815963
  ],
  "val_loss": [
    0.4876329079270363,
    0.4701515734195709,
    0.30162153020501137,
    0.3117161765694618,
    0.3113776221871376,
    0.3081580316647887,
    0.3163297912105918,
    0.2693599984049797,
    0.37209043093025684,
    0.27488947845995426,
    0.2647205339744687,
    0.28075558692216873,
    0.36187722347676754,
    0.28333794232457876,
    0.265142529271543,
    0.278695628978312,
    0.26314816158264875,
    0.2609448656439781,
    0.339570046402514,
    0.2798253698274493,
    0.254269708879292,
    0.2718297401443124,
    0.2625074004754424,
    0.613456979393959,
    0.3078136881813407,
    0.4767103213816881,
    0.2834594352170825,
    0.25102549605071545,
    0.25064741261303425,
    0.250443983823061,
    0.2517831865698099,
    0.2550620213150978,
    0.2507027452811599,
    0.24942275416105986,
    0.24962344113737345,
    0.2510791355744004,
    0.25307530257850885,
    0.2496881913393736,
    0.2565350914373994,
    0.2526629427447915,
    0.24898227583616972,
    0.24930254835635424,
    0.24932268541306257,
    0.2496942775323987,
    0.24889186304062605,
    0.24890446662902832,
    0.24948004074394703,
    0.24895585980266333,
    0.2489640610292554,
    0.24931894149631262,
    0.24992946535348892,
    0.24912645295262337,
    0.24911485984921455,
    0.24892349913716316,
    0.24928738176822662,
    0.2491035759449005,
    0.2489087199792266,
    0.2495458424091339,
    0.24889859277755022,
    0.2491538980975747
  ],
  "epochs": [
    0,
    1,
    2,
    3,
    4,
    5,
    6,
    7,
    8,
    9,
    10,
    11,
    12,
    13,
    14,
    15,
    16,
    17,
    18,
    19,
    20,
    21,
    22,
    23,
    24,
    25,
    26,
    27,
    28,
    29,
    30,
    31,
    32,
    33,
    34,
    35,
    36,
    37,
    38,
    39,
    40,
    41,
    42,
    43,
    44,
    45,
    46,
    47,
    48,
    49,
    50,
    51,
    52,
    53,
    54,
    55,
    56,
    57,
    58,
    59
  ]
}