{
  "train_loss": [
    0.7669278627092188,
    0.34916972138664937,
    0.2821354467760433,
    0.25622280510989104,
    0.25663348598913716,
    0.2503413132645867,
    0.24814621155912225,
    0.23944764164361088,
    0.23622984804890373,
    0.23567166057499972,
    0.23635601807724346,
    0.23385649160905317,
    0.22971778918396343,
    0.22663911012086002,
    0.22470573728734797,
    0.23122081756591797,
    0.23414033949375151,
    0.23000494946133007,
    0.22310704615983096,
    0.22719140432097695,
    0.22580746899951587,
    0.2153510575944727,
    0.20496400486339222,
    0.202679121223363,
    0.20531822957775808,
    0.20493690073490142,
    0.20334328467195684,
    0.20407378483902325,
    0.20616616281596098,
    0.20573544908653607,
    0.20271496203812686,
    0.20367922620339826,
    0.2052806713364341,
    0.2061763045462695,
    0.2023108200593428,
    0.20254147350788115,
    0.20119026845151727,
    0.20424844947728243,
    0.20160496939312328,
    0.20057902119376442,
    0.20215196907520294,
    0.2037758228453723,
    0.2010765333067287
  ],
  "val_loss": [
    0.5059898607432842,
    0.5918137952685356,
    0.2826969576999545,
    0.28892055060714483,
    0.26514160819351673,
    0.8237259089946747,
    0.2686369279399514,
    0.39845983125269413,
    0.4178847689181566,
    0.25877683889120817,
    0.5025646798312664,
    0.4076362047344446,
    0.2754720374941826,
    0.46150947734713554,
    0.24390764720737934,
    0.24893127009272575,
    0.253935313783586,
    0.2651656689122319,
    0.278458914719522,
    0.2542170761153102,
    0.9022353552281857,
    0.23322189692407846,
    0.23463759943842888,
    0.2331771505996585,
    0.24760113935917616,
    0.2346826884895563,
    0.23181612882763147,
    0.23062412347644567,
    0.23390254564583302,
    0.2338995225727558,
    0.23830539267510176,
    0.23317579366266727,
    0.2371466988697648,
    0.2337373634800315,
    0.23222473729401827,
    0.23158918786793947,
    0.23127670492976904,
    0.231502172537148,
    0.23290693666785955,
    0.23207137268036604,
    0.2316664420068264,
    0.2318119127303362,
    0.23317602649331093
  ],
  "epochs": [
    0,
    1,
    2,
    3,
    4,
    5,
    6,
    7,
    8,
    9,
    10,
    11,
    12,
    13,
    14,
    15,
    16,
    17,
    18,
    19,
    20,
    21,
    22,
    23,
    24,
    25,
    26,
    27,
    28,
    29,
    30,
    31,
    32,
    33,
    34,
    35,
    36,
    37,
    38,
    39,
    40,
    41,
    42
  ]
}