{
  "train_loss": [
    0.8224218823693016,
    0.4028145508332686,
    0.3167946449734948,
    0.314832806316289,
    0.29132855615832587,
    0.28125783584334635,
    0.27378332723270765,
    0.27395132156935603,
    0.27528144229542123,
    0.2702378443696282,
    0.26693832007321444,
    0.2675057571042668,
    0.26451976245099845,
    0.2662593175064434,
    0.2623615405776284,
    0.2587229536338286,
    0.2671476472507824,
    0.26400192948904905,
    0.2603176322850314,
    0.2635450905019587,
    0.256403694098646,
    0.2631114347414537,
    0.246411055597392,
    0.23942335789853877,
    0.23934596370566974,
    0.24040424092249438,
    0.23991587405855005,
    0.23898942172527313,
    0.239151961424134,
    0.23777308030561967,
    0.23656774081967094,
    0.23453131345185366,
    0.23551533899523996,
    0.23511515882882206,
    0.23359152674674988,
    0.2354664588516409,
    0.23751149773597718,
    0.23333278488029133
  ],
  "val_loss": [
    0.5811604969203472,
    0.5179944131523371,
    0.3274420201778412,
    0.3550223372876644,
    0.32607610523700714,
    0.29836464673280716,
    0.2867051800712943,
    0.33320148196071386,
    0.2827586531639099,
    0.26974421367049217,
    0.2758255274966359,
    0.2704802639782429,
    0.28345726802945137,
    0.2845259951427579,
    0.2779639447107911,
    0.2632785066962242,
    0.28483965527266264,
    0.313593003898859,
    0.2854939326643944,
    0.271238231100142,
    0.3130814377218485,
    0.32785825058817863,
    0.2542189182713628,
    0.25835075322538614,
    0.2605452546849847,
    0.25520985666662455,
    0.2546755839139223,
    0.2665752684697509,
    0.2566195987164974,
    0.2557724677026272,
    0.2555319210514426,
    0.2550975615158677,
    0.2566363923251629,
    0.25507027469575405,
    0.2554382048547268,
    0.25651542749255896,
    0.254732858389616,
    0.25513114407658577
  ],
  "epochs": [
    0,
    1,
    2,
    3,
    4,
    5,
    6,
    7,
    8,
    9,
    10,
    11,
    12,
    13,
    14,
    15,
    16,
    17,
    18,
    19,
    20,
    21,
    22,
    23,
    24,
    25,
    26,
    27,
    28,
    29,
    30,
    31,
    32,
    33,
    34,
    35,
    36,
    37
  ]
}