{
  "train_loss": [
    0.8210555705157193,
    0.4409939901395278,
    0.35716220411387356,
    0.3411574894731695,
    0.32705200449986893,
    0.31604002659971064,
    0.3210935549302535,
    0.31672682084820486,
    0.3073458649895408,
    0.31199816465377805,
    0.3060249147090045,
    0.3061055348678069,
    0.3012886472723701,
    0.2959134521809491,
    0.3053772782737559,
    0.30168605284257366,
    0.3007634441960942,
    0.29479724114591427,
    0.2935788531195034,
    0.29410195567391134,
    0.2888676331801848,
    0.2794453276829286,
    0.27333711656657134,
    0.27404010485519065,
    0.27526303231716154,
    0.2747894988818602,
    0.2736563907428221,
    0.27393467372114005,
    0.27415552112189207,
    0.2733314939520576,
    0.2696580786596645,
    0.27291066456924784,
    0.2710289854894985,
    0.27190027805891903,
    0.2680002586408095,
    0.2689351043917916,
    0.2713350450450724,
    0.270004218545827,
    0.27114369110627606,
    0.2697943045334382,
    0.27029097242788835,
    0.2675142380324277,
    0.2701295551928607,
    0.26766061213883485,
    0.2722423228350553,
    0.26955046464096416,
    0.27051700841296805,
    0.2717659874395891,
    0.27082239606163716,
    0.2688926721161062,
    0.27004528750072826,
    0.2684994196349924,
    0.26818557354536926,
    0.26716478792103854,
    0.2698165511543101,
    0.2717016127976504
  ],
  "val_loss": [
    0.6173121780157089,
    0.3265387751162052,
    0.40307631716132164,
    0.32686106488108635,
    0.28978870902210474,
    0.31537268217653036,
    0.32382828183472157,
    0.3051441665738821,
    0.29273485019803047,
    0.2835233462974429,
    0.29875100776553154,
    0.2996314726769924,
    0.5901919342577457,
    0.48940716683864594,
    0.2799201216548681,
    0.5128657650202513,
    0.5492448918521404,
    0.29078982304781675,
    0.33679400756955147,
    0.33319468796253204,
    0.4066304136067629,
    0.26665199641138315,
    0.26516866590827703,
    0.26782452780753374,
    0.28872962668538094,
    0.26569127198308706,
    0.2783522754907608,
    0.26551078353077173,
    0.269974690862,
    0.26520369946956635,
    0.26492562983185053,
    0.26481207739561796,
    0.26522466726601124,
    0.2653206391260028,
    0.26475406903773546,
    0.2649325607344508,
    0.2648908933624625,
    0.26515117939561605,
    0.2656024666503072,
    0.265174956060946,
    0.2647373639047146,
    0.26483614183962345,
    0.2650439217686653,
    0.26490025222301483,
    0.26505145616829395,
    0.26509569119662046,
    0.26523343846201897,
    0.2651363266631961,
    0.2648829612880945,
    0.2648104280233383,
    0.26505787298083305,
    0.26650162506848574,
    0.2651771428063512,
    0.2651632381603122,
    0.26515744253993034,
    0.2650201851502061
  ],
  "epochs": [
    0,
    1,
    2,
    3,
    4,
    5,
    6,
    7,
    8,
    9,
    10,
    11,
    12,
    13,
    14,
    15,
    16,
    17,
    18,
    19,
    20,
    21,
    22,
    23,
    24,
    25,
    26,
    27,
    28,
    29,
    30,
    31,
    32,
    33,
    34,
    35,
    36,
    37,
    38,
    39,
    40,
    41,
    42,
    43,
    44,
    45,
    46,
    47,
    48,
    49,
    50,
    51,
    52,
    53,
    54,
    55
  ]
}