{
  "train_loss": [
    0.7915984543887051,
    0.4323963636701757,
    0.3415276668288491,
    0.3293570962819186,
    0.31691077107732946,
    0.3062184439464049,
    0.2954593514854258,
    0.2922529548406601,
    0.2900568092411215,
    0.2946094323288311,
    0.2799471055919474,
    0.28373822407288984,
    0.28595199449495834,
    0.2842117729512128,
    0.2777323682199825,
    0.2797044485807419,
    0.26655288311568176,
    0.2605991390618411,
    0.2617797374725342,
    0.2578141545707529,
    0.2554097064516761,
    0.2555184077132832,
    0.25757834857160394,
    0.2551986114545302,
    0.2558629434217106,
    0.2544238851829009,
    0.25424642291936006,
    0.254520074616779,
    0.25667220462452284,
    0.25190325054255397,
    0.2508049710230394,
    0.2516238488934257,
    0.25358809368176893,
    0.2501119613647461,
    0.25216533866795626,
    0.25188437618992543,
    0.2545107389038259,
    0.25250562944195487,
    0.25463359491391613,
    0.2511039766398343,
    0.2495451417836276,
    0.2520899444818497,
    0.24988642903891475,
    0.25162263864820655,
    0.2524396365339106,
    0.24989310584285043,
    0.25063073309985073,
    0.2509377574378794,
    0.2511359919201244
  ],
  "val_loss": [
    0.5760626383125782,
    0.6130352132022381,
    0.3478709030896425,
    0.3291858732700348,
    0.6001302879303694,
    0.35987668111920357,
    0.28530561923980713,
    0.28976701758801937,
    0.3250990994274616,
    0.2796973753720522,
    0.33772808499634266,
    0.3006575983017683,
    0.4061288610100746,
    0.4674560930579901,
    0.3386652749031782,
    0.41161940060555935,
    0.26670612674206495,
    0.2655929233878851,
    0.2680034087970853,
    0.26537972781807184,
    0.2776398370042443,
    0.26726861391216516,
    0.2646522233262658,
    0.26510847359895706,
    0.27089016046375036,
    0.2655252832919359,
    0.265551021322608,
    0.2725237822160125,
    0.27497659251093864,
    0.26383316051214933,
    0.26335634011775255,
    0.2639514086768031,
    0.26376078091561794,
    0.2631760658696294,
    0.2640005312860012,
    0.263702473603189,
    0.26353027019649744,
    0.26348648592829704,
    0.26403706707060337,
    0.26452428195625544,
    0.2634833315387368,
    0.2634434662759304,
    0.2639452004805207,
    0.263385740108788,
    0.26366729475557804,
    0.26377004757523537,
    0.26350134052336216,
    0.26359657384455204,
    0.26360741164535284
  ],
  "epochs": [
    0,
    1,
    2,
    3,
    4,
    5,
    6,
    7,
    8,
    9,
    10,
    11,
    12,
    13,
    14,
    15,
    16,
    17,
    18,
    19,
    20,
    21,
    22,
    23,
    24,
    25,
    26,
    27,
    28,
    29,
    30,
    31,
    32,
    33,
    34,
    35,
    36,
    37,
    38,
    39,
    40,
    41,
    42,
    43,
    44,
    45,
    46,
    47,
    48
  ]
}