{
  "train_loss": [
    1.3312469350207936,
    0.8646338300813328,
    0.7533605286749927,
    0.6785943546620281,
    0.6195869732444936,
    0.5776433225111527,
    0.5414988062056628,
    0.506520161466165,
    0.48657556896859944,
    0.4667864977229724,
    0.43898475766181944,
    0.43230736727064306,
    0.41049551952968943,
    0.4132353486256166,
    0.39620320060036396,
    0.3912181586569005,
    0.3861767336997119,
    0.37495597259564833,
    0.37294621584090315,
    0.36987130124460565,
    0.36958995076743034,
    0.3637393068725412,
    0.35376500341025263,
    0.35626484635201366,
    0.3432156055081974,
    0.3420818980715491,
    0.34291377582333304,
    0.32604919390244913,
    0.3347109418023716,
    0.32842210631478913,
    0.3209619358181953,
    0.33009033365683116,
    0.3150874823873693,
    0.3209662114761092,
    0.3147144687175751,
    0.3105923914638432,
    0.3123875499042597,
    0.3136781105670062,
    0.30937540753321213,
    0.3067374942790378,
    0.2983119062402031,
    0.30567484259605404,
    0.30643567984754383,
    0.3076114119724794,
    0.3014896747198972,
    0.2962885624712163,
    0.2927766879038377,
    0.2897330859574404,
    0.2972514123266393,
    0.28839401231570677,
    0.286066226281903,
    0.29005033441565253,
    0.2846297602220015,
    0.28286440846594896,
    0.2856941032951528,
    0.28245764512907373,
    0.28031164608218456,
    0.2847398874705488,
    0.27688257444988595,
    0.28189631727608766,
    0.28129953874783076,
    0.27604036146944216,
    0.2797139805284413,
    0.277210694795305,
    0.276708226989616
  ],
  "val_loss": [
    0.8834979429841041,
    0.6959183430299163,
    0.5976201573386789,
    0.6188521317206324,
    0.48896171981468795,
    0.44787136428058144,
    0.38623227654024955,
    0.47797944955527777,
    0.40450483513996005,
    0.463479711394757,
    0.37236730949953195,
    0.42309703929349773,
    0.3855711915064603,
    0.3760578687768429,
    0.3855600088834762,
    0.34650491890497503,
    0.27826645094901326,
    0.3244899050332606,
    0.3262164720799774,
    0.35758258565329015,
    0.31139797028154137,
    0.33260283498093485,
    0.35154259535484017,
    0.3528020866215229,
    0.3263800138607621,
    0.36332566048949955,
    0.2638379932846874,
    0.35303268986754116,
    0.27335947612300515,
    0.2607978243380785,
    0.33154568108730015,
    0.2839654883369803,
    0.3789280032739043,
    0.24867224791087209,
    0.23799237105995413,
    0.30142124425619843,
    0.31334045226685703,
    0.3031138333957642,
    0.2932480020681396,
    0.24455524205695836,
    0.2745198855176568,
    0.2704956790199503,
    0.335085375001654,
    0.26486000856384634,
    0.2899354211986065,
    0.2514405064051971,
    0.25195345652755347,
    0.28109727373812343,
    0.2702513434225693,
    0.2811190422391519,
    0.24274116752203553,
    0.2620939652668312,
    0.27603156678378576,
    0.25475555676966904,
    0.28307937842328096,
    0.2518167546484619,
    0.28291597082279624,
    0.26064751495141536,
    0.2507126176729798,
    0.24891777047887442,
    0.2762870468199253,
    0.24634645143523812,
    0.24675672997254877,
    0.2536871680058539,
    0.2597701673163101
  ],
  "epochs": [
    0,
    1,
    2,
    3,
    4,
    5,
    6,
    7,
    8,
    9,
    10,
    11,
    12,
    13,
    14,
    15,
    16,
    17,
    18,
    19,
    20,
    21,
    22,
    23,
    24,
    25,
    26,
    27,
    28,
    29,
    30,
    31,
    32,
    33,
    34,
    35,
    36,
    37,
    38,
    39,
    40,
    41,
    42,
    43,
    44,
    45,
    46,
    47,
    48,
    49,
    50,
    51,
    52,
    53,
    54,
    55,
    56,
    57,
    58,
    59,
    60,
    61,
    62,
    63,
    64
  ]
}