{
  "train_loss": [
    1.350047335949811,
    0.8805602046034553,
    0.7624196408011696,
    0.6913681832226839,
    0.6360804496570066,
    0.5853037717125633,
    0.5408273869752884,
    0.5159927665645425,
    0.48858290683139455,
    0.4667984432794831,
    0.4513499249382452,
    0.433832488737323,
    0.42294918030500406,
    0.40391474780711256,
    0.39875417969443583,
    0.3896863976662809,
    0.3853876663338054,
    0.38476461890068914,
    0.37503073413263666,
    0.3688932245698842,
    0.35900445182215085,
    0.35867897998202924,
    0.3615149767290462,
    0.3562666037136858,
    0.3465793082118034,
    0.3458363038843328,
    0.3451874878731641,
    0.3437873904271559,
    0.33834962265058,
    0.3295369134707884,
    0.3360389719768004,
    0.3263647275892171,
    0.3248966831510717,
    0.3220177444815635,
    0.32011452412063424,
    0.312814526070248,
    0.3179730690338395,
    0.31536185167052533,
    0.3197171745246107,
    0.3119779899716377,
    0.3117974383993582,
    0.3076403496211225,
    0.3051473265344446,
    0.3067727647044442,
    0.3076225872744213,
    0.30311157012527634,
    0.3059311184828931,
    0.3057265360247005,
    0.3046229298277335,
    0.299844388988885,
    0.3029222851720723,
    0.3018353320522742,
    0.29245027496056125,
    0.28982277620922436,
    0.28989878554235804,
    0.28411308843981137,
    0.28259646036408165,
    0.28254925053228025,
    0.2877920300581238,
    0.28336549642411146,
    0.27962641970677804,
    0.28035616668787866,
    0.28134538834745226,
    0.2813677145134319,
    0.2806537680192427,
    0.2844991632212292,
    0.2731032641909339,
    0.2749670986695723,
    0.279778556254777,
    0.28122658949006685,
    0.2769247411597858
  ],
  "val_loss": [
    0.9248668368905782,
    0.7202533219009638,
    0.6556613868102431,
    0.5663105354644358,
    0.4902868630364537,
    0.4224968022666872,
    0.41170322876423593,
    0.38012722050771114,
    0.3683002366684377,
    0.34107448291033504,
    0.30966979782097037,
    0.30565171558409926,
    0.3388875902164727,
    0.3129506105091423,
    0.30115428306162356,
    0.2783142331521958,
    0.31662524859420954,
    0.26050655976869164,
    0.26952087176032363,
    0.26309449793770906,
    0.285921019455418,
    0.2768560148775578,
    0.3102748374454677,
    0.33833786346949635,
    0.2515819116961211,
    0.30722311306744815,
    0.255525705916807,
    0.2859754202421755,
    0.2595684321131557,
    0.24974607068579643,
    0.28510072359349575,
    0.3349473376292735,
    0.22928164154291153,
    0.2748068321496248,
    0.24931268126238135,
    0.25803554146550595,
    0.27875251863151784,
    0.25604275639634577,
    0.24927019835449754,
    0.2761646581115201,
    0.22526572707574813,
    0.24670153828337787,
    0.24585886192508039,
    0.2311089401366189,
    0.22634573916438966,
    0.22807007199153304,
    0.2608872798271477,
    0.24956457740627228,
    0.24221493962686508,
    0.25136269005015494,
    0.23375793516170232,
    0.26188899104017765,
    0.2572459644405171,
    0.2520860041724518,
    0.2319703359622508,
    0.23052494225557893,
    0.24154967160429802,
    0.228402032982558,
    0.2463336729677394,
    0.25312990047968925,
    0.2310957921668887,
    0.22774046906270087,
    0.2655032429145649,
    0.23432663923595098,
    0.24270198224112388,
    0.25489115205127744,
    0.23698257142677903,
    0.24421574387233702,
    0.2392995234346017,
    0.252389759849757,
    0.24113300770986823
  ],
  "epochs": [
    0,
    1,
    2,
    3,
    4,
    5,
    6,
    7,
    8,
    9,
    10,
    11,
    12,
    13,
    14,
    15,
    16,
    17,
    18,
    19,
    20,
    21,
    22,
    23,
    24,
    25,
    26,
    27,
    28,
    29,
    30,
    31,
    32,
    33,
    34,
    35,
    36,
    37,
    38,
    39,
    40,
    41,
    42,
    43,
    44,
    45,
    46,
    47,
    48,
    49,
    50,
    51,
    52,
    53,
    54,
    55,
    56,
    57,
    58,
    59,
    60,
    61,
    62,
    63,
    64,
    65,
    66,
    67,
    68,
    69,
    70
  ]
}