{
  "train_loss": [
    1.1912156664241444,
    0.7467292711951515,
    0.6275188461758874,
    0.549487187591466,
    0.5112624716216867,
    0.48166147091171957,
    0.4576491439342499,
    0.4427737673304297,
    0.4289586972648447,
    0.41207558840513225,
    0.4023461999947375,
    0.39013705849647523,
    0.3815146160125732,
    0.3825765218247067,
    0.3669970986788923,
    0.35721193579110233,
    0.35355379809032783,
    0.35386586173014206,
    0.3485147698629986,
    0.3414972827922214,
    0.3400427657907659,
    0.334898792071776,
    0.3387473987720229,
    0.3318020873719995,
    0.333559680797837,
    0.3317916947061365,
    0.31909932244907724,
    0.3217105482383208,
    0.33176025496287775,
    0.3219569520516829,
    0.3128831629861485,
    0.3056290172446858,
    0.31244610957124014,
    0.3121437323364345,
    0.3037518538399176,
    0.30384191962805657,
    0.3071332729946483,
    0.2970972473783926,
    0.2916821086406708,
    0.2985033393448049,
    0.2909761745821346,
    0.29247855936939066,
    0.28940777431834824,
    0.2857876523787325,
    0.2903764153339646,
    0.288605802628127,
    0.283141964701089,
    0.28708487489006734,
    0.2849256327206438,
    0.2807732654159719,
    0.2796798725019801,
    0.2839126050201329,
    0.2823548296635801,
    0.279316363632679,
    0.2817539231614633,
    0.27584292815490197,
    0.2868375965681943
  ],
  "val_loss": [
    0.7733533535152673,
    0.5758229540660977,
    0.4763861197046935,
    0.4402191342785954,
    0.40236282693222164,
    0.3964521505869925,
    0.40112891159951686,
    0.38672703625634314,
    0.35408122842200096,
    0.3967980485409498,
    0.39279949436895545,
    0.3791683672461658,
    0.3817782403435558,
    0.34134769695810974,
    0.3917942096479237,
    0.3385674029588699,
    0.3295584863983094,
    0.35514690983109176,
    0.35975449765101075,
    0.37119416021741924,
    0.36207037656567986,
    0.3236686221323907,
    0.36485640299506483,
    0.34267494436353446,
    0.35788163961842656,
    0.37996517331339413,
    0.29701361428014933,
    0.3690704370383173,
    0.2974752614274621,
    0.36902429880574344,
    0.4405389450024813,
    0.3418883549049497,
    0.31726684370078145,
    0.39246711484156543,
    0.31000491119921203,
    0.40659249899908895,
    0.3892942992504686,
    0.3469502698397264,
    0.37862164136022325,
    0.38304378706961867,
    0.40106078297831116,
    0.35295774282421916,
    0.3708529765484855,
    0.36131149954162534,
    0.3806534466333687,
    0.3692516003269702,
    0.348221380636096,
    0.3612814878346398,
    0.34132671158295125,
    0.3696836187271401,
    0.35907695193309336,
    0.3658751671668142,
    0.3493678310420364,
    0.3611096375854686,
    0.3713702202774584,
    0.37254901856649664,
    0.36826114358846096
  ],
  "epochs": [
    0,
    1,
    2,
    3,
    4,
    5,
    6,
    7,
    8,
    9,
    10,
    11,
    12,
    13,
    14,
    15,
    16,
    17,
    18,
    19,
    20,
    21,
    22,
    23,
    24,
    25,
    26,
    27,
    28,
    29,
    30,
    31,
    32,
    33,
    34,
    35,
    36,
    37,
    38,
    39,
    40,
    41,
    42,
    43,
    44,
    45,
    46,
    47,
    48,
    49,
    50,
    51,
    52,
    53,
    54,
    55,
    56
  ]
}