{
  "train_loss": [
    1.3633608751947228,
    0.878658641739325,
    0.7554818159341812,
    0.685071157650514,
    0.6225138331543315,
    0.5795063028010454,
    0.5402651845325123,
    0.5114630141583356,
    0.4911542600393295,
    0.47698821487751875,
    0.45792740065943116,
    0.44062637125903903,
    0.4400377853621136,
    0.4233897147124464,
    0.41820165948434307,
    0.41092723621563476,
    0.4047320442308079,
    0.40424704960801383,
    0.39696283998814497,
    0.3971209960092198,
    0.3900662851062688,
    0.38535318068482655,
    0.3925998370484872,
    0.37504948420958084,
    0.36823522234504874,
    0.3709886833483523,
    0.37654034224423494,
    0.36194188638166946,
    0.3604357472603971,
    0.3584058161486279,
    0.36268771542744205,
    0.3542895679853179,
    0.3604494082114913,
    0.3509111940318888,
    0.3530136312679811,
    0.3527333494208076,
    0.352903809249401,
    0.34485182843425055,
    0.3447837528586387,
    0.34936325021765446,
    0.34026374711231744,
    0.34103191638534713,
    0.3376424358920617,
    0.33585929710756646,
    0.34253373568708245,
    0.3395489862019365,
    0.33548292737115515,
    0.33575362235307693,
    0.33051971888000314,
    0.3272890103134242,
    0.3240260178934443,
    0.32400117822668767,
    0.31978875471787016,
    0.3213910546356981,
    0.32245022500103165,
    0.32009661436080933,
    0.3210031763261015,
    0.32153330830010496,
    0.3251468337665905,
    0.31687550785866647,
    0.318379760818048,
    0.32025962062857366,
    0.32238647750832816,
    0.3256708175214854,
    0.31876556591554117,
    0.3179262829368764,
    0.31865616435354405,
    0.31446334548971866,
    0.31111091754653236,
    0.3207269522818652,
    0.3158782407912341,
    0.3162723290378397,
    0.3147214252840389,
    0.31549165999347517,
    0.3098934078758413,
    0.3113930595192042,
    0.3123074066368016,
    0.3169914430379867,
    0.30582918792963026,
    0.30775674378330053,
    0.31257275432348247,
    0.30803112021901385,
    0.310399944700978,
    0.3118864024498246,
    0.3105943371761929,
    0.31029344488273963,
    0.3096753591840918,
    0.3117696807601235,
    0.30689126645976844,
    0.31590514529835095,
    0.31100013819607825
  ],
  "val_loss": [
    0.8686303831636906,
    0.7221946971490978,
    0.616565699595958,
    0.5333292789757251,
    0.45170749817043543,
    0.4259900841861963,
    0.38727079816162585,
    0.3565586351789534,
    0.3515162374824285,
    0.36776419351808726,
    0.31657767305150625,
    0.3424923175945878,
    0.31078206677921116,
    0.30620430163107815,
    0.30837144348770373,
    0.31187947792932386,
    0.33258115667849775,
    0.29543206477537753,
    0.2954315974377095,
    0.28813079739920794,
    0.3368352810852229,
    0.2758324815891683,
    0.2815328428521752,
    0.2818025287706405,
    0.3097027884796262,
    0.333237588731572,
    0.28464866019785406,
    0.29618269205093384,
    0.2710734551772475,
    0.2623926700558513,
    0.2823859356343746,
    0.2942869060672819,
    0.26482664691284297,
    0.29354928522370755,
    0.28845172780565914,
    0.3048176842276007,
    0.2978303004521876,
    0.2581902846228331,
    0.2690293163526803,
    0.27586926585063337,
    0.2837978301104158,
    0.2744167171884328,
    0.28860251950100063,
    0.29174768405500795,
    0.28592809692490845,
    0.2903138355817646,
    0.29531110001262273,
    0.27087112404406066,
    0.296739284414798,
    0.2613775714999065,
    0.28192940750159323,
    0.2676030656788498,
    0.2646011473610997,
    0.2792582973605022,
    0.2534224563511088,
    0.26393861565738913,
    0.2545456123538315,
    0.27302732050884515,
    0.27472657738253475,
    0.2552332086721435,
    0.2504616154823452,
    0.2697397836251184,
    0.2609505387023091,
    0.2598944189492613,
    0.25401238077320154,
    0.27921135837677863,
    0.25987987518310546,
    0.2538770303828642,
    0.2709813710767776,
    0.2553852811688557,
    0.25048740652855483,
    0.25466807689517734,
    0.26171897333115335,
    0.2630769946146756,
    0.26442803151439875,
    0.26611745555419475,
    0.27227669719140973,
    0.26275571489240973,
    0.2543699880130589,
    0.2606137029826641,
    0.2673688431736082,
    0.2691380413481966,
    0.2720512225292623,
    0.2624806037172675,
    0.25654638975393024,
    0.2607849457301199,
    0.2568549240939319,
    0.25962474022526294,
    0.25793182612396776,
    0.27065740879625083,
    0.263531408412382
  ],
  "epochs": [
    0,
    1,
    2,
    3,
    4,
    5,
    6,
    7,
    8,
    9,
    10,
    11,
    12,
    13,
    14,
    15,
    16,
    17,
    18,
    19,
    20,
    21,
    22,
    23,
    24,
    25,
    26,
    27,
    28,
    29,
    30,
    31,
    32,
    33,
    34,
    35,
    36,
    37,
    38,
    39,
    40,
    41,
    42,
    43,
    44,
    45,
    46,
    47,
    48,
    49,
    50,
    51,
    52,
    53,
    54,
    55,
    56,
    57,
    58,
    59,
    60,
    61,
    62,
    63,
    64,
    65,
    66,
    67,
    68,
    69,
    70,
    71,
    72,
    73,
    74,
    75,
    76,
    77,
    78,
    79,
    80,
    81,
    82,
    83,
    84,
    85,
    86,
    87,
    88,
    89,
    90
  ]
}