{
  "train_loss": [
    1.345122279578989,
    0.8403505429896441,
    0.7193816850402137,
    0.6498756809668107,
    0.600843270366842,
    0.5624161006645723,
    0.5384276406873355,
    0.5269366482713005,
    0.5035650207779624,
    0.48430044241926884,
    0.47050310896201564,
    0.4607280988584864,
    0.44672250222076065,
    0.4374080802635713,
    0.43263470687649463,
    0.4204795933311635,
    0.41638591991229484,
    0.40762784982269457,
    0.3991303150762211,
    0.400874341672117,
    0.39196120207959956,
    0.3837560261921449,
    0.3790746198459105,
    0.38990922510623927,
    0.3814296389709819,
    0.37345591547814283,
    0.3693902657519687,
    0.3666785889863967,
    0.3591098654541102,
    0.35528117079626426,
    0.3555506297404116,
    0.36122612806883725,
    0.3529558588158,
    0.3554995940219272,
    0.34590480238199234,
    0.34323316240852525,
    0.3495003932714462,
    0.33935918425971806,
    0.3364361612092365,
    0.3380317338759249,
    0.33752931497313754,
    0.3433411944183436,
    0.3380896963856437,
    0.33452757250178944,
    0.33296355754137036,
    0.33357877232811667,
    0.3272451849146323,
    0.3304439357464964,
    0.3172766241160306,
    0.3250832896340977,
    0.31930441032756457,
    0.3190973761948672,
    0.3197554620287635,
    0.316697134131735,
    0.31368151217699053,
    0.31586943845857274,
    0.3186057930101048,
    0.31514782206578684,
    0.31867635797370564,
    0.3171207299015738,
    0.30792342903939157,
    0.309476226514036,
    0.3116985505819321,
    0.30750315243547616,
    0.3075413593649864,
    0.31288881797682155,
    0.3097726765545932
  ],
  "val_loss": [
    0.8823310628533363,
    0.6154571831226349,
    0.5325351251289248,
    0.4715862124226987,
    0.4136722450144589,
    0.43092323802411553,
    0.4149330798536539,
    0.36335802497342223,
    0.3407302683219314,
    0.37271151221357285,
    0.3712665332481265,
    0.3268453489523381,
    0.3210641911253333,
    0.32549194707535206,
    0.3340934450738132,
    0.27966422885656356,
    0.4407543560490012,
    0.30697346846573054,
    0.3277968443930149,
    0.30596346547827125,
    0.35349123990163206,
    0.28348108544014394,
    0.31534113609232006,
    0.316560545982793,
    0.26038593603298066,
    0.28542396691627797,
    0.34152280543930824,
    0.2980676203034818,
    0.3690751993097365,
    0.2821209799032658,
    0.3529755545780062,
    0.3113985627889633,
    0.33628791221417487,
    0.293384756357409,
    0.24452871156390754,
    0.2598410797305405,
    0.2424980357987806,
    0.2523836949607357,
    0.3023348659044131,
    0.2990636443952098,
    0.30555661055259403,
    0.2591190477833152,
    0.2873619870049879,
    0.28103626386728137,
    0.27897550123743714,
    0.35451532958541065,
    0.266375198494643,
    0.30186644699424503,
    0.25138778118416666,
    0.2641013169893995,
    0.3026428440585732,
    0.27717817784287035,
    0.25744249494746324,
    0.2580405008746311,
    0.29218485231976954,
    0.27589364484883844,
    0.26170260028447956,
    0.2604691458400339,
    0.2833939767908305,
    0.2642938774544745,
    0.2707765709143132,
    0.2777667101472616,
    0.26059695177245884,
    0.26655619542580095,
    0.25883667094167323,
    0.26437990092672403,
    0.26120031664613635
  ],
  "epochs": [
    0,
    1,
    2,
    3,
    4,
    5,
    6,
    7,
    8,
    9,
    10,
    11,
    12,
    13,
    14,
    15,
    16,
    17,
    18,
    19,
    20,
    21,
    22,
    23,
    24,
    25,
    26,
    27,
    28,
    29,
    30,
    31,
    32,
    33,
    34,
    35,
    36,
    37,
    38,
    39,
    40,
    41,
    42,
    43,
    44,
    45,
    46,
    47,
    48,
    49,
    50,
    51,
    52,
    53,
    54,
    55,
    56,
    57,
    58,
    59,
    60,
    61,
    62,
    63,
    64,
    65,
    66
  ]
}