{
  "train_loss": [
    1.175566191781651,
    0.6542773226174441,
    0.5611564617807214,
    0.5072643411159514,
    0.4754882654818622,
    0.4509318619424646,
    0.4257044167410243,
    0.4082713010636243,
    0.3962702322006225,
    0.381555014686151,
    0.3680988788604736,
    0.35319668702103874,
    0.35591197436506095,
    0.34393790171905,
    0.3412264787879857,
    0.33246839119629423,
    0.3281955714388327,
    0.3224986020001498,
    0.3179532596468925,
    0.32034797421910544,
    0.3217046419056979,
    0.3156241711703214,
    0.3174363269318234,
    0.3089633380553939,
    0.31390181172977794,
    0.3098253467137163,
    0.3061174935644323,
    0.3084629539468071,
    0.3017890686338598,
    0.30450100029056726,
    0.30335127101703124,
    0.29672162107445976,
    0.30028783662752667,
    0.3032630062645132
  ],
  "val_loss": [
    0.6608648955821991,
    0.5043932161293924,
    0.4571463284082711,
    0.42185442354530095,
    0.44001759253442285,
    0.4246931821107864,
    0.4547747581265867,
    0.5095423591323196,
    0.503406785428524,
    0.5091551099903882,
    0.5252662053331733,
    0.47786267115734515,
    0.45250560529530043,
    0.4519032841082662,
    0.61839363691397,
    0.6456001304090022,
    0.571647827932611,
    0.6330080230720341,
    0.6810925569850951,
    0.7035149633884429,
    0.6213702642358838,
    0.6422323954291641,
    0.606426991103217,
    0.6711346396245063,
    0.6580907267052679,
    0.6777583750896156,
    0.6384731793776155,
    0.632165502430871,
    0.643256051838398,
    0.6358265331946312,
    0.6755557518918066,
    0.6087723093107342,
    0.6568705212790519,
    0.6651758477091788
  ],
  "epochs": [
    0,
    1,
    2,
    3,
    4,
    5,
    6,
    7,
    8,
    9,
    10,
    11,
    12,
    13,
    14,
    15,
    16,
    17,
    18,
    19,
    20,
    21,
    22,
    23,
    24,
    25,
    26,
    27,
    28,
    29,
    30,
    31,
    32,
    33
  ]
}