{
  "train_loss": [
    1.3094417659802868,
    0.8198235082084482,
    0.7242253724553367,
    0.6664022254401987,
    0.615335991490971,
    0.5735125583410263,
    0.5398331987315957,
    0.5189470056512139,
    0.4955031609264287,
    0.4747936574166471,
    0.4633720451864329,
    0.45122923894362016,
    0.43998107883063226,
    0.4340827333656224,
    0.4217333845658735,
    0.4126403285427527,
    0.40426353741775856,
    0.3959131171215664,
    0.3963768143274567,
    0.3842055477066474,
    0.38007703325965186,
    0.38434792521325023,
    0.3716214809634468,
    0.37576474170793184,
    0.365616814548319,
    0.3620009690523147,
    0.3568115930665623,
    0.35686967643824485,
    0.3500559232993559,
    0.3496787049824541,
    0.34163474760272283,
    0.3506356422738595,
    0.3419871864535592,
    0.340467261780392,
    0.34063990563154223,
    0.33926542482592836,
    0.33016374972733575,
    0.32820549618114125,
    0.3327033377506516,
    0.33652986109256744,
    0.33544101514599534,
    0.32909471498294307,
    0.3194767141342163,
    0.3162056126377799,
    0.3154346141490069,
    0.3132632785222747,
    0.31606532053513964,
    0.3076009331779046,
    0.3083370149135589,
    0.31226974083618686,
    0.3168124614520506,
    0.3026183741471984,
    0.3151260409300977,
    0.3069014270468191,
    0.3086001226847822,
    0.3042171573909846,
    0.3024731746857816,
    0.29921026641672305,
    0.3050168046897108,
    0.30323782229965385,
    0.30463313346559345
  ],
  "val_loss": [
    0.7784559726715088,
    0.6456350205466151,
    0.6171700309030711,
    0.5097903366200626,
    0.4466177014634013,
    0.4233947144821286,
    0.4094575923867524,
    0.40219288296066225,
    0.39155398430302735,
    0.3890681413467973,
    0.3707686202600598,
    0.40779508361592887,
    0.4689700545277446,
    0.3087567588314414,
    0.36642975853756066,
    0.40127612790092826,
    0.45261317924596367,
    0.314496212080121,
    0.30307393143884837,
    0.3492571305017918,
    0.3405073693953454,
    0.3155218661297112,
    0.2929936577565968,
    0.3836186212021857,
    0.41421437226235863,
    0.2817628250923008,
    0.3733001859858632,
    0.2970282948110252,
    0.28250399180687963,
    0.3418264480307698,
    0.24275965099222957,
    0.3267956094350666,
    0.3270920652896166,
    0.3424038151744753,
    0.2694669230375439,
    0.2622431254480034,
    0.29730659679044036,
    0.26545380703173577,
    0.3612883494701236,
    0.2825752025702968,
    0.36490311047527935,
    0.36150647886097426,
    0.2841180247953161,
    0.2927145171910524,
    0.3042891855584457,
    0.2777584440773353,
    0.28063647022936494,
    0.3088728795526549,
    0.3152669219765812,
    0.2815281742718071,
    0.2831025771098211,
    0.26364096377510576,
    0.31346993176266547,
    0.2940914234612137,
    0.29031973457895216,
    0.28581099945586175,
    0.2840023606549948,
    0.2957829098915681,
    0.3045040346449241,
    0.2934119877871126,
    0.2714187832782045
  ],
  "epochs": [
    0,
    1,
    2,
    3,
    4,
    5,
    6,
    7,
    8,
    9,
    10,
    11,
    12,
    13,
    14,
    15,
    16,
    17,
    18,
    19,
    20,
    21,
    22,
    23,
    24,
    25,
    26,
    27,
    28,
    29,
    30,
    31,
    32,
    33,
    34,
    35,
    36,
    37,
    38,
    39,
    40,
    41,
    42,
    43,
    44,
    45,
    46,
    47,
    48,
    49,
    50,
    51,
    52,
    53,
    54,
    55,
    56,
    57,
    58,
    59,
    60
  ]
}