{
  "train_loss": [
    1.210033411654559,
    0.7205928925492546,
    0.6177568883787501,
    0.5443369473652405,
    0.49525102490728556,
    0.46310567043044354,
    0.43589311331510544,
    0.42361286721446295,
    0.40516631543636317,
    0.38841903496872293,
    0.37668901803818616,
    0.36477338690649375,
    0.36150741571729833,
    0.3479071454026482,
    0.33682307484475044,
    0.3340192604064941,
    0.32777149785648696,
    0.32246543250300663,
    0.3199219821799885,
    0.3116084506836804,
    0.31201501976359974,
    0.30889964309605683,
    0.30200577351179986,
    0.30046349904753944,
    0.292254215343432,
    0.2953906355120919,
    0.292660189000043,
    0.3030800596692345,
    0.2915769708698446,
    0.2879487371715632,
    0.288082357943058,
    0.28510983269323004,
    0.2853913761810823,
    0.28308434535156596,
    0.27596217729828576,
    0.27684263511137525,
    0.27339180661873386,
    0.2769194957884875,
    0.2670377427068623,
    0.2690078737519004,
    0.2708094732327895,
    0.2671783276037736,
    0.26738825090906837,
    0.2626589833335443,
    0.2622846019538966,
    0.26253043142232024,
    0.26223379259759727,
    0.2638834346153519,
    0.26234681825746187,
    0.2600342073494738,
    0.25810859661210667,
    0.25141113988377833,
    0.2594388824972239,
    0.25724687001921914,
    0.2597574543952942,
    0.24571028484539553,
    0.25865235591476615,
    0.25477547621185126,
    0.25505932192910796,
    0.2551424381136894,
    0.2526660238341851,
    0.24769568795507602,
    0.24960185029289939,
    0.25147107495502996,
    0.24763452069325875,
    0.24756693065166474,
    0.25240149126811456,
    0.24730148995464496,
    0.24745933876796203,
    0.250161070254716,
    0.24397580084475604,
    0.2458796268430623,
    0.24800165742635727,
    0.2474023736336014,
    0.2496213156797669,
    0.24569882717999542,
    0.24696927802129223,
    0.24326551434668628,
    0.2436366653984243,
    0.2430155563083562,
    0.2353048247640783,
    0.23716231286525727,
    0.23735429622910237,
    0.23560802085833116,
    0.2354394961216233,
    0.2343057761138136,
    0.23690657371824436,
    0.22966590396382588,
    0.23547786772251128,
    0.23235446355559608,
    0.22839115104892033,
    0.23444864850152622,
    0.2350960239497098,
    0.23177938707850196,
    0.229398914900693,
    0.2333160464872013,
    0.23285792873664335,
    0.229547129788182,
    0.23496693808924068
  ],
  "val_loss": [
    0.7091887725517153,
    0.5679216356948018,
    0.4681792655028402,
    0.3836622673086822,
    0.3414801176637411,
    0.3203318422660231,
    0.2986813740804791,
    0.29645950719714165,
    0.2732436730992049,
    0.2602456165943295,
    0.25113126370124517,
    0.2506724340375513,
    0.23914190046489237,
    0.2501238420605659,
    0.225026561319828,
    0.22562053059227763,
    0.22504201210103927,
    0.22847973462194204,
    0.21813971842639146,
    0.22948948782868683,
    0.21341341631487012,
    0.21058923648670314,
    0.19908030321821568,
    0.2049255131278187,
    0.19810972642153502,
    0.21170617700554428,
    0.19871321932878344,
    0.19726677672006188,
    0.20560363442637025,
    0.19406188910361377,
    0.2200868647545576,
    0.197461292357184,
    0.20704423664137722,
    0.23874790081754324,
    0.19278177744708955,
    0.20364217718597502,
    0.19597442476078866,
    0.20787852059584108,
    0.2062326038489118,
    0.2032130905659869,
    0.19944186557549984,
    0.19404070931486786,
    0.1935163415269926,
    0.1918702392140403,
    0.21311696057673543,
    0.19743551798164843,
    0.18418279089964926,
    0.19479008298367262,
    0.18563561590854077,
    0.20302961110137402,
    0.1945361976744607,
    0.20127622813452034,
    0.1978661036584526,
    0.21057553216814992,
    0.18771138347219676,
    0.19503253570292145,
    0.18484961737412958,
    0.18111417652107775,
    0.20516028881538656,
    0.20271536253858358,
    0.18510322342626748,
    0.18302991301752627,
    0.1860181717202067,
    0.19161246411968022,
    0.19090579585172235,
    0.18611282813362776,
    0.18638044151011854,
    0.1772508553462103,
    0.1751299054129049,
    0.18878635617438702,
    0.2001681201159954,
    0.19507256599608808,
    0.18291677392553538,
    0.1905301200924441,
    0.19041189504787323,
    0.2116218016948551,
    0.19803740249481053,
    0.20453928103670477,
    0.20062944409437478,
    0.1890790507895872,
    0.18464163402095435,
    0.18724537906236943,
    0.18316884580999612,
    0.18391619110479948,
    0.18489946797490117,
    0.18916607107967137,
    0.18279825563076882,
    0.18869070825166998,
    0.1843024932546541,
    0.18368340276647357,
    0.18551726343575864,
    0.18783885277807713,
    0.18198245966341345,
    0.1811261215014383,
    0.1821823539910838,
    0.18083103883545845,
    0.1822701162425801,
    0.18198860753327606,
    0.1843025849899277
  ],
  "epochs": [
    0,
    1,
    2,
    3,
    4,
    5,
    6,
    7,
    8,
    9,
    10,
    11,
    12,
    13,
    14,
    15,
    16,
    17,
    18,
    19,
    20,
    21,
    22,
    23,
    24,
    25,
    26,
    27,
    28,
    29,
    30,
    31,
    32,
    33,
    34,
    35,
    36,
    37,
    38,
    39,
    40,
    41,
    42,
    43,
    44,
    45,
    46,
    47,
    48,
    49,
    50,
    51,
    52,
    53,
    54,
    55,
    56,
    57,
    58,
    59,
    60,
    61,
    62,
    63,
    64,
    65,
    66,
    67,
    68,
    69,
    70,
    71,
    72,
    73,
    74,
    75,
    76,
    77,
    78,
    79,
    80,
    81,
    82,
    83,
    84,
    85,
    86,
    87,
    88,
    89,
    90,
    91,
    92,
    93,
    94,
    95,
    96,
    97,
    98
  ]
}