{
  "train_loss": [
    0.7179454233169555,
    0.6466575601169041,
    0.6240918828283037,
    0.609705973993029,
    0.6048979131153651,
    0.5967167555400303,
    0.5907898202759879,
    0.5842367819786072,
    0.5787376472881862,
    0.5791295502117701,
    0.5733214223316737,
    0.5742093789781842,
    0.5702354075023106,
    0.5666087013517107,
    0.5646505752290998,
    0.5594165829658508,
    0.5613046915054322,
    0.5570029709134783,
    0.5544401554243905,
    0.5537721908296858,
    0.5527721110343933,
    0.5509413439750671,
    0.5497096012115479,
    0.5499508801324027,
    0.5433604061944144,
    0.5430603406906128,
    0.542125000013624,
    0.5420896190370832,
    0.5416632215227399,
    0.5381242413588933,
    0.5427351071766444,
    0.5378694768020085,
    0.5368034905706133,
    0.5343021756580898,
    0.5370611572538103,
    0.5338557884761266,
    0.5332859645026071,
    0.5303995659010751,
    0.5302204646655492,
    0.5284346768924169,
    0.5289850441387721,
    0.5297107018470765,
    0.5247374247959682,
    0.5251142145020621,
    0.5258219316073827,
    0.5219482578277588,
    0.5250867216655186,
    0.521090021446773,
    0.5250219737597874,
    0.5233220069749015,
    0.5238847301074436,
    0.5224645468371255,
    0.5203472069604056,
    0.5216596762793405,
    0.5166031885010856,
    0.5186177504675729,
    0.5189207619530815,
    0.5131885049274989,
    0.5162223319598607,
    0.5159757364681788,
    0.514686049747467,
    0.515400361101968,
    0.5111248118468693,
    0.5136808219228473,
    0.512741664818355,
    0.511857875422069,
    0.5117592767034258,
    0.5153716372898647,
    0.5101192666053772,
    0.5127892635754177,
    0.5109674286842346,
    0.5074939387866428,
    0.5071386784894126,
    0.5079864597116198,
    0.5097039218153272,
    0.5057003445965903,
    0.5071682045255389,
    0.5064652592795236,
    0.5074011036327907,
    0.5053751530715398,
    0.5025492686271668
  ],
  "val_loss": [
    0.4067326865196228,
    0.3895346563339233,
    0.391220023059845,
    0.3934236885547638,
    0.3882624661445618,
    0.3944357152462006,
    0.3888460227966309,
    0.37351442909240723,
    0.37800329265594484,
    0.3868891973018646,
    0.3643650731086731,
    0.37473822355270386,
    0.37750605244636537,
    0.3794744425296783,
    0.3795368909358978,
    0.3888954661369324,
    0.3721535548210144,
    0.37583033633232116,
    0.37126840415000917,
    0.37013639936447146,
    0.3744908003807068,
    0.36621545948982237,
    0.3714131959915161,
    0.36784512901306154,
    0.3642381395339966,
    0.362604665851593,
    0.3649965346813202,
    0.3570722867488861,
    0.36248095026016236,
    0.3667529622077942,
    0.3711640368461609,
    0.35433475551605226,
    0.3598342580795288,
    0.3583844064235687,
    0.36421045904159544,
    0.3627928039550781,
    0.3663481194496155,
    0.3646427664756775,
    0.36341475925445554,
    0.3619064341545105,
    0.3544820785999298,
    0.35654328589439394,
    0.3585246974945068,
    0.3506667679786682,
    0.3568160021305084,
    0.35230814819335937,
    0.34890829696655273,
    0.35449734320640564,
    0.35968937826156616,
    0.349040111541748,
    0.3539711216926575,
    0.35180963797569276,
    0.3520436262130737,
    0.3543513563156128,
    0.35561562852859496,
    0.3557554010391235,
    0.3472535318374634,
    0.35123598775863646,
    0.35345386781692506,
    0.3484824604034424,
    0.3517869904518127,
    0.3557230417251587,
    0.3482215715408325,
    0.3543720508575439,
    0.34681729822158813,
    0.34987196235656737,
    0.35518116407394407,
    0.3594561964035034,
    0.34249481763839723,
    0.35327722749710083,
    0.3407026676177978,
    0.35371284828186034,
    0.35275514392852786,
    0.3459421779632568,
    0.3492093803405762,
    0.34862565126419065,
    0.35261933979988097,
    0.3490151788711548,
    0.34558849020004273,
    0.3519724314689636,
    0.34802740421295164
  ],
  "epochs": [
    0,
    1,
    2,
    3,
    4,
    5,
    6,
    7,
    8,
    9,
    10,
    11,
    12,
    13,
    14,
    15,
    16,
    17,
    18,
    19,
    20,
    21,
    22,
    23,
    24,
    25,
    26,
    27,
    28,
    29,
    30,
    31,
    32,
    33,
    34,
    35,
    36,
    37,
    38,
    39,
    40,
    41,
    42,
    43,
    44,
    45,
    46,
    47,
    48,
    49,
    50,
    51,
    52,
    53,
    54,
    55,
    56,
    57,
    58,
    59,
    60,
    61,
    62,
    63,
    64,
    65,
    66,
    67,
    68,
    69,
    70,
    71,
    72,
    73,
    74,
    75,
    76,
    77,
    78,
    79,
    80
  ]
}