{
    "dataset": "train",
    "accuracy": 0.8825428571428572,
    "macro_precision": 0.8816550814427055,
    "macro_recall": 0.8825428571428572,
    "macro_f1": 0.8819753926282746,
    "weighted_precision": 0.8816550814427055,
    "weighted_recall": 0.8825428571428572,
    "weighted_f1": 0.8819753926282745,
    "per_class_metrics": {
        "class_0": {
            "precision": 0.8790470197917858,
            "recall": 0.8781428571428571,
            "f1_score": 0.8785947058487222,
            "support": 35000
        },
        "class_1": {
            "precision": 0.7768634183884909,
            "recall": 0.7498285714285714,
            "f1_score": 0.7631066267337385,
            "support": 35000
        },
        "class_2": {
            "precision": 0.874019445365153,
            "recall": 0.9040857142857143,
            "f1_score": 0.8887983821133644,
            "support": 35000
        },
        "class_3": {
            "precision": 0.9966904422253923,
            "recall": 0.9981142857142857,
            "f1_score": 0.9974018558172734,
            "support": 35000
        }
    },
    "confusion_matrix": [
        [
            30735,
            4206,
            17,
            42
        ],
        [
            4205,
            26244,
            4520,
            31
        ],
        [
            4,
            3310,
            31643,
            43
        ],
        [
            20,
            22,
            24,
            34934
        ]
    ]
}