{
  "summary": {
    "norm_name": "robust_normalized",
    "num_chips_requested": 10,
    "num_chips_processed": 10,
    "num_chips_with_metrics": 10,
    "generated_at": "2025-10-21T19:29:38.096968"
  },
  "averages": {
    "train": {
      "accuracy": 0.901357142857143,
      "accuracy_std": 0.018733142081479498,
      "precision": 0.9019642221284301,
      "precision_std": 0.018571356477624514,
      "recall": 0.901357142857143,
      "recall_std": 0.018733142081479498,
      "f1": 0.9015935349696497,
      "f1_std": 0.018653980383866953,
      "num_chips": 10
    },
    "val": {
      "accuracy": 0.888680659670165,
      "accuracy_std": 0.020790521185564112,
      "precision": 0.8889226755676276,
      "precision_std": 0.02096501344953816,
      "recall": 0.888680659670165,
      "recall_std": 0.020790521185564112,
      "f1": 0.8887509238569347,
      "f1_std": 0.020869688040545675,
      "num_chips": 10
    },
    "test": {
      "accuracy": 0.891941941941942,
      "accuracy_std": 0.020629426091593437,
      "precision": 0.8925356827895211,
      "precision_std": 0.021048615545255188,
      "recall": 0.891941941941942,
      "recall_std": 0.020629426091593437,
      "f1": 0.892132104369934,
      "f1_std": 0.020828493393393866,
      "num_chips": 10
    }
  },
  "per_chip": {
    "1": {
      "train": {
        "accuracy": 0.9099285714285714,
        "precision": 0.9103841856156761,
        "recall": 0.9099285714285714,
        "f1": 0.9100974488073802
      },
      "val": {
        "accuracy": 0.9077961019490255,
        "precision": 0.9081635697607221,
        "recall": 0.9077961019490255,
        "f1": 0.9079598018513437
      },
      "test": {
        "accuracy": 0.9039039039039038,
        "precision": 0.9043302582486403,
        "recall": 0.9039039039039038,
        "f1": 0.9040965147637462
      }
    },
    "2": {
      "train": {
        "accuracy": 0.9162857142857143,
        "precision": 0.9162845282656664,
        "recall": 0.9162857142857143,
        "f1": 0.9162573739313254
      },
      "val": {
        "accuracy": 0.9002998500749625,
        "precision": 0.9000968936986256,
        "recall": 0.9002998500749625,
        "f1": 0.9001865829305373
      },
      "test": {
        "accuracy": 0.9069069069069069,
        "precision": 0.9071628599830032,
        "recall": 0.9069069069069069,
        "f1": 0.9069720845483418
      }
    },
    "3": {
      "train": {
        "accuracy": 0.9025714285714286,
        "precision": 0.9039550548507373,
        "recall": 0.9025714285714286,
        "f1": 0.9031009904406746
      },
      "val": {
        "accuracy": 0.8943028485757122,
        "precision": 0.8943626670368675,
        "recall": 0.8943028485757122,
        "f1": 0.8943299532043127
      },
      "test": {
        "accuracy": 0.8978978978978979,
        "precision": 0.9002849611542914,
        "recall": 0.8978978978978979,
        "f1": 0.8986815445244392
      }
    },
    "4": {
      "train": {
        "accuracy": 0.9249285714285714,
        "precision": 0.9251787418804412,
        "recall": 0.9249285714285714,
        "f1": 0.9250269607837798
      },
      "val": {
        "accuracy": 0.9205397301349325,
        "precision": 0.9209002414497223,
        "recall": 0.9205397301349325,
        "f1": 0.9206328156994357
      },
      "test": {
        "accuracy": 0.9114114114114115,
        "precision": 0.9120979686943067,
        "recall": 0.9114114114114115,
        "f1": 0.9116291418911029
      }
    },
    "5": {
      "train": {
        "accuracy": 0.9105714285714286,
        "precision": 0.9110100391968183,
        "recall": 0.9105714285714286,
        "f1": 0.9107373832198461
      },
      "val": {
        "accuracy": 0.8938030984507747,
        "precision": 0.893465404140916,
        "recall": 0.8938030984507747,
        "f1": 0.8935956868000983
      },
      "test": {
        "accuracy": 0.8993993993993994,
        "precision": 0.9008044457755623,
        "recall": 0.8993993993993994,
        "f1": 0.8999346960649944
      }
    },
    "6": {
      "train": {
        "accuracy": 0.8859285714285714,
        "precision": 0.8864611073421965,
        "recall": 0.8859285714285714,
        "f1": 0.886153818479236
      },
      "val": {
        "accuracy": 0.8690654672663668,
        "precision": 0.8702420430618323,
        "recall": 0.8690654672663668,
        "f1": 0.8695541771006103
      },
      "test": {
        "accuracy": 0.8763763763763763,
        "precision": 0.8766706966572703,
        "recall": 0.8763763763763763,
        "f1": 0.8764864994864995
      }
    },
    "7": {
      "train": {
        "accuracy": 0.8995714285714286,
        "precision": 0.9010235490358282,
        "recall": 0.8995714285714286,
        "f1": 0.9000843798118026
      },
      "val": {
        "accuracy": 0.8803098450774612,
        "precision": 0.8806295393657019,
        "recall": 0.8803098450774612,
        "f1": 0.8804516567615907
      },
      "test": {
        "accuracy": 0.8873873873873874,
        "precision": 0.8885647487848229,
        "recall": 0.8873873873873874,
        "f1": 0.8878604110798684
      }
    },
    "8": {
      "train": {
        "accuracy": 0.8536428571428571,
        "precision": 0.8544507086984287,
        "recall": 0.8536428571428571,
        "f1": 0.8540046623983862
      },
      "val": {
        "accuracy": 0.8408295852073963,
        "precision": 0.839962306290799,
        "recall": 0.8408295852073963,
        "f1": 0.8403774295763238
      },
      "test": {
        "accuracy": 0.8368368368368369,
        "precision": 0.8360056712940611,
        "recall": 0.8368368368368369,
        "f1": 0.836325680218198
      }
    },
    "9": {
      "train": {
        "accuracy": 0.9086428571428572,
        "precision": 0.9090006516463085,
        "recall": 0.9086428571428572,
        "f1": 0.9088038389767749
      },
      "val": {
        "accuracy": 0.889055472263868,
        "precision": 0.8889334433707593,
        "recall": 0.889055472263868,
        "f1": 0.8889894642151297
      },
      "test": {
        "accuracy": 0.8993993993993994,
        "precision": 0.8996997930116224,
        "recall": 0.8993993993993994,
        "f1": 0.8995378706731763
      }
    },
    "10": {
      "train": {
        "accuracy": 0.9015,
        "precision": 0.9018936547521991,
        "recall": 0.9015,
        "f1": 0.9016684928472901
      },
      "val": {
        "accuracy": 0.8908045977011494,
        "precision": 0.8924706475003283,
        "recall": 0.8908045977011494,
        "f1": 0.891431670429964
      },
      "test": {
        "accuracy": 0.8998998998998999,
        "precision": 0.899735424291629,
        "recall": 0.8998998998998999,
        "f1": 0.8997966004489751
      }
    }
  }
}