{
  "train_loss": [
    0.7406356090849097,
    0.3464353854005987,
    0.30108941874720835,
    0.2929452522234483,
    0.2785727958787571,
    0.2697552358562296,
    0.2644596430388364,
    0.2718856673349034,
    0.2676319374279542,
    0.26600408472798087,
    0.2588196776129983,
    0.2619386212392287,
    0.2562280516732823,
    0.254038897969506,
    0.25029060976071793,
    0.24645644724369048,
    0.2520012384111231,
    0.245960672064261,
    0.25280038904060015,
    0.24642145769162613,
    0.24407662668011404,
    0.2510828825560483,
    0.24804278964346105,
    0.2475906271826137,
    0.246963309970769,
    0.24470229175957767,
    0.2510525838895278,
    0.2532690544020046,
    0.24561119702729312,
    0.24172797961668535,
    0.2420269180427898,
    0.24531736373901367,
    0.2468925665725361,
    0.25029407251964914,
    0.24124605709856206,
    0.2309017845175483,
    0.2289811524477872,
    0.2275205915624445,
    0.22658676640553907,
    0.2259980166500265,
    0.2268189858306538,
    0.23062201846729624,
    0.2275221060622822,
    0.22632045529105446,
    0.226029217785055,
    0.2262001465667378,
    0.2231468065218492,
    0.22419387833638624,
    0.22547776048833673,
    0.22421065839854154,
    0.22687167579477482,
    0.22602787938984958,
    0.22662632221525367,
    0.2245366863229058,
    0.22375267175110905,
    0.2221258970824155,
    0.22663566063750873,
    0.2255376783284274,
    0.2251041902737184,
    0.22326335527680136,
    0.22263578257777475,
    0.2231939047574997
  ],
  "val_loss": [
    0.4326613862067461,
    0.3085932396352291,
    0.37247978895902634,
    0.3810155615210533,
    0.26958782132714987,
    0.2893858961760998,
    0.27884436026215553,
    0.2808187520131469,
    0.5445756837725639,
    0.2776537286117673,
    0.2619187645614147,
    0.2816275358200073,
    0.2757094567641616,
    0.2887969305738807,
    0.3114017192274332,
    0.2644490199163556,
    0.2530213752761483,
    0.3490344826132059,
    0.3598513528704643,
    0.2567668929696083,
    0.3511657863855362,
    0.30435581877827644,
    0.2521904045715928,
    0.28462170995771885,
    0.31383936293423176,
    0.2762617254629731,
    0.33188833855092525,
    0.28885101061314344,
    0.2513963496312499,
    0.29453764110803604,
    0.28471790067851543,
    0.27966182585805655,
    0.25845743622630835,
    0.2539488486945629,
    0.2635085517540574,
    0.2410415569320321,
    0.24170689936727285,
    0.2425956279039383,
    0.24091238714754581,
    0.24578008241951466,
    0.24443376809358597,
    0.2408878542482853,
    0.2439993042498827,
    0.24164229538291693,
    0.24886336456984282,
    0.2463659718632698,
    0.23948635533452034,
    0.24349479377269745,
    0.24336719140410423,
    0.24280703347176313,
    0.24134057480841875,
    0.24432513769716024,
    0.24742982629686594,
    0.24117128271609545,
    0.2404382787644863,
    0.24067225120961666,
    0.23996761161834002,
    0.2402901565656066,
    0.24001252744346857,
    0.24000622518360615,
    0.24021888710558414,
    0.23999840300530195
  ],
  "epochs": [
    0,
    1,
    2,
    3,
    4,
    5,
    6,
    7,
    8,
    9,
    10,
    11,
    12,
    13,
    14,
    15,
    16,
    17,
    18,
    19,
    20,
    21,
    22,
    23,
    24,
    25,
    26,
    27,
    28,
    29,
    30,
    31,
    32,
    33,
    34,
    35,
    36,
    37,
    38,
    39,
    40,
    41,
    42,
    43,
    44,
    45,
    46,
    47,
    48,
    49,
    50,
    51,
    52,
    53,
    54,
    55,
    56,
    57,
    58,
    59,
    60,
    61
  ]
}