{
  "train_loss": [
    0.8283003048463301,
    0.4105898163535378,
    0.3206171184778214,
    0.30793950991197067,
    0.29581225378946824,
    0.29258018813349984,
    0.2867401423779401,
    0.28246578167785297,
    0.27985722585157913,
    0.2792672731659629,
    0.27564425387165764,
    0.28134930242191664,
    0.27293742380358954,
    0.2735665180466392,
    0.2752214794809168,
    0.2787754877047105,
    0.26862826347351076,
    0.2690367666157809,
    0.26459812115539205,
    0.2623721480369568,
    0.2635486434806477,
    0.2670000032945113,
    0.26308581287210636,
    0.2598928527398543,
    0.2637994015758688,
    0.2634240727532994,
    0.24798371575095438,
    0.2470458141782067,
    0.2446137021888386,
    0.24354777932167054,
    0.2432911908084696,
    0.24526011970910158,
    0.24245530258525502,
    0.24265101660381663,
    0.24082552573897623,
    0.23969949077476155,
    0.24101124730977144,
    0.24447326443412087,
    0.24256588058038192,
    0.24184137040918524,
    0.24066758291287857,
    0.23953789201649753,
    0.24282159344716506
  ],
  "val_loss": [
    0.5989165119826794,
    0.3637648578733206,
    0.309359566308558,
    0.8858671262860298,
    0.33427842427045107,
    0.3532214015722275,
    0.695548739284277,
    0.38107575476169586,
    0.3027127841487527,
    0.5768991876393557,
    0.3291576486080885,
    0.36741485819220543,
    0.30191740207374096,
    0.36175976134836674,
    0.40371838212013245,
    0.33615585789084435,
    0.29668427631258965,
    0.2925066016614437,
    0.3188505554571748,
    0.2853753184899688,
    0.2869109343737364,
    0.3087153397500515,
    0.3198780156672001,
    0.29641675390303135,
    0.29537732247263193,
    0.33420305140316486,
    0.2732960181310773,
    0.27245703991502523,
    0.2732786573469639,
    0.2774801356717944,
    0.27464133128523827,
    0.2740267524495721,
    0.2797880796715617,
    0.2747047897428274,
    0.2730598049238324,
    0.2734030596911907,
    0.2734213788062334,
    0.273129902780056,
    0.27394454181194305,
    0.27330409549176693,
    0.273285211995244,
    0.273156626150012,
    0.27330303005874157
  ],
  "epochs": [
    0,
    1,
    2,
    3,
    4,
    5,
    6,
    7,
    8,
    9,
    10,
    11,
    12,
    13,
    14,
    15,
    16,
    17,
    18,
    19,
    20,
    21,
    22,
    23,
    24,
    25,
    26,
    27,
    28,
    29,
    30,
    31,
    32,
    33,
    34,
    35,
    36,
    37,
    38,
    39,
    40,
    41,
    42
  ]
}