{
  "train_loss": [
    0.7568768853491002,
    0.3406217553398826,
    0.2625732814723795,
    0.24263634112748234,
    0.23664724393324418,
    0.22426971928639847,
    0.21993737410415304,
    0.2201689993793314,
    0.21422612423246556,
    0.21880016326904297,
    0.21684531515294855,
    0.21161789867010983,
    0.21361226845871317,
    0.21163040738214145,
    0.20724053951826962,
    0.21128657108003443,
    0.20303565128283066,
    0.20393213656815615,
    0.20670294707471673,
    0.20429333055561238,
    0.2048114307902076,
    0.20696406174789775,
    0.20723170014944944,
    0.20177298161116514,
    0.18969224054705014,
    0.18653821471062573,
    0.18710851709951054,
    0.18165618858554147,
    0.18390471149574628,
    0.1830906878818165,
    0.18720735148950057,
    0.1869134019721638,
    0.1824948335235769,
    0.1849080895835703,
    0.18113987283273178,
    0.1821931710297411,
    0.18173734952103007,
    0.18415871425108477,
    0.18221036073836414,
    0.18242835944349114,
    0.18186127949844708,
    0.18376577455889095,
    0.18016952790997245,
    0.18012627552856098,
    0.17859086922623896,
    0.1799110848795284,
    0.18192868449471214,
    0.18041801886125045,
    0.17905790236863223,
    0.18089673126285727,
    0.1826515723358501,
    0.1841830855066126,
    0.18272815712473608,
    0.17920723367821087,
    0.17978965030475097,
    0.18060848753560674,
    0.1820833291519772,
    0.1796666845679283,
    0.18100762245329943,
    0.17746498029340396,
    0.17901136766780507
  ],
  "val_loss": [
    0.6605211161077023,
    0.3967969994992018,
    0.3053603991866112,
    0.2909032916650176,
    0.48982655443251133,
    0.4694082587957382,
    0.25551552046090364,
    0.22782856784760952,
    0.22804311197251081,
    0.24967560730874538,
    0.25131879933178425,
    0.2197830080986023,
    0.30935061629861593,
    0.32294401805847883,
    0.28347381483763456,
    0.21235773246735334,
    0.2505987826734781,
    0.207673248834908,
    0.2149250777438283,
    0.3894267100840807,
    0.2933018486946821,
    0.2213151240721345,
    0.35803199373185635,
    0.24076233059167862,
    0.20250610914081335,
    0.20662739034742117,
    0.20112766604870558,
    0.19948635529726744,
    0.19982441142201424,
    0.20112420991063118,
    0.1992516852915287,
    0.19972351379692554,
    0.2002552030608058,
    0.20251127611845732,
    0.20401906967163086,
    0.20019257999956608,
    0.20022181421518326,
    0.199895435012877,
    0.19949466455727816,
    0.19916418567299843,
    0.198649643920362,
    0.19968777894973755,
    0.19904690701514482,
    0.19932646118104458,
    0.19927366077899933,
    0.19855141919106245,
    0.19953450094908476,
    0.19883977249264717,
    0.19903769716620445,
    0.1992870755493641,
    0.19899290148168802,
    0.19943986553698778,
    0.19900894444435835,
    0.19920881930738688,
    0.19917715527117252,
    0.1989756114780903,
    0.1992962257936597,
    0.1991771711036563,
    0.19885368552058935,
    0.19875259045511484,
    0.19904169719666243
  ],
  "epochs": [
    0,
    1,
    2,
    3,
    4,
    5,
    6,
    7,
    8,
    9,
    10,
    11,
    12,
    13,
    14,
    15,
    16,
    17,
    18,
    19,
    20,
    21,
    22,
    23,
    24,
    25,
    26,
    27,
    28,
    29,
    30,
    31,
    32,
    33,
    34,
    35,
    36,
    37,
    38,
    39,
    40,
    41,
    42,
    43,
    44,
    45,
    46,
    47,
    48,
    49,
    50,
    51,
    52,
    53,
    54,
    55,
    56,
    57,
    58,
    59,
    60
  ]
}