{
  "train_loss": [
    0.7589729124849492,
    0.33906862573190166,
    0.2839080726558512,
    0.26444887058301403,
    0.2607030361890793,
    0.2520051124421033,
    0.24651521850715985,
    0.24294288591905075,
    0.25046964396129956,
    0.24800624332644722,
    0.23826910555362701,
    0.2420754595236345,
    0.23658013397997077,
    0.2345619561997327,
    0.2330547411333431,
    0.23470906100489877,
    0.23118472045118157,
    0.22927767905321988,
    0.2303487092256546,
    0.22947144535454836,
    0.23685712218284607,
    0.22509311166676607,
    0.23290768455375324,
    0.2239678214896809,
    0.22790559936653484,
    0.22972523353316568,
    0.22809077501296998,
    0.23089475604620846,
    0.22684344486756758,
    0.2255088063803586,
    0.21094698635014622,
    0.21020532629706642,
    0.21029050025072965,
    0.20893269885670054,
    0.20386259095235304,
    0.20878577394918962,
    0.21019209867173974,
    0.20674815448847683,
    0.20722968090664257,
    0.2071947999975898,
    0.20638516274365512,
    0.20687099370089443,
    0.2081423046914014,
    0.20600724951787427,
    0.20532751787792553,
    0.20629544176838616,
    0.2063180056485263,
    0.20916725993156432,
    0.20373503186485983,
    0.20526845373890618,
    0.20479109720750288,
    0.20396678637374532,
    0.2017308544028889,
    0.20336276577277618,
    0.2073342049663717,
    0.2056429086761041,
    0.2047917290167375
  ],
  "val_loss": [
    0.5838314332067966,
    0.3145010955631733,
    0.32146344147622585,
    0.49340316839516163,
    0.26264902763068676,
    0.6803159303963184,
    0.24914162699133158,
    0.43342968076467514,
    0.24972800724208355,
    0.2740056188777089,
    0.3639721963554621,
    0.43957208283245564,
    0.23106294590979815,
    0.2314754156395793,
    0.24635266046971083,
    0.233851695433259,
    0.22926503513008356,
    0.3196798749268055,
    0.34408055525273085,
    0.2898665573447943,
    0.2323852302506566,
    0.22500066924840212,
    0.2743433965370059,
    0.22312853764742613,
    0.23643918242305517,
    0.2389257363975048,
    0.2960693519562483,
    0.263858406804502,
    0.22900852095335722,
    0.27046667970716953,
    0.21683562640100718,
    0.21630673669278622,
    0.21643191669136286,
    0.21841860841959715,
    0.21982327569276094,
    0.21655297093093395,
    0.21730669401586056,
    0.2152347583323717,
    0.2159828059375286,
    0.21748267393559217,
    0.21574981231242418,
    0.21510042436420918,
    0.21616000588983297,
    0.22081497590988874,
    0.21831505373120308,
    0.22028347291052341,
    0.2165327863767743,
    0.21567155793309212,
    0.21556813921779394,
    0.21550452522933483,
    0.21572780422866344,
    0.21596649754792452,
    0.2157311337068677,
    0.21585061866790056,
    0.21591315977275372,
    0.2159453695639968,
    0.2157432995736599
  ],
  "epochs": [
    0,
    1,
    2,
    3,
    4,
    5,
    6,
    7,
    8,
    9,
    10,
    11,
    12,
    13,
    14,
    15,
    16,
    17,
    18,
    19,
    20,
    21,
    22,
    23,
    24,
    25,
    26,
    27,
    28,
    29,
    30,
    31,
    32,
    33,
    34,
    35,
    36,
    37,
    38,
    39,
    40,
    41,
    42,
    43,
    44,
    45,
    46,
    47,
    48,
    49,
    50,
    51,
    52,
    53,
    54,
    55,
    56
  ]
}