{
  "train_loss": [
    0.7901224645701321,
    0.36259695887565613,
    0.3040833698077635,
    0.29257276247848163,
    0.27902425094084304,
    0.26929627602750605,
    0.2714950236407193,
    0.27267794202674517,
    0.2683799069036137,
    0.26676633954048157,
    0.26492460911924187,
    0.2620957000689073,
    0.26394154754551974,
    0.25595668202096766,
    0.2665748132900758,
    0.25482802987098696,
    0.25550795901905404,
    0.2560462160543962,
    0.26041427444327964,
    0.2535534018819982,
    0.24286540746688842,
    0.23672339482740923,
    0.23596574501557785,
    0.2341066680171273,
    0.2359855063936927,
    0.23848500820723448,
    0.23538920825177972,
    0.23603245453401045,
    0.23293343701145866,
    0.2325930424711921,
    0.2336135197769512,
    0.23221755081957038,
    0.2343299936164509,
    0.2311074367978356,
    0.23216428594155744,
    0.23358893259005112,
    0.23204924112016503,
    0.23279357200319117,
    0.2299991724166003,
    0.23345273191278632,
    0.2294112037528645,
    0.23108108720996162,
    0.23404382331804796,
    0.23071387247605757,
    0.23290912183848295,
    0.23459208824417807,
    0.23051141663031144,
    0.23351408730853687,
    0.2336887844584205,
    0.23402729657563295,
    0.2304538602178747,
    0.23229548741470685,
    0.2359809609976682,
    0.23426963443105872,
    0.23279463377865878,
    0.23380787806077438,
    0.23118388436057352,
    0.23100144483826376,
    0.23470938937230543
  ],
  "val_loss": [
    0.4870599415153265,
    0.3808401320129633,
    0.2722980324178934,
    0.6315010339021683,
    0.2713936874642968,
    0.36522880382835865,
    0.5345445536077023,
    0.41624407283961773,
    0.25427908450365067,
    0.2698082411661744,
    0.26249615103006363,
    0.3104682806879282,
    0.26129984483122826,
    0.2477876115590334,
    0.2676329044625163,
    0.2583243614062667,
    0.25454593263566494,
    0.3451838083565235,
    0.2821057243272662,
    0.3986006770282984,
    0.24264599848538637,
    0.23964847717434168,
    0.2421052297577262,
    0.25062618497759104,
    0.2402268834412098,
    0.24080545734614134,
    0.24103485513478518,
    0.24031331297010183,
    0.23954267613589764,
    0.23940397147089243,
    0.23895150423049927,
    0.23912253137677908,
    0.2394746569916606,
    0.23899317998439074,
    0.23890252504497766,
    0.23926505725830793,
    0.2392084263265133,
    0.2387368706986308,
    0.23875439260154963,
    0.2387283705174923,
    0.2386933658272028,
    0.23918273951858282,
    0.23995202872902155,
    0.2385701620951295,
    0.23937234561890364,
    0.23945944104343653,
    0.239926484413445,
    0.23979066032916307,
    0.23886174988001585,
    0.23903836589306593,
    0.2391428118571639,
    0.23983788583427668,
    0.24024254456162453,
    0.24028792046010494,
    0.23900798615068197,
    0.2388983778655529,
    0.2392821265384555,
    0.23927918914705515,
    0.23880252335220575
  ],
  "epochs": [
    0,
    1,
    2,
    3,
    4,
    5,
    6,
    7,
    8,
    9,
    10,
    11,
    12,
    13,
    14,
    15,
    16,
    17,
    18,
    19,
    20,
    21,
    22,
    23,
    24,
    25,
    26,
    27,
    28,
    29,
    30,
    31,
    32,
    33,
    34,
    35,
    36,
    37,
    38,
    39,
    40,
    41,
    42,
    43,
    44,
    45,
    46,
    47,
    48,
    49,
    50,
    51,
    52,
    53,
    54,
    55,
    56,
    57,
    58
  ]
}