{
  "train_loss": [
    0.8744865970178084,
    0.6028736266222867,
    0.46988151290199975,
    0.44350232373584403,
    0.4091994524002075,
    0.3970993226224726,
    0.40012934641404585,
    0.39809934171763334,
    0.40545652129433374,
    0.38074970949779857,
    0.3889141397042708,
    0.3594238628040661,
    0.3522574002092535,
    0.35189441496675666,
    0.35144036737355316,
    0.35143039497462186,
    0.3480274959044023,
    0.3520004012367942,
    0.34682041027329186,
    0.3525827554139224,
    0.3449848267165097,
    0.3508817228403958,
    0.3489107570864938,
    0.3462985927408392,
    0.34598102461207997,
    0.3452103555202484,
    0.3465449344028126,
    0.34543441236019135,
    0.3465497867627577,
    0.35068203698505057,
    0.34540097550912335,
    0.3473638036034324,
    0.3428857424042442,
    0.3375975966453552,
    0.3396977267482064,
    0.34190968546000394,
    0.3407550275325775,
    0.3409657112576745,
    0.340371497110887,
    0.3421817828308452,
    0.3425477829846469,
    0.34147797931324353,
    0.34024300521070305,
    0.33999858552759343,
    0.34341119202700526,
    0.3401872689073736,
    0.3394820365038785,
    0.3404983791438016,
    0.3403158908540552,
    0.3433610314672643,
    0.33887253891338004,
    0.3419598346406763,
    0.340039645541798,
    0.3405921638011932,
    0.3415177347985181,
    0.3427718303420327
  ],
  "val_loss": [
    0.7330992259085178,
    0.47309958189725876,
    0.4385840892791748,
    0.4943870026618242,
    0.4003805425018072,
    0.46718816459178925,
    0.5224349945783615,
    0.4262729901820421,
    0.5120494980365038,
    0.6005785278975964,
    0.4134954586625099,
    0.360448207706213,
    0.3563424851745367,
    0.35761153139173985,
    0.35465818271040916,
    0.36009505577385426,
    0.3540289979428053,
    0.36123519763350487,
    0.4213853068649769,
    0.353437427431345,
    0.3560695070773363,
    0.3854586910456419,
    0.3521687928587198,
    0.37663966231048107,
    0.3651027698069811,
    0.3497321158647537,
    0.35145770758390427,
    0.3881909213960171,
    0.3608623445034027,
    0.4125538021326065,
    0.35401391237974167,
    0.35619357973337173,
    0.3499050810933113,
    0.34995476715266705,
    0.3491809815168381,
    0.3485182523727417,
    0.34895940870046616,
    0.348786985501647,
    0.34862557239830494,
    0.3488713167607784,
    0.3483397364616394,
    0.3493162374943495,
    0.34849277697503567,
    0.34891207329928875,
    0.3493974581360817,
    0.3485430032014847,
    0.34856235794723034,
    0.3486844673752785,
    0.34863143041729927,
    0.34854476526379585,
    0.3485543504357338,
    0.34849813394248486,
    0.34886933863162994,
    0.34855571389198303,
    0.348519466817379,
    0.34866879135370255
  ],
  "epochs": [
    0,
    1,
    2,
    3,
    4,
    5,
    6,
    7,
    8,
    9,
    10,
    11,
    12,
    13,
    14,
    15,
    16,
    17,
    18,
    19,
    20,
    21,
    22,
    23,
    24,
    25,
    26,
    27,
    28,
    29,
    30,
    31,
    32,
    33,
    34,
    35,
    36,
    37,
    38,
    39,
    40,
    41,
    42,
    43,
    44,
    45,
    46,
    47,
    48,
    49,
    50,
    51,
    52,
    53,
    54,
    55
  ]
}