{
  "train_loss": [
    0.7574948668479919,
    0.3656388613310727,
    0.29240493042902516,
    0.2842833462086591,
    0.2687871697274121,
    0.25987991013310174,
    0.261113089593974,
    0.25598255937749687,
    0.25410616099834443,
    0.26510754146359183,
    0.25432562096552414,
    0.25488818098198285,
    0.25008753565224734,
    0.24706419923088768,
    0.24882965738123114,
    0.24479420456019316,
    0.24329089468175716,
    0.24662249034101313,
    0.23954687145623293,
    0.2422113678672097,
    0.24397471032359383,
    0.23767184696414254,
    0.22656045962463725,
    0.22403091110966422,
    0.22231975983489644,
    0.22382813014767386,
    0.2214201970533891,
    0.22119839137250727,
    0.22544096572832628,
    0.22063875523480503,
    0.22163078107617118,
    0.22139116661115127,
    0.2201255825432864,
    0.21925216723572125,
    0.2150741463357752,
    0.21772628263993696,
    0.22007528164170004,
    0.21374223665757613,
    0.21726786331696943,
    0.21892974972724916,
    0.22012341808189045,
    0.22010828879746525,
    0.21497483172199944,
    0.2188343346118927,
    0.21687453470446846,
    0.22052481093189932,
    0.2193743944168091,
    0.21777204031294042,
    0.2174154511906884,
    0.21872983520681208,
    0.22382794320583344,
    0.2183752555738796,
    0.2190481719645587,
    0.21890243887901306,
    0.21812517046928406,
    0.2186699626120654,
    0.21678860539739783,
    0.21887415810064836,
    0.21905197501182555,
    0.21853667524727907,
    0.218793139945377
  ],
  "val_loss": [
    0.6733169034123421,
    0.30713303107768297,
    0.313038039021194,
    0.3491897489875555,
    0.2919757580384612,
    0.27337696496397257,
    0.29631037451326847,
    0.3374896217137575,
    0.47483614832162857,
    0.28883045818656683,
    0.29504347033798695,
    0.2651081858202815,
    0.2700934959575534,
    0.43735793977975845,
    0.26028607320040464,
    0.25664678681641817,
    0.31713592913001776,
    0.2605777559801936,
    0.27940445952117443,
    0.27020223904401064,
    0.2593463100492954,
    0.28194448351860046,
    0.24811233393847942,
    0.24483833648264408,
    0.24406070075929165,
    0.24328508879989386,
    0.24542921781539917,
    0.24307828675955534,
    0.24479317665100098,
    0.2512750430032611,
    0.24610340129584074,
    0.25067886151373386,
    0.2479979321360588,
    0.24450880847871304,
    0.24285350181162357,
    0.24327582027763128,
    0.24263171292841434,
    0.24289452098309994,
    0.2422029823064804,
    0.24242875073105097,
    0.24247652757912874,
    0.24269776605069637,
    0.24385416321456432,
    0.24256162624806166,
    0.24229925125837326,
    0.2420660788193345,
    0.24246432818472385,
    0.24294996447861195,
    0.24248176626861095,
    0.24281686078757048,
    0.24358579330146313,
    0.24237878620624542,
    0.2424731757491827,
    0.2426804294809699,
    0.24312852043658495,
    0.24290417693555355,
    0.24247873853892088,
    0.24254394695162773,
    0.2425673846155405,
    0.24256462510675192,
    0.24253979418426752
  ],
  "epochs": [
    0,
    1,
    2,
    3,
    4,
    5,
    6,
    7,
    8,
    9,
    10,
    11,
    12,
    13,
    14,
    15,
    16,
    17,
    18,
    19,
    20,
    21,
    22,
    23,
    24,
    25,
    26,
    27,
    28,
    29,
    30,
    31,
    32,
    33,
    34,
    35,
    36,
    37,
    38,
    39,
    40,
    41,
    42,
    43,
    44,
    45,
    46,
    47,
    48,
    49,
    50,
    51,
    52,
    53,
    54,
    55,
    56,
    57,
    58,
    59,
    60
  ]
}