{
  "train_loss": [
    0.7856658599593422,
    0.5901552725921978,
    0.5407480917193673,
    0.5250592551448129,
    0.5133207294073971,
    0.5027808492833917,
    0.493777043169195,
    0.4941904761574485,
    0.4956999789584767,
    0.4878135691989552,
    0.47226550416512925,
    0.4677224354310469,
    0.46468271288004787,
    0.46419595317407086,
    0.46083737069910224,
    0.463599446144971,
    0.46108749292113566,
    0.46049259792674674,
    0.46107693043622106,
    0.46054937568577853,
    0.4568154129115018,
    0.45655994577841325,
    0.45692164193500173,
    0.45933075438846244,
    0.4564598343589089,
    0.4550503503192555,
    0.4537971697070382,
    0.4527258325706829,
    0.4522247178988023,
    0.44987330057404257,
    0.4549211496656591,
    0.45110845457423815,
    0.45219943144104696,
    0.4508056331764568,
    0.45228996927087955,
    0.44984467192129657,
    0.4504336725581776,
    0.4496471816843206,
    0.4496300789442929,
    0.448005470904437,
    0.4479710671034726,
    0.45004823099483143,
    0.44703748388723896,
    0.44043939221989026,
    0.4437089968811382,
    0.43972518389875237,
    0.4421065465970473,
    0.4444141382520849,
    0.4420635467225855,
    0.44085856730287726,
    0.4446899175643921,
    0.4427636260336096,
    0.44171191291375594,
    0.44200465299866415,
    0.4464159835468639,
    0.44191467328505085,
    0.4444258348508315,
    0.44116017655892803,
    0.44160674539479344,
    0.4400881003249775,
    0.44348461031913755,
    0.4415645290504802,
    0.4403509974479675,
    0.4420510476285761,
    0.4412741471420635,
    0.44033113609660757,
    0.4427719403396953,
    0.4408815329725092,
    0.4420684294267134,
    0.4394089682535692,
    0.4420657298781655,
    0.43958370793949475,
    0.43954004157673227,
    0.4400144642049616,
    0.440463662147522,
    0.4415053508498452,
    0.4413854550231587,
    0.44178261377594685,
    0.44303033243526113,
    0.44023725390434265,
    0.44026272296905516,
    0.4402113838629289,
    0.44136244817213577,
    0.4401162450963801,
    0.4405723653056405,
    0.44320496916770935,
    0.44181542450731454,
    0.4407306638630954,
    0.44043339707634666,
    0.44214857003905556,
    0.44043557047843934,
    0.44031035466627644
  ],
  "val_loss": [
    0.7304039970040321,
    0.5917074661701918,
    0.6848967149853706,
    0.5083528440445662,
    0.5092240944504738,
    0.5345302261412144,
    0.7619528584182262,
    0.7197232432663441,
    0.6981629431247711,
    0.5723958276212215,
    0.4778116662055254,
    0.4689773693680763,
    0.45547896437346935,
    0.4543206747621298,
    0.45646253786981106,
    0.498800877481699,
    0.45317189395427704,
    0.45552037842571735,
    0.45452417246997356,
    0.477341553196311,
    0.45338031835854053,
    0.4657515697181225,
    0.45087877102196217,
    0.46384172514081,
    0.48268923349678516,
    0.46634336188435555,
    0.4460479151457548,
    0.4908817633986473,
    0.44544755294919014,
    0.44753130711615086,
    0.45874994061887264,
    0.4732209276407957,
    0.46895182877779007,
    0.44548135064542294,
    0.44078012369573116,
    0.47346885316073895,
    0.44044256396591663,
    0.442117664963007,
    0.441873524338007,
    0.50743661634624,
    0.493320781737566,
    0.5071324054151773,
    0.4461236707866192,
    0.43737523816525936,
    0.4372416529804468,
    0.4370207544416189,
    0.43679848685860634,
    0.43707497231662273,
    0.43680258840322495,
    0.43634755723178387,
    0.43644856475293636,
    0.4370275344699621,
    0.4361313618719578,
    0.4361740555614233,
    0.44091992266476154,
    0.43797177262604237,
    0.43614437058568,
    0.4362262189388275,
    0.4361659735441208,
    0.43577855080366135,
    0.43605938740074635,
    0.4358815476298332,
    0.4357801005244255,
    0.4360603652894497,
    0.4357236251235008,
    0.4358029402792454,
    0.4358622580766678,
    0.4357477091252804,
    0.43577450700104237,
    0.43592806719243526,
    0.4357666689902544,
    0.4358007051050663,
    0.43577716313302517,
    0.4356925580650568,
    0.4357254058122635,
    0.4360585864633322,
    0.43565867841243744,
    0.43589386343955994,
    0.4359262827783823,
    0.435721930116415,
    0.43581196665763855,
    0.43582482263445854,
    0.43567611277103424,
    0.43582956679165363,
    0.4358587060123682,
    0.43571419827640057,
    0.435866741463542,
    0.43583302572369576,
    0.43592292442917824,
    0.4358625952154398,
    0.4357109311968088,
    0.4357349965721369
  ],
  "epochs": [
    0,
    1,
    2,
    3,
    4,
    5,
    6,
    7,
    8,
    9,
    10,
    11,
    12,
    13,
    14,
    15,
    16,
    17,
    18,
    19,
    20,
    21,
    22,
    23,
    24,
    25,
    26,
    27,
    28,
    29,
    30,
    31,
    32,
    33,
    34,
    35,
    36,
    37,
    38,
    39,
    40,
    41,
    42,
    43,
    44,
    45,
    46,
    47,
    48,
    49,
    50,
    51,
    52,
    53,
    54,
    55,
    56,
    57,
    58,
    59,
    60,
    61,
    62,
    63,
    64,
    65,
    66,
    67,
    68,
    69,
    70,
    71,
    72,
    73,
    74,
    75,
    76,
    77,
    78,
    79,
    80,
    81,
    82,
    83,
    84,
    85,
    86,
    87,
    88,
    89,
    90,
    91
  ]
}