{
  "train_loss": [
    0.7821890646761114,
    0.36734083782542837,
    0.2963280883702365,
    0.2832601251927289,
    0.2711909787221388,
    0.2659959663044323,
    0.25499877848408437,
    0.26999523883516136,
    0.25860292288390074,
    0.2543137190016833,
    0.23726923980496145,
    0.23290337297049435,
    0.23238066299395127,
    0.23038156709887764,
    0.23123884092677724,
    0.23252488266338,
    0.22997775863517414,
    0.22961681783199311,
    0.23304219300096685,
    0.23045251342383297,
    0.22904214317148383,
    0.22655582319606435,
    0.2268484817309813,
    0.22554877996444703,
    0.22761747430671345,
    0.22605008753863248,
    0.2268138985742222,
    0.22223452871496027,
    0.22492068111896515,
    0.22642342123118314,
    0.22383054278113626,
    0.22460182715546,
    0.22684756977991624,
    0.22319295054132288,
    0.2262296497821808,
    0.22225926437161186,
    0.22541614445773037,
    0.22505745833570306,
    0.2205077816139568,
    0.22256980348717081,
    0.22370219149372794,
    0.2225088593634692,
    0.2232864569533955,
    0.2232310322198001,
    0.22070727944374086,
    0.22232405164025046,
    0.22374225665222514,
    0.2238951016556133,
    0.22259088429537685,
    0.2206908017396927,
    0.22296540059826592,
    0.2221151969649575,
    0.22085599953478033
  ],
  "val_loss": [
    0.48501456156373024,
    0.45814093202352524,
    0.30016032978892326,
    0.28351213689893484,
    0.2840952333062887,
    0.28651985712349415,
    0.30826115794479847,
    0.2973899133503437,
    0.3447258919477463,
    0.4847534876316786,
    0.24962791241705418,
    0.25717953126877546,
    0.24749083258211613,
    0.24710835237056017,
    0.24644634500145912,
    0.2569714216515422,
    0.24581412598490715,
    0.24563828017562628,
    0.24533320032060146,
    0.24560231622308493,
    0.2483959812670946,
    0.24551731627434492,
    0.2484456431120634,
    0.2446719892323017,
    0.2508641965687275,
    0.24684981256723404,
    0.24617093428969383,
    0.24501124862581491,
    0.27034702338278294,
    0.2561421487480402,
    0.2445283243432641,
    0.24416110944002867,
    0.24419003631919622,
    0.24423337541520596,
    0.24414132628589869,
    0.2440419588238001,
    0.24394957069307566,
    0.24363561533391476,
    0.2439338117837906,
    0.2439730130136013,
    0.24396585673093796,
    0.24365613516420126,
    0.2437023799866438,
    0.2439423892647028,
    0.24367720261216164,
    0.24372916668653488,
    0.24373654648661613,
    0.24369237199425697,
    0.24444396514445543,
    0.2436988428235054,
    0.24392803199589252,
    0.24468778539448977,
    0.2437950698658824
  ],
  "epochs": [
    0,
    1,
    2,
    3,
    4,
    5,
    6,
    7,
    8,
    9,
    10,
    11,
    12,
    13,
    14,
    15,
    16,
    17,
    18,
    19,
    20,
    21,
    22,
    23,
    24,
    25,
    26,
    27,
    28,
    29,
    30,
    31,
    32,
    33,
    34,
    35,
    36,
    37,
    38,
    39,
    40,
    41,
    42,
    43,
    44,
    45,
    46,
    47,
    48,
    49,
    50,
    51,
    52
  ]
}