{
  "train_loss": [
    0.8222093430432407,
    0.41240023970603945,
    0.32461542053656145,
    0.3005111799998717,
    0.28421881713650443,
    0.2842508673667908,
    0.2875321526419033,
    0.28057511855255474,
    0.2770738165486943,
    0.27740703360600905,
    0.27864543931050734,
    0.2564173525029963,
    0.2555321541699496,
    0.25366836975921286,
    0.2528189694339579,
    0.2516860032623464,
    0.2534034742550416,
    0.24702585420825265,
    0.24844402128999885,
    0.24972373030402445,
    0.2475101582028649,
    0.25128820267590607,
    0.2479344506155361,
    0.24555950544097208,
    0.24641034928235142,
    0.249765266884457,
    0.24394956176931207,
    0.24627221524715423,
    0.24501154937527397,
    0.245470669594678,
    0.24716250788081776,
    0.24360915259881452,
    0.24246153452179647,
    0.24269544942812485,
    0.24249918108636684,
    0.24428216923366894,
    0.24407934519377622,
    0.2453458685766567,
    0.24373506822369315,
    0.24449474676088853,
    0.24530484215779738,
    0.24471304687586698,
    0.2420001810247248,
    0.2450151186097752,
    0.242495319518176,
    0.2451517473567616,
    0.24260565015402707,
    0.2431378052993254,
    0.2408077204769308,
    0.24115369726311076,
    0.24410915943709285,
    0.24435299743305552,
    0.24330843416127293,
    0.24141719232905995,
    0.24336210164156827,
    0.24324354475194757,
    0.24123917032371867,
    0.2419216066598892,
    0.24101015573198145,
    0.24191225902600721,
    0.2429658526724035,
    0.24253159978172995,
    0.24169313988902352,
    0.24451125291260806
  ],
  "val_loss": [
    0.5911898538470268,
    0.4422915782779455,
    1.3000134900212288,
    0.30028445553034544,
    0.27127986401319504,
    0.2889133458957076,
    0.4133996497839689,
    0.41486101411283016,
    0.30129291769117117,
    0.3475636187940836,
    0.2756057335063815,
    0.26358148735016584,
    0.2635048143565655,
    0.2623407356441021,
    0.26097809709608555,
    0.26789871510118246,
    0.2617412768304348,
    0.2633304400369525,
    0.267441613599658,
    0.26053922437131405,
    0.2604379802942276,
    0.26354239508509636,
    0.2654980607330799,
    0.2637293180450797,
    0.2592743458226323,
    0.26362369395792484,
    0.2603670097887516,
    0.26040574721992016,
    0.27199164498597383,
    0.26296990644186735,
    0.2738185217604041,
    0.2599401567131281,
    0.25976467691361904,
    0.2590457256883383,
    0.2588112177327275,
    0.25958392303436995,
    0.2590665612369776,
    0.2588082943111658,
    0.258776405826211,
    0.258882119320333,
    0.2593125058338046,
    0.25941122975200415,
    0.2590930024161935,
    0.25978098902851343,
    0.25905484799295664,
    0.2589454147964716,
    0.2588274395093322,
    0.2590768914669752,
    0.25872741267085075,
    0.2594092609360814,
    0.26038260012865067,
    0.25923493783921003,
    0.2594202319160104,
    0.2587560387328267,
    0.2590005062520504,
    0.258823836222291,
    0.2588054211810231,
    0.25895523000508547,
    0.2591553432866931,
    0.2588318595662713,
    0.25891590118408203,
    0.25936073902994394,
    0.2587624825537205,
    0.25919878110289574
  ],
  "epochs": [
    0,
    1,
    2,
    3,
    4,
    5,
    6,
    7,
    8,
    9,
    10,
    11,
    12,
    13,
    14,
    15,
    16,
    17,
    18,
    19,
    20,
    21,
    22,
    23,
    24,
    25,
    26,
    27,
    28,
    29,
    30,
    31,
    32,
    33,
    34,
    35,
    36,
    37,
    38,
    39,
    40,
    41,
    42,
    43,
    44,
    45,
    46,
    47,
    48,
    49,
    50,
    51,
    52,
    53,
    54,
    55,
    56,
    57,
    58,
    59,
    60,
    61,
    62,
    63
  ]
}