{
  "train_loss": [
    1.19908742016012,
    0.7261480541662736,
    0.5944570557637647,
    0.5346620830080726,
    0.49084950105710456,
    0.4699160213903947,
    0.4465916361592032,
    0.42303949356079096,
    0.4114278424869884,
    0.4090367575938051,
    0.39196226946332235,
    0.3795837795463475,
    0.37672225605357773,
    0.36613228323784736,
    0.35957455071535976,
    0.35845323207703506,
    0.35016452586108987,
    0.34680270904844457,
    0.3404143778573383,
    0.33813192305239764,
    0.32987150796435094,
    0.32941860776055937,
    0.3332805466922847,
    0.32318147924813356,
    0.3203460172089663,
    0.318032086816701,
    0.31753115377642893,
    0.3128739949248054,
    0.3063481625914573,
    0.31210598241199144,
    0.3090189917250113,
    0.3069611711935563,
    0.30410266193476587,
    0.30520415785637767,
    0.3016779844056476,
    0.2993738921122117,
    0.2954777227748524,
    0.2973612409288233,
    0.2883728610656478,
    0.28725338440049775,
    0.28326012072238055,
    0.28211437225341796,
    0.28477715362202033,
    0.28536752275445243,
    0.28753135938536034,
    0.2813537405837666,
    0.28461025170304555,
    0.28356582424857396,
    0.2787590431083332,
    0.28651113667271355,
    0.2747198851812969,
    0.27629107337106357,
    0.27205343761227346,
    0.2781949432329698,
    0.28156334340572353,
    0.2796531870961189,
    0.2719931016726927
  ],
  "val_loss": [
    0.7459206968545914,
    0.531686265207827,
    0.43158460026606915,
    0.4259890637360513,
    0.38289177846163513,
    0.38354986952617764,
    0.4264235697686672,
    0.3344696044921875,
    0.297599446401,
    0.31918646455742417,
    0.33796958569437263,
    0.3168390915729105,
    0.3450617983471602,
    0.3367857938166708,
    0.3241440808866173,
    0.4222655743360519,
    0.3329854586161673,
    0.4118799010757357,
    0.41820122255012393,
    0.29399689058773215,
    0.3546559175942093,
    0.35128766186535354,
    0.3202837231103331,
    0.34975376110523937,
    0.26853872770443554,
    0.35766894728876647,
    0.2680274275597185,
    0.32104316251352427,
    0.32645777044817803,
    0.3115513649303466,
    0.3330160217359662,
    0.27650785078294576,
    0.3337849400006234,
    0.31904885226394974,
    0.32162631959654386,
    0.34950258843600746,
    0.3054845765698701,
    0.3013435753760859,
    0.3212774884421378,
    0.307530757249333,
    0.3483788703335449,
    0.3173288824735209,
    0.3199466284131631,
    0.32254353191237894,
    0.30851713533047587,
    0.3098337359726429,
    0.3002493496052921,
    0.31376036077272146,
    0.3245533109176904,
    0.3105686405673623,
    0.3204482056666165,
    0.3112783963792026,
    0.31454544251319017,
    0.323819624283351,
    0.29860272982623426,
    0.3146913933334872,
    0.31348747410811484
  ],
  "epochs": [
    0,
    1,
    2,
    3,
    4,
    5,
    6,
    7,
    8,
    9,
    10,
    11,
    12,
    13,
    14,
    15,
    16,
    17,
    18,
    19,
    20,
    21,
    22,
    23,
    24,
    25,
    26,
    27,
    28,
    29,
    30,
    31,
    32,
    33,
    34,
    35,
    36,
    37,
    38,
    39,
    40,
    41,
    42,
    43,
    44,
    45,
    46,
    47,
    48,
    49,
    50,
    51,
    52,
    53,
    54,
    55,
    56
  ]
}