{
  "train_loss": [
    1.3491306939992036,
    0.8910447779026898,
    0.7582265373251654,
    0.683880378387191,
    0.6174999394741925,
    0.574793007753112,
    0.5331253497167067,
    0.49855309237133366,
    0.47807111940600655,
    0.4550089703364806,
    0.44895294479348435,
    0.42675433987920935,
    0.41499118967489756,
    0.4060505971583453,
    0.39076862831007353,
    0.38156973470341077,
    0.3830479436029087,
    0.3685725383054126,
    0.3717170929366892,
    0.35920789025046607,
    0.3575263658707792,
    0.34778186952525914,
    0.3444947857477448,
    0.3359245394305749,
    0.33758183809843934,
    0.33636513309045274,
    0.32809502604332835,
    0.3266671451384371,
    0.32424745432355184,
    0.3221237801963633,
    0.3213266693191094,
    0.3123185848647898,
    0.30918297388336874,
    0.31331887757236304,
    0.3072894976355812,
    0.3007938973741098,
    0.3038731543042443,
    0.30909868348728525,
    0.31028287776491853,
    0.29956207519227807,
    0.2990271019122817,
    0.29622686808759513,
    0.2923702799461104,
    0.29509759209372777,
    0.2946516518430276,
    0.28933436393737794,
    0.2741043739156289,
    0.2791350037943233,
    0.2793835926055908,
    0.27977607699957757,
    0.2780611433766105,
    0.27654920139096,
    0.2751940275322307,
    0.2807403608614748,
    0.2801959396492351,
    0.2789463005553592,
    0.26737450114705347,
    0.27053511015393517,
    0.2726099021597342,
    0.2693278148499402,
    0.27223190410570663,
    0.2747936087304896,
    0.27205520784313025,
    0.272977828762748
  ],
  "val_loss": [
    0.9064770579338073,
    0.7104479841887951,
    0.592658257111907,
    0.6289238329045475,
    0.5313982774503528,
    0.4218358840793371,
    0.3816492916084826,
    0.38484940296038983,
    0.3600018760189414,
    0.360434318613261,
    0.35987752499058845,
    0.37031178269535303,
    0.32869604178704315,
    0.2762831321917474,
    0.29597031362354753,
    0.3850308337714523,
    0.27833626708015796,
    0.2828829583711922,
    0.2603465865366161,
    0.26881452919915316,
    0.2856040775310248,
    0.2578086010180414,
    0.34795713149942453,
    0.29925444656983013,
    0.3066214493010193,
    0.2927580914460122,
    0.27595029985532166,
    0.3565307811833918,
    0.241454220097512,
    0.2462288891430944,
    0.23320942148566245,
    0.29829139043577013,
    0.27028758530505,
    0.21543904640711842,
    0.265597095224075,
    0.2546677158679813,
    0.32922129600774497,
    0.24037814633920787,
    0.26706245057284833,
    0.2419396573444828,
    0.2663587190909311,
    0.3054206839064136,
    0.24250521103385836,
    0.2723546229768544,
    0.23925791729707271,
    0.2661982393125072,
    0.251347529143095,
    0.2554538651835173,
    0.23393045468255877,
    0.23522794744931158,
    0.24794261527713388,
    0.2617543604923412,
    0.2580202819546684,
    0.23992553092539307,
    0.24067433294840157,
    0.2581159837311134,
    0.24242296260781585,
    0.2499840774340555,
    0.2455830301856622,
    0.2483060878701508,
    0.23195644540246574,
    0.24263836224563418,
    0.24361077349167315,
    0.24543714402243494
  ],
  "epochs": [
    0,
    1,
    2,
    3,
    4,
    5,
    6,
    7,
    8,
    9,
    10,
    11,
    12,
    13,
    14,
    15,
    16,
    17,
    18,
    19,
    20,
    21,
    22,
    23,
    24,
    25,
    26,
    27,
    28,
    29,
    30,
    31,
    32,
    33,
    34,
    35,
    36,
    37,
    38,
    39,
    40,
    41,
    42,
    43,
    44,
    45,
    46,
    47,
    48,
    49,
    50,
    51,
    52,
    53,
    54,
    55,
    56,
    57,
    58,
    59,
    60,
    61,
    62,
    63
  ]
}