{
  "train_loss": [
    1.35177124153484,
    0.8384400516206567,
    0.7232994954152541,
    0.6555835332111879,
    0.6012188906019383,
    0.5530866880850358,
    0.5245149479670957,
    0.49959348234263334,
    0.4824739515781402,
    0.47040837333960966,
    0.44457443345676767,
    0.4398981353369626,
    0.4361833770979534,
    0.4293007436936552,
    0.4182333182204853,
    0.42303892867131665,
    0.4118079789931124,
    0.401787849556316,
    0.3956424005736004,
    0.4003619663010944,
    0.39808446832678535,
    0.3914209245280786,
    0.37925488702275534,
    0.3854881260069934,
    0.38382150736722076,
    0.37839440527287393,
    0.369413608637723,
    0.3641556480797854,
    0.36088633699850603,
    0.36508577815511006,
    0.3625136515227231,
    0.35986447865312743,
    0.3605776264992627,
    0.35989337054165926,
    0.3563210703568025,
    0.35843111997300925,
    0.35118496491150414,
    0.3517765430157834,
    0.3499902667511593,
    0.3481009841236201,
    0.3507311297546733,
    0.3464620307629758,
    0.346516174565662,
    0.35505487883632825,
    0.3509310360117392
  ],
  "val_loss": [
    0.7879281254485249,
    0.6482803749851882,
    0.6746235249564052,
    0.4922265922650695,
    0.48379244552925227,
    0.4809677788056433,
    0.43938629897311327,
    0.49141642963513726,
    0.5272629199549556,
    0.537741750665009,
    0.5506661251652986,
    0.4719434893224388,
    0.5086442683823407,
    0.4495929410215467,
    0.41323543163016435,
    0.46933145304210483,
    0.5243504932150245,
    0.48939340612851084,
    0.5366389899048953,
    0.45963713685050606,
    0.43843518574722107,
    0.5100833679083734,
    0.45747643331997095,
    0.5412677591666579,
    0.4649339697789401,
    0.5672088254243135,
    0.4719629883300513,
    0.44905738062225276,
    0.48981742262840267,
    0.5307091488502919,
    0.5079280567355454,
    0.4800150603521615,
    0.4668314386624843,
    0.48323746817186475,
    0.4751438291743397,
    0.4946016628760844,
    0.507250479934737,
    0.48946554241701956,
    0.4898562633898109,
    0.4968707454390824,
    0.4967328789178282,
    0.4835302841383963,
    0.47802568390034134,
    0.4952201539184898,
    0.46524146008305245
  ],
  "epochs": [
    0,
    1,
    2,
    3,
    4,
    5,
    6,
    7,
    8,
    9,
    10,
    11,
    12,
    13,
    14,
    15,
    16,
    17,
    18,
    19,
    20,
    21,
    22,
    23,
    24,
    25,
    26,
    27,
    28,
    29,
    30,
    31,
    32,
    33,
    34,
    35,
    36,
    37,
    38,
    39,
    40,
    41,
    42,
    43,
    44
  ]
}