{
  "train_loss": [
    1.367864307490262,
    0.8741042628071525,
    0.7536972877654162,
    0.68355603992939,
    0.6261198597062717,
    0.5835403201796792,
    0.5415350837057287,
    0.5188748851147564,
    0.49577969762411983,
    0.4760956000468948,
    0.4578727749802849,
    0.44301494983109563,
    0.43379601158879016,
    0.424075051817027,
    0.4168526472828605,
    0.4051576829498464,
    0.392010030827739,
    0.3982877016067504,
    0.38002590843222356,
    0.3768993580883199,
    0.3724243789098479,
    0.36635764791206876,
    0.36367380410432815,
    0.36028744917024264,
    0.3547027095339515,
    0.34754267971624025,
    0.3490753163803707,
    0.35085549099878827,
    0.3438423149965026,
    0.33915710435672236,
    0.3421844662048599,
    0.3408666731552644,
    0.33395461960272355,
    0.33355016673153093,
    0.33233796168457375,
    0.32955034852027887,
    0.3262106753208421,
    0.324998055154627,
    0.31487557142972944,
    0.3210000298781828,
    0.32010386174375355,
    0.3225559252229604,
    0.3156645828485488,
    0.31457074319774453,
    0.3118936751918359,
    0.31989668027921153,
    0.3168481710011309,
    0.30903590649366375,
    0.3073657435720617,
    0.3083749291842634,
    0.3072915892980315,
    0.2991328087990934,
    0.3046558130058375,
    0.3006668680364435,
    0.3057219469005411,
    0.31030279712243514,
    0.30542994296008885,
    0.2988618031956932,
    0.29177869097753,
    0.2886467245492068,
    0.28842035350474443,
    0.2889896075292067,
    0.2866828467358242,
    0.2867610820044171,
    0.28861684810031546,
    0.28775392291220747,
    0.2822954957322641,
    0.2917769463224844,
    0.2849032967740839,
    0.28647830564867366,
    0.2858617999336936,
    0.28489740073680875,
    0.27895676303993566,
    0.28756890386343,
    0.28343331320719284,
    0.2817223620414734
  ],
  "val_loss": [
    0.8929854039102791,
    0.6992096191272139,
    0.6098091917112469,
    0.5053756295703351,
    0.45605274913832544,
    0.4040857611224055,
    0.38160659754648807,
    0.4678311238996684,
    0.36442623389884826,
    0.4157272457145154,
    0.34396079429425297,
    0.341374278627336,
    0.30069799576885997,
    0.341655823495239,
    0.3704261370003223,
    0.27345538195222613,
    0.27451559831388295,
    0.30519101759418843,
    0.332743479590863,
    0.2604849867988378,
    0.25016105719842013,
    0.29811833072453736,
    0.2961102333385497,
    0.27981317271478473,
    0.23127080253325402,
    0.2422543972264975,
    0.27525357818230983,
    0.25827480941079556,
    0.24830925907008347,
    0.2766580734401941,
    0.2291191281750798,
    0.25932938139885664,
    0.23651909120380876,
    0.2174540046136826,
    0.24025716534815728,
    0.2425469222012907,
    0.2320544289192185,
    0.2774046086007729,
    0.21370381428860127,
    0.21882509011775256,
    0.23290993280243127,
    0.2186286968179047,
    0.24990095917601138,
    0.22477084272541104,
    0.24157110843807458,
    0.19780416260473427,
    0.27672908247914163,
    0.21798223122023044,
    0.21954177133738995,
    0.24055952080525458,
    0.21550395726226268,
    0.2105357475578785,
    0.22095077950507402,
    0.23213462769053875,
    0.22916676248423754,
    0.1992481606081128,
    0.21162247292231767,
    0.21472713563125578,
    0.21407414004206657,
    0.21643901746720076,
    0.1992495386628434,
    0.19919266677461564,
    0.20929761766456068,
    0.20896343158092348,
    0.2084059199783951,
    0.23010454098694025,
    0.2179398276377469,
    0.21184336375445126,
    0.20457949941046535,
    0.20746513963676988,
    0.20902192175853995,
    0.20008083824068307,
    0.20455456473864614,
    0.21312790762167422,
    0.20738707236014306,
    0.20559202630538492
  ],
  "epochs": [
    0,
    1,
    2,
    3,
    4,
    5,
    6,
    7,
    8,
    9,
    10,
    11,
    12,
    13,
    14,
    15,
    16,
    17,
    18,
    19,
    20,
    21,
    22,
    23,
    24,
    25,
    26,
    27,
    28,
    29,
    30,
    31,
    32,
    33,
    34,
    35,
    36,
    37,
    38,
    39,
    40,
    41,
    42,
    43,
    44,
    45,
    46,
    47,
    48,
    49,
    50,
    51,
    52,
    53,
    54,
    55,
    56,
    57,
    58,
    59,
    60,
    61,
    62,
    63,
    64,
    65,
    66,
    67,
    68,
    69,
    70,
    71,
    72,
    73,
    74,
    75
  ]
}