{
  "train_loss": [
    1.182812884829261,
    0.6504924850572239,
    0.5367594936760989,
    0.48899771370671014,
    0.4522276210243052,
    0.4242040874199433,
    0.41005136435682116,
    0.3934384507753632,
    0.37632149089466443,
    0.3644651578231291,
    0.35446586844595995,
    0.3436425361579114,
    0.3335258110815828,
    0.3260593456300822,
    0.3200897401571274,
    0.31279607255350456,
    0.31378780901432035,
    0.30448930604891344,
    0.2946428121761842,
    0.2943010752580382,
    0.28847748022187836,
    0.2892468599568713,
    0.28273340582847595,
    0.27889784961938857,
    0.27844673007726667,
    0.27291775635697624,
    0.27221098910678515,
    0.26898781684311956,
    0.2667192291129719,
    0.26236180863597175,
    0.26111018300056454,
    0.26553675578399133,
    0.26270235075192017,
    0.26472770181569183,
    0.25171707502820273,
    0.26335184048522603,
    0.2532579090649431,
    0.2529386556148529,
    0.25095459740270265,
    0.250193086781285,
    0.24785346434874966,
    0.24595443145795298,
    0.2496350083296949,
    0.2439757627248764,
    0.24561856719580563,
    0.24307028504935177,
    0.2421892428398132,
    0.24519457432356745,
    0.23826845729892904,
    0.23756273223595184,
    0.24053504892370917,
    0.24262387668544597,
    0.2432592950083993,
    0.2372617348486727,
    0.23788094585592093,
    0.23358351081609724,
    0.22298309469764882,
    0.23133945979855275,
    0.22994737896052272,
    0.22911180504343726,
    0.22437648737972432,
    0.22988677032969212,
    0.22691027768633582,
    0.22585666315122085,
    0.2286277928406542,
    0.22224559239365838,
    0.22883844819935883,
    0.2231104770031842,
    0.2229570623961362,
    0.22287372689355503,
    0.2227594400265,
    0.22443382997404446,
    0.22605687439441682,
    0.22828738077120347,
    0.22659594394943927,
    0.22057365739887408,
    0.22058540709994057,
    0.221398835263469,
    0.22082067638635633,
    0.22349770616401327,
    0.22425024677406658,
    0.2227436839179559,
    0.22079556982625614,
    0.22695067061619323,
    0.21913542013276704,
    0.22442763897505671,
    0.2204925932667472,
    0.2221962133320895,
    0.21869445375420832,
    0.22087373413822867,
    0.2189203770323233,
    0.2201903558319265,
    0.2209593252973123,
    0.21986774021928962
  ],
  "val_loss": [
    0.6670008365064859,
    0.45660151969641444,
    0.39645708184689277,
    0.3568612518720328,
    0.36371870581060645,
    0.32713578650727865,
    0.2977438134141266,
    0.28157826727256174,
    0.2570437506306916,
    0.2935162466950714,
    0.2790182206314057,
    0.2948691723868251,
    0.238891381630674,
    0.23302297913469375,
    0.25988557613454755,
    0.2546592130791396,
    0.25662797573022544,
    0.2453295194078237,
    0.2264409626368433,
    0.21017086543142793,
    0.22679644087329506,
    0.2251757132820785,
    0.2092914336360991,
    0.2173403974622488,
    0.2527762294746935,
    0.23074487284757195,
    0.19971757088787853,
    0.20873043998144564,
    0.2019085912965238,
    0.2419305343646556,
    0.20961959511041642,
    0.1867236354621127,
    0.19929166701622306,
    0.20008904230780897,
    0.19383282377384603,
    0.1948478793725371,
    0.18118206688668576,
    0.17874515939038246,
    0.19581873463466762,
    0.2140600236132741,
    0.20113328448496756,
    0.16697523831389843,
    0.166368240583688,
    0.21542898572515695,
    0.1895368484314531,
    0.19647276164032518,
    0.20014901279937475,
    0.23853319955524058,
    0.1880802404368296,
    0.23094461616128684,
    0.19494289266876874,
    0.19038216301705688,
    0.1824350828770548,
    0.19712352058850227,
    0.16958593011368064,
    0.19813992176204917,
    0.16690986878238617,
    0.17193914358504117,
    0.18426933537703005,
    0.16957660317420958,
    0.1792826665332541,
    0.1872892080573365,
    0.18469541610684245,
    0.16287436506245284,
    0.17500713940244167,
    0.18391371888574212,
    0.1805732319364324,
    0.17137004651594906,
    0.16826952658593655,
    0.16790190765168517,
    0.1811200685566291,
    0.17738226356450468,
    0.18108792901039122,
    0.1675812516361475,
    0.1733581917826086,
    0.18235322912223637,
    0.17390801515430213,
    0.17245875999797133,
    0.17552904391195626,
    0.17647967578377574,
    0.1792674134718254,
    0.18042059699073432,
    0.18148333539720624,
    0.18270048117265103,
    0.18323219418525696,
    0.17579988569486885,
    0.17816472130361943,
    0.1693560313200578,
    0.17363197966478763,
    0.16735424809157848,
    0.1705215918133035,
    0.17267521114554255,
    0.17739012495148926,
    0.16697259929496794
  ],
  "epochs": [
    0,
    1,
    2,
    3,
    4,
    5,
    6,
    7,
    8,
    9,
    10,
    11,
    12,
    13,
    14,
    15,
    16,
    17,
    18,
    19,
    20,
    21,
    22,
    23,
    24,
    25,
    26,
    27,
    28,
    29,
    30,
    31,
    32,
    33,
    34,
    35,
    36,
    37,
    38,
    39,
    40,
    41,
    42,
    43,
    44,
    45,
    46,
    47,
    48,
    49,
    50,
    51,
    52,
    53,
    54,
    55,
    56,
    57,
    58,
    59,
    60,
    61,
    62,
    63,
    64,
    65,
    66,
    67,
    68,
    69,
    70,
    71,
    72,
    73,
    74,
    75,
    76,
    77,
    78,
    79,
    80,
    81,
    82,
    83,
    84,
    85,
    86,
    87,
    88,
    89,
    90,
    91,
    92,
    93
  ]
}