{
  "summary": {
    "norm_name": "robust_normalized",
    "num_chips_requested": 10,
    "num_chips_processed": 10,
    "num_chips_with_metrics": 10,
    "generated_at": "2025-11-18T06:49:25.517174"
  },
  "averages": {
    "train": {
      "accuracy": 0.9077071428571429,
      "accuracy_std": 0.01218565776238774,
      "precision": 0.9076831295079121,
      "precision_std": 0.012126194087273251,
      "recall": 0.9077071428571429,
      "recall_std": 0.01218565776238774,
      "f1": 0.9076599875907252,
      "f1_std": 0.012164066793031196,
      "num_chips": 10
    },
    "val": {
      "accuracy": 0.8883058470764617,
      "accuracy_std": 0.01319046883301911,
      "precision": 0.888422099744026,
      "precision_std": 0.013224509625770433,
      "recall": 0.8883058470764617,
      "recall_std": 0.01319046883301911,
      "f1": 0.8883126747380826,
      "f1_std": 0.013216362105157165,
      "num_chips": 10
    },
    "test": {
      "accuracy": 0.890990990990991,
      "accuracy_std": 0.015962435399663574,
      "precision": 0.8907892862575009,
      "precision_std": 0.015879855775936053,
      "recall": 0.890990990990991,
      "recall_std": 0.015962435399663574,
      "f1": 0.8908045547163796,
      "f1_std": 0.015932095523965004,
      "num_chips": 10
    }
  },
  "per_chip": {
    "1": {
      "train": {
        "accuracy": 0.9165,
        "precision": 0.9166323947136962,
        "recall": 0.9165,
        "f1": 0.9165592590782609
      },
      "val": {
        "accuracy": 0.9032983508245878,
        "precision": 0.9033074337046217,
        "recall": 0.9032983508245878,
        "f1": 0.9032956748078226
      },
      "test": {
        "accuracy": 0.9004004004004004,
        "precision": 0.9006615263876517,
        "recall": 0.9004004004004004,
        "f1": 0.9005039267239869
      }
    },
    "2": {
      "train": {
        "accuracy": 0.8940714285714285,
        "precision": 0.894835300206656,
        "recall": 0.8940714285714285,
        "f1": 0.8943957269396223
      },
      "val": {
        "accuracy": 0.8743128435782109,
        "precision": 0.8749130836145032,
        "recall": 0.8743128435782109,
        "f1": 0.8745707504696265
      },
      "test": {
        "accuracy": 0.8898898898898899,
        "precision": 0.8903052444462245,
        "recall": 0.8898898898898899,
        "f1": 0.8900581533939458
      }
    },
    "3": {
      "train": {
        "accuracy": 0.9258571428571428,
        "precision": 0.9256388414210479,
        "recall": 0.9258571428571428,
        "f1": 0.925730091961316
      },
      "val": {
        "accuracy": 0.9092953523238381,
        "precision": 0.909284112601681,
        "recall": 0.9092953523238381,
        "f1": 0.9092868946280688
      },
      "test": {
        "accuracy": 0.913913913913914,
        "precision": 0.9135625971394966,
        "recall": 0.913913913913914,
        "f1": 0.9136838779800576
      }
    },
    "4": {
      "train": {
        "accuracy": 0.9224285714285714,
        "precision": 0.9220829310270352,
        "recall": 0.9224285714285714,
        "f1": 0.922223878349765
      },
      "val": {
        "accuracy": 0.8953023488255872,
        "precision": 0.895392191854907,
        "recall": 0.8953023488255872,
        "f1": 0.8953448575308073
      },
      "test": {
        "accuracy": 0.8948948948948949,
        "precision": 0.895015855766964,
        "recall": 0.8948948948948949,
        "f1": 0.8949308995383566
      }
    },
    "5": {
      "train": {
        "accuracy": 0.8967857142857143,
        "precision": 0.8960895600213958,
        "recall": 0.8967857142857143,
        "f1": 0.8963426896946783
      },
      "val": {
        "accuracy": 0.8848075962018991,
        "precision": 0.88487262308932,
        "recall": 0.8848075962018991,
        "f1": 0.8847797031744147
      },
      "test": {
        "accuracy": 0.8863863863863863,
        "precision": 0.885506256634327,
        "recall": 0.8863863863863863,
        "f1": 0.8857677566922493
      }
    },
    "6": {
      "train": {
        "accuracy": 0.9127857142857143,
        "precision": 0.9127185571255432,
        "recall": 0.9127857142857143,
        "f1": 0.9127513224219775
      },
      "val": {
        "accuracy": 0.8823088455772113,
        "precision": 0.8824127111770242,
        "recall": 0.8823088455772113,
        "f1": 0.8823096844201491
      },
      "test": {
        "accuracy": 0.8868868868868869,
        "precision": 0.8867908820960464,
        "recall": 0.8868868868868869,
        "f1": 0.886833696846657
      }
    },
    "7": {
      "train": {
        "accuracy": 0.9079285714285714,
        "precision": 0.9082917330884887,
        "recall": 0.9079285714285714,
        "f1": 0.9080958360706433
      },
      "val": {
        "accuracy": 0.889055472263868,
        "precision": 0.8891842024945394,
        "recall": 0.889055472263868,
        "f1": 0.8891021351854562
      },
      "test": {
        "accuracy": 0.8933933933933934,
        "precision": 0.8935485414495001,
        "recall": 0.8933933933933934,
        "f1": 0.8934680668130985
      }
    },
    "8": {
      "train": {
        "accuracy": 0.885,
        "precision": 0.8847719304732932,
        "recall": 0.885,
        "f1": 0.8848823784706147
      },
      "val": {
        "accuracy": 0.861319340329835,
        "precision": 0.8609028856156437,
        "recall": 0.861319340329835,
        "f1": 0.861100175629399
      },
      "test": {
        "accuracy": 0.8498498498498499,
        "precision": 0.8498863187779816,
        "recall": 0.8498498498498499,
        "f1": 0.8497573764445172
      }
    },
    "9": {
      "train": {
        "accuracy": 0.9105714285714286,
        "precision": 0.9101638986867585,
        "recall": 0.9105714285714286,
        "f1": 0.9103406505230304
      },
      "val": {
        "accuracy": 0.895552223888056,
        "precision": 0.8957933337282687,
        "recall": 0.895552223888056,
        "f1": 0.8956583357596538
      },
      "test": {
        "accuracy": 0.9044044044044044,
        "precision": 0.9034507496937345,
        "recall": 0.9044044044044044,
        "f1": 0.9037574798117692
      }
    },
    "10": {
      "train": {
        "accuracy": 0.9051428571428571,
        "precision": 0.9056061483152054,
        "recall": 0.9051428571428571,
        "f1": 0.9052780423973426
      },
      "val": {
        "accuracy": 0.8878060969515242,
        "precision": 0.8881584195597502,
        "recall": 0.8878060969515242,
        "f1": 0.8876785357754294
      },
      "test": {
        "accuracy": 0.8898898898898899,
        "precision": 0.8891648901830824,
        "recall": 0.8898898898898899,
        "f1": 0.8892843129191575
      }
    }
  }
}