{
  "summary": {
    "norm_name": "robust_normalized",
    "num_chips_requested": 10,
    "num_chips_processed": 10,
    "num_chips_with_metrics": 10,
    "generated_at": "2025-10-22T11:59:41.247551"
  },
  "averages": {
    "train": {
      "accuracy": 0.8950142857142858,
      "accuracy_std": 0.03076565140091217,
      "precision": 0.8949645867214329,
      "precision_std": 0.031090047394842515,
      "recall": 0.8950142857142858,
      "recall_std": 0.03076565140091217,
      "f1": 0.8949544429736014,
      "f1_std": 0.0309485353485164,
      "num_chips": 10
    },
    "val": {
      "accuracy": 0.8819090454772613,
      "accuracy_std": 0.025715094178611685,
      "precision": 0.8820887410295759,
      "precision_std": 0.025540277188503654,
      "recall": 0.8819090454772613,
      "recall_std": 0.025715094178611685,
      "f1": 0.8819507243065917,
      "f1_std": 0.025618048765505483,
      "num_chips": 10
    },
    "test": {
      "accuracy": 0.8838838838838837,
      "accuracy_std": 0.030546115912329384,
      "precision": 0.8838700080633235,
      "precision_std": 0.03069828699026312,
      "recall": 0.8838838838838837,
      "recall_std": 0.030546115912329384,
      "f1": 0.8837883240688951,
      "f1_std": 0.030664155386473154,
      "num_chips": 10
    }
  },
  "per_chip": {
    "1": {
      "train": {
        "accuracy": 0.9052857142857142,
        "precision": 0.9051539339970672,
        "recall": 0.9052857142857142,
        "f1": 0.9052172301065129
      },
      "val": {
        "accuracy": 0.8925537231384307,
        "precision": 0.8932533039321557,
        "recall": 0.8925537231384307,
        "f1": 0.8928089894143149
      },
      "test": {
        "accuracy": 0.9014014014014013,
        "precision": 0.9009136236192088,
        "recall": 0.9014014014014013,
        "f1": 0.9011144983367205
      }
    },
    "2": {
      "train": {
        "accuracy": 0.9089285714285714,
        "precision": 0.9092777888377142,
        "recall": 0.9089285714285714,
        "f1": 0.9090896327467182
      },
      "val": {
        "accuracy": 0.8940529735132434,
        "precision": 0.8936162114344084,
        "recall": 0.8940529735132434,
        "f1": 0.8938241613370848
      },
      "test": {
        "accuracy": 0.8973973973973974,
        "precision": 0.8969634165362745,
        "recall": 0.8973973973973974,
        "f1": 0.8971562437701279
      }
    },
    "3": {
      "train": {
        "accuracy": 0.8560714285714286,
        "precision": 0.8556707402215749,
        "recall": 0.8560714285714286,
        "f1": 0.8558542225825482
      },
      "val": {
        "accuracy": 0.8515742128935532,
        "precision": 0.852403098814677,
        "recall": 0.8515742128935532,
        "f1": 0.8519574495892002
      },
      "test": {
        "accuracy": 0.8493493493493494,
        "precision": 0.8492570230886207,
        "recall": 0.8493493493493494,
        "f1": 0.8492799475060296
      }
    },
    "4": {
      "train": {
        "accuracy": 0.9317857142857143,
        "precision": 0.93180347792987,
        "recall": 0.9317857142857143,
        "f1": 0.9317867652636854
      },
      "val": {
        "accuracy": 0.9132933533233384,
        "precision": 0.9131467995072154,
        "recall": 0.9132933533233384,
        "f1": 0.9132178769481386
      },
      "test": {
        "accuracy": 0.923923923923924,
        "precision": 0.9236351431481333,
        "recall": 0.923923923923924,
        "f1": 0.9237087247632284
      }
    },
    "5": {
      "train": {
        "accuracy": 0.9106428571428572,
        "precision": 0.910636487150677,
        "recall": 0.9106428571428572,
        "f1": 0.9105670069331797
      },
      "val": {
        "accuracy": 0.8983008495752124,
        "precision": 0.8975654544404734,
        "recall": 0.8983008495752124,
        "f1": 0.8977175511132913
      },
      "test": {
        "accuracy": 0.8893893893893894,
        "precision": 0.8894474353871945,
        "recall": 0.8893893893893894,
        "f1": 0.8894179429574403
      }
    },
    "6": {
      "train": {
        "accuracy": 0.85,
        "precision": 0.850351792711202,
        "recall": 0.85,
        "f1": 0.8501437337360063
      },
      "val": {
        "accuracy": 0.8380809595202399,
        "precision": 0.8388295986267463,
        "recall": 0.8380809595202399,
        "f1": 0.8384148934921789
      },
      "test": {
        "accuracy": 0.8493493493493494,
        "precision": 0.8513876395128542,
        "recall": 0.8493493493493494,
        "f1": 0.8500682855945035
      }
    },
    "7": {
      "train": {
        "accuracy": 0.9159285714285714,
        "precision": 0.9159103795150664,
        "recall": 0.9159285714285714,
        "f1": 0.9159189363184439
      },
      "val": {
        "accuracy": 0.8970514742628686,
        "precision": 0.8977341867408567,
        "recall": 0.8970514742628686,
        "f1": 0.897346399476
      },
      "test": {
        "accuracy": 0.9034034034034034,
        "precision": 0.9038512311408591,
        "recall": 0.9034034034034034,
        "f1": 0.9036006821691075
      }
    },
    "8": {
      "train": {
        "accuracy": 0.8432857142857143,
        "precision": 0.8416971264344452,
        "recall": 0.8432857142857143,
        "f1": 0.8423549424474271
      },
      "val": {
        "accuracy": 0.8435782108945528,
        "precision": 0.8432118525587117,
        "recall": 0.8435782108945528,
        "f1": 0.8433780628976805
      },
      "test": {
        "accuracy": 0.8238238238238238,
        "precision": 0.8216759809848337,
        "recall": 0.8238238238238238,
        "f1": 0.8225674137866147
      }
    },
    "9": {
      "train": {
        "accuracy": 0.9237142857142857,
        "precision": 0.9239300723500016,
        "recall": 0.9237142857142857,
        "f1": 0.9238088637023527
      },
      "val": {
        "accuracy": 0.9052973513243379,
        "precision": 0.9052968234205294,
        "recall": 0.9052973513243379,
        "f1": 0.9052951678522531
      },
      "test": {
        "accuracy": 0.9124124124124124,
        "precision": 0.9121169238070298,
        "recall": 0.9124124124124124,
        "f1": 0.9121624195120934
      }
    },
    "10": {
      "train": {
        "accuracy": 0.9045,
        "precision": 0.9052140680667097,
        "recall": 0.9045,
        "f1": 0.9048030958991389
      },
      "val": {
        "accuracy": 0.8853073463268366,
        "precision": 0.8858300808199859,
        "recall": 0.8853073463268366,
        "f1": 0.8855466909457756
      },
      "test": {
        "accuracy": 0.8883883883883884,
        "precision": 0.8894516634082248,
        "recall": 0.8883883883883884,
        "f1": 0.888807082293085
      }
    }
  }
}