{
  "train_loss": [
    0.785332849892703,
    0.3592985879291188,
    0.2951209916309877,
    0.2743548786098307,
    0.25939692638137124,
    0.2627746294845234,
    0.2514585703611374,
    0.25372862924229017,
    0.24656754298643632,
    0.24555639218200337,
    0.24788904596458783,
    0.2525922377001156,
    0.23859193433414805,
    0.24533394195816732,
    0.2480265425010161,
    0.24200192933732814,
    0.23987035859714856,
    0.23635593110864814,
    0.23825249509377913,
    0.23631356846202503,
    0.22225109094923193,
    0.2192884919318286,
    0.21669999117201025,
    0.21961139548908581,
    0.21610154509544371,
    0.21883087374947288,
    0.21681364259936592,
    0.21719220307740297,
    0.218471883372827,
    0.21260588412935083,
    0.21261351731690495,
    0.21197219463911923,
    0.21263231391256507,
    0.21283897134390745,
    0.21028524420478129,
    0.21359103565866297,
    0.21183847080577503,
    0.21423004946925422,
    0.2139107278802178,
    0.21298472366549753,
    0.21728592352433637,
    0.21236131516369908,
    0.21142932095310904,
    0.21456184739416295,
    0.21430578556927768,
    0.21228988062251697,
    0.21393475342880597,
    0.21575797091830862,
    0.21148099628361788,
    0.21337592601776123
  ],
  "val_loss": [
    0.4881972186267376,
    0.3000927548855543,
    0.40663915127515793,
    0.3010687166824937,
    0.3091583028435707,
    0.3075809581205249,
    0.27010583970695734,
    0.27314472012221813,
    0.32260931842029095,
    0.9494200460612774,
    0.27675542514771223,
    0.2517195316031575,
    0.256551006808877,
    0.24564340990036726,
    0.6138748712837696,
    0.35666256584227085,
    0.8988675959408283,
    0.33372741285711527,
    0.2976580811664462,
    0.3943442702293396,
    0.24139149021357298,
    0.24593121465295553,
    0.24083736073225737,
    0.2415430909022689,
    0.24132030177861452,
    0.2415591822937131,
    0.24171292129904032,
    0.2426720429211855,
    0.2493918864056468,
    0.2398388423025608,
    0.23994386941194534,
    0.24086564499884844,
    0.2399563593789935,
    0.23979743849486113,
    0.23942507151514292,
    0.24021818023175,
    0.2399841221049428,
    0.2400055220350623,
    0.23998244106769562,
    0.2408870393410325,
    0.23990428820252419,
    0.2400647196918726,
    0.2398892678320408,
    0.2417396642267704,
    0.24013221822679043,
    0.24015191663056612,
    0.23979027848690748,
    0.23995505925267935,
    0.24164249934256077,
    0.24049787409603596
  ],
  "epochs": [
    0,
    1,
    2,
    3,
    4,
    5,
    6,
    7,
    8,
    9,
    10,
    11,
    12,
    13,
    14,
    15,
    16,
    17,
    18,
    19,
    20,
    21,
    22,
    23,
    24,
    25,
    26,
    27,
    28,
    29,
    30,
    31,
    32,
    33,
    34,
    35,
    36,
    37,
    38,
    39,
    40,
    41,
    42,
    43,
    44,
    45,
    46,
    47,
    48,
    49
  ]
}