{
  "train_loss": [
    0.7843137031251733,
    0.36171830784190784,
    0.29795310741121117,
    0.26961313648657365,
    0.27159654985774645,
    0.27418081001801925,
    0.2692697457291863,
    0.2567616270347075,
    0.2533681181344119,
    0.25566313618963415,
    0.2527252370660955,
    0.25085769160227345,
    0.24261729202487253,
    0.24716080698100004,
    0.2503302620215849,
    0.24276393462311138,
    0.2319814001972025,
    0.22601141821254384,
    0.22401260571046308,
    0.2243759190494364,
    0.22301381663842634,
    0.22483836845918134,
    0.2240862786769867,
    0.22337228791280225,
    0.22326859777623956,
    0.22139018801125612,
    0.22223516567186877,
    0.21873500618067654,
    0.21970977160063657,
    0.22310365492647344,
    0.2186297904361378,
    0.21916925311088561,
    0.2217016420581124,
    0.2222498744726181,
    0.21892924173311754,
    0.21921314868060024,
    0.22226292816075413,
    0.22084411843256516,
    0.220769188078967,
    0.2207662287083539,
    0.2208114263686267,
    0.22152381620623848,
    0.2225230794061314
  ],
  "val_loss": [
    0.5047148186713457,
    0.31267036870121956,
    0.2742631621658802,
    0.6743004433810711,
    0.29651686921715736,
    0.291011780500412,
    0.26193219516426325,
    0.31760198995471,
    0.27442045230418444,
    0.2574811624363065,
    0.261388273909688,
    0.49374170415103436,
    0.4846589211374521,
    0.388589333742857,
    0.3754375260323286,
    0.5684852562844753,
    0.24451501853764057,
    0.2447291761636734,
    0.24485054891556501,
    0.24442854151129723,
    0.2446646885946393,
    0.2469097627326846,
    0.25413200818002224,
    0.24644144717603922,
    0.2663209568709135,
    0.24527287762612104,
    0.24295883160084486,
    0.2428513104096055,
    0.24324185401201248,
    0.24319009017199278,
    0.2432151986286044,
    0.2434915117919445,
    0.24372629169374704,
    0.2430892763659358,
    0.24369050934910774,
    0.24333358369767666,
    0.24321953300386667,
    0.2433332484215498,
    0.2431626357138157,
    0.2431659074500203,
    0.2434101104736328,
    0.24330650828778744,
    0.24329511914402246
  ],
  "epochs": [
    0,
    1,
    2,
    3,
    4,
    5,
    6,
    7,
    8,
    9,
    10,
    11,
    12,
    13,
    14,
    15,
    16,
    17,
    18,
    19,
    20,
    21,
    22,
    23,
    24,
    25,
    26,
    27,
    28,
    29,
    30,
    31,
    32,
    33,
    34,
    35,
    36,
    37,
    38,
    39,
    40,
    41,
    42
  ]
}