{
  "train_loss": [
    0.821972259608182,
    0.4363133164969358,
    0.3387922891161659,
    0.32440798390995373,
    0.314507701180198,
    0.3073078150098974,
    0.307350447232073,
    0.29979792128909716,
    0.3035651304505088,
    0.3007410702380267,
    0.2807839128104123,
    0.2766835689544678,
    0.27771021832119336,
    0.27377678643573417,
    0.2757479670372876,
    0.2770464401353489,
    0.27329234724695034,
    0.2745513701980764,
    0.27350063486532733,
    0.27104524861682544,
    0.2764348111369393,
    0.27097409096631137,
    0.2697870441458442,
    0.2735268229788,
    0.2714380976828662,
    0.27176369997588073,
    0.26904710802164944,
    0.26829582777890293,
    0.2673665016889572,
    0.26826755648309536,
    0.26871667964891954,
    0.27193204272877086,
    0.26903897307135843,
    0.26955978247252377,
    0.2678867909041318,
    0.27082951908761804,
    0.2663080608302897,
    0.2699270974506031,
    0.27096717980774965,
    0.2715059740976854,
    0.27059115361083635
  ],
  "val_loss": [
    0.5917079634964466,
    0.34386372193694115,
    0.46682961098849773,
    0.3155020419508219,
    0.3277179040014744,
    1.2438259646296501,
    0.5239772088825703,
    0.348501343280077,
    0.33852440118789673,
    0.3733900208026171,
    0.2928802138194442,
    0.29176787473261356,
    0.2905967105180025,
    0.2831191588193178,
    0.28155128192156553,
    0.28461382631212473,
    0.29151774011552334,
    0.2940467968583107,
    0.28300026804208755,
    0.2909304238855839,
    0.29381738044321537,
    0.2816836992278695,
    0.2816804349422455,
    0.2820532051846385,
    0.28203937131911516,
    0.28153129294514656,
    0.2816180493682623,
    0.28184898383915424,
    0.28161726519465446,
    0.28158929012715816,
    0.2817528797313571,
    0.28166515473276377,
    0.28170359320938587,
    0.28162522055208683,
    0.2816146370023489,
    0.28193255234509706,
    0.2818549610674381,
    0.28190375305712223,
    0.28166676592081785,
    0.28181678242981434,
    0.2817913480103016
  ],
  "epochs": [
    0,
    1,
    2,
    3,
    4,
    5,
    6,
    7,
    8,
    9,
    10,
    11,
    12,
    13,
    14,
    15,
    16,
    17,
    18,
    19,
    20,
    21,
    22,
    23,
    24,
    25,
    26,
    27,
    28,
    29,
    30,
    31,
    32,
    33,
    34,
    35,
    36,
    37,
    38,
    39,
    40
  ]
}