{
  "train_loss": [
    0.7937152071432634,
    0.39556347998705776,
    0.3131299116394737,
    0.3003637354482304,
    0.2851889304139397,
    0.2735450823198665,
    0.27336059700359,
    0.2727277078411796,
    0.2659792577678507,
    0.2665853438052264,
    0.266328166289763,
    0.2592341284860264,
    0.25912122211673044,
    0.25740516375411643,
    0.2578092566945336,
    0.25904190919616005,
    0.26133699091998014,
    0.24901255423372443,
    0.25607160980051213,
    0.2565414016897028,
    0.2572017713026567,
    0.2527240663766861,
    0.25947480960325764,
    0.25184547819874503,
    0.25170156847346914,
    0.25592503330924293,
    0.24559820836240595,
    0.23386359079317612,
    0.23009048944169824,
    0.23225652169097555,
    0.23477410647002134,
    0.23114126920700073,
    0.23052880330519243,
    0.23138725513761693,
    0.2306223143230785,
    0.22754826491529292,
    0.22742186432534997,
    0.22780246978456323,
    0.22667195363478226,
    0.22906479672952132,
    0.22747915089130402,
    0.22960361323573372,
    0.22825434505939485,
    0.22875998616218568,
    0.22517449205571954,
    0.22561298256570642,
    0.22822870747609572,
    0.2281528808853843,
    0.2264827852899378,
    0.23097854988141495,
    0.22667544104836204,
    0.22893862182443792
  ],
  "val_loss": [
    0.5619109235703945,
    0.33748129196465015,
    0.2749260300770402,
    0.27210167702287436,
    0.301992766559124,
    0.28050455171614885,
    0.2756917104125023,
    0.2934602089226246,
    0.2631124332547188,
    0.2828333117067814,
    0.26767320837825537,
    0.26146921049803495,
    0.500124454498291,
    0.26179202646017075,
    0.32541797682642937,
    0.28522171825170517,
    0.26103891991078854,
    0.6075443550944328,
    0.3037199769169092,
    0.43132209964096546,
    0.2606261679902673,
    0.27256109192967415,
    0.31342664919793606,
    0.28354974649846554,
    0.26093494333326817,
    0.26860017515718937,
    0.2710431534796953,
    0.24818085134029388,
    0.24765155836939812,
    0.24714552331715822,
    0.24839241988956928,
    0.25016636960208416,
    0.24889995343983173,
    0.24882018379867077,
    0.2482022913172841,
    0.2474487880244851,
    0.247105254791677,
    0.24800433684140444,
    0.2478867070749402,
    0.2476746430620551,
    0.24768055323511362,
    0.24910691380500793,
    0.24743199720978737,
    0.2474300628527999,
    0.24800339620560408,
    0.24777088593691587,
    0.24790623039007187,
    0.24794059246778488,
    0.24758356530219316,
    0.2516676438972354,
    0.24956147093325853,
    0.2477868376299739
  ],
  "epochs": [
    0,
    1,
    2,
    3,
    4,
    5,
    6,
    7,
    8,
    9,
    10,
    11,
    12,
    13,
    14,
    15,
    16,
    17,
    18,
    19,
    20,
    21,
    22,
    23,
    24,
    25,
    26,
    27,
    28,
    29,
    30,
    31,
    32,
    33,
    34,
    35,
    36,
    37,
    38,
    39,
    40,
    41,
    42,
    43,
    44,
    45,
    46,
    47,
    48,
    49,
    50,
    51
  ]
}