{
  "train_loss": [
    0.8022399869832125,
    0.41453121087767864,
    0.3536856323480606,
    0.3493037375536832,
    0.33593934015794236,
    0.32481650818477975,
    0.3201698826117949,
    0.3193853156133132,
    0.31662847318432547,
    0.31598700176585803,
    0.3041792728684165,
    0.31619203876365315,
    0.3058342448689721,
    0.3141239117492329,
    0.29819317026571796,
    0.2886863215403123,
    0.2860679593953219,
    0.28750807561657643,
    0.2887860980900851,
    0.28546247373927724,
    0.2856676982207732,
    0.28527015149593354,
    0.2852717773480849,
    0.28686013709415087,
    0.2886320013891567,
    0.28291883062232626,
    0.2861482891169461,
    0.28469438742507586,
    0.28669014275074006,
    0.2821571824225512,
    0.2823904492638328,
    0.28419733995741064,
    0.28234563090584497,
    0.2809341371059418,
    0.28610919470136814,
    0.282919654250145,
    0.27996371496807443,
    0.28395010937343945,
    0.28311815045096655,
    0.27833175550807604,
    0.28241470970890736,
    0.2814643147316846,
    0.2827874619852413,
    0.28298186470161785,
    0.28095115612853655,
    0.28283873281695626,
    0.28215240836143496,
    0.28044590191407637,
    0.28118195669217544,
    0.2824032564054836,
    0.2805997203696858,
    0.2810552653941241,
    0.2810863037001003,
    0.2829335340044715
  ],
  "val_loss": [
    0.6475396491587162,
    0.39732507430016994,
    0.3875392396003008,
    0.38395134545862675,
    0.8272795043885708,
    0.37189002707600594,
    0.36663808673620224,
    0.32816714979708195,
    0.8001569993793964,
    0.42446346767246723,
    0.4290277138352394,
    0.3366390857845545,
    0.5747068487107754,
    0.3903488200157881,
    0.31561318039894104,
    0.3056312706321478,
    0.3064538687467575,
    0.3050066027790308,
    0.3041480965912342,
    0.3050140496343374,
    0.3026248402893543,
    0.314552852883935,
    0.31249248795211315,
    0.31746965274214745,
    0.3062859829515219,
    0.3060298506170511,
    0.3100882116705179,
    0.30264378525316715,
    0.30293831415474415,
    0.3026507589966059,
    0.3026528060436249,
    0.3024767953902483,
    0.30254649743437767,
    0.3027857132256031,
    0.30273774452507496,
    0.30249765515327454,
    0.3027827460318804,
    0.3028123006224632,
    0.302368625998497,
    0.30248014628887177,
    0.30281137861311436,
    0.30243735387921333,
    0.3024341017007828,
    0.3024205341935158,
    0.30246960930526257,
    0.30250844173133373,
    0.3037310764193535,
    0.3025433048605919,
    0.3028181791305542,
    0.3033381402492523,
    0.30316438153386116,
    0.3024643026292324,
    0.3028861600905657,
    0.3036050349473953
  ],
  "epochs": [
    0,
    1,
    2,
    3,
    4,
    5,
    6,
    7,
    8,
    9,
    10,
    11,
    12,
    13,
    14,
    15,
    16,
    17,
    18,
    19,
    20,
    21,
    22,
    23,
    24,
    25,
    26,
    27,
    28,
    29,
    30,
    31,
    32,
    33,
    34,
    35,
    36,
    37,
    38,
    39,
    40,
    41,
    42,
    43,
    44,
    45,
    46,
    47,
    48,
    49,
    50,
    51,
    52,
    53
  ]
}