{
  "train_loss": [
    0.7924563418735158,
    0.358162181485783,
    0.2956756976517764,
    0.2715125558051196,
    0.2610998129302805,
    0.2558809754523364,
    0.2405085027217865,
    0.24477071897550062,
    0.23862340314821764,
    0.23912603909319097,
    0.2399123034693978,
    0.23740424134514548,
    0.23029093444347382,
    0.23158746443011544,
    0.23184878094629807,
    0.2325119292194193,
    0.21702298684553667,
    0.21459325822916897,
    0.21232673769647425,
    0.21433604440905832,
    0.2071630309928547,
    0.2122076064348221,
    0.21184379214590246,
    0.21082872450351714,
    0.21058222407644445,
    0.20805843418294734,
    0.2073377167636698,
    0.20639644346453928,
    0.20629825781692157,
    0.20564202828840775,
    0.20917307897047563,
    0.20771298516880382,
    0.2039485351605849,
    0.20577822517264974,
    0.2076408405195583,
    0.20438160462812943,
    0.20876673080704428,
    0.20848842479965904,
    0.2067058568651026,
    0.20839109068567102,
    0.20606614269993523,
    0.207539149035107
  ],
  "val_loss": [
    0.7940625622868538,
    0.4021010212600231,
    0.32782851718366146,
    0.2805680874735117,
    0.46258095651865005,
    0.4169423747807741,
    0.3795543350279331,
    0.2561458172276616,
    0.3603281620889902,
    0.24023937340825796,
    0.3784727919846773,
    0.27744683902710676,
    0.37578084878623486,
    0.24667586106806993,
    0.5166086554527283,
    0.3398978728801012,
    0.23796389903873205,
    0.2288892436772585,
    0.2298866230994463,
    0.23350984044373035,
    0.22988438792526722,
    0.2288722088560462,
    0.2331421747803688,
    0.23145946580916643,
    0.22896206751465797,
    0.2285794159397483,
    0.22830910235643387,
    0.2291073426604271,
    0.23059177864342928,
    0.22895568329840899,
    0.22906386945396662,
    0.2299405662342906,
    0.2302617346867919,
    0.22896578814834356,
    0.22907682973891497,
    0.22883089259266853,
    0.22944838367402554,
    0.22861830331385136,
    0.22955512534826994,
    0.23097915947437286,
    0.2293380806222558,
    0.22867403086274862
  ],
  "epochs": [
    0,
    1,
    2,
    3,
    4,
    5,
    6,
    7,
    8,
    9,
    10,
    11,
    12,
    13,
    14,
    15,
    16,
    17,
    18,
    19,
    20,
    21,
    22,
    23,
    24,
    25,
    26,
    27,
    28,
    29,
    30,
    31,
    32,
    33,
    34,
    35,
    36,
    37,
    38,
    39,
    40,
    41
  ]
}