{
  "train_loss": [
    0.765213038704612,
    0.35313127636909486,
    0.27981796833601863,
    0.25511959168044,
    0.2545113663781773,
    0.24289552894505587,
    0.2500074354085055,
    0.23196997344493867,
    0.23436629501256076,
    0.23433171646161513,
    0.22714001102880998,
    0.23023623282259162,
    0.22507776021957399,
    0.22383805892684244,
    0.21375726407224482,
    0.20762997242537412,
    0.20892993889071726,
    0.20690170323306864,
    0.20864683958617122,
    0.2071725544604388,
    0.20610383207147773,
    0.2073047539049929,
    0.2117608452385122,
    0.20433681444688276,
    0.20281553729013962,
    0.20496684096076273,
    0.2014319059523669,
    0.20323119840838694,
    0.20521855706518347,
    0.2032757051966407,
    0.20057065839117225,
    0.201218074018305,
    0.20346375514160503,
    0.2001308262348175,
    0.20164265795187516,
    0.2023461412299763,
    0.20113891444422982,
    0.20414094545624473,
    0.2008752765980634,
    0.20059778744524176,
    0.20195565982298416,
    0.20189439789815383,
    0.20069917738437654,
    0.19978687952865254,
    0.2015034079551697,
    0.20236083540049465,
    0.20233461301435124,
    0.200269214944406,
    0.20254474200985648
  ],
  "val_loss": [
    0.4866487458348274,
    0.4067364074289799,
    0.3809742871671915,
    0.73063113540411,
    0.8313162848353386,
    0.36742541939020157,
    0.25736403092741966,
    0.24800774175673723,
    0.3062848150730133,
    0.25663123186677694,
    0.4083379339426756,
    0.29172133654356003,
    0.30807297118008137,
    0.2649087868630886,
    0.24889333453029394,
    0.24806613195687532,
    0.24466020707041025,
    0.2436636295169592,
    0.24661196861416101,
    0.24492026586085558,
    0.24642802402377129,
    0.24505207687616348,
    0.24687355384230614,
    0.24928600620478392,
    0.24406432174146175,
    0.24348363932222128,
    0.24329975806176662,
    0.24356575962156057,
    0.2434490192681551,
    0.24356559291481972,
    0.24403830990195274,
    0.2433459386229515,
    0.2432831423357129,
    0.24293633177876472,
    0.24320649076253176,
    0.24360234010964632,
    0.24314195290207863,
    0.2436594208702445,
    0.24355698190629482,
    0.24360032845288515,
    0.24357889220118523,
    0.2439870871603489,
    0.24317313078790903,
    0.24307863041758537,
    0.24438593909144402,
    0.24372004810720682,
    0.24326910078525543,
    0.24339541792869568,
    0.24452152661979198
  ],
  "epochs": [
    0,
    1,
    2,
    3,
    4,
    5,
    6,
    7,
    8,
    9,
    10,
    11,
    12,
    13,
    14,
    15,
    16,
    17,
    18,
    19,
    20,
    21,
    22,
    23,
    24,
    25,
    26,
    27,
    28,
    29,
    30,
    31,
    32,
    33,
    34,
    35,
    36,
    37,
    38,
    39,
    40,
    41,
    42,
    43,
    44,
    45,
    46,
    47,
    48
  ]
}