{
  "train_loss": [
    0.8511606758291071,
    0.4988094080578197,
    0.3698967153375799,
    0.34619579477743667,
    0.3346411455761303,
    0.3396504976532676,
    0.329784080657092,
    0.3154611573977904,
    0.3135746565732089,
    0.3107200183651664,
    0.3115028893405741,
    0.3128655953840776,
    0.306738018989563,
    0.3087504563006488,
    0.3067965875972401,
    0.304470540989529,
    0.3066940147768367,
    0.3074819079854272,
    0.30497118803587825,
    0.30618938912044874,
    0.31090100786902686,
    0.3064898745580153,
    0.2856681899590926,
    0.28339858461510054,
    0.27900860932740296,
    0.2804615332321687,
    0.27972638417374,
    0.27945364930412986,
    0.2797559998252175,
    0.28094698759642517,
    0.2785765756260265,
    0.27756466350772163,
    0.2820552170276642,
    0.27951535826379603,
    0.27740035463463175,
    0.27603589594364164,
    0.27445799599994314,
    0.27784885249354624,
    0.276870029351928,
    0.27739232832735233,
    0.27566925233060663,
    0.274269147623669,
    0.2739407466216521,
    0.27470648288726807,
    0.2724475576118989,
    0.2760599691759456,
    0.27602108148011295,
    0.2749443384734067,
    0.27452223707329143,
    0.2749225616455078,
    0.27484970797191965,
    0.27387334975329314,
    0.2740670770406723,
    0.2733875637704676,
    0.27446730516173623,
    0.2731337157162753,
    0.27398902584205975,
    0.27498325272039936,
    0.27373706048185176,
    0.2724885498935526,
    0.2717081308364868,
    0.2740076102993705,
    0.2730281735008413,
    0.27417496036399497,
    0.27222242788835005,
    0.2746307064186443,
    0.2757626934485002,
    0.2738688447258689,
    0.2754589097066359,
    0.2766874931075356,
    0.27392612533135846,
    0.2753422582691366
  ],
  "val_loss": [
    0.7657962441444397,
    0.5282921921461821,
    0.5272541958838701,
    0.3516111560165882,
    0.3612829949706793,
    0.6430035568773746,
    0.31968702748417854,
    0.5133179444819689,
    0.312242791056633,
    0.31530702114105225,
    0.3143130447715521,
    0.3504315074533224,
    0.30666441284120083,
    0.3822148069739342,
    0.3004209231585264,
    0.29694948345422745,
    0.47400789707899094,
    0.34088755771517754,
    0.3380598649382591,
    0.34819712676107883,
    0.3409774824976921,
    0.321279464289546,
    0.297941105440259,
    0.2960792910307646,
    0.2930379118770361,
    0.3020914103835821,
    0.2925789300352335,
    0.29353994037956,
    0.29692447930574417,
    0.29301427118480206,
    0.2978456160053611,
    0.29033834766596556,
    0.29238379187881947,
    0.3040458345785737,
    0.297401393763721,
    0.2922542216256261,
    0.2934285970404744,
    0.29419236816465855,
    0.2897456269711256,
    0.2902703173458576,
    0.28931088000535965,
    0.2911233510822058,
    0.28963311668485403,
    0.2897414453327656,
    0.28980465047061443,
    0.29155497811734676,
    0.29130538180470467,
    0.28925797529518604,
    0.2896555680781603,
    0.2895773444324732,
    0.28988194465637207,
    0.2926910035312176,
    0.2892705909907818,
    0.29022227320820093,
    0.28990347497165203,
    0.2895880891010165,
    0.2892141342163086,
    0.2894191350787878,
    0.2904289746657014,
    0.2893796842545271,
    0.2902978528290987,
    0.28962053917348385,
    0.28954770416021347,
    0.2896935287863016,
    0.2898198701441288,
    0.28931059408932924,
    0.2904558964073658,
    0.28980647027492523,
    0.2899750079959631,
    0.291594710201025,
    0.2919254321604967,
    0.29028684832155704
  ],
  "epochs": [
    0,
    1,
    2,
    3,
    4,
    5,
    6,
    7,
    8,
    9,
    10,
    11,
    12,
    13,
    14,
    15,
    16,
    17,
    18,
    19,
    20,
    21,
    22,
    23,
    24,
    25,
    26,
    27,
    28,
    29,
    30,
    31,
    32,
    33,
    34,
    35,
    36,
    37,
    38,
    39,
    40,
    41,
    42,
    43,
    44,
    45,
    46,
    47,
    48,
    49,
    50,
    51,
    52,
    53,
    54,
    55,
    56,
    57,
    58,
    59,
    60,
    61,
    62,
    63,
    64,
    65,
    66,
    67,
    68,
    69,
    70,
    71
  ]
}