{
  "train_loss": [
    0.8054336320270191,
    0.39437648545611986,
    0.30846752822399137,
    0.29468490237539463,
    0.28811424510045486,
    0.2809434443712234,
    0.2668965922160582,
    0.2641428955576637,
    0.26902697519822555,
    0.2568274492567236,
    0.264721758257259,
    0.2617969653823159,
    0.26114119372584604,
    0.2632725119590759,
    0.2550101954828609,
    0.25965549322691833,
    0.25365392674099313,
    0.23764109150929885,
    0.23244353830814363,
    0.23402354473417455,
    0.23176032304763794,
    0.2345903914083134,
    0.23395762308077378,
    0.22927664491263303,
    0.22974152050235055,
    0.2301136699589816,
    0.22831253192641518,
    0.22780223163691435,
    0.23075903410261328,
    0.23072886683724142,
    0.2296213388442993,
    0.22756236764517698,
    0.23120884624394503,
    0.2278960263187235,
    0.23070349422368136,
    0.22631706216118552,
    0.22760375792329962,
    0.22958580363880504,
    0.2264521750536832,
    0.2297276198863983,
    0.22828844352201982,
    0.2303391705859791,
    0.2296274648471312,
    0.2296598174355247,
    0.22816042602062225,
    0.22660395503044128,
    0.22975942925973372,
    0.22785501317544418,
    0.22608051002025603,
    0.22669127908619968,
    0.22882144098932092,
    0.2298202308741483,
    0.22820729342373935,
    0.22863461700352755,
    0.22872253791852432,
    0.22777601290832866,
    0.2281912324103442,
    0.22793122855099765,
    0.22474550252610986,
    0.22838903692635623,
    0.22631424123590643
  ],
  "val_loss": [
    0.5239044185727835,
    0.4802146852016449,
    0.32098372653126717,
    0.3023778712376952,
    0.47347093373537064,
    0.2777372384443879,
    0.29010489769279957,
    0.2757389908656478,
    0.3325335942208767,
    0.2592452662065625,
    0.2518191961571574,
    0.26057459972798824,
    0.2944839997217059,
    0.4246873501688242,
    0.26606122869998217,
    0.2895900812000036,
    0.35481078177690506,
    0.24068406969308853,
    0.24330120254307985,
    0.24948834534734488,
    0.24200265668332577,
    0.24543564580380917,
    0.24210849590599537,
    0.24723826069384813,
    0.24081889353692532,
    0.2407360728830099,
    0.24034619238227606,
    0.23985641170293093,
    0.2400476075708866,
    0.24013508204370737,
    0.24000527057796717,
    0.23983045853674412,
    0.24035322200506926,
    0.2402501180768013,
    0.2400148520246148,
    0.24015787057578564,
    0.24006908386945724,
    0.239727221429348,
    0.24018982984125614,
    0.2402439620345831,
    0.2397387009114027,
    0.23965000919997692,
    0.2393294107168913,
    0.23984369449317455,
    0.23974471632391214,
    0.23930783569812775,
    0.2394558284431696,
    0.23934015445411205,
    0.23985033482313156,
    0.23983931727707386,
    0.2397270007058978,
    0.23984235990792513,
    0.24001430440694094,
    0.2394792539998889,
    0.2395618660375476,
    0.23957879096269608,
    0.23948695231229067,
    0.23958482779562473,
    0.2400244064629078,
    0.23998079542070627,
    0.2398095354437828
  ],
  "epochs": [
    0,
    1,
    2,
    3,
    4,
    5,
    6,
    7,
    8,
    9,
    10,
    11,
    12,
    13,
    14,
    15,
    16,
    17,
    18,
    19,
    20,
    21,
    22,
    23,
    24,
    25,
    26,
    27,
    28,
    29,
    30,
    31,
    32,
    33,
    34,
    35,
    36,
    37,
    38,
    39,
    40,
    41,
    42,
    43,
    44,
    45,
    46,
    47,
    48,
    49,
    50,
    51,
    52,
    53,
    54,
    55,
    56,
    57,
    58,
    59,
    60
  ]
}