{
  "train_loss": [
    1.2494934861226514,
    0.7963721327348189,
    0.7069974892247806,
    0.6428739528222518,
    0.5932845602794127,
    0.5596042215824126,
    0.5270493954420089,
    0.5043509926037355,
    0.4809182552586902,
    0.4604128290848298,
    0.4480590398474173,
    0.4371923205256462,
    0.4285440144484693,
    0.42175196886062616,
    0.4090383539687503,
    0.40256132599982347,
    0.3915989510308612,
    0.3902791043032299,
    0.3774411890452558,
    0.3717247557911006,
    0.3715649920701981,
    0.3713669133457271,
    0.3615050614963878,
    0.35659516908905725,
    0.35004787778312507,
    0.34877263692292304,
    0.3403920086134564,
    0.3509945100545883,
    0.34148040980100625,
    0.34105595531788735,
    0.3392968810417435,
    0.3345667930353771,
    0.33126587561585685,
    0.32989734730937265,
    0.32715366276827723,
    0.329421204464002,
    0.3235308892618526,
    0.31818619784983715,
    0.3156699923222715,
    0.3192034488374536,
    0.3184928099946542,
    0.3180772694945336,
    0.3215653535994616,
    0.3168562257831747,
    0.31007427982308644,
    0.3221603702144189,
    0.3096379972858862,
    0.30521797738291995,
    0.30001897134564137,
    0.30372828247872263,
    0.29855857320807194,
    0.30040151317011227,
    0.29674683251164174,
    0.29296018906614996,
    0.29893694083799016,
    0.2961132394996556,
    0.2924125432697209,
    0.2971521285989068,
    0.297713624374433,
    0.29231498005715284,
    0.29123192090879785,
    0.28903594946319405,
    0.286931280141527,
    0.2934548155286095,
    0.2841740022735162,
    0.29993473787199365,
    0.29029417425394055
  ],
  "val_loss": [
    0.778567675128579,
    0.6253151307813822,
    0.555191112589091,
    0.4844741191715002,
    0.46549544110894203,
    0.4639396262355149,
    0.4434375408105552,
    0.44020774634554977,
    0.36677707731723785,
    0.37634594347327943,
    0.38184479554183776,
    0.3723219482693821,
    0.3528111214749515,
    0.33900548978708683,
    0.34769800263456996,
    0.3291643693577498,
    0.31433939286507667,
    0.27510356227867305,
    0.28506926810368893,
    0.31870811148546635,
    0.3412273542024195,
    0.33912673513405023,
    0.2608783532399684,
    0.2965733732096851,
    0.2694162921514362,
    0.2894599239341914,
    0.3062116263899952,
    0.31662546703591943,
    0.3134466752409935,
    0.2660116207785904,
    0.23777291779406368,
    0.2807201127521694,
    0.26916760616004465,
    0.26097069061361255,
    0.2740872338414192,
    0.256886467942968,
    0.23035217125434426,
    0.28149141217581924,
    0.23990788168739527,
    0.28532149982638655,
    0.2644656751072034,
    0.2727265234105289,
    0.27956676958128807,
    0.2828448243439197,
    0.30670350084546955,
    0.2579166465206072,
    0.23964381627738474,
    0.25162742941174654,
    0.26168536415789273,
    0.2544539915397763,
    0.25687791192904114,
    0.26377200533170253,
    0.24645964286755767,
    0.2427935394924134,
    0.2487799065187573,
    0.27957431350369005,
    0.2491421358892694,
    0.24851280730217692,
    0.2547514766920358,
    0.24881180427037178,
    0.24326950369868428,
    0.23565418529324234,
    0.24079095807392148,
    0.24552852229680863,
    0.24460894989315418,
    0.25065679277759045,
    0.24011898045428096
  ],
  "epochs": [
    0,
    1,
    2,
    3,
    4,
    5,
    6,
    7,
    8,
    9,
    10,
    11,
    12,
    13,
    14,
    15,
    16,
    17,
    18,
    19,
    20,
    21,
    22,
    23,
    24,
    25,
    26,
    27,
    28,
    29,
    30,
    31,
    32,
    33,
    34,
    35,
    36,
    37,
    38,
    39,
    40,
    41,
    42,
    43,
    44,
    45,
    46,
    47,
    48,
    49,
    50,
    51,
    52,
    53,
    54,
    55,
    56,
    57,
    58,
    59,
    60,
    61,
    62,
    63,
    64,
    65,
    66
  ]
}