{
  "train_loss": [
    1.333001936890862,
    0.8603904913772236,
    0.754902283928611,
    0.710327607718381,
    0.6589876080643047,
    0.6124915020032362,
    0.5681006149812178,
    0.5323864385214718,
    0.5131219139966098,
    0.4795708495378494,
    0.4779162795977159,
    0.471304287341508,
    0.4537214413014325,
    0.4441104765371843,
    0.42831035410816015,
    0.4259827892888676,
    0.423624519136819,
    0.40705562521110883,
    0.4091108027913354,
    0.40348080526698715,
    0.39043910162015394,
    0.3887141339616342,
    0.3849647131291303,
    0.3863287310166792,
    0.3781126800450411,
    0.37931373038075183,
    0.37500619034875526,
    0.3729099123857238,
    0.3694356698610566,
    0.36811572952703997,
    0.36403563770380887,
    0.35753829793496567,
    0.36223102136091745,
    0.3570661497116088,
    0.35480948954820635,
    0.35454754057255655,
    0.3575212219899351,
    0.34778707059946923,
    0.3483209987662055,
    0.3481748366084966,
    0.341957013444467,
    0.3460551566156474,
    0.3462918023629622,
    0.33850069062276317,
    0.3318084477023645,
    0.3349760496345433,
    0.3311004875735803,
    0.3231283647634766,
    0.3312355014952746,
    0.329649306779558,
    0.32902299374341964,
    0.3301492061940106,
    0.32655588353222065,
    0.32290197963064365,
    0.32754898060451854,
    0.330068702941591,
    0.3307731265371496,
    0.33318912270394235,
    0.32335170374675226,
    0.32515872874043206,
    0.32093921344388615,
    0.32127593983303415,
    0.32276247701861643,
    0.32327976435422895,
    0.3243706354498863,
    0.31904742606661535,
    0.3246236043084751,
    0.3224657583236694,
    0.3288600674813444,
    0.3159077056700533,
    0.32508857456120577,
    0.31934754320166325,
    0.32541304130445825,
    0.31661997461860825,
    0.3188649321957068,
    0.32170234076001425,
    0.31636011776599016,
    0.31536916399543935,
    0.31715054140849547,
    0.31254529083316973,
    0.31417180754921653,
    0.3127302404425361,
    0.3139514210549268,
    0.31352306680245834,
    0.31274806382981213,
    0.31151795896616846,
    0.31153476173227485,
    0.31784417770125645,
    0.3144536732001738,
    0.31353019023483447,
    0.3114105797355825,
    0.30971193462610247,
    0.31029772503809494,
    0.31170782739465885,
    0.3093480584296313
  ],
  "val_loss": [
    0.8738548468798398,
    0.6906560651957988,
    0.6331109249964356,
    0.569086657743901,
    0.5589222162030637,
    0.44729159167036414,
    0.3969111662358045,
    0.3726120964623988,
    0.3838743858970701,
    0.3409027597866952,
    0.3373040987178683,
    0.4172702182084322,
    0.3094748374074697,
    0.3110037059057504,
    0.3506045266520232,
    0.3236507916357368,
    0.2986345524899661,
    0.3188990340102464,
    0.35606889873743053,
    0.3041023417375982,
    0.3348933087661862,
    0.37029698467813427,
    0.38125107004307207,
    0.2780111067462713,
    0.3251814957242459,
    0.2694857736583799,
    0.31267587090842425,
    0.3350282248109579,
    0.29938344829715785,
    0.26063528615050013,
    0.28895650887861846,
    0.2775572216138244,
    0.2592101360671222,
    0.3527211000677198,
    0.26797883911058307,
    0.27151692109182474,
    0.3155384073965251,
    0.275818686792627,
    0.3042579470667988,
    0.3022096856497228,
    0.28372105280868704,
    0.27885924521833655,
    0.28267978001385924,
    0.29265125361271205,
    0.2772538290824741,
    0.26902072280645367,
    0.2827838922850787,
    0.26573057167697695,
    0.2893925034906715,
    0.2701473069377244,
    0.2744802350178361,
    0.27535052967723456,
    0.2840085872681811,
    0.25880679129622874,
    0.28149951780214905,
    0.2663615067955106,
    0.28589987414889034,
    0.29303702877368776,
    0.2675089567201212,
    0.28602039280813185,
    0.28733094125054776,
    0.2832406814908609,
    0.2629620153689757,
    0.3043045560130849,
    0.25577986889984455,
    0.2879337930586189,
    0.2577168845105916,
    0.2797276569996029,
    0.2749620230169966,
    0.26325282424222674,
    0.2676858763443306,
    0.2717693931190297,
    0.26916520795784893,
    0.26390754748135803,
    0.25922114606946706,
    0.2662516666343436,
    0.27420899630524215,
    0.2728863720782101,
    0.2726452944800258,
    0.27110500128474085,
    0.2718602808425203,
    0.2744723734213039,
    0.2697029011324048,
    0.2671651149401441,
    0.2695186160504818,
    0.27155597670935094,
    0.27554892769549044,
    0.2717780441511422,
    0.2685533038107678,
    0.26682346852030603,
    0.2638453927123919,
    0.2686429132474586,
    0.2725457445019856,
    0.27591261328198013,
    0.27945857883896674
  ],
  "epochs": [
    0,
    1,
    2,
    3,
    4,
    5,
    6,
    7,
    8,
    9,
    10,
    11,
    12,
    13,
    14,
    15,
    16,
    17,
    18,
    19,
    20,
    21,
    22,
    23,
    24,
    25,
    26,
    27,
    28,
    29,
    30,
    31,
    32,
    33,
    34,
    35,
    36,
    37,
    38,
    39,
    40,
    41,
    42,
    43,
    44,
    45,
    46,
    47,
    48,
    49,
    50,
    51,
    52,
    53,
    54,
    55,
    56,
    57,
    58,
    59,
    60,
    61,
    62,
    63,
    64,
    65,
    66,
    67,
    68,
    69,
    70,
    71,
    72,
    73,
    74,
    75,
    76,
    77,
    78,
    79,
    80,
    81,
    82,
    83,
    84,
    85,
    86,
    87,
    88,
    89,
    90,
    91,
    92,
    93,
    94
  ]
}