{
  "train_loss": [
    1.1685362443056972,
    0.6698806645653465,
    0.5459139244664799,
    0.489943670684641,
    0.4609123005108399,
    0.42852621636607424,
    0.4067347809943285,
    0.39401840865612026,
    0.37274274392561474,
    0.3649214612083001,
    0.3503663330728357,
    0.3414609230377457,
    0.33507524417205287,
    0.3291079433668743,
    0.3190262645753947,
    0.31385005671869626,
    0.31175986276431517,
    0.30718305471268564,
    0.2988499854911457,
    0.29353140503168107,
    0.29888859071514823,
    0.2937342436205257,
    0.282062174975872,
    0.28667696381157093,
    0.28142105825922703,
    0.27704845444722603,
    0.2780794342539527,
    0.28265634821219876,
    0.27867297988046297,
    0.27817437643354587,
    0.27187688906084406,
    0.26608499887314707,
    0.2728786202181469,
    0.2653620401024818,
    0.2645790301398797,
    0.2641097912734205,
    0.2578870505094528,
    0.25084172698584467,
    0.25927781562913543,
    0.247737308930267,
    0.24869730954820457,
    0.2489261798696084,
    0.25292128194462166,
    0.24832744695923548,
    0.2506978570602157,
    0.2517492185668512,
    0.2532040548595515,
    0.24433070093393322,
    0.24545487038113853,
    0.2433822723410346,
    0.2430340036207979,
    0.24728241963820022,
    0.2475402701442892,
    0.24907151197845284,
    0.24619817051020532
  ],
  "val_loss": [
    0.7562730383127927,
    0.4729568691924214,
    0.4012860029935837,
    0.3738164065405726,
    0.3796531724743545,
    0.3192912764847278,
    0.34555248524993654,
    0.32587971300818025,
    0.28417346728965637,
    0.31809300938621166,
    0.3000437587033957,
    0.3688625297509134,
    0.348115332936868,
    0.3330013279803097,
    0.39786183764226735,
    0.3379050351213664,
    0.24913143143057823,
    0.31122553879395126,
    0.3381935987155884,
    0.278046386083588,
    0.27775134788826106,
    0.40906984847970307,
    0.2842829759698361,
    0.34908481654711065,
    0.22405608729459345,
    0.3198447535745799,
    0.24096779776737093,
    0.3502064986620098,
    0.32712112297303975,
    0.33165589380078014,
    0.24033082253299654,
    0.3222605193965137,
    0.3639884307980537,
    0.31940525739919395,
    0.2316766762640327,
    0.2526988528901711,
    0.2681568703614175,
    0.317158556333743,
    0.26249970169737935,
    0.2554467893671244,
    0.27438572456594557,
    0.3132932329317555,
    0.30251500448212026,
    0.2923291240585968,
    0.27372395172715186,
    0.2658969258191064,
    0.30415686329361047,
    0.30456364457495505,
    0.2954223344568163,
    0.28872523512691256,
    0.2972290923586115,
    0.26489822561852633,
    0.2878529934911057,
    0.2974149838322773,
    0.2789060740498826
  ],
  "epochs": [
    0,
    1,
    2,
    3,
    4,
    5,
    6,
    7,
    8,
    9,
    10,
    11,
    12,
    13,
    14,
    15,
    16,
    17,
    18,
    19,
    20,
    21,
    22,
    23,
    24,
    25,
    26,
    27,
    28,
    29,
    30,
    31,
    32,
    33,
    34,
    35,
    36,
    37,
    38,
    39,
    40,
    41,
    42,
    43,
    44,
    45,
    46,
    47,
    48,
    49,
    50,
    51,
    52,
    53,
    54
  ]
}