{
  "train_loss": [
    1.1734909961440345,
    0.6985434823686425,
    0.5964125283739783,
    0.5334275449406017,
    0.48844516244801606,
    0.4592014461755752,
    0.4340796002474698,
    0.4204962059855461,
    0.3996011571992527,
    0.38407887708057054,
    0.3749991020018404,
    0.37573424615643236,
    0.356478287550536,
    0.3491566837375814,
    0.340341169942509,
    0.3439029842344197,
    0.3306450954621488,
    0.3302753124995665,
    0.3319171224940907,
    0.3248000570318916,
    0.3127946359190074,
    0.30929438395933667,
    0.3038838139989159,
    0.30611054518006064,
    0.3049484427137808,
    0.29457938668402756,
    0.29609912316907533,
    0.30145698420026085,
    0.2946420261805708,
    0.2856423956155777,
    0.2857193894277919,
    0.28652260587974027,
    0.28337906571951776,
    0.2874269504167817,
    0.2797557131810621,
    0.28072835743427277,
    0.27884547962383793,
    0.27739955530925225,
    0.2712913583896377,
    0.27764510636979883,
    0.27609079612927,
    0.2701207972385667,
    0.2683101840452714,
    0.2671752440116622,
    0.27062735985625874,
    0.2685363420844078,
    0.2676710754091089,
    0.26053549330342896,
    0.2625266253406351,
    0.26317578797990626,
    0.2612404908104376,
    0.2588180899620056,
    0.2558639992367137,
    0.24965184832161125,
    0.25138042661276727,
    0.24898979287255896,
    0.2572132984345609,
    0.24071888232772998,
    0.2534958113594489,
    0.24834484420039438,
    0.25099798308177423,
    0.2488874704729427,
    0.24764091207222505,
    0.24997236945412374,
    0.24859379958022723,
    0.24784010648727417,
    0.24590935349464416,
    0.24338342907753854,
    0.24573537628759035,
    0.24338031449101186,
    0.24485598444938658,
    0.24538539566776968,
    0.2454301918094808,
    0.24516688631339503,
    0.2420407566970045,
    0.2415526005896655,
    0.23968089832500977,
    0.2429681246118112,
    0.24535550689155405,
    0.23886379117315465,
    0.2366325018080798,
    0.24349262763153423,
    0.23903994703834705,
    0.23891237399794837,
    0.2395166857134212,
    0.2385442601279779,
    0.23815262488343497,
    0.2445118844780055,
    0.24003481447696687,
    0.24024630717255852,
    0.2363959224928509,
    0.2364674050699581,
    0.2376751219684427,
    0.24345465104688294,
    0.24075005398555235,
    0.23800581834532994,
    0.24230600717392833
  ],
  "val_loss": [
    0.6896680783480406,
    0.5060018869116902,
    0.45651590134948494,
    0.4320739505812526,
    0.35513876751065254,
    0.3667444630526006,
    0.3820236346684396,
    0.30516741117462515,
    0.30527503667399286,
    0.27096203537657854,
    0.2695618108380586,
    0.2674040404614061,
    0.2621173410210758,
    0.24221138013526797,
    0.2656028732191771,
    0.25717238350771365,
    0.24696853226050733,
    0.23485314613208175,
    0.2757040747441351,
    0.2370330630801618,
    0.21633753259666264,
    0.22524174833670257,
    0.23458998426795005,
    0.21782200536690652,
    0.21619409630075095,
    0.2067486273590475,
    0.20649845921434462,
    0.22698900424875318,
    0.20304142707027495,
    0.20009971084073186,
    0.20014235000126063,
    0.1974775406066328,
    0.22943863188847896,
    0.19829511439893394,
    0.19792294460348783,
    0.22202871455810963,
    0.19776792414486408,
    0.19347543215844779,
    0.1909232981968671,
    0.20856217020191253,
    0.21643716518301517,
    0.18825802840292452,
    0.20696249287575483,
    0.21088100750930608,
    0.20166341206058858,
    0.20066811230499296,
    0.1952324315207079,
    0.19778754459694028,
    0.21028767239768056,
    0.20128821926191448,
    0.19670782568864523,
    0.19918808550573885,
    0.18864710826892403,
    0.18675403099041432,
    0.19071440410334614,
    0.18007984261494128,
    0.18312184715177862,
    0.18285154015757143,
    0.18833913400303573,
    0.18744338718242942,
    0.18270559504162517,
    0.18315648124553263,
    0.19231401917058974,
    0.18253521048463878,
    0.18262451342307032,
    0.18227263148874046,
    0.1774797544814646,
    0.18765209952834994,
    0.18050983236171306,
    0.18571182165760547,
    0.18262130618095396,
    0.1815629009157419,
    0.18238228834234177,
    0.18791516041383147,
    0.18477340382523832,
    0.17828834399115293,
    0.1780949871521443,
    0.1840255223913118,
    0.18582459569443016,
    0.1856504505733028,
    0.18555139384698122,
    0.18046443169005214,
    0.18423019577749072,
    0.18430796689353882,
    0.18147988943383098,
    0.18038857094943522,
    0.18250380272511393,
    0.18917136045638472,
    0.17984841344878078,
    0.18055600994266569,
    0.18149418246466664,
    0.18161454573273655,
    0.1817451990675181,
    0.18342557372525334,
    0.18109019864350556,
    0.17916156593710184,
    0.1840298385126516
  ],
  "epochs": [
    0,
    1,
    2,
    3,
    4,
    5,
    6,
    7,
    8,
    9,
    10,
    11,
    12,
    13,
    14,
    15,
    16,
    17,
    18,
    19,
    20,
    21,
    22,
    23,
    24,
    25,
    26,
    27,
    28,
    29,
    30,
    31,
    32,
    33,
    34,
    35,
    36,
    37,
    38,
    39,
    40,
    41,
    42,
    43,
    44,
    45,
    46,
    47,
    48,
    49,
    50,
    51,
    52,
    53,
    54,
    55,
    56,
    57,
    58,
    59,
    60,
    61,
    62,
    63,
    64,
    65,
    66,
    67,
    68,
    69,
    70,
    71,
    72,
    73,
    74,
    75,
    76,
    77,
    78,
    79,
    80,
    81,
    82,
    83,
    84,
    85,
    86,
    87,
    88,
    89,
    90,
    91,
    92,
    93,
    94,
    95,
    96
  ]
}