{
  "train_loss": [
    1.1590924659642305,
    0.7335259708491239,
    0.6537757470391012,
    0.5954180624268272,
    0.5439532786065882,
    0.5132291104034944,
    0.47643790670416564,
    0.4559614292599938,
    0.44560834540562194,
    0.4296089155836539,
    0.41410108108412136,
    0.4005628544634038,
    0.3953004784204743,
    0.38102682961658996,
    0.38048275692896405,
    0.36612982741811056,
    0.36177197925069116,
    0.35677931696176524,
    0.3568767855113203,
    0.3468597847765142,
    0.34688986821608103,
    0.332822665003213,
    0.3300419614531777,
    0.33102305303920393,
    0.3233588628335432,
    0.3254752832109278,
    0.322480032200163,
    0.3176354295015335,
    0.3143168483809991,
    0.31451883074912157,
    0.30355662857944316,
    0.3020465984127738,
    0.3054727570577101,
    0.30239092702215364,
    0.2989164393598383,
    0.29960193986242467,
    0.2983935874158686,
    0.3020383874665607,
    0.29710631709207186,
    0.29757931172847746,
    0.29113294192335826,
    0.2911702908169139,
    0.29321032136678693,
    0.2916201487454501,
    0.29025398146022446,
    0.28805430715734304,
    0.2900264512679793,
    0.28631919541142203,
    0.2918238756873391
  ],
  "val_loss": [
    0.7360333142802119,
    0.6092616967856884,
    0.5976158878766,
    0.5124557165428996,
    0.41191165884956715,
    0.42125612758100034,
    0.4153895904310047,
    0.4072838586755097,
    0.3653654689900577,
    0.461503201816231,
    0.37580907349474724,
    0.4387504010926932,
    0.3568188672419637,
    0.4204355733003467,
    0.38620568253099913,
    0.3946117255371064,
    0.5079754159320146,
    0.36796420998871326,
    0.29527105190791186,
    0.4311953263357281,
    0.4580596712883561,
    0.37896697311662136,
    0.4454037046991289,
    0.43916709092445666,
    0.435641891695559,
    0.37785622258670626,
    0.44506087023764845,
    0.42585938014090063,
    0.4577611024025828,
    0.3749508687295019,
    0.38984675304964184,
    0.3925652220379561,
    0.40695973159745336,
    0.38996895682066673,
    0.39027075718622656,
    0.4414061616640538,
    0.40323547886218875,
    0.37937680566683407,
    0.4070790624246001,
    0.3789623931981623,
    0.41332498618867247,
    0.4172329191816971,
    0.38434677598997946,
    0.38998637914191925,
    0.4111888363957405,
    0.40242050094529985,
    0.4031804310157895,
    0.40285841135773803,
    0.3946169309318065
  ],
  "epochs": [
    0,
    1,
    2,
    3,
    4,
    5,
    6,
    7,
    8,
    9,
    10,
    11,
    12,
    13,
    14,
    15,
    16,
    17,
    18,
    19,
    20,
    21,
    22,
    23,
    24,
    25,
    26,
    27,
    28,
    29,
    30,
    31,
    32,
    33,
    34,
    35,
    36,
    37,
    38,
    39,
    40,
    41,
    42,
    43,
    44,
    45,
    46,
    47,
    48
  ]
}