{
  "train_loss": [
    1.354823116605932,
    0.8890848827903921,
    0.7671745373444123,
    0.7050827313011342,
    0.6448439899899743,
    0.5896569652990861,
    0.5565821166472001,
    0.5330901631983843,
    0.5038721200010994,
    0.4891156098246574,
    0.4670131588794968,
    0.45015492274002594,
    0.4390684994513338,
    0.4290900201418183,
    0.4151495627652515,
    0.4007376339489763,
    0.39471871237863193,
    0.3944547539678487,
    0.39054086449471387,
    0.37278528901663693,
    0.3817745724320411,
    0.36376097838987,
    0.3670299977605993,
    0.3507451040636409,
    0.34272641108794644,
    0.35221475579521866,
    0.34512345230037517,
    0.34663560764356094,
    0.3416363547335971,
    0.33329012418335136,
    0.3360996907407587,
    0.3310697589950128,
    0.3262442416494542,
    0.329107042957436,
    0.3267313118414445,
    0.3219873604178428,
    0.3278357481685551,
    0.3248605734651739,
    0.32456208383495155,
    0.320278561332009,
    0.31438379910859193,
    0.31441823585466905,
    0.3107415028864687,
    0.31222802476449446,
    0.3060469749569893,
    0.31716402519832954,
    0.3040879961035468,
    0.3122967134280638,
    0.30608442902565003,
    0.30445741536942394,
    0.30479777346957815,
    0.3000012289123101,
    0.2981154198267243,
    0.30241861495104705,
    0.29995255838740953,
    0.29572667335922065,
    0.30085706396536394,
    0.29983700307932765,
    0.29584464999762444,
    0.29928888372399587,
    0.2938943974538283,
    0.29631760326298795,
    0.30093861070546235,
    0.29684552712873974,
    0.2937471746856516,
    0.29433405672962015,
    0.2954531879858537,
    0.2898528085513548,
    0.2904806285283782,
    0.2907302927970886,
    0.2921680704842914,
    0.28828640154816887,
    0.2936119191754948,
    0.2825481766462326,
    0.2848872204802253,
    0.28392096825621344,
    0.2890142226490107,
    0.28123846165158534,
    0.2779463837363503,
    0.2749763362516056,
    0.275565534342419,
    0.27553762918168845,
    0.2744275123964656,
    0.2728540008447387,
    0.2720676432956349,
    0.27016088802706106,
    0.27698785077441823,
    0.2709736934304237,
    0.27343443702567705,
    0.26981255561113354,
    0.27080030915412034,
    0.2707284306125207,
    0.2747999095103957,
    0.27233758360147475,
    0.26852762132883073,
    0.27040836019949477
  ],
  "val_loss": [
    0.887885495275259,
    0.6975152114406227,
    0.6251716747879982,
    0.5249524504877626,
    0.448087209649384,
    0.4210008123889565,
    0.3832935323007405,
    0.3859714654274285,
    0.34169205129146574,
    0.3245741419494152,
    0.37869161586277184,
    0.302309777168557,
    0.36003912244923414,
    0.3551511111203581,
    0.3074591478332877,
    0.27687429646030065,
    0.3253399375360459,
    0.2674298968166113,
    0.2671888645272702,
    0.2470871676225215,
    0.2514634741004556,
    0.26517939986661077,
    0.2431225405540317,
    0.29708513170480727,
    0.2400574114639312,
    0.2595358009450138,
    0.23376817759126423,
    0.2805136186536401,
    0.23864801218733192,
    0.27233644092921167,
    0.3005467602051794,
    0.23214136485476047,
    0.23337829236406832,
    0.28850407884456214,
    0.25143259614706037,
    0.23180860276333987,
    0.23067698851227758,
    0.216320310276933,
    0.3468161919154227,
    0.25849692698102444,
    0.22128117671236394,
    0.22218637051992118,
    0.250803912198171,
    0.21269537732005117,
    0.2595678869169205,
    0.21203969076741486,
    0.2227390343090519,
    0.21762569101992993,
    0.2345196343027055,
    0.2069027088349685,
    0.21345096135046332,
    0.21343089123256503,
    0.24551441313233224,
    0.2085728692356497,
    0.20286832926794884,
    0.2667206620797515,
    0.21342686589341608,
    0.23830920024774968,
    0.22628199514001607,
    0.21859993988182394,
    0.24017521559726446,
    0.20507594891823827,
    0.21541551339905707,
    0.26089221737347545,
    0.2234706016257405,
    0.19895487234462053,
    0.2259645449230447,
    0.23746575796976682,
    0.21995068602263926,
    0.21524426622781903,
    0.2225760776316747,
    0.26102147372439505,
    0.21610703680198637,
    0.24202379779890176,
    0.2186546718003228,
    0.220694525539875,
    0.27302961952518673,
    0.22056238087825475,
    0.20753333610482513,
    0.2181403506780043,
    0.2070824459195137,
    0.22139616499189288,
    0.214058172958903,
    0.22401773342862724,
    0.22264671893790364,
    0.22081051943823696,
    0.21155702546238897,
    0.20438551465049384,
    0.21198819063138216,
    0.2154986582696438,
    0.2180855056736618,
    0.21862289446871727,
    0.21306885338854045,
    0.22015793102327733,
    0.21673746732994914,
    0.22134817640762774
  ],
  "epochs": [
    0,
    1,
    2,
    3,
    4,
    5,
    6,
    7,
    8,
    9,
    10,
    11,
    12,
    13,
    14,
    15,
    16,
    17,
    18,
    19,
    20,
    21,
    22,
    23,
    24,
    25,
    26,
    27,
    28,
    29,
    30,
    31,
    32,
    33,
    34,
    35,
    36,
    37,
    38,
    39,
    40,
    41,
    42,
    43,
    44,
    45,
    46,
    47,
    48,
    49,
    50,
    51,
    52,
    53,
    54,
    55,
    56,
    57,
    58,
    59,
    60,
    61,
    62,
    63,
    64,
    65,
    66,
    67,
    68,
    69,
    70,
    71,
    72,
    73,
    74,
    75,
    76,
    77,
    78,
    79,
    80,
    81,
    82,
    83,
    84,
    85,
    86,
    87,
    88,
    89,
    90,
    91,
    92,
    93,
    94,
    95
  ]
}