{
  "train_loss": [
    0.7196800760814122,
    0.646024374961853,
    0.6277109289714268,
    0.6138540525981359,
    0.6041591294833591,
    0.5968588749340602,
    0.5918304891313826,
    0.5863030118669782,
    0.5857331794875009,
    0.5767525386810303,
    0.5753659739221846,
    0.5723794390950884,
    0.5695513032232012,
    0.5664814883708954,
    0.5658162940774645,
    0.5643760707991464,
    0.5598303596496582,
    0.5609350214685712,
    0.5574136071750095,
    0.5508810553005763,
    0.5523596228463309,
    0.5474366655213492,
    0.5521821472849164,
    0.5499229780060905,
    0.5495697318485805,
    0.5460166538238526,
    0.5449576035363334,
    0.5391651460238865,
    0.5395753875596183,
    0.5429959761074611,
    0.5417117664609636,
    0.5421340356826783,
    0.538177376965114,
    0.5344239985738481,
    0.5350130051612854,
    0.5321760753222874,
    0.5345228410857065
  ],
  "val_loss": [
    0.4241982668876648,
    0.4027975389480591,
    0.4123639022350311,
    0.4034845611572266,
    0.3899911635398865,
    0.3912594311237335,
    0.395328427028656,
    0.3735601498603821,
    0.3834463031768799,
    0.39047974510192873,
    0.38626238985061645,
    0.3791416001319885,
    0.38660138416290285,
    0.37308529558181763,
    0.3736090672969818,
    0.3722426137924194,
    0.37873576712608337,
    0.3729707598686218,
    0.3815747242450714,
    0.3775784538269043,
    0.3672639656543732,
    0.3748299590110779,
    0.3746554893016815,
    0.3658440701007843,
    0.3707978731155396,
    0.37227580394744875,
    0.36596698842048647,
    0.364875558757782,
    0.36743544387817384,
    0.363695924282074,
    0.359857812833786,
    0.365984588432312,
    0.36778501253128054,
    0.3693658143043518,
    0.3623812141418457,
    0.3663828554153442,
    0.36125944328308107
  ],
  "epochs": [
    0,
    1,
    2,
    3,
    4,
    5,
    6,
    7,
    8,
    9,
    10,
    11,
    12,
    13,
    14,
    15,
    16,
    17,
    18,
    19,
    20,
    21,
    22,
    23,
    24,
    25,
    26,
    27,
    28,
    29,
    30,
    31,
    32,
    33,
    34,
    35,
    36
  ]
}