{
    "dataset": "train",
    "accuracy": 0.8813714285714286,
    "macro_precision": 0.8798692619059472,
    "macro_recall": 0.8813714285714286,
    "macro_f1": 0.8800487530725933,
    "weighted_precision": 0.8798692619059472,
    "weighted_recall": 0.8813714285714286,
    "weighted_f1": 0.8800487530725933,
    "per_class_metrics": {
        "class_0": {
            "precision": 0.8609242785853765,
            "recall": 0.9069714285714285,
            "f1_score": 0.8833481745325023,
            "support": 35000
        },
        "class_1": {
            "precision": 0.7899678697320398,
            "recall": 0.7235428571428572,
            "f1_score": 0.7552977317804256,
            "support": 35000
        },
        "class_2": {
            "precision": 0.8707321122240053,
            "recall": 0.8991428571428571,
            "f1_score": 0.8847094543307751,
            "support": 35000
        },
        "class_3": {
            "precision": 0.9978527870823671,
            "recall": 0.9958285714285714,
            "f1_score": 0.9968396516466702,
            "support": 35000
        }
    },
    "confusion_matrix": [
        [
            31744,
            3212,
            14,
            30
        ],
        [
            5065,
            25324,
            4587,
            24
        ],
        [
            19,
            3490,
            31470,
            21
        ],
        [
            44,
            31,
            71,
            34854
        ]
    ]
}