{
  "train_loss": [
    0.316393035298044,
    0.14050301033664833,
    0.11351670583540743,
    0.09764271465892144,
    0.08898955378004095,
    0.08261370006271385,
    0.07845285423438658,
    0.07371597185392272,
    0.07271539172326977,
    0.06967346877875653,
    0.06641169554130598,
    0.06564275679601865,
    0.06313441334461624,
    0.062187551290474166,
    0.060020628486844634,
    0.05976102944124829,
    0.05809781443327666,
    0.056800760284743526,
    0.05639015174724839,
    0.055355305810543626,
    0.055775405588475144,
    0.053911909240890635,
    0.05424463574520567,
    0.05354162628339096,
    0.05176139125939119,
    0.05084537642076612,
    0.051261432164094664,
    0.050564280326732186,
    0.05118103150955655,
    0.049875808608802884,
    0.04930217171595855,
    0.04979816996407779,
    0.048915479554032734,
    0.04790011968971654,
    0.047862878006628966,
    0.04778584018518979,
    0.04599980719895526,
    0.046539708860218534,
    0.04588967599144036,
    0.046303026285022496,
    0.04600933340462771,
    0.0460726176422428,
    0.04591006327420473,
    0.045682043036953966,
    0.046010534494099295,
    0.0454294749874283,
    0.0446648810651492,
    0.04478463996540416,
    0.04495371544733644,
    0.04520022345706821,
    0.045005902522666896,
    0.04471887959675356,
    0.04529304062439637
  ],
  "val_loss": [
    0.12817771648988127,
    0.09405574316624553,
    0.07664180542342365,
    0.06614552907412871,
    0.061249956017127266,
    0.06377454816829413,
    0.05991365079535172,
    0.05949091145885177,
    0.06584855837281793,
    0.053129634226206694,
    0.054463606642093515,
    0.05319820562726819,
    0.059520666970638555,
    0.06301041702390649,
    0.04880322518874892,
    0.05778464219765738,
    0.054284207528689885,
    0.04778750383411534,
    0.05782070826971904,
    0.051878662285162136,
    0.06022642155294307,
    0.05273375926190056,
    0.04761123661883175,
    0.05890587869216688,
    0.049043989140773195,
    0.05563184841303155,
    0.05535561917349696,
    0.058350356278242546,
    0.049837341293459764,
    0.07089265464455821,
    0.058363159722648564,
    0.057905273023061456,
    0.05989158965530805,
    0.05595332238008269,
    0.05437753171427176,
    0.05832258391892538,
    0.061324154265457766,
    0.06008841847069562,
    0.05566973442910239,
    0.05901427857461385,
    0.053323884110432124,
    0.06167473830864765,
    0.05911193398060277,
    0.057681139861233535,
    0.06042532318970189,
    0.05762312020524406,
    0.054798223963007334,
    0.057547066523693506,
    0.06272493965807371,
    0.056577738124178725,
    0.059521337313344705,
    0.059773397265234965,
    0.05431881232070737
  ],
  "epochs": [
    0,
    1,
    2,
    3,
    4,
    5,
    6,
    7,
    8,
    9,
    10,
    11,
    12,
    13,
    14,
    15,
    16,
    17,
    18,
    19,
    20,
    21,
    22,
    23,
    24,
    25,
    26,
    27,
    28,
    29,
    30,
    31,
    32,
    33,
    34,
    35,
    36,
    37,
    38,
    39,
    40,
    41,
    42,
    43,
    44,
    45,
    46,
    47,
    48,
    49,
    50,
    51,
    52
  ]
}