{
  "train_loss": [
    0.24613892780108887,
    0.15595232849771326,
    0.12070294896310027,
    0.1001733895662156,
    0.08772592891346324,
    0.08084948189556598,
    0.0752143395929174,
    0.07000984390689569,
    0.06693652551282536,
    0.06390602418644861,
    0.06084464763714509,
    0.05989220105111599,
    0.05779683876105331,
    0.056650985455648464,
    0.05524966315789656,
    0.05349906797097488,
    0.05323144726793874,
    0.051310114880854435,
    0.05182059289040891,
    0.050058831569146034,
    0.04976527227596803,
    0.048364905284887016,
    0.04849967902356928,
    0.04827862869948149,
    0.04637774238024246,
    0.04656167260963809,
    0.04536982226778161,
    0.045298903807997705,
    0.045857020855288616,
    0.04498263895003633,
    0.044330968042327605,
    0.044333867952227594,
    0.04440773931755261,
    0.04309013655239885,
    0.0426529238965701,
    0.04295660286972469,
    0.043346712865274056,
    0.04196431649679487,
    0.04192195098169826,
    0.04178746163167737,
    0.04107146592472088,
    0.04087092526934363,
    0.040934368705546315,
    0.03965247926048257,
    0.0394662859256972,
    0.04036481917751107,
    0.03995210708880967,
    0.04063496580686082,
    0.0395349741642448,
    0.03849483765661717,
    0.03841395148838109,
    0.03816798321564089,
    0.037175009523264385,
    0.03777533783662049,
    0.036934150372716516,
    0.03685980919579213,
    0.0379589628699151,
    0.037458035790107466,
    0.038179797076366165,
    0.03794738566841591,
    0.03675630640069193,
    0.03717715151438659,
    0.03722230792214925,
    0.0371423270367086,
    0.03682588631117886,
    0.03689844430170276,
    0.037613498942757194,
    0.036209540858187464,
    0.036713389552791006,
    0.03606001511724158,
    0.035609924297102476,
    0.036235695206983526,
    0.03594994370232929,
    0.035870032159780914,
    0.03508178194476799,
    0.036620755998248405,
    0.03559855159372091,
    0.035517646710981024,
    0.03616996576670896,
    0.03548053211109205,
    0.035277880580926485,
    0.03655877791853114,
    0.036030336247587745,
    0.03604076837951487,
    0.03610384655439041,
    0.03564471507275647,
    0.03582739674570886,
    0.03522914366288619,
    0.03569102267988704
  ],
  "val_loss": [
    0.15446000834926965,
    0.1031938603380695,
    0.07659400658449159,
    0.06445346154505388,
    0.05648291050456465,
    0.052431280969176444,
    0.049073878634953876,
    0.04510679830564186,
    0.043281119910534474,
    0.04202919974923134,
    0.04040652627008967,
    0.0435576836403925,
    0.04339030901901424,
    0.04070407190010883,
    0.04033795248251409,
    0.03695610248832964,
    0.04707147577428259,
    0.03879305378650315,
    0.036615954211447393,
    0.04512703843647615,
    0.03753686997224577,
    0.03593294963939116,
    0.03284902531886474,
    0.03514639038476162,
    0.03863168871612288,
    0.03399590108310804,
    0.03403472089557909,
    0.03360480625415221,
    0.03549483292154036,
    0.034312715448322706,
    0.03190762074955274,
    0.03551005298213568,
    0.03656938638305292,
    0.03692137792240829,
    0.03284859547566157,
    0.032047941157361495,
    0.03335289438837208,
    0.029600982047850267,
    0.03201025976741221,
    0.03138095634931233,
    0.033725240055355245,
    0.032670121849514545,
    0.035928188014077024,
    0.03044890697929077,
    0.03376460438012146,
    0.03708653686917387,
    0.03455079510167707,
    0.03234301724005491,
    0.03820728280406911,
    0.03002118441218045,
    0.029733001661952585,
    0.0317796912859194,
    0.0321304392797174,
    0.03250763538235333,
    0.02944628073601052,
    0.03184470697888173,
    0.03296139328158461,
    0.030013427155790855,
    0.029063946078531445,
    0.03042629427800421,
    0.03244068992498796,
    0.031373251762124715,
    0.030965265471604653,
    0.031439576271804985,
    0.029714084882289174,
    0.03382112220569979,
    0.03112797666108236,
    0.030778996311710216,
    0.029464823956368492,
    0.03043115601758473,
    0.030118748269160278,
    0.030692604280193336,
    0.03108825504896231,
    0.030152959682163784,
    0.03086331490485463,
    0.030645057529909536,
    0.02984580745105632,
    0.0297804887581151,
    0.029646938780206255,
    0.030690977754420604,
    0.031197192435502077,
    0.030122502212179825,
    0.03017739477509167,
    0.030183080409187827,
    0.03040119865036104,
    0.030008279604953714,
    0.030616647499846293,
    0.03052746582834516,
    0.029792937263846398
  ],
  "epochs": [
    0,
    1,
    2,
    3,
    4,
    5,
    6,
    7,
    8,
    9,
    10,
    11,
    12,
    13,
    14,
    15,
    16,
    17,
    18,
    19,
    20,
    21,
    22,
    23,
    24,
    25,
    26,
    27,
    28,
    29,
    30,
    31,
    32,
    33,
    34,
    35,
    36,
    37,
    38,
    39,
    40,
    41,
    42,
    43,
    44,
    45,
    46,
    47,
    48,
    49,
    50,
    51,
    52,
    53,
    54,
    55,
    56,
    57,
    58,
    59,
    60,
    61,
    62,
    63,
    64,
    65,
    66,
    67,
    68,
    69,
    70,
    71,
    72,
    73,
    74,
    75,
    76,
    77,
    78,
    79,
    80,
    81,
    82,
    83,
    84,
    85,
    86,
    87,
    88
  ]
}