{
  "train_loss": [
    0.33069259004159407,
    0.1584441020271995,
    0.12501460420814425,
    0.10150746407156641,
    0.08899971946396612,
    0.08057821825824002,
    0.07433432136408308,
    0.0703359050845558,
    0.0670548698577014,
    0.06384679136289792,
    0.06187758927656846,
    0.05888407403433865,
    0.05824163128706543,
    0.0565670650147579,
    0.0542931553111835,
    0.054412334541028194,
    0.05302729045972228,
    0.05195163490081375,
    0.052089282106608153,
    0.049647018238902094,
    0.05147345474159176,
    0.04945247339254076,
    0.048742847007445314,
    0.048562140043147586,
    0.04826080679216169,
    0.04790435294197365,
    0.04632911015132612,
    0.04611658177761869,
    0.046738337161527435,
    0.045466852619905365,
    0.04491098719733683,
    0.044470880790190265,
    0.044818783730945805,
    0.044674294955012475,
    0.04443660793825985,
    0.04253200000490654,
    0.04306390970606695,
    0.042336907285180955,
    0.04122396601872011,
    0.042647996091029865,
    0.0427298348820345,
    0.0427155836688524,
    0.04228690626438369,
    0.04218152331865647,
    0.04161794827404347,
    0.04115036615593867,
    0.04046954640610652,
    0.04109449023042213,
    0.04071687415242195,
    0.04090062425387177,
    0.041163910727270624,
    0.041464892839166254,
    0.04052591486918655,
    0.040795905339446936,
    0.04130674605511807,
    0.04101582247933204,
    0.04009098138998855,
    0.040949038649824535,
    0.0408602500571446,
    0.040790640957314855,
    0.040599697239019655,
    0.039960702625526624,
    0.04038001216270707,
    0.03999687886542894,
    0.04041728115894578,
    0.04048649698834528
  ],
  "val_loss": [
    0.15552134364843367,
    0.10959656133782118,
    0.07954858810408041,
    0.06494755973108113,
    0.05875578324776143,
    0.05464663708698936,
    0.05184000625158661,
    0.0491793610912282,
    0.04670931047294289,
    0.04424420929281041,
    0.04256222902331502,
    0.049040074215736244,
    0.04272588799940423,
    0.04140983396791854,
    0.04073471947922371,
    0.041010479547549036,
    0.040800617600325495,
    0.0400595807528589,
    0.043885774083901194,
    0.04427246098057367,
    0.04095082979765721,
    0.04341764896526002,
    0.04073319146991708,
    0.03702088920108508,
    0.03994799148058519,
    0.03898108747962397,
    0.0412202284205705,
    0.04093716009228956,
    0.03739999168610666,
    0.03723232504271436,
    0.04216262797708624,
    0.041931959788780664,
    0.04503562034515198,
    0.038072160680894744,
    0.037952921469695866,
    0.036143766847089864,
    0.043468236064654775,
    0.04088394214631989,
    0.03964663810329512,
    0.042792113230098044,
    0.038894627074478196,
    0.03779975059442223,
    0.040126318600960074,
    0.038071447581751273,
    0.04123572934768163,
    0.039072763864533046,
    0.039839912345632916,
    0.03922274270153139,
    0.041374015496694484,
    0.03889263445744291,
    0.04064667964994442,
    0.04045722160080914,
    0.04056394666840788,
    0.04006565313611646,
    0.03928914155694656,
    0.03910452963027637,
    0.04082125691638794,
    0.03960336055024527,
    0.03845360915875062,
    0.0400701640843181,
    0.03939222756598611,
    0.03907962132361718,
    0.03994045066065155,
    0.03899618267896585,
    0.0410187119996408,
    0.03982738145277835
  ],
  "epochs": [
    0,
    1,
    2,
    3,
    4,
    5,
    6,
    7,
    8,
    9,
    10,
    11,
    12,
    13,
    14,
    15,
    16,
    17,
    18,
    19,
    20,
    21,
    22,
    23,
    24,
    25,
    26,
    27,
    28,
    29,
    30,
    31,
    32,
    33,
    34,
    35,
    36,
    37,
    38,
    39,
    40,
    41,
    42,
    43,
    44,
    45,
    46,
    47,
    48,
    49,
    50,
    51,
    52,
    53,
    54,
    55,
    56,
    57,
    58,
    59,
    60,
    61,
    62,
    63,
    64,
    65
  ]
}