{
  "train_loss": [
    0.30456152937629005,
    0.15633231503042308,
    0.13006130954758688,
    0.11212919561700388,
    0.09930207139389083,
    0.09098719005218961,
    0.08375657746737654,
    0.07869180187582969,
    0.07521072927523743,
    0.07068825003437021,
    0.06949703609740193,
    0.06654151451858607,
    0.06626836016774178,
    0.06289190113544464,
    0.0630014989321882,
    0.0617107815430923,
    0.05967002449726517,
    0.058665829219601374,
    0.058491714474829766,
    0.05800409220497717,
    0.05733712198043413,
    0.056590473702685405,
    0.055544274347749625,
    0.05433502050963315,
    0.05439997306262905,
    0.05429739876565609,
    0.05428097072988749,
    0.05312188470397483,
    0.05301054479723627,
    0.0524906647357751,
    0.05332534697076137,
    0.05260096691548824,
    0.0531425183351067,
    0.0519085650941865,
    0.05246458904648369,
    0.05182059950279919,
    0.05190424871715632,
    0.05200737164271149,
    0.05208750056780197,
    0.051871519503606994,
    0.05145744485441934
  ],
  "val_loss": [
    0.14849099116399883,
    0.1153304869774729,
    0.10255900353658945,
    0.07871710088802503,
    0.08910878533497453,
    0.06440000354778022,
    0.0664355645305477,
    0.06417405840475113,
    0.07888013393385336,
    0.0649768854083959,
    0.059397172089666134,
    0.06316235437989236,
    0.06514495599549264,
    0.06311858139233664,
    0.06118422463187017,
    0.06267691144603305,
    0.06857416742132046,
    0.059590366261545576,
    0.0664267425716389,
    0.0701250485086348,
    0.06328045333502814,
    0.06842988630523905,
    0.06321592191816308,
    0.06252226727083326,
    0.06409083297476173,
    0.0640471353486646,
    0.06500364678213373,
    0.06961420589941554,
    0.06694992473931052,
    0.062050225888378926,
    0.06372767653665506,
    0.06511512746219524,
    0.06708934259950183,
    0.06558761001797393,
    0.06782995117246174,
    0.06534300976782106,
    0.06596747401054018,
    0.06593586019589566,
    0.06207167598768138,
    0.06700952501851135,
    0.06662241190788337
  ],
  "epochs": [
    0,
    1,
    2,
    3,
    4,
    5,
    6,
    7,
    8,
    9,
    10,
    11,
    12,
    13,
    14,
    15,
    16,
    17,
    18,
    19,
    20,
    21,
    22,
    23,
    24,
    25,
    26,
    27,
    28,
    29,
    30,
    31,
    32,
    33,
    34,
    35,
    36,
    37,
    38,
    39,
    40
  ]
}