{
  "train_loss": [
    0.28197133271531627,
    0.14421900935471058,
    0.11973675040358847,
    0.10153447518971834,
    0.0888794294135137,
    0.08132858021015471,
    0.07548323548652909,
    0.07078314915976741,
    0.0664192710173401,
    0.06486248030581258,
    0.06192147894000466,
    0.059630574279210785,
    0.057518343407322065,
    0.05557052073153583,
    0.05547886879606681,
    0.05363004296340726,
    0.05258452266793359,
    0.051776345734569164,
    0.05093131452629512,
    0.049596226283095096,
    0.048773775883018976,
    0.049242954826490444,
    0.04802525265311654,
    0.047398980398747056,
    0.04702639766037464,
    0.04675596464763988,
    0.04618552660400218,
    0.04516078348186883,
    0.0457192507318475,
    0.04538986547765407,
    0.04386161498048089,
    0.04288524928756735,
    0.044334406297315256,
    0.0437487352182242,
    0.04288818372582848,
    0.042617581476542085,
    0.04240949840538881,
    0.041621900569986214,
    0.04143125779757445,
    0.041271480094980106,
    0.04011735813184218,
    0.04025181782685898,
    0.04015981790863655,
    0.04056030609390952,
    0.040709812070497065,
    0.03995826536112211,
    0.03992512131448497,
    0.0398372945189476,
    0.03929791190407493,
    0.03936638428575613,
    0.03926111299544573,
    0.039876689404587856,
    0.039330632237886846,
    0.04001371232792735,
    0.03970592189749533,
    0.03910574112595483,
    0.039326554304835476
  ],
  "val_loss": [
    0.1408131424803287,
    0.11032569841481746,
    0.09086371122393758,
    0.07184015547391027,
    0.07168165363837034,
    0.05876779381651431,
    0.06556778030935675,
    0.05764730222290382,
    0.0603607035940513,
    0.05349280187510885,
    0.058013652812223884,
    0.057647724583512173,
    0.054741694533731795,
    0.054259714914951476,
    0.05597286031697877,
    0.05092276933719404,
    0.05961619737790898,
    0.05969498771009967,
    0.047018711554119366,
    0.05047358131560031,
    0.052780051861191175,
    0.04629673439485487,
    0.05758095348719508,
    0.052655127554317005,
    0.05393714764795732,
    0.05131919473933522,
    0.04525132820708678,
    0.05858832228987012,
    0.05381022691726685,
    0.049115289453766316,
    0.05234457318438217,
    0.056494749904959465,
    0.053261190390912816,
    0.05643850115884562,
    0.05522878825722728,
    0.055526672257110485,
    0.062320280721178276,
    0.04956332400324755,
    0.04928627585759387,
    0.05287041591946036,
    0.051477000946761116,
    0.05022539362544194,
    0.054427287497674115,
    0.05144850998476613,
    0.05659898955491372,
    0.054957834794186054,
    0.05173017448396422,
    0.052637696359306575,
    0.05195682390476577,
    0.05543057595787104,
    0.05703062740794849,
    0.05400484779675026,
    0.054273106181062764,
    0.053839722569682634,
    0.05316952227731235,
    0.053286500225658534,
    0.05260557158908342
  ],
  "epochs": [
    0,
    1,
    2,
    3,
    4,
    5,
    6,
    7,
    8,
    9,
    10,
    11,
    12,
    13,
    14,
    15,
    16,
    17,
    18,
    19,
    20,
    21,
    22,
    23,
    24,
    25,
    26,
    27,
    28,
    29,
    30,
    31,
    32,
    33,
    34,
    35,
    36,
    37,
    38,
    39,
    40,
    41,
    42,
    43,
    44,
    45,
    46,
    47,
    48,
    49,
    50,
    51,
    52,
    53,
    54,
    55,
    56
  ]
}