{
  "train_loss": [
    0.32484197382222524,
    0.1372609097578309,
    0.10605006347325716,
    0.09006193663924933,
    0.08142918507483872,
    0.07419752367179502,
    0.07034559531306679,
    0.0668975148553198,
    0.06417926575311206,
    0.06069001922553236,
    0.05764045477252115,
    0.05576341929760846,
    0.0543890994888815,
    0.05345397884364833,
    0.05237525421787392,
    0.05127618283541365,
    0.050106947482986886,
    0.049140255686573014,
    0.04776318547061899,
    0.04826645221391862,
    0.047321588928726586,
    0.0453531887517734,
    0.04558914071964947,
    0.045885444964197546,
    0.043922745168886404,
    0.04413550512018529,
    0.04372520541602915,
    0.04320885353467681,
    0.04243169574405659,
    0.04325862056660382,
    0.04123601072383198,
    0.04238518103449182,
    0.03953238300471143,
    0.04035832207819278,
    0.039406895295462825,
    0.039826525121249935,
    0.03951503500681032,
    0.03953490455380895,
    0.03961837891489267,
    0.039481645881791004,
    0.038446613360535016,
    0.03825476330281659,
    0.03983620494265448,
    0.038997272781350394,
    0.03938102433119308,
    0.0389568210596388,
    0.03827673623677005,
    0.037956048294224526,
    0.03763594650409439,
    0.03852332714945078,
    0.038274818973785096
  ],
  "val_loss": [
    0.13655388057231904,
    0.09305209886515514,
    0.07454342527780682,
    0.06579957660287619,
    0.06830538356443867,
    0.06816717471810989,
    0.06516856718226337,
    0.0657316173426807,
    0.05886408895021305,
    0.06718556415289641,
    0.06437981639173813,
    0.05786499556852505,
    0.0667827510565985,
    0.06197145165060647,
    0.05760449649533257,
    0.05640527603682131,
    0.06060639648349025,
    0.06047652623965405,
    0.056718089024070655,
    0.05556381841888652,
    0.05266298020724207,
    0.06420306739746592,
    0.05744863125728444,
    0.05950823810708244,
    0.052963580933283086,
    0.058798294333973905,
    0.06604480571986643,
    0.06949978984775954,
    0.053956039366312325,
    0.05701345810375642,
    0.0548887120152358,
    0.0707707599765854,
    0.06447631390474272,
    0.0635606493917294,
    0.05821842654549983,
    0.06157985401514452,
    0.057292841639718976,
    0.06261484175047372,
    0.06352344879996963,
    0.056495504084159626,
    0.06526255200151354,
    0.06304826457926538,
    0.06343101242964622,
    0.05819095807091799,
    0.060856852444703693,
    0.058550946827745066,
    0.0633161279198248,
    0.06360457980481442,
    0.05997499868681189,
    0.06024528176058084,
    0.058220951902330856
  ],
  "epochs": [
    0,
    1,
    2,
    3,
    4,
    5,
    6,
    7,
    8,
    9,
    10,
    11,
    12,
    13,
    14,
    15,
    16,
    17,
    18,
    19,
    20,
    21,
    22,
    23,
    24,
    25,
    26,
    27,
    28,
    29,
    30,
    31,
    32,
    33,
    34,
    35,
    36,
    37,
    38,
    39,
    40,
    41,
    42,
    43,
    44,
    45,
    46,
    47,
    48,
    49,
    50
  ]
}