{
  "train_loss": [
    0.3766262739896774,
    0.21242321187799626,
    0.20642807673324237,
    0.20185225849801844,
    0.19954138885844838,
    0.2014484240250154,
    0.20015012378042393,
    0.20204592672261326,
    0.1984572181647474,
    0.19952081035483968,
    0.1985516460104422,
    0.19559487998485564,
    0.19405537654053082,
    0.19497673511505126,
    0.1947019723328677,
    0.1918468020179055,
    0.19191836389628322,
    0.191849501024593,
    0.1937626453963193,
    0.19263695857741617,
    0.19400529211217707,
    0.19372674822807312,
    0.1924803154035048,
    0.19254847250201484,
    0.19311711517247288,
    0.19189246540719812,
    0.19311813874678177,
    0.1926129845055667,
    0.19146705161441457,
    0.1924735261635347,
    0.1944365934892134,
    0.19098839732733638,
    0.19220546267249367,
    0.19295453429222106,
    0.1925251986492764,
    0.1904870328578082,
    0.19125992872498251,
    0.19188083816658366,
    0.19168399707837538,
    0.1913439328020269,
    0.1919995657422326,
    0.19281236014582895,
    0.1915512735193426,
    0.19094127010215411,
    0.19170037426731804,
    0.1910339600660584,
    0.18930293213237415,
    0.19178630167787725,
    0.19028059460900046,
    0.19056055491620844,
    0.18991192877292634,
    0.19114966067400846,
    0.19167099513790825,
    0.1912894132462415,
    0.19200803231109273,
    0.19190817123109644,
    0.1907990038394928,
    0.19076785214922645,
    0.19301959560676055,
    0.19277943752028726,
    0.19096518429842863,
    0.1904168131676587,
    0.19152183532714845,
    0.19273566712032664
  ],
  "val_loss": [
    0.2229049475863576,
    0.20914949290454388,
    0.21246921177953482,
    0.23077713698148727,
    0.20907088834792376,
    0.22709963284432888,
    0.21015213336795568,
    0.21041973680257797,
    0.2146658794954419,
    0.20979873649775982,
    0.21528577338904142,
    0.2072947034612298,
    0.20872265938669443,
    0.20654961094260216,
    0.20661123748868704,
    0.20670961309224367,
    0.206748909316957,
    0.20704401563853025,
    0.2064061602577567,
    0.2077752873301506,
    0.2070168685168028,
    0.20637241005897522,
    0.20686153322458267,
    0.2065580142661929,
    0.20694131590425968,
    0.20662941969931126,
    0.2061909856274724,
    0.20641595218330622,
    0.20614904072135687,
    0.2063830867409706,
    0.20655347779393196,
    0.2074865074828267,
    0.20695883501321077,
    0.20667644869536161,
    0.20615255180746317,
    0.20617255195975304,
    0.20613709744066,
    0.20596410147845745,
    0.2060317164286971,
    0.20611913036555052,
    0.20602223835885525,
    0.20613138005137444,
    0.20601775590330362,
    0.20600870437920094,
    0.20598862692713737,
    0.20613384526222944,
    0.20610215608030558,
    0.20614933036267757,
    0.2058143699541688,
    0.20613843016326427,
    0.20602962747216225,
    0.2059496883302927,
    0.20596168283373117,
    0.2059718444943428,
    0.2063178438693285,
    0.20615115948021412,
    0.20616507157683372,
    0.2060550507158041,
    0.20594567712396383,
    0.2060760883614421,
    0.20584996417164803,
    0.20596764236688614,
    0.20616391859948635,
    0.2062076162546873
  ],
  "epochs": [
    0,
    1,
    2,
    3,
    4,
    5,
    6,
    7,
    8,
    9,
    10,
    11,
    12,
    13,
    14,
    15,
    16,
    17,
    18,
    19,
    20,
    21,
    22,
    23,
    24,
    25,
    26,
    27,
    28,
    29,
    30,
    31,
    32,
    33,
    34,
    35,
    36,
    37,
    38,
    39,
    40,
    41,
    42,
    43,
    44,
    45,
    46,
    47,
    48,
    49,
    50,
    51,
    52,
    53,
    54,
    55,
    56,
    57,
    58,
    59,
    60,
    61,
    62,
    63
  ]
}