{
  "train_loss": [
    0.41805220354687084,
    0.2560389819470319,
    0.24826919002966447,
    0.24208476936275308,
    0.2448040011254224,
    0.24013720588250595,
    0.23657891343940388,
    0.2379524195736105,
    0.23896611441265453,
    0.24104721790010278,
    0.23693142181093044,
    0.2380568274042823,
    0.235297446901148,
    0.23430157249624078,
    0.23666148619218305,
    0.23848293044350363,
    0.23373552533713254,
    0.23509048196402463,
    0.2343617791479284,
    0.23319444195790726,
    0.23332391083240508,
    0.2329170202667063,
    0.2314996518872001,
    0.2326504707336426,
    0.23284075178883293,
    0.23112641302022066,
    0.2294366630640897,
    0.2325718107548627,
    0.23181194446303627,
    0.2324043558402495,
    0.23145165633071552,
    0.2300542649897662,
    0.23021236278794027,
    0.23304509574716742,
    0.23192538564855403,
    0.2305244039405476
  ],
  "val_loss": [
    0.2564259534701705,
    0.25720866303890944,
    0.24481842666864395,
    0.24402860272675753,
    0.24497076775878668,
    0.2504236130043864,
    0.25076102279126644,
    0.2409087773412466,
    0.25381187442690134,
    0.2406157422810793,
    0.24577966053038836,
    0.2466592462733388,
    0.24980793707072735,
    0.24500758573412895,
    0.24638147372752428,
    0.249105803668499,
    0.240768913179636,
    0.24027636367827654,
    0.24104051012545824,
    0.24083598423749208,
    0.23990100622177124,
    0.24043329153209925,
    0.24063496198505163,
    0.2415029313415289,
    0.2406764766201377,
    0.2405525166541338,
    0.24195916578173637,
    0.2418698277324438,
    0.24053664412349463,
    0.24054414220154285,
    0.24073540605604649,
    0.2402236144989729,
    0.24026407022029161,
    0.24086003191769123,
    0.24036548286676407,
    0.2403778899461031
  ],
  "epochs": [
    0,
    1,
    2,
    3,
    4,
    5,
    6,
    7,
    8,
    9,
    10,
    11,
    12,
    13,
    14,
    15,
    16,
    17,
    18,
    19,
    20,
    21,
    22,
    23,
    24,
    25,
    26,
    27,
    28,
    29,
    30,
    31,
    32,
    33,
    34,
    35
  ]
}