{
  "train_loss": [
    0.44350926090370524,
    0.2606320541013371,
    0.2534065387465737,
    0.2511759229681709,
    0.24777977602048354,
    0.2462990327314897,
    0.24755618165839802,
    0.24646565805781973,
    0.24632920839569786,
    0.24527115009047767,
    0.24990734159946443,
    0.24595978503877466,
    0.24356485984542153,
    0.2436490747061643,
    0.24216451238502157,
    0.2423333921215751,
    0.2444990109313618,
    0.24139755828814072,
    0.23832823498682543,
    0.23541770685802807,
    0.23745986385778947,
    0.23764522644606503,
    0.2379659124396064,
    0.23649619817733764,
    0.23602826595306398,
    0.23802077797326174,
    0.23655437556180087,
    0.23417677500031212,
    0.23794780617410485,
    0.2356886785138737,
    0.23620080704038793,
    0.23653915307738566,
    0.2361389309167862,
    0.2357745335860686,
    0.235360848903656
  ],
  "val_loss": [
    0.2799618477001786,
    0.28028852958232164,
    0.29342422634363174,
    0.2788500217720866,
    0.3041842933744192,
    0.28642033599317074,
    0.2773010488599539,
    0.29073602613061666,
    0.35949466191232204,
    0.29511525109410286,
    0.270017028786242,
    0.368072085082531,
    0.27354142535477877,
    0.28756669629365206,
    0.2774457782506943,
    0.2791176037862897,
    0.2743689091876149,
    0.2684477651491761,
    0.2701012743636966,
    0.26817009784281254,
    0.2686229879036546,
    0.2682564752176404,
    0.26915071438997984,
    0.2684224462136626,
    0.26884677074849606,
    0.2697222260758281,
    0.2689073784276843,
    0.2684099478647113,
    0.26843032985925674,
    0.26869195606559515,
    0.26845910027623177,
    0.26857462525367737,
    0.26875264663249254,
    0.26883773040026426,
    0.26855731662362814
  ],
  "epochs": [
    0,
    1,
    2,
    3,
    4,
    5,
    6,
    7,
    8,
    9,
    10,
    11,
    12,
    13,
    14,
    15,
    16,
    17,
    18,
    19,
    20,
    21,
    22,
    23,
    24,
    25,
    26,
    27,
    28,
    29,
    30,
    31,
    32,
    33,
    34
  ]
}