{
  "train_loss": [
    0.4270114543763074,
    0.26137003979899665,
    0.2556610676375302,
    0.25609335763887925,
    0.2518462124195966,
    0.2500454062765295,
    0.24673106968402864,
    0.24853070865977894,
    0.24859958507797936,
    0.2450482425364581,
    0.2455404514616186,
    0.24441116777333347,
    0.24653177884492009,
    0.24294970685785466,
    0.2412563608451323,
    0.2410153329372406,
    0.23892713460055265,
    0.24054254401813854,
    0.24066676063971085,
    0.2379204200072722,
    0.24026659510352394,
    0.23927831676873293
  ],
  "val_loss": [
    0.26243343763053417,
    0.2589401975274086,
    0.26694592274725437,
    0.285069121979177,
    0.2714582858607173,
    0.2623110096901655,
    0.2562293726950884,
    0.2656494602560997,
    0.2708007777109742,
    0.2718693306669593,
    0.25827482994645834,
    0.266531671397388,
    0.26675395760685205,
    0.2576244119554758,
    0.25826040375977755,
    0.25643945299088955,
    0.25914769899100065,
    0.257801522500813,
    0.2587188230827451,
    0.25817188899964094,
    0.2580554485321045,
    0.25795244984328747
  ],
  "epochs": [
    0,
    1,
    2,
    3,
    4,
    5,
    6,
    7,
    8,
    9,
    10,
    11,
    12,
    13,
    14,
    15,
    16,
    17,
    18,
    19,
    20,
    21
  ]
}