{
  "train_loss": [
    0.41319778751243247,
    0.24728294610977172,
    0.2442286813800985,
    0.2416280445727435,
    0.2392128592187708,
    0.2377226558598605,
    0.23629407395016064,
    0.23590652969750492,
    0.2340058743953705,
    0.23520890907807784,
    0.2361437068744139,
    0.23115253204649144,
    0.2309260514649478,
    0.23198476975614374,
    0.23000471429391342,
    0.2297060015526685,
    0.23132042397152294,
    0.2314746157689528,
    0.23062314770438455,
    0.2298049815676429,
    0.22904073135419326,
    0.22981738962910392,
    0.23107979893684388,
    0.23159971237182617,
    0.2306882457299666,
    0.22937890101562847,
    0.22942458662119777
  ],
  "val_loss": [
    0.27444093208760023,
    0.2681023795157671,
    0.26066975947469473,
    0.2603302225470543,
    0.2599602872505784,
    0.26292243134230375,
    0.264306110329926,
    0.259982580319047,
    0.26728415954858065,
    0.2626523207873106,
    0.26609851513057947,
    0.25931714568287134,
    0.2600522479042411,
    0.262856368906796,
    0.2608320266008377,
    0.260502521879971,
    0.2595101576298475,
    0.2621660279110074,
    0.2608627714216709,
    0.2610642574727535,
    0.2604210404679179,
    0.26050284691154957,
    0.2602285258471966,
    0.26073966082185507,
    0.26033121440559626,
    0.2608786728233099,
    0.2607200061902404
  ],
  "epochs": [
    0,
    1,
    2,
    3,
    4,
    5,
    6,
    7,
    8,
    9,
    10,
    11,
    12,
    13,
    14,
    15,
    16,
    17,
    18,
    19,
    20,
    21,
    22,
    23,
    24,
    25,
    26
  ]
}