{
  "train_loss": [
    0.4678904045711864,
    0.30270611101930794,
    0.2916786462068558,
    0.2885486800562252,
    0.28588663095777683,
    0.2851611524820328,
    0.28326652375134553,
    0.28401126265525817,
    0.2810877640138973,
    0.2838008067824624,
    0.28301060091365465,
    0.27897767343304375,
    0.2778361930088563,
    0.27797036848284984,
    0.27699360901659187,
    0.27870538153431634,
    0.2773898953741247,
    0.2778903855518861,
    0.27759997817603027
  ],
  "val_loss": [
    0.31488980166614056,
    0.306820803321898,
    0.30688110645860434,
    0.3010181123390794,
    0.305820195004344,
    0.3048555301502347,
    0.30642245430499315,
    0.3065308090299368,
    0.3032291419804096,
    0.31051833741366863,
    0.3014716925099492,
    0.3013817388564348,
    0.3027692036703229,
    0.30185678601264954,
    0.3024433758109808,
    0.3018085900694132,
    0.3018112117424607,
    0.3021067874506116,
    0.302434541285038
  ],
  "epochs": [
    0,
    1,
    2,
    3,
    4,
    5,
    6,
    7,
    8,
    9,
    10,
    11,
    12,
    13,
    14,
    15,
    16,
    17,
    18
  ]
}