{
  "train_loss": [
    0.4674708753824234,
    0.2792374383319508,
    0.27064957564527337,
    0.26961914029988376,
    0.2613087488846345,
    0.26129014627500013,
    0.2630034782669761,
    0.2571318054741079,
    0.261422365361994,
    0.2574409143491225,
    0.26075239371169695,
    0.2588403550061313,
    0.26106044216589497,
    0.257893829183145,
    0.2604094445705414,
    0.25736296366561545,
    0.2544785266572779,
    0.25377563563260164,
    0.25340641140937803,
    0.25218562321229415,
    0.2536514870145104,
    0.2530137712305242,
    0.25324370752681385,
    0.2519490038806742,
    0.252649432962591,
    0.25330113606019455,
    0.2526730957356366,
    0.25218307673931123,
    0.25179561322385613,
    0.25307069989767944,
    0.2498367894779552,
    0.2521434336900711,
    0.25175562446767635,
    0.2527352408929305,
    0.25088121701370586,
    0.2511967556043105,
    0.2512160396034067
  ],
  "val_loss": [
    0.3451536186039448,
    0.29998986702412367,
    0.32560067251324654,
    0.31950829178094864,
    0.29484912008047104,
    0.2962549263611436,
    0.33077053911983967,
    0.29511938337236643,
    0.31125438399612904,
    0.3751691523939371,
    0.28946726489812136,
    0.3174176439642906,
    0.29826380126178265,
    0.4316683281213045,
    0.30341264326125383,
    0.30956930480897427,
    0.31057866010814905,
    0.2925704475492239,
    0.2890444379299879,
    0.29224259313195944,
    0.28904000110924244,
    0.2884399499744177,
    0.29263757541775703,
    0.29442873504012823,
    0.2920040637254715,
    0.29190315399318933,
    0.28917426615953445,
    0.2904044892638922,
    0.2894392376765609,
    0.2891927994787693,
    0.2893655011430383,
    0.28911566734313965,
    0.2895935755223036,
    0.28909134957939386,
    0.2894610492512584,
    0.28902312368154526,
    0.28938833344727755
  ],
  "epochs": [
    0,
    1,
    2,
    3,
    4,
    5,
    6,
    7,
    8,
    9,
    10,
    11,
    12,
    13,
    14,
    15,
    16,
    17,
    18,
    19,
    20,
    21,
    22,
    23,
    24,
    25,
    26,
    27,
    28,
    29,
    30,
    31,
    32,
    33,
    34,
    35,
    36
  ]
}