{
  "train_loss": [
    0.4445710141550411,
    0.23711678331548516,
    0.2300882577896118,
    0.22432179207151587,
    0.22241514867002313,
    0.2190778678113764,
    0.22255549674684352,
    0.22125595808029175,
    0.22258220450444655,
    0.2163952659476887,
    0.21830036531795155,
    0.2192087707194415,
    0.21931732947176152,
    0.21759022907777267,
    0.21758623665029353,
    0.2165127548304471,
    0.21456183736974543,
    0.21309610307216645,
    0.21677783050320365,
    0.21576882790435445,
    0.21978179541501133,
    0.2183848334984346,
    0.2130009120160883,
    0.2127733886241913,
    0.21485509791157462,
    0.2102812563831156,
    0.21203263727101412,
    0.21179016042839396,
    0.21279471841725436,
    0.2098927075212652,
    0.21115487163717098,
    0.2112881980159066,
    0.21139162535017186,
    0.2128411891785535,
    0.2116736574606462,
    0.2102872283621268,
    0.21191073872826316,
    0.21074081415479834,
    0.21076187572695992,
    0.21053662652319127,
    0.21043745387684215,
    0.2108622510324825
  ],
  "val_loss": [
    0.2607856746762991,
    0.2668740525841713,
    0.2603937732055783,
    0.2643342614173889,
    0.25607346277683973,
    0.2521775010973215,
    0.2625783011317253,
    0.25232921447604895,
    0.24902312364429235,
    0.24859347753226757,
    0.24889632686972618,
    0.24836670886725187,
    0.2504073195159435,
    0.24802113510668278,
    0.25208824779838324,
    0.24664393160492182,
    0.25071376468986273,
    0.25333665125072,
    0.26638410333544016,
    0.248639234341681,
    0.2638862878084183,
    0.2734462507069111,
    0.2485316228121519,
    0.24679280910640955,
    0.24699851870536804,
    0.2476845057681203,
    0.24604500643908978,
    0.24732427671551704,
    0.2470728810876608,
    0.24799206294119358,
    0.24795397371053696,
    0.2469842378050089,
    0.2469849605113268,
    0.24694281909614801,
    0.24685867689549923,
    0.24705587793141603,
    0.24703703448176384,
    0.24697529338300228,
    0.2470923662185669,
    0.24725466594099998,
    0.24705732893198729,
    0.24720317218452692
  ],
  "epochs": [
    0,
    1,
    2,
    3,
    4,
    5,
    6,
    7,
    8,
    9,
    10,
    11,
    12,
    13,
    14,
    15,
    16,
    17,
    18,
    19,
    20,
    21,
    22,
    23,
    24,
    25,
    26,
    27,
    28,
    29,
    30,
    31,
    32,
    33,
    34,
    35,
    36,
    37,
    38,
    39,
    40,
    41
  ]
}