{
  "train_loss": [
    0.43401429463516583,
    0.2729576376351443,
    0.26026663102886893,
    0.26125557368451896,
    0.25233605124733666,
    0.25229053036733107,
    0.2534265764734962,
    0.25283944552594967,
    0.2508538072759455,
    0.2537057638168335,
    0.2530327309261669,
    0.2516110674901442,
    0.2484752736308358,
    0.24687256677584216,
    0.24490951868620786,
    0.2476568436080759,
    0.24710155617107044,
    0.24573065909472377,
    0.24522701203823088,
    0.24396070675416426,
    0.24489913907918062,
    0.2451674060388045,
    0.24475392726334658,
    0.24516773386435076,
    0.2433228078213605,
    0.2450337149880149,
    0.2442371978001161,
    0.2440948638049039,
    0.24348856021057474,
    0.243434953418645,
    0.24650109897960315,
    0.2415838060053912
  ],
  "val_loss": [
    0.27728043124079704,
    0.283004404976964,
    0.2780951354652643,
    0.28484930098056793,
    0.28317619673907757,
    0.2714076926931739,
    0.27524373680353165,
    0.2804667688906193,
    0.27648140396922827,
    0.276593959890306,
    0.27670127153396606,
    0.3030366934835911,
    0.2711845217272639,
    0.27101330179721117,
    0.27110076881945133,
    0.27113316860049963,
    0.2710054935887456,
    0.2712105941027403,
    0.27113227639347315,
    0.2718817815184593,
    0.27194809913635254,
    0.2715659476816654,
    0.2714180378243327,
    0.27127210702747107,
    0.27148957550525665,
    0.2713498715311289,
    0.2711891960352659,
    0.27129676658660173,
    0.27137129940092564,
    0.2712253239005804,
    0.27123906649649143,
    0.27124573197215796
  ],
  "epochs": [
    0,
    1,
    2,
    3,
    4,
    5,
    6,
    7,
    8,
    9,
    10,
    11,
    12,
    13,
    14,
    15,
    16,
    17,
    18,
    19,
    20,
    21,
    22,
    23,
    24,
    25,
    26,
    27,
    28,
    29,
    30,
    31
  ]
}