{
  "train_loss": [
    0.5311874351718209,
    0.3770270054990595,
    0.36837847395376727,
    0.36547672694379635,
    0.3617613532326438,
    0.36195042512633585,
    0.3635993453589353,
    0.3613168613477187,
    0.36128277616067367,
    0.3571764192797921,
    0.3598020786588842,
    0.357721285386519,
    0.35463151389902287,
    0.3543340086936951,
    0.3544540551575747,
    0.3512881436131217,
    0.35347207296978345,
    0.3516744548624212,
    0.35121812982992695,
    0.3522107362747192,
    0.35247195363044737,
    0.35283929055387325,
    0.3549277446486733,
    0.35276937647299333,
    0.35268991643732245,
    0.35394148501482875,
    0.35156670700420034,
    0.3514787820252505,
    0.35346106724305587,
    0.3515579781749032,
    0.35139680125496603,
    0.3513926002112302,
    0.3515756379474293,
    0.3512779154560783,
    0.3528537931767377,
    0.35281089002435856,
    0.3518595023588701,
    0.35040353482419795,
    0.352194467457858,
    0.3495473043485121,
    0.35223809589039196
  ],
  "val_loss": [
    0.3876932505518198,
    0.38381293043494225,
    0.39913326129317284,
    0.40663300827145576,
    0.36807936429977417,
    0.37372732535004616,
    0.38427653163671494,
    0.3872344046831131,
    0.3811491634696722,
    0.3758857026696205,
    0.3739438857883215,
    0.37062371894717216,
    0.368984580039978,
    0.3681229781359434,
    0.36809493228793144,
    0.36865884251892567,
    0.36781210266053677,
    0.36751008592545986,
    0.36682366393506527,
    0.36909877322614193,
    0.3684902563691139,
    0.3682252373546362,
    0.3691867347806692,
    0.3691677451133728,
    0.36681499518454075,
    0.3667583204805851,
    0.3670045845210552,
    0.36697892285883427,
    0.36775830015540123,
    0.36685270071029663,
    0.36707439459860325,
    0.36746335215866566,
    0.3673809189349413,
    0.36771932803094387,
    0.36760009452700615,
    0.36690114438533783,
    0.3671303987503052,
    0.36723971739411354,
    0.3671259507536888,
    0.36770233884453773,
    0.3673142772167921
  ],
  "epochs": [
    0,
    1,
    2,
    3,
    4,
    5,
    6,
    7,
    8,
    9,
    10,
    11,
    12,
    13,
    14,
    15,
    16,
    17,
    18,
    19,
    20,
    21,
    22,
    23,
    24,
    25,
    26,
    27,
    28,
    29,
    30,
    31,
    32,
    33,
    34,
    35,
    36,
    37,
    38,
    39,
    40
  ]
}