{
  "train_loss": [
    0.28942639027129524,
    0.15803708734837446,
    0.1256707730821588,
    0.10744079448282719,
    0.09538153265010227,
    0.08761398689313368,
    0.08104093482209879,
    0.07736864299259402,
    0.07337052379142155,
    0.07022044862535867,
    0.06993474284694955,
    0.06579202449457212,
    0.06480499846352772,
    0.06312831184064802,
    0.061870702064850125,
    0.06211771134625782,
    0.05925204085355456,
    0.058341895517977804,
    0.05948595484888012,
    0.05723726454444908,
    0.057266892763701366,
    0.05574484620920636,
    0.05485488977960565,
    0.053839116831394765,
    0.054363251426680526,
    0.05385408754037185,
    0.05310674107887528,
    0.05283437640321526,
    0.05293716411360286,
    0.053152501737190924,
    0.052433047289536766,
    0.05391409992325035,
    0.05237441706555811,
    0.05292015976526521,
    0.051991899484260515,
    0.05212379448115825,
    0.05184959761967713,
    0.052145392479883,
    0.05199136214330793,
    0.05197916001420129
  ],
  "val_loss": [
    0.1544814931228757,
    0.11626149900257587,
    0.08723909502150491,
    0.07416783150983974,
    0.06449486714554951,
    0.06299498314037918,
    0.06851021817419678,
    0.06146223701653071,
    0.05855790466303006,
    0.05254677863558754,
    0.05788246124284342,
    0.05512572598527186,
    0.06109544816426933,
    0.05754785327590071,
    0.05765888986061327,
    0.05971600339980796,
    0.06176183507195674,
    0.06241991231217981,
    0.0583569772541523,
    0.05389221459627152,
    0.056485227850498636,
    0.061843684979248796,
    0.058097591821569955,
    0.06342792557552457,
    0.05899604194564745,
    0.0663241602247581,
    0.0587552220793441,
    0.06082304102019408,
    0.05817259487812408,
    0.059148099744925284,
    0.05979811130673625,
    0.06059250179678202,
    0.061869942507473755,
    0.06458239667699672,
    0.06166253829724156,
    0.0613849945308175,
    0.05912681678310037,
    0.06327669127495028,
    0.0635702496394515,
    0.06574550159857609
  ],
  "epochs": [
    0,
    1,
    2,
    3,
    4,
    5,
    6,
    7,
    8,
    9,
    10,
    11,
    12,
    13,
    14,
    15,
    16,
    17,
    18,
    19,
    20,
    21,
    22,
    23,
    24,
    25,
    26,
    27,
    28,
    29,
    30,
    31,
    32,
    33,
    34,
    35,
    36,
    37,
    38,
    39
  ]
}