{
  "train_loss": [
    0.2872148993475871,
    0.1354036799005487,
    0.10901160015978596,
    0.09229114791886374,
    0.08148278094828129,
    0.07435759058052843,
    0.07056576522575184,
    0.06584351150488311,
    0.06435649112205613,
    0.06173241690139879,
    0.06010061993178997,
    0.057577983716672124,
    0.05611720159819181,
    0.055980388671159745,
    0.05416140245612372,
    0.05182519353926182,
    0.051561626942658964,
    0.05203409009867094,
    0.049610968553884464,
    0.04991968852891164,
    0.04884032769298012,
    0.0479932664571838,
    0.047559047590263866,
    0.04811523268507285,
    0.04614214021373879,
    0.04597559832375158,
    0.04499921785328877,
    0.044304679305377334,
    0.044529310952533374,
    0.042872047835791655,
    0.04366247488016432,
    0.04339137363332239,
    0.04316981653259559,
    0.04326583465222608,
    0.04428863915530118,
    0.043457732607017865,
    0.042927557013251565,
    0.04261635015633973,
    0.041353778537701474,
    0.04239940890703689,
    0.04234141126444394,
    0.0425808799740943,
    0.0417711766555228,
    0.04171123597093604,
    0.04185702574016018,
    0.04225855825638229,
    0.041885182141241706,
    0.04112891758538105,
    0.04126386530358683,
    0.0416229280880229,
    0.04174238450655883,
    0.04102828651835973,
    0.04194100138477304,
    0.041796555822207176,
    0.041230741742659706,
    0.04119721885431897,
    0.04152254546399821
  ],
  "val_loss": [
    0.1265955018112436,
    0.09495506928069518,
    0.07946514635113999,
    0.0650762107106857,
    0.055669066036352896,
    0.05278247345122509,
    0.04979128781124019,
    0.04861480399849825,
    0.050339444086421284,
    0.04434359173756093,
    0.04409540037158877,
    0.045036467519821606,
    0.04439891633228399,
    0.043564383703051136,
    0.040624119521817194,
    0.04167931322008371,
    0.045142434688750656,
    0.04297885255655274,
    0.04572985788690858,
    0.04451922295265831,
    0.042511108762118964,
    0.04317971412965563,
    0.045019084672094326,
    0.04145851771172602,
    0.04400340252614114,
    0.04366557530593127,
    0.04025846123695374,
    0.040631350787589324,
    0.04387907905620523,
    0.04451833271305077,
    0.043454687311896126,
    0.04432392480957787,
    0.04130617443588563,
    0.04088299704890233,
    0.044059784049750306,
    0.042659793002530935,
    0.043967836440424436,
    0.041786170474370006,
    0.04517851505079307,
    0.043169499974464995,
    0.04308011730608996,
    0.044213911620317965,
    0.04262410980009008,
    0.04239394974138122,
    0.04280090902757366,
    0.042613096366403626,
    0.042806598989409396,
    0.04299921041238122,
    0.04281442154024262,
    0.0430447232327424,
    0.043054715893231336,
    0.0440523830067832,
    0.04260248370119371,
    0.04507183260866441,
    0.04382225299777929,
    0.042380984750343485,
    0.043611766927642744
  ],
  "epochs": [
    0,
    1,
    2,
    3,
    4,
    5,
    6,
    7,
    8,
    9,
    10,
    11,
    12,
    13,
    14,
    15,
    16,
    17,
    18,
    19,
    20,
    21,
    22,
    23,
    24,
    25,
    26,
    27,
    28,
    29,
    30,
    31,
    32,
    33,
    34,
    35,
    36,
    37,
    38,
    39,
    40,
    41,
    42,
    43,
    44,
    45,
    46,
    47,
    48,
    49,
    50,
    51,
    52,
    53,
    54,
    55,
    56
  ]
}