{
  "train_loss": [
    0.2669506826725873,
    0.1453378189355135,
    0.12117745496332646,
    0.10342978509989652,
    0.0902481752701781,
    0.08073344319042834,
    0.07647436992688612,
    0.07023996694860134,
    0.06706991190260107,
    0.06443860956213691,
    0.06185850555246526,
    0.05978718887675892,
    0.0578511548482559,
    0.05644245659085838,
    0.05426592181013389,
    0.05330508636310698,
    0.05331877161664042,
    0.05144482413306832,
    0.050378021933138374,
    0.04976714848456058,
    0.049017019578340384,
    0.04903043755922805,
    0.047540393774821,
    0.04811671815135262,
    0.04719848978925835,
    0.046060853573409,
    0.045578359341756865,
    0.04498287859118798,
    0.044174299160526564,
    0.044058069515634665,
    0.04356938954612072,
    0.04356343369422989,
    0.04403613331135024,
    0.04223027582026341,
    0.042282633092254406,
    0.04207415640184826,
    0.04197459885850549,
    0.041298076745799994,
    0.04139864353124391,
    0.04148115472021428,
    0.041263213272799144,
    0.04016205196522853,
    0.04037746838717298,
    0.040761271207170054,
    0.0403153778155419,
    0.03970084956593135,
    0.039799738489091394,
    0.03936396756971424,
    0.03954050553115932,
    0.03952758534726772,
    0.03920932147821242,
    0.03932108413851397,
    0.038711846167729665,
    0.038965221189639784,
    0.0388147109255872,
    0.03789800142869353,
    0.037970410551537166,
    0.03900629464536906,
    0.03878605281256817,
    0.038657240772789175,
    0.03751920023340394,
    0.037831369741735135,
    0.03830759893340821,
    0.037233349542895505,
    0.03784461466764862,
    0.037055765487761655,
    0.03680853767828508,
    0.03669624146836049,
    0.037242939988659185,
    0.03720411319454962,
    0.03725729253820398,
    0.036424049773168835,
    0.03649607844396748,
    0.03646664086051963,
    0.03624851636503908,
    0.036032813240519976,
    0.03461969076825137,
    0.03514887907880951,
    0.035006215681575914,
    0.03435937417586419,
    0.03491844070567326,
    0.03459507434967567,
    0.03470215438611128,
    0.03462635783224621,
    0.034293089848519726,
    0.03496821586804634,
    0.03452557494779202,
    0.03490940799259327,
    0.034473804944956846,
    0.033805268275636166,
    0.033571061606264926,
    0.034736878034574065,
    0.034215283045883886,
    0.03363181541589173
  ],
  "val_loss": [
    0.1376872213324532,
    0.104383539641276,
    0.09256020633038134,
    0.07599746282212436,
    0.06273049518931657,
    0.05433014294249006,
    0.05464439153438434,
    0.04794234107248485,
    0.04907176572014578,
    0.04895288139232434,
    0.04198670772020705,
    0.04055928359739483,
    0.043231623733299786,
    0.04653973388485611,
    0.03986164619855117,
    0.04373822966590524,
    0.041634051810251545,
    0.036553435452515264,
    0.03757302693848033,
    0.04173571979335975,
    0.045787383618881,
    0.0346594213595381,
    0.03934834183601197,
    0.033969656156841666,
    0.0350167421187507,
    0.037098754110047594,
    0.037978185169049536,
    0.03478976989863441,
    0.035368826720514335,
    0.034478927988675426,
    0.03473361095821019,
    0.03444956783205271,
    0.033242251933552326,
    0.03624435728415847,
    0.03772367171186488,
    0.033983875918784184,
    0.036883338738698514,
    0.03474395172379446,
    0.03421775508613791,
    0.032422073255293074,
    0.03483729234721977,
    0.03137071146629751,
    0.03127423958503642,
    0.03263066652580164,
    0.03449082300357986,
    0.0347496728762053,
    0.03231232542602811,
    0.03197794906445779,
    0.032999239806667906,
    0.034111765399575236,
    0.031737541541224344,
    0.03162752611096949,
    0.03017905771848746,
    0.032019072995171885,
    0.034572025292436595,
    0.03275898292195052,
    0.03288724034791812,
    0.03248098937037867,
    0.029998597424128096,
    0.03234640250448138,
    0.031655998434871435,
    0.03346827039204072,
    0.031743767380248755,
    0.02914539695775602,
    0.030889700172701852,
    0.03254411608213559,
    0.03387151289789472,
    0.033389976670150645,
    0.029693969542859123,
    0.030272307922132317,
    0.032588724402012305,
    0.03314252781274263,
    0.034033250020002015,
    0.03246665070182644,
    0.033624708934803495,
    0.03156698158418294,
    0.03262643074413063,
    0.0311128417175496,
    0.033271875750506295,
    0.031703339885280006,
    0.033051281672669575,
    0.031885162209800914,
    0.03248152244486846,
    0.03093108239409048,
    0.03247119263978675,
    0.030686178330506665,
    0.031084222525532824,
    0.031150755081034733,
    0.030998808822187134,
    0.031191792970639655,
    0.031860804848838596,
    0.030755937288631685,
    0.030868615239160138,
    0.03120434840093367
  ],
  "epochs": [
    0,
    1,
    2,
    3,
    4,
    5,
    6,
    7,
    8,
    9,
    10,
    11,
    12,
    13,
    14,
    15,
    16,
    17,
    18,
    19,
    20,
    21,
    22,
    23,
    24,
    25,
    26,
    27,
    28,
    29,
    30,
    31,
    32,
    33,
    34,
    35,
    36,
    37,
    38,
    39,
    40,
    41,
    42,
    43,
    44,
    45,
    46,
    47,
    48,
    49,
    50,
    51,
    52,
    53,
    54,
    55,
    56,
    57,
    58,
    59,
    60,
    61,
    62,
    63,
    64,
    65,
    66,
    67,
    68,
    69,
    70,
    71,
    72,
    73,
    74,
    75,
    76,
    77,
    78,
    79,
    80,
    81,
    82,
    83,
    84,
    85,
    86,
    87,
    88,
    89,
    90,
    91,
    92,
    93
  ]
}