{
  "train_loss": [
    0.2958263611793518,
    0.1448592656512152,
    0.12050766091455113,
    0.10316064465452324,
    0.09111783339218661,
    0.08277055772190745,
    0.07829248121854934,
    0.07369082648307085,
    0.07089556940577248,
    0.06806209791451694,
    0.06593926542861896,
    0.06284126774492589,
    0.06313839185305617,
    0.06118036173284054,
    0.0586333336985924,
    0.0576332644677975,
    0.05776168345219709,
    0.05664661695334045,
    0.055790814787826756,
    0.054871626611460333,
    0.05437209839847955,
    0.052508904033086515,
    0.05169429913163185,
    0.05270308744839647,
    0.051033909747546374,
    0.05015766738490625,
    0.050891075821762735,
    0.050582918086173864,
    0.0505241645516997,
    0.049620042817497795,
    0.051022372575984756,
    0.04930955495177344,
    0.049593311544846405,
    0.049106495934115216,
    0.04983539932492105,
    0.050016050291332326,
    0.048735273394056346,
    0.049458782894706184,
    0.0490092170983553
  ],
  "val_loss": [
    0.13122705009300262,
    0.10831266862805933,
    0.08846441109199077,
    0.07999341425020248,
    0.06735571752069518,
    0.06584972108248621,
    0.05869229084346444,
    0.059993684245273474,
    0.05772022183518857,
    0.07127467788523063,
    0.05928790830657818,
    0.05809699635719881,
    0.05850266290945001,
    0.06339478688896634,
    0.06711320578469895,
    0.06536027889233083,
    0.06046027112170123,
    0.06303729943465441,
    0.05943705385434442,
    0.061901174805825576,
    0.06235686397994869,
    0.06044031765777618,
    0.06378892893553711,
    0.06079770108335652,
    0.064581047242973,
    0.06223452648846433,
    0.060488603718113154,
    0.06280999807640911,
    0.06246101434808225,
    0.06149531218688935,
    0.06261748774559238,
    0.0611119197215885,
    0.06580299698398448,
    0.062887801497709,
    0.06380036698537879,
    0.06278484775102697,
    0.06538010056247004,
    0.06541437656851486,
    0.06379647707799449
  ],
  "epochs": [
    0,
    1,
    2,
    3,
    4,
    5,
    6,
    7,
    8,
    9,
    10,
    11,
    12,
    13,
    14,
    15,
    16,
    17,
    18,
    19,
    20,
    21,
    22,
    23,
    24,
    25,
    26,
    27,
    28,
    29,
    30,
    31,
    32,
    33,
    34,
    35,
    36,
    37,
    38
  ]
}