{
  "train_loss": [
    0.3648451687124643,
    0.15718495600602844,
    0.13288268812000753,
    0.11335425254296175,
    0.09944103693420236,
    0.08959608593447643,
    0.08436387215825644,
    0.07975412425669758,
    0.07406664335592227,
    0.07244818477468057,
    0.06937773288989608,
    0.06800184504890984,
    0.06506774569776926,
    0.06402267868884585,
    0.06369744914837859,
    0.06121667981147766,
    0.05893285831267184,
    0.058999107706953186,
    0.058238192684948446,
    0.057815374545753,
    0.057104700011285876,
    0.05539794652638111,
    0.054816892909055406,
    0.054054122907532885,
    0.05414060088551857,
    0.05370904285968705,
    0.05331095093353228,
    0.05221891935406761,
    0.05272510626607321,
    0.05080321800133044,
    0.050459458882158456,
    0.0512624203786254,
    0.049683002536608414,
    0.04909025288779627,
    0.04927293564277616,
    0.04878016650507396,
    0.048892688031562354,
    0.04762218908830123,
    0.04825863066722046,
    0.04701217828318476,
    0.048096114168451595,
    0.04652065423740582,
    0.04751341035250914,
    0.046217455501583495,
    0.045995961629192936,
    0.04735658372667703,
    0.04666081748225472,
    0.04629004610871727,
    0.044912651105021885,
    0.044913078472018246,
    0.045892079802737996,
    0.04500928645614874,
    0.043390819894319234,
    0.04323379964313724,
    0.04304069108414379,
    0.04335418852723458,
    0.04360500106249344,
    0.04303317385810343,
    0.0431056447699666,
    0.04358687378127467,
    0.04344170195473866,
    0.04252862804484639,
    0.04292959507385438,
    0.04156826053492048,
    0.04147100659087301,
    0.041946469719775704,
    0.041487165432084694,
    0.042044733481651,
    0.041970811562443325,
    0.04182436176321724,
    0.04239589878442612
  ],
  "val_loss": [
    0.1418110155966133,
    0.1208061810117215,
    0.09702457988169044,
    0.07724461732432246,
    0.0684900920605287,
    0.06295286457752809,
    0.05860082308063284,
    0.05649367573787459,
    0.0536325287190266,
    0.05587333766161464,
    0.05526178881991655,
    0.05213944376446307,
    0.052288777299690996,
    0.05201812805607915,
    0.046905180695466696,
    0.05033657507738099,
    0.048486030544154346,
    0.0496513553604018,
    0.047598420537542555,
    0.045001123944530264,
    0.045108135975897315,
    0.052094034076435494,
    0.04681969324592501,
    0.050758212816435846,
    0.04350039687124081,
    0.04901726866955869,
    0.04172760134679265,
    0.04198525973479264,
    0.046512927784351635,
    0.042734113393817094,
    0.045782010152470326,
    0.04387808127794415,
    0.04708865236025304,
    0.04380164097528905,
    0.04487622876185924,
    0.04579974294756539,
    0.043901007546810436,
    0.04148683937964961,
    0.040111750032519926,
    0.044337515468942004,
    0.038352795725222676,
    0.04103832830733154,
    0.03892298512801062,
    0.03987425253144465,
    0.04285007631988265,
    0.03894196159671992,
    0.03986417759442702,
    0.04116461698431522,
    0.03942239822354168,
    0.040680698282085356,
    0.04310281615762506,
    0.042903780908090994,
    0.04002788685320412,
    0.040612122224411,
    0.04117973690154031,
    0.040903257849277,
    0.03954905046557542,
    0.039652790324180384,
    0.039687448862241584,
    0.04049313708674163,
    0.04350851290510037,
    0.040080536471214144,
    0.03861442253983114,
    0.03881125462939963,
    0.039445394827635025,
    0.03975608699256554,
    0.04019967759377323,
    0.03886783566267696,
    0.03891870711813681,
    0.03983858653518837,
    0.03865864752442576
  ],
  "epochs": [
    0,
    1,
    2,
    3,
    4,
    5,
    6,
    7,
    8,
    9,
    10,
    11,
    12,
    13,
    14,
    15,
    16,
    17,
    18,
    19,
    20,
    21,
    22,
    23,
    24,
    25,
    26,
    27,
    28,
    29,
    30,
    31,
    32,
    33,
    34,
    35,
    36,
    37,
    38,
    39,
    40,
    41,
    42,
    43,
    44,
    45,
    46,
    47,
    48,
    49,
    50,
    51,
    52,
    53,
    54,
    55,
    56,
    57,
    58,
    59,
    60,
    61,
    62,
    63,
    64,
    65,
    66,
    67,
    68,
    69,
    70
  ]
}