{
  "train_loss": [
    0.35063060952858494,
    0.121669604385441,
    0.09519890025258064,
    0.08233025118369948,
    0.07334559830413623,
    0.068111503879455,
    0.06484591541642493,
    0.06092550329864025,
    0.05905371741815047,
    0.05712247876619751,
    0.054520875029265885,
    0.05426237113773823,
    0.05201607620174235,
    0.05066552604802631,
    0.05053439090367068,
    0.049683942222459754,
    0.048481109921227804,
    0.047080501849678436,
    0.047292403494092555,
    0.046141109911894254,
    0.04600651486353441,
    0.046170566291971644,
    0.044256862369789325,
    0.04620404609394344,
    0.044996629944917835,
    0.04379198445345868,
    0.045254639703780415,
    0.04310016845945608,
    0.04328029238534245,
    0.043141190645030955,
    0.04379253170707009,
    0.04358803827484901,
    0.04336593585935506,
    0.04300828962840818,
    0.04322582681070675,
    0.04304001211950725
  ],
  "val_loss": [
    0.10886598981451243,
    0.07987670322181657,
    0.07027583337621764,
    0.058565015601925556,
    0.07621934763155878,
    0.051080890360753986,
    0.0599329772987403,
    0.07147416540537961,
    0.05496359916578513,
    0.05728920513065532,
    0.06887260907096789,
    0.06603162215906196,
    0.0615976269094972,
    0.07155205122544431,
    0.0623515769286314,
    0.06379185949917883,
    0.0746761359332595,
    0.06390203938062769,
    0.06945983270416037,
    0.0678226281015668,
    0.06790877515159081,
    0.07190693840675522,
    0.07197954024886712,
    0.07067567924095783,
    0.06359987047035247,
    0.06996191746729892,
    0.06946343946619891,
    0.06427144846820738,
    0.07232288392842748,
    0.06751599819399416,
    0.07077486013877206,
    0.07188869192032143,
    0.06954647756938358,
    0.07285956238629297,
    0.0699909433198627,
    0.06340459157072474
  ],
  "epochs": [
    0,
    1,
    2,
    3,
    4,
    5,
    6,
    7,
    8,
    9,
    10,
    11,
    12,
    13,
    14,
    15,
    16,
    17,
    18,
    19,
    20,
    21,
    22,
    23,
    24,
    25,
    26,
    27,
    28,
    29,
    30,
    31,
    32,
    33,
    34,
    35
  ]
}