{
  "train_loss": [
    0.5657207987525247,
    0.4001862699335272,
    0.3911253717812625,
    0.38773807937448673,
    0.3874324847351421,
    0.38098386742851953,
    0.3870840088887648,
    0.38138542879711496,
    0.3784773913296786,
    0.38154099800369956,
    0.37840966202995996,
    0.3814167802984064,
    0.3816223258321935,
    0.37576309984380546,
    0.3757104727354917,
    0.3763339075175199,
    0.37479731332172045,
    0.37184192484075373,
    0.37125627235932784,
    0.3727856841954318,
    0.3718891804868525,
    0.3732323695312847,
    0.3718547371300784,
    0.36978924599560825,
    0.3688780296932567,
    0.37118764302947305,
    0.37083587321368133,
    0.371212377873334,
    0.37027763453396884,
    0.36809578917243263,
    0.37287739515304563,
    0.3716722526333549,
    0.37109029726548626,
    0.3716729093681682,
    0.37107432972301135,
    0.37138174934820695,
    0.37036027041348546,
    0.371384719285098,
    0.36856640848246486,
    0.3705356652086431,
    0.3699338419870897,
    0.3719145791097121,
    0.3726324915885925,
    0.372212383963845,
    0.36976669376546684,
    0.37105853503400626,
    0.3712303416295485,
    0.3706624204462225,
    0.37124752456491644,
    0.370857234434648,
    0.3717579792846333,
    0.37159523584625936,
    0.37197282205928456,
    0.3690992951393127,
    0.37195956815372816
  ],
  "val_loss": [
    0.4152580536901951,
    0.39139960519969463,
    0.39045047014951706,
    0.3839846793562174,
    0.3895126171410084,
    0.3835796695202589,
    0.3978839498013258,
    0.36991790495812893,
    0.4067188110202551,
    0.3676534630358219,
    0.3893784061074257,
    0.4149302840232849,
    0.39065293222665787,
    0.3681962490081787,
    0.36763785406947136,
    0.38509292155504227,
    0.36621527932584286,
    0.3663375284522772,
    0.36778031289577484,
    0.3673412911593914,
    0.3676501903682947,
    0.36706056259572506,
    0.36620507203042507,
    0.3659380078315735,
    0.3658931329846382,
    0.3657550495117903,
    0.36610734835267067,
    0.36597205325961113,
    0.3660994302481413,
    0.366250716149807,
    0.3659535925835371,
    0.36578783206641674,
    0.3660915531218052,
    0.36589409597218037,
    0.3662287723273039,
    0.3657904304563999,
    0.3656821120530367,
    0.36592178605496883,
    0.3666821029037237,
    0.36566104367375374,
    0.36673745699226856,
    0.3658766634762287,
    0.3657850008457899,
    0.36589791998267174,
    0.3659476153552532,
    0.36606123484671116,
    0.366103770211339,
    0.366037430241704,
    0.36605900526046753,
    0.365772046148777,
    0.36660791374742985,
    0.3657472040504217,
    0.3658708520233631,
    0.3659746088087559,
    0.3661131542176008
  ],
  "epochs": [
    0,
    1,
    2,
    3,
    4,
    5,
    6,
    7,
    8,
    9,
    10,
    11,
    12,
    13,
    14,
    15,
    16,
    17,
    18,
    19,
    20,
    21,
    22,
    23,
    24,
    25,
    26,
    27,
    28,
    29,
    30,
    31,
    32,
    33,
    34,
    35,
    36,
    37,
    38,
    39,
    40,
    41,
    42,
    43,
    44,
    45,
    46,
    47,
    48,
    49,
    50,
    51,
    52,
    53,
    54
  ]
}