{
  "train_loss": [
    0.5294989629225297,
    0.3784730380231684,
    0.37412498105656017,
    0.3637919382615523,
    0.365207868272608,
    0.36421589851379393,
    0.3585012365471233,
    0.3599438851529902,
    0.3610693113370375,
    0.35992277806455436,
    0.3574703698808497,
    0.3542661726474762,
    0.3573408208110116,
    0.3579350005496632,
    0.3563509716229005,
    0.3566331668333574,
    0.356628942489624,
    0.355677007003264,
    0.3539701115001332,
    0.35743014324795114,
    0.35587281747297805,
    0.35542790564623744,
    0.3530233226039193,
    0.3546824563633312,
    0.35504949526353313,
    0.355588147315112,
    0.35626512386582115,
    0.35524612312967124,
    0.35596587549556385,
    0.3558593988418579,
    0.35566551143472847,
    0.3556398473002694,
    0.35754740021445536,
    0.353898455879905,
    0.35745384313843465,
    0.35475880720398645,
    0.3549353399059989,
    0.35789300961927933,
    0.3558546911586415,
    0.356512331420725,
    0.35714213956486096,
    0.3559243017976934,
    0.3550555911931125,
    0.35465323328971865,
    0.357369621775367
  ],
  "val_loss": [
    0.3775599077343941,
    0.4009229224175215,
    0.37431456334888935,
    0.3714061323553324,
    0.37773920595645905,
    0.3721589017659426,
    0.37754193507134914,
    0.3759757746011019,
    0.3717757295817137,
    0.3743435349315405,
    0.36991831101477146,
    0.37091274559497833,
    0.3699856549501419,
    0.37134535424411297,
    0.36997631937265396,
    0.3704908974468708,
    0.3710723854601383,
    0.37077483907341957,
    0.37036271020770073,
    0.37013766542077065,
    0.3699205107986927,
    0.37001002207398415,
    0.3699880503118038,
    0.36990898475050926,
    0.36991302110254765,
    0.3701231647282839,
    0.36995577067136765,
    0.3702069874852896,
    0.37066148966550827,
    0.36989812925457954,
    0.3700411766767502,
    0.37003597989678383,
    0.3701340835541487,
    0.37002193182706833,
    0.3701173737645149,
    0.37007261998951435,
    0.3699142839759588,
    0.3700416348874569,
    0.37016748264431953,
    0.37013412453234196,
    0.37013896368443966,
    0.37032947689294815,
    0.3700400311499834,
    0.3701404891908169,
    0.37048561312258244
  ],
  "epochs": [
    0,
    1,
    2,
    3,
    4,
    5,
    6,
    7,
    8,
    9,
    10,
    11,
    12,
    13,
    14,
    15,
    16,
    17,
    18,
    19,
    20,
    21,
    22,
    23,
    24,
    25,
    26,
    27,
    28,
    29,
    30,
    31,
    32,
    33,
    34,
    35,
    36,
    37,
    38,
    39,
    40,
    41,
    42,
    43,
    44
  ]
}