{
  "train_loss": [
    0.42589531297033484,
    0.2239854861389507,
    0.21736470515077763,
    0.21161501543088393,
    0.21257290772416376,
    0.20709457776763224,
    0.20649463344704022,
    0.2085879065773704,
    0.2039744107560678,
    0.20288269330154765,
    0.20212095081806183,
    0.20294355072758413,
    0.2043830394744873,
    0.20081254596059972,
    0.202556574344635,
    0.20087499157948926,
    0.19987108246846633,
    0.20038098909638144,
    0.19923868612809614,
    0.1980793698267503,
    0.2013490522449667,
    0.19889116341417487,
    0.19993621801788156,
    0.19982901635495098,
    0.20124735615470193,
    0.20080395097082313,
    0.2011826439337297,
    0.19879912381822412,
    0.19984247278083456,
    0.20022377994927493,
    0.19933794642036612,
    0.20056760582056912,
    0.2010935897176916,
    0.20083947317166762,
    0.20063992630351674,
    0.19997857213020326,
    0.198655088652264,
    0.20350229740142822,
    0.20061162926933981,
    0.198439512740482,
    0.19903867962685498,
    0.19998682168397036,
    0.19942730258811603,
    0.19968521893024443,
    0.1991320937871933,
    0.1991759172894738,
    0.20126726735721934,
    0.20006576478481292,
    0.2005729552019726,
    0.20127128091725435,
    0.20013649003072218,
    0.20053670595992695,
    0.19962224039164456,
    0.20086896446618166,
    0.19973105652765794,
    0.20143218663605778,
    0.1992265300317244,
    0.19985122084617615
  ],
  "val_loss": [
    0.3248168705031276,
    0.24960465729236603,
    0.2740224599838257,
    0.2728149173781276,
    0.2880056304857135,
    0.31310717295855284,
    0.25378507375717163,
    0.2753940876573324,
    0.24411579500883818,
    0.24476427026093006,
    0.24449411127716303,
    0.24816931691020727,
    0.24668584298342466,
    0.24879704229533672,
    0.24477220978587866,
    0.24484391417354345,
    0.2441207179799676,
    0.24416285008192062,
    0.24439048301428556,
    0.24409506283700466,
    0.244342434220016,
    0.24426058866083622,
    0.2443869048729539,
    0.24455843213945627,
    0.24447536934167147,
    0.24430138431489468,
    0.24475332535803318,
    0.24441332649439573,
    0.24449407123029232,
    0.24439453426748514,
    0.24428471457213163,
    0.24420621246099472,
    0.24438029527664185,
    0.24449946079403162,
    0.244087309576571,
    0.24454792216420174,
    0.2443531882017851,
    0.24453023355454206,
    0.24449226912111044,
    0.24471050314605236,
    0.24443123396486044,
    0.244324148632586,
    0.24401856865733862,
    0.24434151034802198,
    0.24456506967544556,
    0.24454133212566376,
    0.24462139140814543,
    0.2443289952352643,
    0.24415550008416176,
    0.24417612329125404,
    0.2445013653486967,
    0.24427190981805325,
    0.24431347753852606,
    0.24444954935461283,
    0.24422910530120134,
    0.24472277145832777,
    0.24444719031453133,
    0.24426880851387978
  ],
  "epochs": [
    0,
    1,
    2,
    3,
    4,
    5,
    6,
    7,
    8,
    9,
    10,
    11,
    12,
    13,
    14,
    15,
    16,
    17,
    18,
    19,
    20,
    21,
    22,
    23,
    24,
    25,
    26,
    27,
    28,
    29,
    30,
    31,
    32,
    33,
    34,
    35,
    36,
    37,
    38,
    39,
    40,
    41,
    42,
    43,
    44,
    45,
    46,
    47,
    48,
    49,
    50,
    51,
    52,
    53,
    54,
    55,
    56,
    57
  ]
}