{
  "train_loss": [
    0.4985561625524001,
    0.3635386168956757,
    0.357496192780408,
    0.35925527160817927,
    0.3528650774197145,
    0.35083607760342683,
    0.35088487430052323,
    0.35216120969165454,
    0.3488362366502935,
    0.34918283928524363,
    0.34661480405113915,
    0.3488146321340041,
    0.3494253472848372,
    0.3490219603885304,
    0.3476879352873022,
    0.3497844013300809,
    0.34890446879646997,
    0.3445219467986714,
    0.34239690845662896,
    0.34173112620006907,
    0.3419296535578641,
    0.3422663146799261,
    0.34142749472097916,
    0.340380675684322,
    0.33927574970505453,
    0.3412301421165466,
    0.34192406182939356,
    0.34240579334172333,
    0.34096521030772814,
    0.34141642830588603,
    0.3422686034982855,
    0.3390950224616311,
    0.34078044457869094,
    0.3427121639251709,
    0.3425318029793826,
    0.33953497789122844,
    0.3391182070428675,
    0.3411670356988907,
    0.34139533042907716,
    0.3403468532995744,
    0.340294133533131,
    0.34173518961126154,
    0.3399484320120378,
    0.3413105216893283,
    0.3404739423231645,
    0.34052888588471847,
    0.34117990027774464,
    0.34081309112635527,
    0.33847554922103884,
    0.3391105082902041,
    0.3397779887372797,
    0.33865552165291524,
    0.3393211245536804,
    0.3421707976948131,
    0.3406916748393666,
    0.33926749446175314,
    0.34173677888783544,
    0.3384078172120181,
    0.33933559358119963,
    0.34149275584654376,
    0.3413870681415905,
    0.339558960090984,
    0.3393799359148199,
    0.3402921812100844,
    0.3402071866122159,
    0.3404005830938166,
    0.3400482784618031
  ],
  "val_loss": [
    0.3567097159102559,
    0.3600051160901785,
    0.36377827264368534,
    0.3608882259577513,
    0.3684617858380079,
    0.35173197463154793,
    0.3530763257294893,
    0.3490201737731695,
    0.35753774270415306,
    0.35751646384596825,
    0.34896850399672985,
    0.3501753732562065,
    0.3498781993985176,
    0.3571089543402195,
    0.3495988864451647,
    0.3538365587592125,
    0.35151590034365654,
    0.34698474779725075,
    0.34781665727496147,
    0.34657285176217556,
    0.3468829272314906,
    0.34678027778863907,
    0.3468270683661103,
    0.34738460555672646,
    0.346405491232872,
    0.3466394189745188,
    0.34745873883366585,
    0.3467381577938795,
    0.3480304963886738,
    0.349142350256443,
    0.34662932623177767,
    0.3464662451297045,
    0.3462034501135349,
    0.34628203697502613,
    0.34620510786771774,
    0.34637161903083324,
    0.3461109809577465,
    0.3463128237053752,
    0.34648732002824545,
    0.34621336683630943,
    0.34656838700175285,
    0.3461110293865204,
    0.34626492485404015,
    0.34648181591182947,
    0.3467751760035753,
    0.34656665474176407,
    0.346146478317678,
    0.3462154781445861,
    0.34680692106485367,
    0.3461337052285671,
    0.34632599633187056,
    0.34606105647981167,
    0.34615400340408087,
    0.34626292809844017,
    0.346072219312191,
    0.34640903025865555,
    0.34632360748946667,
    0.3463601693511009,
    0.3463192516937852,
    0.3465872388333082,
    0.34625156223773956,
    0.3462494593113661,
    0.34622843377292156,
    0.3462432576343417,
    0.34609370678663254,
    0.3466972606256604,
    0.3462793519720435
  ],
  "epochs": [
    0,
    1,
    2,
    3,
    4,
    5,
    6,
    7,
    8,
    9,
    10,
    11,
    12,
    13,
    14,
    15,
    16,
    17,
    18,
    19,
    20,
    21,
    22,
    23,
    24,
    25,
    26,
    27,
    28,
    29,
    30,
    31,
    32,
    33,
    34,
    35,
    36,
    37,
    38,
    39,
    40,
    41,
    42,
    43,
    44,
    45,
    46,
    47,
    48,
    49,
    50,
    51,
    52,
    53,
    54,
    55,
    56,
    57,
    58,
    59,
    60,
    61,
    62,
    63,
    64,
    65,
    66
  ]
}