{
  "train_loss": [
    0.427580205689777,
    0.2538555283438076,
    0.24520660828460347,
    0.2398956361142072,
    0.2442979330366308,
    0.24053706364198166,
    0.23274441957473754,
    0.23909787400202318,
    0.23372371874072334,
    0.23519231406125155,
    0.23473060022700917,
    0.23131499127908187,
    0.23267118714072488,
    0.2305753306909041,
    0.2309523799202659,
    0.22813558307561008,
    0.22809062166647479,
    0.22640920173038137,
    0.22798132950609382,
    0.22886260016397997,
    0.226151688803326,
    0.22464654635299336,
    0.22873991456898776,
    0.2274475644935261,
    0.22738953070207077,
    0.2287527469071475,
    0.22601737596771934,
    0.22582549181851475,
    0.2264429428360679,
    0.22813862589272585,
    0.22695118161765013,
    0.2265372555364262,
    0.22647830871018496,
    0.22504533773118798,
    0.22709687135436318
  ],
  "val_loss": [
    0.26993619929999113,
    0.28095875680446625,
    0.27414663042873144,
    0.27474462054669857,
    0.2716622371226549,
    0.2635706653818488,
    0.26390537340193987,
    0.265997426584363,
    0.26170244719833136,
    0.279784488491714,
    0.26818776689469814,
    0.2648693239316344,
    0.2625259142369032,
    0.2750592827796936,
    0.2639652919024229,
    0.2605589497834444,
    0.2631283653900027,
    0.26149700302630663,
    0.26094777043908834,
    0.259400918148458,
    0.26156838703900576,
    0.2613431951031089,
    0.26141962967813015,
    0.2603975245729089,
    0.2618344258517027,
    0.2613445557653904,
    0.2608232144266367,
    0.26085513550788164,
    0.26119332760572433,
    0.26047051697969437,
    0.2609280329197645,
    0.26072746980935335,
    0.26106332056224346,
    0.26070685498416424,
    0.26067288313061
  ],
  "epochs": [
    0,
    1,
    2,
    3,
    4,
    5,
    6,
    7,
    8,
    9,
    10,
    11,
    12,
    13,
    14,
    15,
    16,
    17,
    18,
    19,
    20,
    21,
    22,
    23,
    24,
    25,
    26,
    27,
    28,
    29,
    30,
    31,
    32,
    33,
    34
  ]
}