{
  "train_loss": [
    0.4474135878411206,
    0.2699018077416854,
    0.2569580462845889,
    0.25275507840243255,
    0.2505697930401022,
    0.24644093107093465,
    0.24816470552574504,
    0.24829252849925648,
    0.2475782787257975,
    0.2488023272969506,
    0.24422910538586703,
    0.2393834263086319,
    0.2410231495445425,
    0.24035457508130506,
    0.24282342249696906,
    0.24165503030473537,
    0.24218935831026597,
    0.23967583342031998,
    0.24152151373299685,
    0.23993530435995622,
    0.23882747346704655,
    0.23981117497790944,
    0.23990252695300363,
    0.2381220744414763,
    0.23839664513414557,
    0.24137542843818666,
    0.2382120994004336,
    0.23920571993697773,
    0.23932591785084117,
    0.23923980404030193
  ],
  "val_loss": [
    0.29681665915995836,
    0.2931491881608963,
    0.2822323152795434,
    0.2783321803435683,
    0.27558706142008305,
    0.28395793214440346,
    0.2833869131281972,
    0.28109393175691366,
    0.2825965415686369,
    0.28075428307056427,
    0.27958269510418177,
    0.27644321229308844,
    0.27813312504440546,
    0.2776612304151058,
    0.2749962015077472,
    0.276373746804893,
    0.27576114889234304,
    0.27698393259197474,
    0.2763154488056898,
    0.2752281203866005,
    0.2755727106705308,
    0.2757032625377178,
    0.2753479117527604,
    0.2757959198206663,
    0.275949758477509,
    0.27546143531799316,
    0.27538475673645735,
    0.27588722947984934,
    0.27551662363111973,
    0.2754001822322607
  ],
  "epochs": [
    0,
    1,
    2,
    3,
    4,
    5,
    6,
    7,
    8,
    9,
    10,
    11,
    12,
    13,
    14,
    15,
    16,
    17,
    18,
    19,
    20,
    21,
    22,
    23,
    24,
    25,
    26,
    27,
    28,
    29
  ]
}