{
  "train_loss": [
    0.4194064422087236,
    0.24859284596009687,
    0.2434756788340482,
    0.24458251920613375,
    0.23989317254586653,
    0.24216148284348574,
    0.24047331322323193,
    0.23647889792919158,
    0.23472334200685674,
    0.23545329597863285,
    0.23572926033626904,
    0.23534865460612558,
    0.23438558768142354,
    0.2342391843145544,
    0.2352353865450079,
    0.23509811244227669,
    0.23296446177092464,
    0.23265134448354893,
    0.2350982218980789,
    0.23053862560879101,
    0.23008358505639162,
    0.2314496549693021,
    0.23002750954844736,
    0.22925829020413485,
    0.2307571988214146,
    0.22944399389353665,
    0.22999542247165333,
    0.22710021788423712,
    0.22866601971062747,
    0.22778839712793178,
    0.2290598373521458,
    0.22873042388395828,
    0.22998074943369085,
    0.22774181257594717,
    0.22772687483917584,
    0.2301025141369213
  ],
  "val_loss": [
    0.2652542246505618,
    0.27577701676636934,
    0.2747790412977338,
    0.2665777411311865,
    0.26035145577043295,
    0.254569043405354,
    0.25918174162507057,
    0.26435028202831745,
    0.2580669680610299,
    0.25652777682989836,
    0.26201980374753475,
    0.2536300793290138,
    0.25236666295677423,
    0.2610373077914119,
    0.2608177997171879,
    0.2715664431452751,
    0.2595309289172292,
    0.25490808580070734,
    0.2601606184616685,
    0.2518276972696185,
    0.2515989914536476,
    0.252020750194788,
    0.25181724037975073,
    0.25202480517327785,
    0.25179336592555046,
    0.25179981626570225,
    0.2521510533988476,
    0.2516124388203025,
    0.2522712545469403,
    0.25215164572000504,
    0.25173547584563494,
    0.25192203000187874,
    0.25207378808408976,
    0.2520671859383583,
    0.25180558022111654,
    0.25209478195756674
  ],
  "epochs": [
    0,
    1,
    2,
    3,
    4,
    5,
    6,
    7,
    8,
    9,
    10,
    11,
    12,
    13,
    14,
    15,
    16,
    17,
    18,
    19,
    20,
    21,
    22,
    23,
    24,
    25,
    26,
    27,
    28,
    29,
    30,
    31,
    32,
    33,
    34,
    35
  ]
}