{
  "train_loss": [
    0.4196961083195426,
    0.2603502002629367,
    0.25422473576935856,
    0.2501545857299458,
    0.24875209412791513,
    0.24823129583488812,
    0.24888517477295616,
    0.24477177235213193,
    0.24083490805192428,
    0.24067739166996696,
    0.24274722608652982,
    0.24176843816583807,
    0.24109739688309756,
    0.2402606641704386,
    0.24067338623783804,
    0.24190590408715335,
    0.24208367331461472,
    0.24124228304082698,
    0.24190641235221516,
    0.24002583785490555,
    0.24041980477896605,
    0.24125409668142145,
    0.23968151943250135,
    0.24123637567866932,
    0.2395003009926189,
    0.2397574703801762
  ],
  "val_loss": [
    0.27022871375083923,
    0.2737255347892642,
    0.2704819841310382,
    0.2839614674448967,
    0.2768195318058133,
    0.27937841042876244,
    0.27995594311505556,
    0.2649882333353162,
    0.2643311368301511,
    0.2656955812126398,
    0.2640112079679966,
    0.2658839952200651,
    0.26627191714942455,
    0.2650039503350854,
    0.26824344135820866,
    0.26521480828523636,
    0.2651961501687765,
    0.26478410232812166,
    0.26512295193970203,
    0.26526518538594246,
    0.26462143287062645,
    0.2644133912399411,
    0.26495166681706905,
    0.26519761979579926,
    0.2652852637693286,
    0.2645372012630105
  ],
  "epochs": [
    0,
    1,
    2,
    3,
    4,
    5,
    6,
    7,
    8,
    9,
    10,
    11,
    12,
    13,
    14,
    15,
    16,
    17,
    18,
    19,
    20,
    21,
    22,
    23,
    24,
    25
  ]
}