{
  "train_loss": [
    0.42537061951377175,
    0.2361247190020301,
    0.23221017582850023,
    0.22872581644491716,
    0.22944833609190854,
    0.2296382169831883,
    0.2287838412956758,
    0.22603601352735,
    0.22574165219610387,
    0.22503839975053613,
    0.2240644257177006,
    0.22351825074716047,
    0.22539509751579978,
    0.223193882541223,
    0.22300184179436078,
    0.22707584012638438,
    0.22343271835283798,
    0.22114532020958988,
    0.21946535029194572,
    0.22051330290057441,
    0.22096660949967123,
    0.220061793923378,
    0.21812771558761596,
    0.21822978420691055,
    0.2194573787125674,
    0.2188435045155612,
    0.2195005639032884,
    0.21964678412133998,
    0.21898387399586763,
    0.2198662595315413,
    0.21917203231291338,
    0.21813636503436348,
    0.21867284368384968,
    0.21919323233040897,
    0.21628005558794194,
    0.21809134618802503,
    0.21787733381444757,
    0.22134269584308972,
    0.22024544125253503,
    0.2183571707118641,
    0.21920041712847624,
    0.21973716860467737,
    0.2187427751042626,
    0.21921292624690317,
    0.2194622803818096,
    0.2181047252633355,
    0.2200179078362205,
    0.21805281991308387,
    0.21603181605989283,
    0.21806247315623545,
    0.21850477131930265,
    0.21950580315156418
  ],
  "val_loss": [
    0.2927558543160558,
    0.25279141031205654,
    0.25226728711277246,
    0.2636509258300066,
    0.2573409453034401,
    0.2602940555661917,
    0.264977041631937,
    0.25127221643924713,
    0.3366435943171382,
    0.24700892250984907,
    0.25250123906880617,
    0.25377396680414677,
    0.2490910505875945,
    0.25114397425204515,
    0.25323906168341637,
    0.2701372392475605,
    0.2468038611114025,
    0.24612346664071083,
    0.24693044554442167,
    0.24644654244184494,
    0.2473338060081005,
    0.24625957384705544,
    0.24796436727046967,
    0.2460773577913642,
    0.2475479068234563,
    0.24598625488579273,
    0.2465964239090681,
    0.24679784383624792,
    0.24583295453339815,
    0.24740863591432571,
    0.24602052103728056,
    0.24753110017627478,
    0.24741417076438665,
    0.24690167233347893,
    0.24629476480185986,
    0.24594731535762548,
    0.24558816198259592,
    0.2461988115683198,
    0.24614576809108257,
    0.24598667677491903,
    0.24614992178976536,
    0.24605420231819153,
    0.24620231240987778,
    0.2461894489824772,
    0.2469918094575405,
    0.2463811868801713,
    0.24616287369281054,
    0.2462166901677847,
    0.2458969336003065,
    0.24604968819767237,
    0.24600321799516678,
    0.24618901778012514
  ],
  "epochs": [
    0,
    1,
    2,
    3,
    4,
    5,
    6,
    7,
    8,
    9,
    10,
    11,
    12,
    13,
    14,
    15,
    16,
    17,
    18,
    19,
    20,
    21,
    22,
    23,
    24,
    25,
    26,
    27,
    28,
    29,
    30,
    31,
    32,
    33,
    34,
    35,
    36,
    37,
    38,
    39,
    40,
    41,
    42,
    43,
    44,
    45,
    46,
    47,
    48,
    49,
    50,
    51
  ]
}