{
  "train_loss": [
    0.3682241548191417,
    0.20358941175720907,
    0.1948197901248932,
    0.19065864600918508,
    0.1912459139119495,
    0.19002259292385795,
    0.18794952048496766,
    0.18959544802253897,
    0.18564571954987266,
    0.18660342801700938,
    0.18435682275078513,
    0.18683137676932596,
    0.18361450515010141,
    0.18243214393203908,
    0.18119169175624847,
    0.18127216696739196,
    0.18062623969533226,
    0.18149371255527844,
    0.1815109764987772,
    0.18007770099423148,
    0.18134697648611936,
    0.17849455408074638,
    0.18250030224973504,
    0.18062260232188485,
    0.178956770084121,
    0.17910736961798235,
    0.17841602590951053,
    0.18146200342611832,
    0.17934124686501243,
    0.179935029826381,
    0.17936491844328967,
    0.17820154428482055,
    0.17778050317005678,
    0.17863810509443284,
    0.17789587757804176,
    0.17899550619450483,
    0.17834058837457137,
    0.17937887798656116,
    0.17989550950852307,
    0.1786264649846337,
    0.17910445766015487,
    0.17927096431905573,
    0.1799509357322346,
    0.1788262734358961,
    0.17847273837436328
  ],
  "val_loss": [
    0.22398058231920004,
    0.2242290023714304,
    0.21600961778312922,
    0.2147747790440917,
    0.22190414927899837,
    0.21300457697361708,
    0.2156563876196742,
    0.21577218640595675,
    0.22048298548907042,
    0.2130413269624114,
    0.22058268077671528,
    0.22276210132986307,
    0.21200448367744684,
    0.21226025465875864,
    0.21183593943715096,
    0.21255809254944324,
    0.2117781126871705,
    0.21187256556004286,
    0.21251071896404028,
    0.21185980271548033,
    0.21194826252758503,
    0.21181303914636374,
    0.21155234426259995,
    0.21177898813039064,
    0.21229639276862144,
    0.21178038511425257,
    0.21212861593812704,
    0.21186467539519072,
    0.2115692887455225,
    0.21139704063534737,
    0.2118134517222643,
    0.2116355337202549,
    0.21203121542930603,
    0.21193357650190592,
    0.21188951283693314,
    0.2119058594107628,
    0.21205100044608116,
    0.21205791365355253,
    0.21202771924436092,
    0.21199404168874025,
    0.21192517410963774,
    0.2120695821940899,
    0.21214823611080647,
    0.21191328577697277,
    0.21213105414062738
  ],
  "epochs": [
    0,
    1,
    2,
    3,
    4,
    5,
    6,
    7,
    8,
    9,
    10,
    11,
    12,
    13,
    14,
    15,
    16,
    17,
    18,
    19,
    20,
    21,
    22,
    23,
    24,
    25,
    26,
    27,
    28,
    29,
    30,
    31,
    32,
    33,
    34,
    35,
    36,
    37,
    38,
    39,
    40,
    41,
    42,
    43,
    44
  ]
}