{
  "train_loss": [
    0.4144337203827771,
    0.32693052952939816,
    0.24212644059549676,
    0.17906097781929103,
    0.13835873498158024,
    0.11505638721314343,
    0.0995760921321132,
    0.09231657572767951,
    0.08607616424560546,
    0.08297101137312976,
    0.08097088110379198,
    0.07746500352566893,
    0.07607251072810456,
    0.0738676707785238,
    0.07243275484578177,
    0.07145008183338425,
    0.07057854267683897,
    0.06819609360261397,
    0.06904233492910862,
    0.06701198215850375,
    0.06577392866327005,
    0.0658868963339112,
    0.06531783174384724,
    0.06421831853010439,
    0.06370836759155447,
    0.06444137356836688,
    0.06287375296720049,
    0.06299394907599146,
    0.06274917040020228,
    0.06211690874600952,
    0.060845036621798174,
    0.06071253228593956,
    0.06086261381141164,
    0.06039501306685534,
    0.06013437700203874,
    0.05971761354668575,
    0.05973119498992509,
    0.05834744825959206,
    0.058850194469771605,
    0.059200310155071996,
    0.05850289315323938,
    0.05748752754181624,
    0.058285176222297286,
    0.058415862941606486,
    0.05735886942933907,
    0.05642115166241472,
    0.05660442461344329,
    0.056755287017334594,
    0.056446841321885585,
    0.05572381468320435,
    0.055517372671853416,
    0.056120428896763115,
    0.05634416884996675,
    0.05523575714704665,
    0.055089487331834705,
    0.056203120581128384,
    0.05533406961031936,
    0.0552490945160389,
    0.05559529584239829,
    0.055009824291548944,
    0.05491361463950439,
    0.05547770242799412,
    0.05528571705926548,
    0.05482183453711597,
    0.05402339211241766,
    0.05491077757355842,
    0.05476970126683062,
    0.054052959768609576,
    0.05504307428205555,
    0.05435892548412084,
    0.054853675040331756,
    0.055027746148407455,
    0.052837471169504255,
    0.05509161838414994,
    0.05463033019819043,
    0.053761010403660214,
    0.05443181681362065,
    0.054442139389840036,
    0.05449887749823657,
    0.05442488216202368,
    0.053939859392968095,
    0.05429789051244205,
    0.05341109965843233,
    0.05354813552715562,
    0.053316497850147165,
    0.053503217951140616,
    0.05240566250952808,
    0.054033112891695725,
    0.053000788634473626,
    0.05328932561996308,
    0.05323776446790858,
    0.053968344566158274,
    0.05272972185503353,
    0.05314305403693156,
    0.053246759460730986,
    0.05281889479438012
  ],
  "val_loss": [
    0.4068833578377962,
    0.2736899312585592,
    0.1918816849589348,
    0.13718628766946495,
    0.10514742168597876,
    0.08182857129722834,
    0.07078782472526655,
    0.06438194159418345,
    0.0617634830181487,
    0.05851999694714323,
    0.057453225197969006,
    0.056319705233909195,
    0.055782816663850106,
    0.05514271964784712,
    0.052488352911314,
    0.05084676869446412,
    0.051423611299833284,
    0.050206985464319585,
    0.052607747731963174,
    0.04834680513595231,
    0.047866985149448746,
    0.04826855391729624,
    0.04702154130791314,
    0.04799466275726445,
    0.04793146317242645,
    0.046234389609890056,
    0.046215000428492206,
    0.048079278704244645,
    0.045373825309798124,
    0.04675781377591193,
    0.0456982352072373,
    0.04739553402760066,
    0.045074157993076375,
    0.042794716160278766,
    0.04459348561358638,
    0.04361294775735587,
    0.04552792994654738,
    0.04713008646504022,
    0.04515521811554209,
    0.044570635433774444,
    0.043797923182137315,
    0.04468091562157497,
    0.04542915064375848,
    0.044396892026998105,
    0.04569751791423187,
    0.043211827066261324,
    0.043331389437662446,
    0.04342254168586806,
    0.04251033223117702,
    0.04344654140295461,
    0.04266246742918156,
    0.043198345351265745,
    0.043173469725297765,
    0.043240728834643964,
    0.043182479159440845,
    0.04332672226591967,
    0.04325656042201445,
    0.04212725835386664,
    0.0423796346760355,
    0.04330015830346383,
    0.04272146070725285,
    0.04289087749202736,
    0.04322943774750457,
    0.04290296551771462,
    0.04204696758533828,
    0.04134004396619276,
    0.04254179518320598,
    0.04281694039818831,
    0.0438441091333516,
    0.04288296864833683,
    0.04287610894534737,
    0.043411160842515534,
    0.04201497394242325,
    0.042878311080858114,
    0.042048155737575144,
    0.04242492814664729,
    0.04341404449660331,
    0.04221232978743501,
    0.0418292703689076,
    0.04256349857896567,
    0.04277300399844535,
    0.04249178332393058,
    0.0429436092148535,
    0.042675303871510556,
    0.043388249509735036,
    0.042445236019557346,
    0.042072025936795404,
    0.04280207597184926,
    0.04196894310880453,
    0.04258268125122413,
    0.041926922829588875,
    0.04268519076285884,
    0.04281310551450588,
    0.0416089384641964,
    0.04239043004927226,
    0.04215052229119465
  ],
  "epochs": [
    0,
    1,
    2,
    3,
    4,
    5,
    6,
    7,
    8,
    9,
    10,
    11,
    12,
    13,
    14,
    15,
    16,
    17,
    18,
    19,
    20,
    21,
    22,
    23,
    24,
    25,
    26,
    27,
    28,
    29,
    30,
    31,
    32,
    33,
    34,
    35,
    36,
    37,
    38,
    39,
    40,
    41,
    42,
    43,
    44,
    45,
    46,
    47,
    48,
    49,
    50,
    51,
    52,
    53,
    54,
    55,
    56,
    57,
    58,
    59,
    60,
    61,
    62,
    63,
    64,
    65,
    66,
    67,
    68,
    69,
    70,
    71,
    72,
    73,
    74,
    75,
    76,
    77,
    78,
    79,
    80,
    81,
    82,
    83,
    84,
    85,
    86,
    87,
    88,
    89,
    90,
    91,
    92,
    93,
    94,
    95
  ]
}