{
  "train_loss": [
    0.37912349863485856,
    0.22212165594100952,
    0.20951138761910526,
    0.20649580982598392,
    0.20410122844305906,
    0.20067392059347847,
    0.20101504813541066,
    0.2031956212087111,
    0.20044341547922653,
    0.20010314367034218,
    0.19609444141387938,
    0.19689714163541794,
    0.1965974525971846,
    0.19937371855432337,
    0.196998575871641,
    0.19645196253603156,
    0.1957807410847057,
    0.19698425043712964,
    0.19848726039583034,
    0.19735685939138586,
    0.1968982899730856,
    0.19346738240935585,
    0.19171261299740183,
    0.1934234304861589,
    0.19009947668422353,
    0.18971408822319724,
    0.19274987171996724,
    0.19227109402418135,
    0.19295978817072781,
    0.19051415703513405,
    0.19322198900309476,
    0.1909564197063446,
    0.19113736721602353,
    0.19222380220890045,
    0.19212645454840227,
    0.19194456989114936,
    0.19019097902558066,
    0.19163422909649935,
    0.19113215478983792
  ],
  "val_loss": [
    0.25013671163469553,
    0.2645303402096033,
    0.25534206349402666,
    0.2558280676603317,
    0.25197154097259045,
    0.25384232494980097,
    0.24489868991076946,
    0.23874614667147398,
    0.23403606843203306,
    0.24772341456264257,
    0.2405242621898651,
    0.24227047245949507,
    0.24277096055448055,
    0.2391650089994073,
    0.23246133979409933,
    0.24773732759058475,
    0.24775206204503775,
    0.24291595444083214,
    0.254164676181972,
    0.24599731527268887,
    0.23467276245355606,
    0.23216288443654776,
    0.23365877009928226,
    0.23162844218313694,
    0.23322070203721523,
    0.23343030735850334,
    0.2326791938394308,
    0.23203437961637974,
    0.2331252945587039,
    0.23308708984404802,
    0.23238504398614168,
    0.23264550045132637,
    0.23229322955012321,
    0.23233161680400372,
    0.2320704273879528,
    0.23232907336205244,
    0.23164775501936674,
    0.23193560913205147,
    0.2323127705603838
  ],
  "epochs": [
    0,
    1,
    2,
    3,
    4,
    5,
    6,
    7,
    8,
    9,
    10,
    11,
    12,
    13,
    14,
    15,
    16,
    17,
    18,
    19,
    20,
    21,
    22,
    23,
    24,
    25,
    26,
    27,
    28,
    29,
    30,
    31,
    32,
    33,
    34,
    35,
    36,
    37,
    38
  ]
}