{
  "train_loss": [
    0.4664918059652502,
    0.29877379184419456,
    0.2893292614004829,
    0.28631079630418255,
    0.2818262755870819,
    0.27737862332300706,
    0.27767078551379115,
    0.2754675334150141,
    0.2761110625483773,
    0.2797120904380625,
    0.27281675203280015,
    0.2741302308711139,
    0.27511301067742433,
    0.27615631168538873,
    0.27670321572910656,
    0.27793542661450127,
    0.27107665890997107,
    0.27249713377519086,
    0.2742223501205444,
    0.271729563312097,
    0.2731549493291161,
    0.2686391532421112,
    0.26911748674782837,
    0.2687911841002378,
    0.268230019103397,
    0.2669208718971773,
    0.26914865212007,
    0.2682113885879517,
    0.267033218795603,
    0.26810564425858585,
    0.268550687215545,
    0.2660252240571109,
    0.266661580584266,
    0.26682421565055847,
    0.26870526617223567,
    0.2682589598677375,
    0.267353570190343,
    0.26613529487089677,
    0.2656943096355958,
    0.26465084092183544,
    0.26660639860413293,
    0.2664026761596853,
    0.26570906070145694,
    0.2649570519273931,
    0.26662906950170345,
    0.26678381643512034,
    0.2657272143797441,
    0.2666750666770068,
    0.26579486321319234,
    0.2660868362946944,
    0.2669507630846717,
    0.266547799652273,
    0.26486740491606975,
    0.2661429575898431,
    0.2665120728991248,
    0.2657530118118633,
    0.26821464489806784,
    0.2651379037987102,
    0.2662348961288279,
    0.26606507978656074,
    0.26693777306513355,
    0.26480386040427467,
    0.2653148943727667,
    0.2660699898546392,
    0.26473528878255326,
    0.266326381130652,
    0.26664146862246774,
    0.2680032055486332,
    0.2650516350160946,
    0.26762253614989195,
    0.26628169552846387,
    0.2669089777903123,
    0.2672295042059638,
    0.26668505614454097,
    0.26711454554037617,
    0.26717804128473455,
    0.2669330195947127,
    0.26733467064120553,
    0.26656369729475543
  ],
  "val_loss": [
    0.31996175460517406,
    0.32141792587935925,
    0.3332392945885658,
    0.3237728849053383,
    0.3153093494474888,
    0.3500469010323286,
    0.313929689116776,
    0.32216085121035576,
    0.32003364339470863,
    0.32185306400060654,
    0.310152443125844,
    0.3282477017492056,
    0.3328540287911892,
    0.3116453196853399,
    0.30610086023807526,
    0.33120611123740673,
    0.3150104209780693,
    0.31227858550846577,
    0.3133833184838295,
    0.3540798146277666,
    0.3103111535310745,
    0.3077353946864605,
    0.30664127692580223,
    0.3080939445644617,
    0.3065954279154539,
    0.30603329092264175,
    0.30505569837987423,
    0.3051322251558304,
    0.3055560551583767,
    0.30591512005776167,
    0.30503755062818527,
    0.3048144169151783,
    0.3055204367265105,
    0.3060843124985695,
    0.30500995460897684,
    0.3055415768176317,
    0.3075217455625534,
    0.3050875710323453,
    0.3045540787279606,
    0.30461047124117613,
    0.30466371215879917,
    0.3047438319772482,
    0.30478138476610184,
    0.30459316447377205,
    0.30469087790697813,
    0.30472764652222395,
    0.3048793515190482,
    0.30492047406733036,
    0.30479175690561533,
    0.30473224725574255,
    0.3047108072787523,
    0.30494001135230064,
    0.3045146008953452,
    0.3048617150634527,
    0.3048639502376318,
    0.3046590741723776,
    0.305044811218977,
    0.3047338183969259,
    0.3050837554037571,
    0.30499595776200294,
    0.3048029514029622,
    0.3048938661813736,
    0.30489868577569723,
    0.3044660063460469,
    0.30504351295530796,
    0.30479059647768736,
    0.30471389554440975,
    0.30461990647017956,
    0.30472263135015965,
    0.30474779941141605,
    0.3046017587184906,
    0.3047130089253187,
    0.30471036955714226,
    0.3047807104885578,
    0.3047458790242672,
    0.3047843426465988,
    0.30493056029081345,
    0.3048395738005638,
    0.3045862652361393
  ],
  "epochs": [
    0,
    1,
    2,
    3,
    4,
    5,
    6,
    7,
    8,
    9,
    10,
    11,
    12,
    13,
    14,
    15,
    16,
    17,
    18,
    19,
    20,
    21,
    22,
    23,
    24,
    25,
    26,
    27,
    28,
    29,
    30,
    31,
    32,
    33,
    34,
    35,
    36,
    37,
    38,
    39,
    40,
    41,
    42,
    43,
    44,
    45,
    46,
    47,
    48,
    49,
    50,
    51,
    52,
    53,
    54,
    55,
    56,
    57,
    58,
    59,
    60,
    61,
    62,
    63,
    64,
    65,
    66,
    67,
    68,
    69,
    70,
    71,
    72,
    73,
    74,
    75,
    76,
    77,
    78
  ]
}