{
  "train_loss": [
    0.4093568406321786,
    0.24707480045882138,
    0.23515580242330378,
    0.23477773530916735,
    0.22932166186246006,
    0.22748201570727608,
    0.23117734546011146,
    0.2242674613540823,
    0.22459668842228978,
    0.22344037809155204,
    0.2229470364072106,
    0.2248530013994737,
    0.22265342094681478,
    0.2222107326442545,
    0.21828368685462257,
    0.2190683351321654,
    0.21806925182992762,
    0.21873007335446099,
    0.21910040161826394,
    0.2157979128035632,
    0.21726240082220596,
    0.21913255805319007,
    0.21761471900072965,
    0.21630521362478083,
    0.21766730655323374,
    0.21579407751560212,
    0.21773749156431718,
    0.21578455702825025,
    0.21620244763114235,
    0.2190583031285893,
    0.21529015790332448,
    0.21574754254384473,
    0.2176599367098375,
    0.2166045224124735,
    0.2144106924533844,
    0.21495490670204162,
    0.2160392018881711,
    0.21694816865704275,
    0.2177960682999004,
    0.21692609895359385,
    0.21667921786958522,
    0.21506045216863806,
    0.21645510548895056
  ],
  "val_loss": [
    0.25823540706187487,
    0.24258496053516865,
    0.23933366313576698,
    0.24070622585713863,
    0.23698998894542456,
    0.2771051172167063,
    0.23504118900746107,
    0.24513123743236065,
    0.23787206783890724,
    0.24219523277133703,
    0.23563962243497372,
    0.24718666076660156,
    0.24699674174189568,
    0.23214282654225826,
    0.23331728018820286,
    0.23171724658459425,
    0.23228553403168917,
    0.23192079830914736,
    0.23197074607014656,
    0.23263493925333023,
    0.23186984565109015,
    0.2319931834936142,
    0.23186582140624523,
    0.23201122879981995,
    0.23188436590135098,
    0.23187038954347372,
    0.23187580425292253,
    0.23166395630687475,
    0.23208753857761621,
    0.23167206719517708,
    0.23175540938973427,
    0.2317075040191412,
    0.23183810617774725,
    0.23183129262179136,
    0.23172822128981352,
    0.2317998604848981,
    0.23195430357009172,
    0.2319910041987896,
    0.23186349403113127,
    0.23182593751698732,
    0.23189949430525303,
    0.23188090231269598,
    0.2317551001906395
  ],
  "epochs": [
    0,
    1,
    2,
    3,
    4,
    5,
    6,
    7,
    8,
    9,
    10,
    11,
    12,
    13,
    14,
    15,
    16,
    17,
    18,
    19,
    20,
    21,
    22,
    23,
    24,
    25,
    26,
    27,
    28,
    29,
    30,
    31,
    32,
    33,
    34,
    35,
    36,
    37,
    38,
    39,
    40,
    41,
    42
  ]
}