{
  "train_loss": [
    0.4483800703828985,
    0.2608995646238327,
    0.25160821947184475,
    0.25237049135294826,
    0.24570727294141595,
    0.24344479008154435,
    0.24295896698128094,
    0.2394899395379153,
    0.23731137974695726,
    0.23764476505192844,
    0.23735694749788805,
    0.2371974749998613,
    0.23651427653702822,
    0.23572615059939298,
    0.2369294451041655,
    0.23716232207688417,
    0.23256935477256774,
    0.23608420382846484,
    0.23041702536019412,
    0.22884254861961711,
    0.22998287108811466,
    0.22997180982069534,
    0.2283032704483379,
    0.2274256776679646,
    0.22883494848554783,
    0.2308886303143068,
    0.2286113050850955,
    0.22780265726826407,
    0.22849100042473186,
    0.22840594161640515,
    0.22873510907996786,
    0.22765408700162715,
    0.22803409803997388,
    0.2290519419041547,
    0.2253011400049383,
    0.2283715158700943,
    0.22613151615316218,
    0.2265574877912348,
    0.2280261286280372
  ],
  "val_loss": [
    0.3042792296037078,
    0.2983579831197858,
    0.5359719041734934,
    0.29073777236044407,
    0.2988116117194295,
    0.28320362139493227,
    0.27738705556839705,
    0.35508133471012115,
    0.29684486985206604,
    0.2776424214243889,
    0.3067328492179513,
    0.27616139221936464,
    0.27955101802945137,
    0.29723254032433033,
    0.2936630519106984,
    0.3219485832378268,
    0.3177087986841798,
    0.30774260591715574,
    0.27191213611513376,
    0.2722222525626421,
    0.27090515941381454,
    0.27342972066253424,
    0.27436527237296104,
    0.2700894484296441,
    0.27203181479126215,
    0.27185665164142847,
    0.27044213376939297,
    0.27020462043583393,
    0.27356403786689043,
    0.27099195308983326,
    0.2708386052399874,
    0.2723012315109372,
    0.270754917524755,
    0.27204073034226894,
    0.27184914518147707,
    0.2716739848256111,
    0.27129172533750534,
    0.27157333958894014,
    0.2713424665853381
  ],
  "epochs": [
    0,
    1,
    2,
    3,
    4,
    5,
    6,
    7,
    8,
    9,
    10,
    11,
    12,
    13,
    14,
    15,
    16,
    17,
    18,
    19,
    20,
    21,
    22,
    23,
    24,
    25,
    26,
    27,
    28,
    29,
    30,
    31,
    32,
    33,
    34,
    35,
    36,
    37,
    38
  ]
}