{
  "train_loss": [
    0.4261412601579319,
    0.2644189934838902,
    0.2564225695349953,
    0.25367552014914424,
    0.2482303099198775,
    0.2487662976438349,
    0.24785951186310162,
    0.24668202047998256,
    0.24339192509651184,
    0.24376566247506576,
    0.24582334702665157,
    0.2441769323565743,
    0.24535649798133158,
    0.2427622846581719,
    0.24157445593313737,
    0.24527701437473298,
    0.24512657143852928,
    0.24074299904433163,
    0.24228852066126735,
    0.24188809963789853,
    0.23956166316162456,
    0.23682895980098032,
    0.23898943120783026,
    0.23892940147356553,
    0.23845154399221594,
    0.23718626634641127,
    0.236461664871736,
    0.23685111511837353,
    0.23778164251284165,
    0.23565321158279073
  ],
  "val_loss": [
    0.2947545489296317,
    0.295097753405571,
    0.2823073770850897,
    0.2776634320616722,
    0.2874309001490474,
    0.27653980627655983,
    0.27753919176757336,
    0.2782813897356391,
    0.27757248375564814,
    0.2747547747567296,
    0.2830785168334842,
    0.2795552546158433,
    0.28238797187805176,
    0.28065633960068226,
    0.27353838086128235,
    0.2746393531560898,
    0.2780184280127287,
    0.2739973599091172,
    0.2919043321162462,
    0.2807914223521948,
    0.2769662393257022,
    0.27422603126615286,
    0.27463089954108,
    0.27428252063691616,
    0.27498008869588375,
    0.2745657302439213,
    0.27624398469924927,
    0.27508167922496796,
    0.27431350760161877,
    0.2741660550236702
  ],
  "epochs": [
    0,
    1,
    2,
    3,
    4,
    5,
    6,
    7,
    8,
    9,
    10,
    11,
    12,
    13,
    14,
    15,
    16,
    17,
    18,
    19,
    20,
    21,
    22,
    23,
    24,
    25,
    26,
    27,
    28,
    29
  ]
}