{
  "train_loss": [
    0.5054299912669442,
    0.3356097394769842,
    0.33064880154349585,
    0.3281713399020108,
    0.3184922632845965,
    0.31967032958160746,
    0.31738726063208145,
    0.31940494017167526,
    0.314307362112132,
    0.3142431990666823,
    0.31365353817289526,
    0.3127061578360471,
    0.31534510227766904,
    0.3097171195528724,
    0.3067365814339031,
    0.30711282220753755,
    0.309823586453091,
    0.30653295408595693,
    0.3067919210954146,
    0.3052546016194604,
    0.3053424046798186,
    0.30812433741309425,
    0.30838251980868253,
    0.3047340160066431,
    0.30526017573746766,
    0.30851535201072694,
    0.30548878772692245,
    0.3037350551648573,
    0.305830489505421,
    0.30359527522867374,
    0.30579070394689384,
    0.3077742861075835,
    0.30605506815693595,
    0.3064861842177131,
    0.30723452947356483,
    0.30539151430130007,
    0.30599802109328184,
    0.3039050424640829,
    0.30349410474300387,
    0.3057385870001533
  ],
  "val_loss": [
    0.3589100018143654,
    0.3487685061991215,
    0.3774081226438284,
    0.35796840861439705,
    0.3566279709339142,
    0.35891484282910824,
    0.3360935393720865,
    0.33964386116713285,
    0.35251442715525627,
    0.37098535522818565,
    0.3460393901914358,
    0.42416419275105,
    0.3385660592466593,
    0.33068469166755676,
    0.3318550270050764,
    0.3306452538818121,
    0.3290325216948986,
    0.3295692950487137,
    0.3302434179931879,
    0.3309622807428241,
    0.3310235757380724,
    0.32941516302525997,
    0.3309285268187523,
    0.32920680567622185,
    0.3288656650111079,
    0.3292403593659401,
    0.32939060870558023,
    0.32934899907559156,
    0.32918305043131113,
    0.3296773014590144,
    0.32944482658058405,
    0.3296015001833439,
    0.32957919128239155,
    0.3292463179677725,
    0.3292784597724676,
    0.32951363921165466,
    0.32926640659570694,
    0.3292356813326478,
    0.3292941637337208,
    0.3293751962482929
  ],
  "epochs": [
    0,
    1,
    2,
    3,
    4,
    5,
    6,
    7,
    8,
    9,
    10,
    11,
    12,
    13,
    14,
    15,
    16,
    17,
    18,
    19,
    20,
    21,
    22,
    23,
    24,
    25,
    26,
    27,
    28,
    29,
    30,
    31,
    32,
    33,
    34,
    35,
    36,
    37,
    38,
    39
  ]
}