{
  "train_loss": [
    0.4830508069558577,
    0.308491220257499,
    0.2983610508116809,
    0.2945708467201753,
    0.29010425968603654,
    0.2923509126359766,
    0.28911764296618375,
    0.2857342766089873,
    0.28880676600066096,
    0.2853804802352732,
    0.286875240911137,
    0.2844355596737428,
    0.2794345292178067,
    0.2824786906892603,
    0.28230716586112975,
    0.2822925399650227,
    0.27988223162564363,
    0.28015154058283026,
    0.28112603615630755,
    0.2806572892449119
  ],
  "val_loss": [
    0.32004788145422935,
    0.3217654675245285,
    0.3139338381588459,
    0.3173006344586611,
    0.30714341439306736,
    0.3128208592534065,
    0.3431725725531578,
    0.31141836382448673,
    0.3444712683558464,
    0.30845377780497074,
    0.32277648337185383,
    0.30765489861369133,
    0.3081852374598384,
    0.3085946263745427,
    0.3073878698050976,
    0.30727982707321644,
    0.3075217045843601,
    0.30754334293305874,
    0.30750354286283255,
    0.30742574483156204
  ],
  "epochs": [
    0,
    1,
    2,
    3,
    4,
    5,
    6,
    7,
    8,
    9,
    10,
    11,
    12,
    13,
    14,
    15,
    16,
    17,
    18,
    19
  ]
}