{
  "train_loss": [
    0.43348115086555483,
    0.26117028350179844,
    0.2495129872452129,
    0.24638307690620423,
    0.2401369484988126,
    0.2473499747839841,
    0.23903857740488918,
    0.23907415108247237,
    0.23679428967562588,
    0.23754250678149136,
    0.2408930250189521,
    0.23774785968390377,
    0.23357391547073017,
    0.2376030824401162,
    0.2372046698223461,
    0.23597967245362023,
    0.23597024543718859,
    0.23738206435333598,
    0.23113713454116475,
    0.23030516478148375,
    0.22925722138448196,
    0.23140668354251168,
    0.23162731934677472,
    0.22899447706612674,
    0.2298367275433107,
    0.22993434125726872,
    0.22900554781610316,
    0.22962981923059983,
    0.2294272856278853,
    0.22905000204389744,
    0.22759728973562068,
    0.22728604836897418,
    0.2278354219414971,
    0.22656878558072177,
    0.22902886298569766,
    0.22858981110832907,
    0.22815328565510837,
    0.22797916179353542
  ],
  "val_loss": [
    0.3883236423134804,
    0.3053165599703789,
    0.2808676538988948,
    0.30755731742829084,
    0.2804048405960202,
    0.2703661760315299,
    0.2681235624477267,
    0.31863397639244795,
    0.2654137471690774,
    0.2971666809171438,
    0.28102098125964403,
    0.2610403522849083,
    0.32777510955929756,
    0.2745887190103531,
    0.27430164720863104,
    0.2929507279768586,
    0.2651715874671936,
    0.2672370495274663,
    0.26134058088064194,
    0.261679301969707,
    0.26129344664514065,
    0.26270883437246084,
    0.2593802474439144,
    0.26175985392183065,
    0.2613785322755575,
    0.26035971101373434,
    0.26020113471895456,
    0.25971703976392746,
    0.26069174986332655,
    0.2599277179688215,
    0.25973522290587425,
    0.25975003745406866,
    0.26012709829956293,
    0.25986580830067396,
    0.26002636551856995,
    0.26023405883461237,
    0.2596830865368247,
    0.2596296379342675
  ],
  "epochs": [
    0,
    1,
    2,
    3,
    4,
    5,
    6,
    7,
    8,
    9,
    10,
    11,
    12,
    13,
    14,
    15,
    16,
    17,
    18,
    19,
    20,
    21,
    22,
    23,
    24,
    25,
    26,
    27,
    28,
    29,
    30,
    31,
    32,
    33,
    34,
    35,
    36,
    37
  ]
}