{
  "train_loss": [
    0.40716490799730476,
    0.24890735041011464,
    0.24199376214634288,
    0.2334575831890106,
    0.23348091380162672,
    0.23089015754786404,
    0.23021160039034758,
    0.22734223766760392,
    0.22564344677058132,
    0.22631135149435563,
    0.22455163408409465,
    0.22530441961505196,
    0.22464810853654688,
    0.22550158581950447,
    0.22114592817696657,
    0.22173231054436077,
    0.22440570051019842,
    0.22191845043139025,
    0.22108284614302895,
    0.22086242762478916,
    0.2189096212387085,
    0.21783590641888706,
    0.21642129854722456,
    0.21664518388834866,
    0.21742882945320824,
    0.21721091080795635,
    0.21746491247957403,
    0.21732781393961473,
    0.21599403132091868,
    0.21752938736568797,
    0.21747421649369328,
    0.21720453284003519,
    0.21801446134393865,
    0.21617140011353927,
    0.21803919727152044,
    0.2162077925421975,
    0.21613682129166342,
    0.21752118305726484,
    0.2162658219987696,
    0.21806047585877505,
    0.2152787520126863,
    0.2155203954740004,
    0.21527913212776184,
    0.21653550998731094,
    0.21532636772502553
  ],
  "val_loss": [
    0.26668301969766617,
    0.2663429295644164,
    0.26242037024348974,
    0.2585725383833051,
    0.2634507855400443,
    0.26060282718390226,
    0.2711850283667445,
    0.25929977279156446,
    0.2581894602626562,
    0.2579768020659685,
    0.26251390017569065,
    0.2579544670879841,
    0.2546578776091337,
    0.26014174800366163,
    0.2593255443498492,
    0.2554713999852538,
    0.26542461290955544,
    0.25749743916094303,
    0.2570118848234415,
    0.25015084352344275,
    0.2507489053532481,
    0.25002154242247343,
    0.2501448066905141,
    0.24956949148327112,
    0.25047906674444675,
    0.2501730481162667,
    0.24961708392947912,
    0.2500402284786105,
    0.25064053665846586,
    0.24939449317753315,
    0.25152338948100805,
    0.24968766700476408,
    0.2502225572243333,
    0.250131081789732,
    0.24947721138596535,
    0.25077576469630003,
    0.2505121445283294,
    0.2499967636540532,
    0.24996243696659803,
    0.24986466579139233,
    0.24999037757515907,
    0.2500897003337741,
    0.24997577629983425,
    0.24987387657165527,
    0.250032814219594
  ],
  "epochs": [
    0,
    1,
    2,
    3,
    4,
    5,
    6,
    7,
    8,
    9,
    10,
    11,
    12,
    13,
    14,
    15,
    16,
    17,
    18,
    19,
    20,
    21,
    22,
    23,
    24,
    25,
    26,
    27,
    28,
    29,
    30,
    31,
    32,
    33,
    34,
    35,
    36,
    37,
    38,
    39,
    40,
    41,
    42,
    43,
    44
  ]
}