{
  "train_loss": [
    0.44361987005580555,
    0.2648869097232819,
    0.25470332394946704,
    0.2515903329307383,
    0.2444704001600092,
    0.2463240011171861,
    0.24153275896202434,
    0.24273166873238303,
    0.24198991683396426,
    0.24280206723646683,
    0.237576455690644,
    0.23771246942606838,
    0.23626196601174093,
    0.23612743697383187,
    0.23642674115571108,
    0.23808001225644893,
    0.23379561494697224,
    0.23726890818639235,
    0.2370152010159059,
    0.2351016478105025,
    0.2375769168138504,
    0.23665559779513967,
    0.23777239945801823,
    0.2360490999438546,
    0.2354379951953888,
    0.2376349985599518,
    0.23643724484877152,
    0.2357325564731251,
    0.2365407783876766,
    0.2358341073448008,
    0.23642693026499315,
    0.23614917289127002,
    0.23421709049831738,
    0.23651468482884494,
    0.23438741754401815,
    0.23455799357457593,
    0.23733494525605983
  ],
  "val_loss": [
    0.29294876102358103,
    0.2827284187078476,
    0.3054403718560934,
    0.2783063193783164,
    0.3044113935902715,
    0.2878256859257817,
    0.28573372680693865,
    0.2918886849656701,
    0.2832911927253008,
    0.2859225608408451,
    0.274694568477571,
    0.27443334367126226,
    0.2747619766741991,
    0.2734403479844332,
    0.27601329516619444,
    0.2742944713681936,
    0.2732125036418438,
    0.2742928145453334,
    0.2767030280083418,
    0.27508672792464495,
    0.2730940654873848,
    0.2724818652495742,
    0.2786803748458624,
    0.2725740233436227,
    0.27655062451958656,
    0.2735823765397072,
    0.2735793273895979,
    0.2734172260388732,
    0.2732518585398793,
    0.2732408158481121,
    0.2731637330725789,
    0.2735417438670993,
    0.2734683118760586,
    0.27294611278921366,
    0.27317469101399183,
    0.27335935179144144,
    0.2734876349568367
  ],
  "epochs": [
    0,
    1,
    2,
    3,
    4,
    5,
    6,
    7,
    8,
    9,
    10,
    11,
    12,
    13,
    14,
    15,
    16,
    17,
    18,
    19,
    20,
    21,
    22,
    23,
    24,
    25,
    26,
    27,
    28,
    29,
    30,
    31,
    32,
    33,
    34,
    35,
    36
  ]
}