{
  "train_loss": [
    0.8123009620938982,
    0.6333590016773769,
    0.5850222785813468,
    0.5619317023549761,
    0.5471217105865479,
    0.5335645986693246,
    0.5224799322264535,
    0.5144648562295097,
    0.5075838316917419,
    0.499970108958653,
    0.49761990281513757,
    0.48938866902078904,
    0.48560642499923706,
    0.4809240075179509,
    0.4801318997178759,
    0.47664241948127745,
    0.4727615647860936,
    0.4677814536367144,
    0.46653500759260996,
    0.4645518452644348,
    0.4616371149744306,
    0.46160031743730817,
    0.45507076065199714,
    0.4543893681389945,
    0.45576433292797636,
    0.4536148391178676,
    0.4519713585444859,
    0.44802468632289344,
    0.44621379181998116,
    0.4437629313468933,
    0.4449645564147404,
    0.4450142755099705,
    0.4414675663471222,
    0.4415917639732361,
    0.43787660696847097,
    0.43763337344442094,
    0.4376528814928872,
    0.43647187220709666,
    0.431921964774813,
    0.43375123573030744,
    0.4303985007013593,
    0.43273907188688004,
    0.42769531737736294,
    0.427288114963259,
    0.4283066908904484,
    0.42946078720092773,
    0.42906698353631156,
    0.42674769731930323,
    0.42005148942129955,
    0.4236779418332236,
    0.42519112468447007,
    0.42472169027328494,
    0.421108995785032,
    0.42145089394705637,
    0.4222495774269104,
    0.4199526553630829,
    0.4201919838292258,
    0.4173901141507285,
    0.41720658814566475,
    0.41827484390395026,
    0.41640695582117354,
    0.41791688900675095,
    0.41602132321766444,
    0.4156972060067313,
    0.41498088876179284,
    0.4131476386002132,
    0.41500686349868776,
    0.4122826224190848,
    0.41049798855781555,
    0.4105150649479457,
    0.40989144131115507,
    0.41210175515583586,
    0.41260056979315624,
    0.4068429438931601,
    0.4066174971308027,
    0.407918203333446,
    0.4073724851335798,
    0.40629109543391634,
    0.40402972783361163,
    0.406441951922008,
    0.407197429561615,
    0.4043573714596885,
    0.4045805319649833,
    0.40792716958863395,
    0.40575896786962234,
    0.40275933435985023,
    0.4011434596129826,
    0.4024478880746024,
    0.40221987167767115,
    0.400998812355314,
    0.3994519685404641,
    0.403694744185039,
    0.4003594672679901,
    0.4032380641051701,
    0.399993409878867,
    0.40139133578027997,
    0.3988258207593645,
    0.3984562032154628,
    0.40127856873784745,
    0.4002433934211731
  ],
  "val_loss": [
    0.45343495025634767,
    0.40147154426574705,
    0.38759010643959046,
    0.362675306558609,
    0.3691581857681274,
    0.3631503579616547,
    0.3487896820068359,
    0.34850992450714113,
    0.3475350242614746,
    0.32850775299072266,
    0.343622922039032,
    0.3333266357421875,
    0.3331220407962799,
    0.32373341703414915,
    0.3202849128723145,
    0.31781538619995114,
    0.3263987721443176,
    0.32309066333770753,
    0.31778714189529417,
    0.3134781144142151,
    0.3071172494411469,
    0.31142042207717896,
    0.30753536434173584,
    0.31672373886108396,
    0.3095330572128296,
    0.3037079607963562,
    0.3058552460670471,
    0.3034449282169342,
    0.2994082760334015,
    0.3029793808937073,
    0.30079958648681643,
    0.2993120321273804,
    0.3043702222824097,
    0.3099664668560028,
    0.305087705039978,
    0.2985074333190918,
    0.3064538098335266,
    0.2992235185146332,
    0.2902465585708618,
    0.29118043184280396,
    0.2939634220600128,
    0.29988509058952334,
    0.28921151423454283,
    0.2910556902885437,
    0.29684505586624144,
    0.2917472269058228,
    0.28884385499954224,
    0.2827237524986267,
    0.2927860130310059,
    0.2888245334625244,
    0.2892629329442978,
    0.2855213574409485,
    0.2873968770980835,
    0.28910355520248415,
    0.29125633578300475,
    0.28843687958717346,
    0.29262859201431274,
    0.2848562247276306,
    0.2810298530578613,
    0.28001045188903806,
    0.29040977277755736,
    0.28332782044410704,
    0.29019922161102296,
    0.28592705121040346,
    0.2884048451900482,
    0.2847242296218872,
    0.28470295400619505,
    0.2803175922393799,
    0.27959207549095155,
    0.2860443720817566,
    0.2792931281089783,
    0.28099430327415464,
    0.2912582186698914,
    0.2807524917602539,
    0.2819139826774597,
    0.28229668560028076,
    0.28369619789123535,
    0.2809163632392883,
    0.27986649446487427,
    0.2811239503383636,
    0.280713142490387,
    0.28359868621826173,
    0.2881015601158142,
    0.28077845487594605,
    0.2793003499507904,
    0.28114034366607665,
    0.27772644867897034,
    0.27927384157180785,
    0.2808809370994568,
    0.28149930181503297,
    0.2777436351776123,
    0.28443353881835937,
    0.2828750805854797,
    0.27889621210098264,
    0.2760073488235474,
    0.28093789234161376,
    0.27379545559883117,
    0.27281292943954466,
    0.28368601393699644,
    0.2779666968584061
  ],
  "epochs": [
    0,
    1,
    2,
    3,
    4,
    5,
    6,
    7,
    8,
    9,
    10,
    11,
    12,
    13,
    14,
    15,
    16,
    17,
    18,
    19,
    20,
    21,
    22,
    23,
    24,
    25,
    26,
    27,
    28,
    29,
    30,
    31,
    32,
    33,
    34,
    35,
    36,
    37,
    38,
    39,
    40,
    41,
    42,
    43,
    44,
    45,
    46,
    47,
    48,
    49,
    50,
    51,
    52,
    53,
    54,
    55,
    56,
    57,
    58,
    59,
    60,
    61,
    62,
    63,
    64,
    65,
    66,
    67,
    68,
    69,
    70,
    71,
    72,
    73,
    74,
    75,
    76,
    77,
    78,
    79,
    80,
    81,
    82,
    83,
    84,
    85,
    86,
    87,
    88,
    89,
    90,
    91,
    92,
    93,
    94,
    95,
    96,
    97,
    98,
    99
  ]
}