{
    "dataset": "train",
    "accuracy": 0.9097714285714286,
    "macro_precision": 0.90910351560484,
    "macro_recall": 0.9097714285714286,
    "macro_f1": 0.9092042528076791,
    "weighted_precision": 0.9091035156048402,
    "weighted_recall": 0.9097714285714286,
    "weighted_f1": 0.9092042528076791,
    "per_class_metrics": {
        "class_0": {
            "precision": 0.8898091268100043,
            "recall": 0.9270285714285714,
            "f1_score": 0.9080376133437815,
            "support": 35000
        },
        "class_1": {
            "precision": 0.8372673422136693,
            "recall": 0.7955714285714286,
            "f1_score": 0.815887015251183,
            "support": 35000
        },
        "class_2": {
            "precision": 0.909881087202718,
            "recall": 0.9182,
            "f1_score": 0.9140216154721275,
            "support": 35000
        },
        "class_3": {
            "precision": 0.9994565061929689,
            "recall": 0.9982857142857143,
            "f1_score": 0.9988707671636244,
            "support": 35000
        }
    },
    "confusion_matrix": [
        [
            32446,
            2546,
            1,
            7
        ],
        [
            3988,
            27845,
            3163,
            4
        ],
        [
            3,
            2852,
            32137,
            8
        ],
        [
            27,
            14,
            19,
            34940
        ]
    ]
}