{
  "summary": {
    "norm_name": "robust_normalized",
    "num_chips_requested": 10,
    "num_chips_processed": 10,
    "num_chips_with_metrics": 10,
    "generated_at": "2025-10-21T19:50:02.729411"
  },
  "averages": {
    "train": {
      "accuracy": 0.8976714285714287,
      "precision": 0.8968314721102073,
      "recall": 0.8976714285714287,
      "f1": 0.8970586214918728,
      "num_chips": 10
    },
    "val": {
      "accuracy": 0.885232383808096,
      "precision": 0.8842180840906393,
      "recall": 0.885232383808096,
      "f1": 0.8845315888455401,
      "num_chips": 10
    },
    "test": {
      "accuracy": 0.8848348348348349,
      "precision": 0.8840773235387431,
      "recall": 0.8848348348348349,
      "f1": 0.884110047233937,
      "num_chips": 10
    }
  },
  "per_chip": {
    "1": {
      "train": {
        "accuracy": 0.8588571428571429,
        "precision": 0.8575610116977044,
        "recall": 0.8588571428571429,
        "f1": 0.8577614912469335
      },
      "val": {
        "accuracy": 0.8403298350824587,
        "precision": 0.8384139921669121,
        "recall": 0.8403298350824587,
        "f1": 0.8388538404334501
      },
      "test": {
        "accuracy": 0.8448448448448449,
        "precision": 0.84315960450008,
        "recall": 0.8448448448448449,
        "f1": 0.8428017846514632
      }
    },
    "2": {
      "train": {
        "accuracy": 0.9017857142857143,
        "precision": 0.9010689879173959,
        "recall": 0.9017857142857143,
        "f1": 0.90131941760855
      },
      "val": {
        "accuracy": 0.8918040979510244,
        "precision": 0.891016167175626,
        "recall": 0.8918040979510244,
        "f1": 0.8913051686232947
      },
      "test": {
        "accuracy": 0.8813813813813813,
        "precision": 0.8805593982609792,
        "recall": 0.8813813813813813,
        "f1": 0.880879625950834
      }
    },
    "3": {
      "train": {
        "accuracy": 0.9319285714285714,
        "precision": 0.9315159479552414,
        "recall": 0.9319285714285714,
        "f1": 0.9315185816358292
      },
      "val": {
        "accuracy": 0.9152923538230885,
        "precision": 0.9148735359633813,
        "recall": 0.9152923538230885,
        "f1": 0.9150392600407669
      },
      "test": {
        "accuracy": 0.9164164164164165,
        "precision": 0.9157474510545058,
        "recall": 0.9164164164164165,
        "f1": 0.9155613633161188
      }
    },
    "4": {
      "train": {
        "accuracy": 0.9237142857142857,
        "precision": 0.9233133509374439,
        "recall": 0.9237142857142857,
        "f1": 0.9234447845679116
      },
      "val": {
        "accuracy": 0.9110444777611194,
        "precision": 0.9106916356140057,
        "recall": 0.9110444777611194,
        "f1": 0.9108289318985486
      },
      "test": {
        "accuracy": 0.9049049049049049,
        "precision": 0.9052004718714776,
        "recall": 0.9049049049049049,
        "f1": 0.905018492419819
      }
    },
    "5": {
      "train": {
        "accuracy": 0.8958571428571429,
        "precision": 0.8954142791892554,
        "recall": 0.8958571428571429,
        "f1": 0.8955888614888639
      },
      "val": {
        "accuracy": 0.8755622188905547,
        "precision": 0.8742553109629161,
        "recall": 0.8755622188905547,
        "f1": 0.8746921145955731
      },
      "test": {
        "accuracy": 0.8888888888888888,
        "precision": 0.8892457863041832,
        "recall": 0.8888888888888888,
        "f1": 0.8890599827713267
      }
    },
    "6": {
      "train": {
        "accuracy": 0.859,
        "precision": 0.8573577666036792,
        "recall": 0.859,
        "f1": 0.8579443665011097
      },
      "val": {
        "accuracy": 0.848575712143928,
        "precision": 0.8461951267747067,
        "recall": 0.848575712143928,
        "f1": 0.8469241741578457
      },
      "test": {
        "accuracy": 0.8358358358358359,
        "precision": 0.8348379112474733,
        "recall": 0.8358358358358359,
        "f1": 0.8352820912941665
      }
    },
    "7": {
      "train": {
        "accuracy": 0.9137142857142857,
        "precision": 0.9129852412650721,
        "recall": 0.9137142857142857,
        "f1": 0.9131207858350343
      },
      "val": {
        "accuracy": 0.904047976011994,
        "precision": 0.9036798008539364,
        "recall": 0.904047976011994,
        "f1": 0.9038136320562937
      },
      "test": {
        "accuracy": 0.9144144144144144,
        "precision": 0.9137941413309023,
        "recall": 0.9144144144144144,
        "f1": 0.9138908645886208
      }
    },
    "8": {
      "train": {
        "accuracy": 0.886,
        "precision": 0.8848513571850095,
        "recall": 0.886,
        "f1": 0.8852262891242763
      },
      "val": {
        "accuracy": 0.872063968015992,
        "precision": 0.8706269883186346,
        "recall": 0.872063968015992,
        "f1": 0.8710869003882982
      },
      "test": {
        "accuracy": 0.8673673673673674,
        "precision": 0.8655479110768522,
        "recall": 0.8673673673673674,
        "f1": 0.8659123404103283
      }
    },
    "9": {
      "train": {
        "accuracy": 0.9117857142857143,
        "precision": 0.9111353410279033,
        "recall": 0.9117857142857143,
        "f1": 0.9112526276142676
      },
      "val": {
        "accuracy": 0.9077961019490255,
        "precision": 0.9071585097747764,
        "recall": 0.9077961019490255,
        "f1": 0.9072671804558943
      },
      "test": {
        "accuracy": 0.8963963963963963,
        "precision": 0.8954126138122084,
        "recall": 0.8963963963963963,
        "f1": 0.8955012457720549
      }
    },
    "10": {
      "train": {
        "accuracy": 0.8940714285714285,
        "precision": 0.8931114373233683,
        "recall": 0.8940714285714285,
        "f1": 0.893409009295951
      },
      "val": {
        "accuracy": 0.8858070964517741,
        "precision": 0.8852697733014975,
        "recall": 0.8858070964517741,
        "f1": 0.885504685805436
      },
      "test": {
        "accuracy": 0.8978978978978979,
        "precision": 0.897267945928767,
        "recall": 0.8978978978978979,
        "f1": 0.897192681164639
      }
    }
  }
}