{
  "summary": {
    "norm_name": "robust_normalized",
    "num_chips_requested": 10,
    "num_chips_processed": 10,
    "num_chips_with_metrics": 10,
    "generated_at": "2025-11-17T19:36:05.521403"
  },
  "averages": {
    "train": {
      "accuracy": 0.9066142857142857,
      "accuracy_std": 0.014060917031086617,
      "precision": 0.9068123248243009,
      "precision_std": 0.014051905231670565,
      "recall": 0.9066142857142857,
      "recall_std": 0.014060917031086617,
      "f1": 0.9066657702349838,
      "f1_std": 0.014055048348415606,
      "num_chips": 10
    },
    "val": {
      "accuracy": 0.887481259370315,
      "accuracy_std": 0.014781984417185819,
      "precision": 0.8879569651172922,
      "precision_std": 0.014734174626592444,
      "recall": 0.887481259370315,
      "recall_std": 0.014781984417185819,
      "f1": 0.8876357367051945,
      "f1_std": 0.014746047556642617,
      "num_chips": 10
    },
    "test": {
      "accuracy": 0.8921921921921921,
      "accuracy_std": 0.014482031928161459,
      "precision": 0.8923507537132285,
      "precision_std": 0.014619188423459209,
      "recall": 0.8921921921921921,
      "recall_std": 0.014482031928161459,
      "f1": 0.8921336858790996,
      "f1_std": 0.014548152002612407,
      "num_chips": 10
    }
  },
  "per_chip": {
    "1": {
      "train": {
        "accuracy": 0.9181428571428571,
        "precision": 0.9178864881208652,
        "recall": 0.9181428571428571,
        "f1": 0.9179980504151152
      },
      "val": {
        "accuracy": 0.9050474762618691,
        "precision": 0.9057508440646536,
        "recall": 0.9050474762618691,
        "f1": 0.9053462643520087
      },
      "test": {
        "accuracy": 0.9079079079079079,
        "precision": 0.9079233864362403,
        "recall": 0.9079079079079079,
        "f1": 0.9079138276553106
      }
    },
    "2": {
      "train": {
        "accuracy": 0.8972142857142857,
        "precision": 0.8970169180072651,
        "recall": 0.8972142857142857,
        "f1": 0.8970967405531672
      },
      "val": {
        "accuracy": 0.8683158420789605,
        "precision": 0.8693909854975114,
        "recall": 0.8683158420789605,
        "f1": 0.8687834994626429
      },
      "test": {
        "accuracy": 0.8788788788788788,
        "precision": 0.8776138493737351,
        "recall": 0.8788788788788788,
        "f1": 0.8778210298347006
      }
    },
    "3": {
      "train": {
        "accuracy": 0.9266428571428571,
        "precision": 0.9263561403078873,
        "recall": 0.9266428571428571,
        "f1": 0.9264443665059398
      },
      "val": {
        "accuracy": 0.907296351824088,
        "precision": 0.9067767643283812,
        "recall": 0.907296351824088,
        "f1": 0.9069085573630602
      },
      "test": {
        "accuracy": 0.9119119119119119,
        "precision": 0.9113894135106396,
        "recall": 0.9119119119119119,
        "f1": 0.9113947284270428
      }
    },
    "4": {
      "train": {
        "accuracy": 0.9167142857142857,
        "precision": 0.9165643232349694,
        "recall": 0.9167142857142857,
        "f1": 0.9166372829770426
      },
      "val": {
        "accuracy": 0.8993003498250874,
        "precision": 0.8994775978095131,
        "recall": 0.8993003498250874,
        "f1": 0.89937098488685
      },
      "test": {
        "accuracy": 0.9019019019019019,
        "precision": 0.9019143365128031,
        "recall": 0.9019019019019019,
        "f1": 0.9018348135021416
      }
    },
    "5": {
      "train": {
        "accuracy": 0.8894285714285715,
        "precision": 0.8906446468692452,
        "recall": 0.8894285714285715,
        "f1": 0.8899305743699161
      },
      "val": {
        "accuracy": 0.8725637181409296,
        "precision": 0.8733487831938374,
        "recall": 0.8725637181409296,
        "f1": 0.8729300353653244
      },
      "test": {
        "accuracy": 0.8893893893893894,
        "precision": 0.8904471141196687,
        "recall": 0.8893893893893894,
        "f1": 0.8897322901088622
      }
    },
    "6": {
      "train": {
        "accuracy": 0.9077142857142857,
        "precision": 0.9082510177620153,
        "recall": 0.9077142857142857,
        "f1": 0.9079451047238154
      },
      "val": {
        "accuracy": 0.8895552223888056,
        "precision": 0.8913374888907786,
        "recall": 0.8895552223888056,
        "f1": 0.8902288826918934
      },
      "test": {
        "accuracy": 0.8838838838838838,
        "precision": 0.8846504034772478,
        "recall": 0.8838838838838838,
        "f1": 0.8842075821480856
      }
    },
    "7": {
      "train": {
        "accuracy": 0.9118571428571428,
        "precision": 0.9124272021823077,
        "recall": 0.9118571428571428,
        "f1": 0.9120976936134942
      },
      "val": {
        "accuracy": 0.8925537231384307,
        "precision": 0.8928138195605975,
        "recall": 0.8925537231384307,
        "f1": 0.8926751756860213
      },
      "test": {
        "accuracy": 0.8913913913913913,
        "precision": 0.8922469843027119,
        "recall": 0.8913913913913913,
        "f1": 0.891785098753123
      }
    },
    "8": {
      "train": {
        "accuracy": 0.877,
        "precision": 0.8764699938277727,
        "recall": 0.877,
        "f1": 0.8767015336582473
      },
      "val": {
        "accuracy": 0.8608195902048975,
        "precision": 0.860329798220128,
        "recall": 0.8608195902048975,
        "f1": 0.8605140798874756
      },
      "test": {
        "accuracy": 0.8603603603603603,
        "precision": 0.8597459474509005,
        "recall": 0.8603603603603603,
        "f1": 0.8600392318966382
      }
    },
    "9": {
      "train": {
        "accuracy": 0.9137142857142857,
        "precision": 0.9147043301283487,
        "recall": 0.9137142857142857,
        "f1": 0.9140541310386345
      },
      "val": {
        "accuracy": 0.8883058470764618,
        "precision": 0.8893830156256243,
        "recall": 0.8883058470764618,
        "f1": 0.8885953637881281
      },
      "test": {
        "accuracy": 0.8943943943943944,
        "precision": 0.8960760599787843,
        "recall": 0.8943943943943944,
        "f1": 0.8949419412132762
      }
    },
    "10": {
      "train": {
        "accuracy": 0.9077142857142857,
        "precision": 0.9078021878023314,
        "recall": 0.9077142857142857,
        "f1": 0.9077522244944659
      },
      "val": {
        "accuracy": 0.8910544727636182,
        "precision": 0.890960553981896,
        "recall": 0.8910544727636182,
        "f1": 0.8910045235685404
      },
      "test": {
        "accuracy": 0.9019019019019019,
        "precision": 0.901500041969554,
        "recall": 0.9019019019019019,
        "f1": 0.9016663152518156
      }
    }
  }
}