{
  "train_loss": [
    0.8629015066406943,
    0.6321285339919004,
    0.5140816796909679,
    0.4572842240333557,
    0.43516242666677996,
    0.40454996932636605,
    0.393125733462247,
    0.36797517809000885,
    0.3550266450101679,
    0.3513860913840207,
    0.35492046800526705,
    0.3521382781592282,
    0.34438555132259024,
    0.3323888147419149,
    0.32383127212524415,
    0.3439705799926411,
    0.3115739101713354,
    0.3143775154243816,
    0.330395953763615,
    0.3242854188789021,
    0.30412721769376233,
    0.3066083523360166,
    0.3067420249635523,
    0.2964617986570705,
    0.2965459568934007,
    0.3180359287695451,
    0.3163077701221813,
    0.3069544553756714,
    0.31056301322850316,
    0.2978498783978549,
    0.3031154765324159,
    0.29590570601550015,
    0.2997205666520379,
    0.2849106731739911,
    0.28022375513206826,
    0.28701317743821575,
    0.259529998627576,
    0.25120553238825366,
    0.25559621995145626,
    0.2484391827474941,
    0.2520973714915189,
    0.25220096707344053,
    0.24497251591899177,
    0.248576881126924,
    0.24697538641366093,
    0.2451241739771583,
    0.24548718468709427,
    0.24465086162090302,
    0.24962727400389584,
    0.2451788067817688,
    0.2461347436363047,
    0.2463831359689886,
    0.2413230906833302,
    0.23829881061207164,
    0.24103901738470251,
    0.24318964887749064,
    0.24167181768200613,
    0.24012881896712562,
    0.24124972549351778,
    0.24020150005817414,
    0.23908634944395585,
    0.23792472671378742,
    0.2417509973049164,
    0.24097475599158893,
    0.23893897966905073,
    0.23700428767637774,
    0.2410109961574728,
    0.2384439934383739,
    0.23918469602411443,
    0.23936885324391452,
    0.23915551548654382,
    0.2390558749437332,
    0.23782212544571268,
    0.24068877236409622,
    0.23757564669305628,
    0.24285918094895104,
    0.23789068921045822,
    0.24056344628334045,
    0.2400044099851088,
    0.23547845618291335,
    0.23689311038364064,
    0.24051556641405278,
    0.23959497538479893,
    0.24030138227072628,
    0.23721616105599838,
    0.23907917981798,
    0.23506054119630293
  ],
  "val_loss": [
    0.7477150224149227,
    0.5337514169514179,
    0.49744229577481747,
    0.5280768033117056,
    0.45736867003142834,
    0.590300228446722,
    0.46770141646265984,
    0.37730494514107704,
    0.34819697588682175,
    0.43537262827157974,
    0.4397574719041586,
    0.49280937388539314,
    0.7182608880102634,
    0.32714140601456165,
    0.3412371687591076,
    0.39980248734354973,
    0.34750621393322945,
    1.307529017329216,
    0.9799334704875946,
    0.3152231089770794,
    0.42884892597794533,
    0.34830344282090664,
    0.3235336961224675,
    0.3104060422629118,
    1.227397434413433,
    0.5499741267412901,
    0.8905484080314636,
    0.3428026679903269,
    0.3401257172226906,
    0.30644495226442814,
    0.6042700745165348,
    0.6448552012443542,
    0.3199198264628649,
    0.3086016708984971,
    0.33107399195432663,
    0.39026571810245514,
    0.28663252480328083,
    0.2946130055934191,
    0.28845210187137127,
    0.28872846625745296,
    0.28080128133296967,
    0.303794383071363,
    0.28454701974987984,
    0.3361507300287485,
    0.28162950836122036,
    0.28034645039588213,
    0.346833273768425,
    0.32272351905703545,
    0.33832140266895294,
    0.31383817829191685,
    0.3524254020303488,
    0.28330713510513306,
    0.2780442088842392,
    0.27786513324826956,
    0.2779478011652827,
    0.27816084772348404,
    0.2772308271378279,
    0.27750763949006796,
    0.27773966547101736,
    0.2776710018515587,
    0.2787448316812515,
    0.2772714616730809,
    0.2779462831094861,
    0.2773976242169738,
    0.27760000992566347,
    0.2771941851824522,
    0.27781689539551735,
    0.27717554196715355,
    0.2770722443237901,
    0.27718963380903006,
    0.2771799620240927,
    0.2768890801817179,
    0.27697430457919836,
    0.277346707880497,
    0.27704219706356525,
    0.27720202039927244,
    0.2770266504958272,
    0.27754299715161324,
    0.2769765127450228,
    0.2770421262830496,
    0.2771122734993696,
    0.2774381497874856,
    0.2786440188065171,
    0.2769208550453186,
    0.27741185668855906,
    0.27712256368249655,
    0.2778550647199154
  ],
  "epochs": [
    0,
    1,
    2,
    3,
    4,
    5,
    6,
    7,
    8,
    9,
    10,
    11,
    12,
    13,
    14,
    15,
    16,
    17,
    18,
    19,
    20,
    21,
    22,
    23,
    24,
    25,
    26,
    27,
    28,
    29,
    30,
    31,
    32,
    33,
    34,
    35,
    36,
    37,
    38,
    39,
    40,
    41,
    42,
    43,
    44,
    45,
    46,
    47,
    48,
    49,
    50,
    51,
    52,
    53,
    54,
    55,
    56,
    57,
    58,
    59,
    60,
    61,
    62,
    63,
    64,
    65,
    66,
    67,
    68,
    69,
    70,
    71,
    72,
    73,
    74,
    75,
    76,
    77,
    78,
    79,
    80,
    81,
    82,
    83,
    84,
    85,
    86
  ]
}