{
  "train_loss": [
    0.8868027936328541,
    0.7204082218083468,
    0.5457482413812117,
    0.46314208561723885,
    0.434575923464515,
    0.4003275844183835,
    0.39799658818678424,
    0.3952639173377644,
    0.3889731531793421,
    0.38098219633102415,
    0.3814700868996707,
    0.3732061218131672,
    0.36836768280376087,
    0.35904476750980724,
    0.34798375964164735,
    0.3484022603793578,
    0.34879195365038784,
    0.3626072087071159,
    0.3472007323395122,
    0.36587773182175376,
    0.3455328507856889,
    0.31654293022372504,
    0.3120105055245486,
    0.312684565782547,
    0.3168973445892334,
    0.31005440598184414,
    0.30929388187148354,
    0.3078490506518971,
    0.30768265236507764,
    0.31022260866381907,
    0.3045196148482236,
    0.30803712145848705,
    0.30285090587355873,
    0.3077514865181663,
    0.30555216724222356,
    0.30560369030995804,
    0.3083489995111119,
    0.305640505660664,
    0.30102695362134413,
    0.29976438717408616,
    0.2988749942996285,
    0.3020434645089236,
    0.30211129920049146,
    0.29864789735187186,
    0.29943136329000647,
    0.3009781162847172,
    0.3017215503887697,
    0.3004958678375591,
    0.29842130758545615,
    0.2982108481905677,
    0.29800553836605764,
    0.301533734256571,
    0.2975952763449062,
    0.29863908128304917,
    0.3002370712431994,
    0.30057473453608424,
    0.29954898899251764,
    0.2985239668325944,
    0.29704634628512644,
    0.29726511971517044,
    0.2989164558323947,
    0.2999499730088494,
    0.2955906242132187,
    0.29738775247877297,
    0.29390050091526726,
    0.29782635867595675
  ],
  "val_loss": [
    0.7933523468673229,
    0.7496367990970612,
    0.7408038824796677,
    0.4322913661599159,
    0.5410422515124083,
    0.4066319167613983,
    0.6814640872180462,
    0.8562524355947971,
    0.4206687081605196,
    0.42527621053159237,
    0.8630447164177895,
    0.4034206457436085,
    0.6303079463541508,
    0.4231261797249317,
    0.35814202949404716,
    0.3643673527985811,
    0.4721603449434042,
    0.4789450354874134,
    0.3845065850764513,
    0.3598212357610464,
    0.3802482411265373,
    0.34738802164793015,
    0.33564927242696285,
    0.332946770824492,
    0.35268249176442623,
    0.33212419878691435,
    0.32967760413885117,
    0.346487145870924,
    0.333125420846045,
    0.33345478028059006,
    0.3353144731372595,
    0.3294645082205534,
    0.33414359390735626,
    0.3335278406739235,
    0.3458090852946043,
    0.343001676723361,
    0.3461915608495474,
    0.3623131290078163,
    0.32547448948025703,
    0.3253145460039377,
    0.32688019052147865,
    0.32487472891807556,
    0.3263268209993839,
    0.32497554551810026,
    0.3249444654211402,
    0.3254419518634677,
    0.3247396619990468,
    0.3248980678617954,
    0.3251832854002714,
    0.32695959135890007,
    0.32410774007439613,
    0.32529851514846087,
    0.3255270328372717,
    0.3259107396006584,
    0.328498050570488,
    0.3244682578369975,
    0.3278973810374737,
    0.3248729435727,
    0.32485458068549633,
    0.3250992204993963,
    0.3245931239798665,
    0.32437345013022423,
    0.32490059174597263,
    0.3245838861912489,
    0.32482570316642523,
    0.3244197815656662
  ],
  "epochs": [
    0,
    1,
    2,
    3,
    4,
    5,
    6,
    7,
    8,
    9,
    10,
    11,
    12,
    13,
    14,
    15,
    16,
    17,
    18,
    19,
    20,
    21,
    22,
    23,
    24,
    25,
    26,
    27,
    28,
    29,
    30,
    31,
    32,
    33,
    34,
    35,
    36,
    37,
    38,
    39,
    40,
    41,
    42,
    43,
    44,
    45,
    46,
    47,
    48,
    49,
    50,
    51,
    52,
    53,
    54,
    55,
    56,
    57,
    58,
    59,
    60,
    61,
    62,
    63,
    64,
    65
  ]
}