{
  "train_loss": [
    0.8788123184984381,
    0.7444651040163908,
    0.6161650235002691,
    0.5405758966099132,
    0.49301842722025785,
    0.45070256861773406,
    0.44187517437067897,
    0.4373694197698073,
    0.40464775995774704,
    0.38534166054292157,
    0.3882127507166429,
    0.38338618061759255,
    0.37204351858659224,
    0.36556054299527946,
    0.36964226039973175,
    0.3709218995137648,
    0.36174766421318055,
    0.3380119502544403,
    0.3242071796547283,
    0.318032503398982,
    0.31865622834725815,
    0.31772714961658827,
    0.31625744212757456,
    0.31759841929782523,
    0.3181833662770011,
    0.314193674380129,
    0.314192122220993,
    0.3072042267430912,
    0.3130102813243866,
    0.31006438840519296,
    0.3087703986601396,
    0.3086474700407548,
    0.3089267852631482,
    0.30926988179033454,
    0.30516353899782356,
    0.30770823738791725,
    0.3105391946705905,
    0.29865355681289324,
    0.2999680768359791,
    0.3032121774825183,
    0.30179361430081453,
    0.2976610541343689,
    0.3020338172262365,
    0.3009661696173928,
    0.30009246387264943,
    0.2973673186518929,
    0.3002978636459871,
    0.29545110084793785,
    0.2976098748770627,
    0.2993489690802314,
    0.2979870909994299,
    0.29726756431839685,
    0.2995246534997767,
    0.30026503042741254,
    0.29986226667057386,
    0.2988483626734127,
    0.30025389004837383,
    0.30156073028391056,
    0.2964913923632015,
    0.30139795406298203,
    0.29721849289807406
  ],
  "val_loss": [
    0.8072364777326584,
    0.6754401586949825,
    0.5493698474019766,
    0.5399322248995304,
    0.47539158537983894,
    0.4791793171316385,
    0.5017528925091028,
    0.5404546055942774,
    0.8896725848317146,
    0.9362689256668091,
    0.38996961526572704,
    0.432347672060132,
    0.731420498341322,
    0.5021751094609499,
    0.5925186406821012,
    0.5810020007193089,
    0.4494883269071579,
    0.3524913191795349,
    0.3505283445119858,
    0.35219903476536274,
    0.3472693543881178,
    0.3526430279016495,
    0.41028736904263496,
    0.3585540819913149,
    0.39759173057973385,
    0.38639308512210846,
    0.3456572648137808,
    0.35311828181147575,
    0.3464616443961859,
    0.3586433622986078,
    0.3416833784431219,
    0.3514753729104996,
    0.35525439865887165,
    0.345625476911664,
    0.3446647673845291,
    0.4136493131518364,
    0.4287025537341833,
    0.33886988647282124,
    0.33961846493184566,
    0.34182737581431866,
    0.33896495029330254,
    0.3397368863224983,
    0.3394731506705284,
    0.33900257386267185,
    0.338648222386837,
    0.33799317106604576,
    0.33831414952874184,
    0.3391407262533903,
    0.3387672156095505,
    0.3381733298301697,
    0.33845657110214233,
    0.3381129875779152,
    0.3381931930780411,
    0.3386946450918913,
    0.3383151814341545,
    0.33810453675687313,
    0.3391948901116848,
    0.33839579299092293,
    0.3383987285196781,
    0.3387095145881176,
    0.338367011398077
  ],
  "epochs": [
    0,
    1,
    2,
    3,
    4,
    5,
    6,
    7,
    8,
    9,
    10,
    11,
    12,
    13,
    14,
    15,
    16,
    17,
    18,
    19,
    20,
    21,
    22,
    23,
    24,
    25,
    26,
    27,
    28,
    29,
    30,
    31,
    32,
    33,
    34,
    35,
    36,
    37,
    38,
    39,
    40,
    41,
    42,
    43,
    44,
    45,
    46,
    47,
    48,
    49,
    50,
    51,
    52,
    53,
    54,
    55,
    56,
    57,
    58,
    59,
    60
  ]
}