{
  "train_loss": [
    0.8660968509587375,
    0.6463957076722925,
    0.48291507254947313,
    0.4219069437547164,
    0.40483234849843114,
    0.3868677767840299,
    0.3873506784439087,
    0.3729269054802981,
    0.3620842581445521,
    0.3585804370316592,
    0.3701477598060261,
    0.361747300082987,
    0.3224423874508251,
    0.3210231157866391,
    0.31577698344534094,
    0.31368870680982414,
    0.31603232297030365,
    0.31197136694734745,
    0.31389371834018015,
    0.31180162592367694,
    0.313320281830701,
    0.3086837882345373,
    0.3064100525595925,
    0.30925276631658727,
    0.3109069043939764,
    0.3030398883602836,
    0.307530940933661,
    0.30917458642612805,
    0.3079401674595746,
    0.3057201082056219,
    0.3086546087806875,
    0.30834620134396984,
    0.3040405403483998,
    0.3016375717791644,
    0.30373270132324914,
    0.30084504160014064,
    0.298596439036456,
    0.30150419663299216,
    0.29776849611239,
    0.29994413500482386,
    0.2980329201980071,
    0.29845554638992655,
    0.30066098272800446,
    0.2995404067364606,
    0.296525578065352,
    0.30032566731626337,
    0.3024820931933143,
    0.3011403658173301,
    0.2992449140006846,
    0.30014059760353784,
    0.2979747712612152,
    0.2978858316486532,
    0.29898503612388266,
    0.29785001982342113,
    0.29710368486967953,
    0.29967865374955266,
    0.2992810918526216,
    0.2989178280938755,
    0.2997651671821421,
    0.2975302254611796,
    0.2961133748292923,
    0.29586353356187994,
    0.296317794919014,
    0.2957013669339093,
    0.2961115609515797,
    0.2991926596923308,
    0.3004192737015811,
    0.29634368121623994,
    0.2985806958241896,
    0.29359302845868196,
    0.29802104424346576,
    0.29715245745398783,
    0.29914035932584243,
    0.2994439891793511,
    0.29756051572886383
  ],
  "val_loss": [
    0.774647805839777,
    1.458842620253563,
    0.5421012863516808,
    1.0815341509878635,
    0.45397987961769104,
    0.38124047219753265,
    0.4169563017785549,
    0.47338045947253704,
    0.8174259401857853,
    0.38781821355223656,
    0.4656962938606739,
    0.4679658208042383,
    0.335605651140213,
    0.33745405077934265,
    0.3476377185434103,
    0.3308978211134672,
    0.3328473847359419,
    0.35933193005621433,
    0.3558097090572119,
    0.35541913844645023,
    0.32953327149152756,
    0.3291586749255657,
    0.33158064261078835,
    0.39192904345691204,
    0.3308237846940756,
    0.3242894131690264,
    0.3239789046347141,
    0.3842054698616266,
    0.3257195185869932,
    0.33256812021136284,
    0.3575855791568756,
    0.3273561969399452,
    0.3336592074483633,
    0.32258355617523193,
    0.3227988872677088,
    0.3230154514312744,
    0.3227455597370863,
    0.3225411083549261,
    0.3226963225752115,
    0.324447687715292,
    0.3231402263045311,
    0.32172287814319134,
    0.3225132171064615,
    0.32555054128170013,
    0.32182289101183414,
    0.32179415971040726,
    0.32283896394073963,
    0.3225313164293766,
    0.3221867922693491,
    0.3215105887502432,
    0.3217943385243416,
    0.3218527380377054,
    0.32175651378929615,
    0.32266479171812534,
    0.3214853461831808,
    0.3216672707349062,
    0.3229278437793255,
    0.32189135253429413,
    0.32151468843221664,
    0.3213372025638819,
    0.321634691208601,
    0.32164017111063004,
    0.32158774696290493,
    0.32192510180175304,
    0.3222378510981798,
    0.3213755488395691,
    0.3214558828622103,
    0.3216309081763029,
    0.3213672898709774,
    0.32191227190196514,
    0.32153831236064434,
    0.3218634817749262,
    0.321727491915226,
    0.32139224000275135,
    0.3216179609298706
  ],
  "epochs": [
    0,
    1,
    2,
    3,
    4,
    5,
    6,
    7,
    8,
    9,
    10,
    11,
    12,
    13,
    14,
    15,
    16,
    17,
    18,
    19,
    20,
    21,
    22,
    23,
    24,
    25,
    26,
    27,
    28,
    29,
    30,
    31,
    32,
    33,
    34,
    35,
    36,
    37,
    38,
    39,
    40,
    41,
    42,
    43,
    44,
    45,
    46,
    47,
    48,
    49,
    50,
    51,
    52,
    53,
    54,
    55,
    56,
    57,
    58,
    59,
    60,
    61,
    62,
    63,
    64,
    65,
    66,
    67,
    68,
    69,
    70,
    71,
    72,
    73,
    74
  ]
}