{
  "train_loss": [
    0.870941343090751,
    0.6131134401668202,
    0.46990080042318866,
    0.4332271321253343,
    0.3950878105380318,
    0.38653103113174436,
    0.3713296895677393,
    0.35641106908971615,
    0.34721019918268375,
    0.34606007879430595,
    0.3405736286531795,
    0.33479257009246133,
    0.32017701728777453,
    0.3291216644373807,
    0.3235331906513734,
    0.29621527872302317,
    0.2897738429633054,
    0.28547150682319294,
    0.2838120698928833,
    0.28748805875127964,
    0.2841915480115197,
    0.286728510260582,
    0.2849678860469298,
    0.28549236086281865,
    0.28238761885599656,
    0.2838189940560948,
    0.2829947062514045,
    0.28155072900381956,
    0.2824099611152302,
    0.27932625440034,
    0.278544236313213,
    0.2767257568511096,
    0.27913481864062223,
    0.27628050311045216,
    0.2803552256389098,
    0.2766353750770742,
    0.2792585107413205,
    0.2763415241783315,
    0.2807870369065892,
    0.2822421258146113,
    0.275208965214816,
    0.27585320770740507,
    0.2789591810920022,
    0.2749539071863348,
    0.2734670411456715,
    0.27120455042882397,
    0.2713874039324847,
    0.2718667406927456,
    0.2672338686206124,
    0.2720024965026162,
    0.2687903797084635,
    0.2704760204661976,
    0.26561121452938424,
    0.26561912840062923,
    0.2691458363424648,
    0.2674612554636869,
    0.2690646997906945,
    0.26877145929770035,
    0.2677718010815707,
    0.2671739012002945,
    0.2681003803556616,
    0.26456126922910866,
    0.2664120842110027,
    0.26646954200484535,
    0.2667578854344108,
    0.2691314976323735,
    0.26768728034062816
  ],
  "val_loss": [
    0.7501980289816856,
    0.5067472457885742,
    0.4161526560783386,
    0.6794518679380417,
    0.46759998239576817,
    0.37181427516043186,
    0.4329162258654833,
    0.3719768263399601,
    0.33561668917536736,
    0.4825017899274826,
    0.3532366957515478,
    0.35967416502535343,
    0.6878867521882057,
    0.3476586099714041,
    0.35840549878776073,
    0.30600610841065645,
    0.3049574373289943,
    0.3058781586587429,
    0.3116548229008913,
    0.3202991019934416,
    0.3033689334988594,
    0.30439452081918716,
    0.3454728554934263,
    0.3028892371803522,
    0.301431349478662,
    0.31600191444158554,
    0.30567370261996984,
    0.30759442038834095,
    0.30093432776629925,
    0.31784734316170216,
    0.3261542785912752,
    0.3040600372478366,
    0.3113537756726146,
    0.3586029801517725,
    0.30023439042270184,
    0.2998981820419431,
    0.3118000850081444,
    0.314923707395792,
    0.29940587747842073,
    0.2999166389927268,
    0.3099858770146966,
    0.4438248183578253,
    0.30353856086730957,
    0.3053445015102625,
    0.31350662745535374,
    0.2960103331133723,
    0.29553406964987516,
    0.2956088352948427,
    0.2963514178991318,
    0.29581491090357304,
    0.29574201069772243,
    0.29551488999277353,
    0.2978110024705529,
    0.29621479753404856,
    0.29620219115167856,
    0.29576393589377403,
    0.2957493495196104,
    0.2962902747094631,
    0.2960915770381689,
    0.296183031052351,
    0.2955524967983365,
    0.2956345686689019,
    0.2970549436286092,
    0.29565378092229366,
    0.29562082793563604,
    0.2955364575609565,
    0.29568943474441767
  ],
  "epochs": [
    0,
    1,
    2,
    3,
    4,
    5,
    6,
    7,
    8,
    9,
    10,
    11,
    12,
    13,
    14,
    15,
    16,
    17,
    18,
    19,
    20,
    21,
    22,
    23,
    24,
    25,
    26,
    27,
    28,
    29,
    30,
    31,
    32,
    33,
    34,
    35,
    36,
    37,
    38,
    39,
    40,
    41,
    42,
    43,
    44,
    45,
    46,
    47,
    48,
    49,
    50,
    51,
    52,
    53,
    54,
    55,
    56,
    57,
    58,
    59,
    60,
    61,
    62,
    63,
    64,
    65,
    66
  ]
}