{
  "train_loss": [
    0.868243629282171,
    0.661294465715235,
    0.50752544186332,
    0.44126645055684177,
    0.3947183359753002,
    0.37706217765808103,
    0.3556902993809093,
    0.34591463912617076,
    0.3236605470830744,
    0.32058618583462456,
    0.3284716806628487,
    0.32189227071675386,
    0.34006072662093423,
    0.3083469214764508,
    0.3115475616671822,
    0.28075976209207015,
    0.27109103013168684,
    0.2645409974184903,
    0.26932564757087013,
    0.261552836949175,
    0.2644205803220922,
    0.2649617078629407,
    0.26432864395054906,
    0.26282509402795273,
    0.2624639307910746,
    0.2620050923390822,
    0.25705684450539673,
    0.25856492925773966,
    0.25242421274835414,
    0.2568400656635111,
    0.2545384027741172,
    0.2580445850437338,
    0.2570960386232896,
    0.25382399423555896,
    0.25888481438159944,
    0.2553782373666763,
    0.25470357185060327,
    0.2567580686374144,
    0.25459635230627925,
    0.2527578673579476,
    0.2560487495227294,
    0.2538824639537118,
    0.255821446668018,
    0.2533760038289157,
    0.2581070057370446,
    0.2534460062330419,
    0.2577514101158489,
    0.2524156248027628,
    0.2525568799539046,
    0.2537000217221,
    0.2579800562425093,
    0.2547927143898877,
    0.2527989615093578,
    0.252463683756915,
    0.2514963613315062,
    0.2545111721212214,
    0.25166795226660643,
    0.25429601940241725,
    0.25281711410392416,
    0.2555647541176189,
    0.2584680486809124,
    0.2529717897826975,
    0.2544079929590225,
    0.2513059212402864,
    0.25002549642866306,
    0.2555320447141474,
    0.25322302200577473,
    0.25215677293864164,
    0.25233076323162423,
    0.25466324388980865,
    0.2538327382369475,
    0.25187234824354,
    0.2529064140536568,
    0.2514825214039196,
    0.25319912460717287,
    0.2502310866659338
  ],
  "val_loss": [
    0.8387295119464397,
    1.2203374058008194,
    1.1178497038781643,
    0.41008532606065273,
    0.797122199088335,
    1.053280208259821,
    0.3983915504068136,
    0.4079430531710386,
    0.3217396568506956,
    1.049316916614771,
    0.3719780519604683,
    0.7952453680336475,
    0.35906020551919937,
    0.9450309053063393,
    0.5176881551742554,
    0.32526139076799154,
    0.29664552211761475,
    0.3413382787257433,
    0.29664190858602524,
    0.2944714426994324,
    0.31396001391112804,
    0.3445108011364937,
    0.30229800567030907,
    0.31521416641771793,
    0.2980603836476803,
    0.30772773921489716,
    0.2921128263697028,
    0.29113448690623045,
    0.29068494215607643,
    0.29123291186988354,
    0.29263601638376713,
    0.2909023370593786,
    0.29276194144040346,
    0.2905388604849577,
    0.2907913150265813,
    0.2913334621116519,
    0.292012894526124,
    0.29307078756392,
    0.2909629577770829,
    0.2906692223623395,
    0.29094190802425146,
    0.290492239408195,
    0.291449180804193,
    0.2906162040308118,
    0.2909583356231451,
    0.29045919980853796,
    0.2903716638684273,
    0.29085009079426527,
    0.29057034756988287,
    0.29063476994633675,
    0.2905402584001422,
    0.29051475040614605,
    0.29043859615921974,
    0.29059287533164024,
    0.29061432369053364,
    0.2910580523312092,
    0.29065517615526915,
    0.29052225314080715,
    0.2916204482316971,
    0.29054480884224176,
    0.2903632018715143,
    0.290473323315382,
    0.2905012732371688,
    0.29083573818206787,
    0.29050232470035553,
    0.2909365314990282,
    0.29040226619690657,
    0.29052949883043766,
    0.29059963673353195,
    0.29057951271533966,
    0.2909126840531826,
    0.29054921492934227,
    0.2906528599560261,
    0.2907466311007738,
    0.2904799357056618,
    0.29048535972833633
  ],
  "epochs": [
    0,
    1,
    2,
    3,
    4,
    5,
    6,
    7,
    8,
    9,
    10,
    11,
    12,
    13,
    14,
    15,
    16,
    17,
    18,
    19,
    20,
    21,
    22,
    23,
    24,
    25,
    26,
    27,
    28,
    29,
    30,
    31,
    32,
    33,
    34,
    35,
    36,
    37,
    38,
    39,
    40,
    41,
    42,
    43,
    44,
    45,
    46,
    47,
    48,
    49,
    50,
    51,
    52,
    53,
    54,
    55,
    56,
    57,
    58,
    59,
    60,
    61,
    62,
    63,
    64,
    65,
    66,
    67,
    68,
    69,
    70,
    71,
    72,
    73,
    74,
    75
  ]
}