{
  "train_loss": [
    0.8711517258123918,
    0.7189575011079962,
    0.5718773478811437,
    0.47091331319375473,
    0.4203400048342618,
    0.40981371998786925,
    0.3896665481003848,
    0.3746441488916224,
    0.35563133142211223,
    0.33647716533054006,
    0.34995426643978467,
    0.33597743944688274,
    0.33063842139460825,
    0.32930525541305544,
    0.32978610396385194,
    0.29869015406478533,
    0.2829680572856556,
    0.28200099603696305,
    0.27851264314218,
    0.27905526703054256,
    0.27991081151095304,
    0.2788774620402943,
    0.2776897996664047,
    0.2738806567408822,
    0.2745940736748955,
    0.27517117722467943,
    0.27501695481213656,
    0.2793342549692501,
    0.27250879434022035,
    0.2762870560992848,
    0.27135773978450084,
    0.2689392899925059,
    0.27315839068456127,
    0.26777691163799977,
    0.27437211248007687,
    0.27240956046364523,
    0.2733687127178365,
    0.26682221076705237,
    0.2641646753657948,
    0.26375625810839914,
    0.266321908343922,
    0.2612306372685866,
    0.2625836445526643,
    0.26169098886576564,
    0.26602595258842815,
    0.26339913389899516,
    0.26518430438908663,
    0.2645818214524876,
    0.2605983782898296,
    0.26230175522240723,
    0.26151107901876625,
    0.26126479479399595,
    0.26251686323772777,
    0.26189298765225844,
    0.26086246262897145,
    0.2616867626255209,
    0.2612241354855624,
    0.26033175479282034,
    0.26233631101521576,
    0.26074672829021106,
    0.26115814474495974,
    0.26338798024437643,
    0.261714771119031,
    0.26384544670581817,
    0.26303667588667434
  ],
  "val_loss": [
    0.7776613645255566,
    0.6610582172870636,
    0.8193383067846298,
    0.5292811635881662,
    0.8613664247095585,
    1.0543841645121574,
    0.8626718930900097,
    0.4597431067377329,
    0.3295034971088171,
    0.4027728345245123,
    0.40806368738412857,
    0.348102955147624,
    0.7454706951975822,
    0.6784447506070137,
    0.6117504723370075,
    0.30498822033405304,
    0.29938461538404226,
    0.30966527946293354,
    0.29608712159097195,
    0.30853190645575523,
    0.29440957959741354,
    0.29703662917017937,
    0.29360952507704496,
    0.3055784311145544,
    0.29354747105389833,
    0.2897304315119982,
    0.38723952881991863,
    0.29293243773281574,
    0.36952062509953976,
    0.4160471223294735,
    0.2874868968501687,
    0.3027959242463112,
    0.3144333278760314,
    0.2889726283028722,
    0.3432856313884258,
    0.38119877874851227,
    0.2955805826932192,
    0.28390514850616455,
    0.28452610969543457,
    0.28356098383665085,
    0.2828818429261446,
    0.2826187089085579,
    0.2846308555454016,
    0.2837255885824561,
    0.2833148958161473,
    0.28303577844053507,
    0.2838823525235057,
    0.2826602188870311,
    0.2823946727439761,
    0.28221624437719584,
    0.2835934888571501,
    0.2827238216996193,
    0.28234073892235756,
    0.2833807962015271,
    0.2824449688196182,
    0.28320982586592436,
    0.28255897760391235,
    0.2825730089098215,
    0.28258237428963184,
    0.2827596813440323,
    0.28246214985847473,
    0.2824342595413327,
    0.28245462011545897,
    0.28265240136533976,
    0.2825973816215992
  ],
  "epochs": [
    0,
    1,
    2,
    3,
    4,
    5,
    6,
    7,
    8,
    9,
    10,
    11,
    12,
    13,
    14,
    15,
    16,
    17,
    18,
    19,
    20,
    21,
    22,
    23,
    24,
    25,
    26,
    27,
    28,
    29,
    30,
    31,
    32,
    33,
    34,
    35,
    36,
    37,
    38,
    39,
    40,
    41,
    42,
    43,
    44,
    45,
    46,
    47,
    48,
    49,
    50,
    51,
    52,
    53,
    54,
    55,
    56,
    57,
    58,
    59,
    60,
    61,
    62,
    63,
    64
  ]
}