{
  "summary": {
    "norm_name": "robust_normalized",
    "num_chips_requested": 10,
    "num_chips_processed": 10,
    "num_chips_with_metrics": 10,
    "generated_at": "2025-11-18T13:17:35.827586"
  },
  "averages": {
    "train": {
      "accuracy": 0.8983214285714286,
      "precision": 0.8971521929771219,
      "recall": 0.8983214285714286,
      "f1": 0.8970054488732343,
      "num_chips": 10
    },
    "val": {
      "accuracy": 0.8829335332333832,
      "precision": 0.881386535439906,
      "recall": 0.8829335332333832,
      "f1": 0.881161920971764,
      "num_chips": 10
    },
    "test": {
      "accuracy": 0.8839339339339339,
      "precision": 0.8826219382746853,
      "recall": 0.8839339339339339,
      "f1": 0.8823093845415126,
      "num_chips": 10
    }
  },
  "per_chip": {
    "1": {
      "train": {
        "accuracy": 0.9100714285714285,
        "precision": 0.9092300288624103,
        "recall": 0.9100714285714285,
        "f1": 0.9090422103399898
      },
      "val": {
        "accuracy": 0.8893053473263368,
        "precision": 0.8880034133984557,
        "recall": 0.8893053473263368,
        "f1": 0.8881663018158654
      },
      "test": {
        "accuracy": 0.8888888888888888,
        "precision": 0.8874549005752062,
        "recall": 0.8888888888888888,
        "f1": 0.8874600766687837
      }
    },
    "2": {
      "train": {
        "accuracy": 0.8765,
        "precision": 0.8747670526709386,
        "recall": 0.8765,
        "f1": 0.874905664047979
      },
      "val": {
        "accuracy": 0.8690654672663668,
        "precision": 0.8669837630931249,
        "recall": 0.8690654672663668,
        "f1": 0.866304260384236
      },
      "test": {
        "accuracy": 0.8683683683683684,
        "precision": 0.8664769662596246,
        "recall": 0.8683683683683684,
        "f1": 0.8663416548152233
      }
    },
    "3": {
      "train": {
        "accuracy": 0.9099285714285714,
        "precision": 0.9092115553580847,
        "recall": 0.9099285714285714,
        "f1": 0.9094070956226853
      },
      "val": {
        "accuracy": 0.8983008495752124,
        "precision": 0.897147204742333,
        "recall": 0.8983008495752124,
        "f1": 0.8972267605357249
      },
      "test": {
        "accuracy": 0.8958958958958959,
        "precision": 0.8947930812036372,
        "recall": 0.8958958958958959,
        "f1": 0.8950155190115162
      }
    },
    "4": {
      "train": {
        "accuracy": 0.9120714285714285,
        "precision": 0.9112435215961525,
        "recall": 0.9120714285714285,
        "f1": 0.9111883209443196
      },
      "val": {
        "accuracy": 0.9002998500749625,
        "precision": 0.8994728463281109,
        "recall": 0.9002998500749625,
        "f1": 0.8985252187955454
      },
      "test": {
        "accuracy": 0.8958958958958959,
        "precision": 0.8953028143533761,
        "recall": 0.8958958958958959,
        "f1": 0.8938682523427043
      }
    },
    "5": {
      "train": {
        "accuracy": 0.8977857142857143,
        "precision": 0.8965795764474468,
        "recall": 0.8977857142857143,
        "f1": 0.8964890033920682
      },
      "val": {
        "accuracy": 0.8848075962018991,
        "precision": 0.8832627420534951,
        "recall": 0.8848075962018991,
        "f1": 0.8829498247084939
      },
      "test": {
        "accuracy": 0.8898898898898899,
        "precision": 0.889337367453431,
        "recall": 0.8898898898898899,
        "f1": 0.8875419909051506
      }
    },
    "6": {
      "train": {
        "accuracy": 0.9025714285714286,
        "precision": 0.9015316406767953,
        "recall": 0.9025714285714286,
        "f1": 0.901205566523137
      },
      "val": {
        "accuracy": 0.8810594702648675,
        "precision": 0.8792930076442624,
        "recall": 0.8810594702648675,
        "f1": 0.8792045312669764
      },
      "test": {
        "accuracy": 0.8863863863863863,
        "precision": 0.8850624627768959,
        "recall": 0.8863863863863863,
        "f1": 0.8854212603517604
      }
    },
    "7": {
      "train": {
        "accuracy": 0.9006428571428572,
        "precision": 0.8995278921381209,
        "recall": 0.9006428571428572,
        "f1": 0.8994514959262628
      },
      "val": {
        "accuracy": 0.8790604697651174,
        "precision": 0.8776517357702612,
        "recall": 0.8790604697651174,
        "f1": 0.8778418055837528
      },
      "test": {
        "accuracy": 0.8878878878878879,
        "precision": 0.8870113768219852,
        "recall": 0.8878878878878879,
        "f1": 0.8871453923680306
      }
    },
    "8": {
      "train": {
        "accuracy": 0.8784285714285714,
        "precision": 0.8765707155390203,
        "recall": 0.8784285714285714,
        "f1": 0.876102521356161
      },
      "val": {
        "accuracy": 0.8545727136431784,
        "precision": 0.8519438779125421,
        "recall": 0.8545727136431784,
        "f1": 0.8511654132126445
      },
      "test": {
        "accuracy": 0.8563563563563563,
        "precision": 0.854236484719386,
        "recall": 0.8563563563563563,
        "f1": 0.854280205997886
      }
    },
    "9": {
      "train": {
        "accuracy": 0.8982857142857142,
        "precision": 0.8971645354760419,
        "recall": 0.8982857142857142,
        "f1": 0.8967870510546002
      },
      "val": {
        "accuracy": 0.887056471764118,
        "precision": 0.8856377508131932,
        "recall": 0.887056471764118,
        "f1": 0.8855277536325711
      },
      "test": {
        "accuracy": 0.8953953953953954,
        "precision": 0.8939759610304081,
        "recall": 0.8953953953953954,
        "f1": 0.8937016147104471
      }
    },
    "10": {
      "train": {
        "accuracy": 0.8969285714285714,
        "precision": 0.895695411006209,
        "recall": 0.8969285714285714,
        "f1": 0.8954755595251396
      },
      "val": {
        "accuracy": 0.8858070964517741,
        "precision": 0.8844690126432821,
        "recall": 0.8858070964517741,
        "f1": 0.8847073397818298
      },
      "test": {
        "accuracy": 0.8743743743743744,
        "precision": 0.8725679675529038,
        "recall": 0.8743743743743744,
        "f1": 0.8723178782436234
      }
    }
  }
}