{
  "train_loss": [
    0.7206711186408996,
    0.6506347229957581,
    0.6267689779826573,
    0.615260541330065,
    0.6083195486068725,
    0.5975749587603978,
    0.5965280535425459,
    0.5888220341001238,
    0.584658318737575,
    0.5797416836329868,
    0.5824863961900983,
    0.5744781715529306,
    0.5726174307414463,
    0.5700745067868914,
    0.5643519697189331,
    0.5664655996867589,
    0.5634668287345341,
    0.559862333379473,
    0.5574934677941459,
    0.5565608982222421,
    0.5560550836971828,
    0.5531255133765084,
    0.5510680669103349,
    0.5515807490348816,
    0.5465999055044992,
    0.5481906488418579,
    0.5432561098711831,
    0.5438253654207502,
    0.5423534112385341,
    0.5451655269895281,
    0.540969478402819,
    0.5407980288778033,
    0.5369782156944275,
    0.5359500521251134,
    0.5350835156168257,
    0.533675892489297,
    0.5357632547923497,
    0.5336648708615984,
    0.536465701007843,
    0.5297819302695138,
    0.5384241054671152,
    0.5280469289643424,
    0.5299964688641684,
    0.5290414803232465,
    0.5282518884658813,
    0.5273874491146633,
    0.5247552056721279,
    0.52735739604405,
    0.52864334091459,
    0.5253411322321211,
    0.5231857946668352,
    0.5199051167896815,
    0.5244807952472141,
    0.522332961668287,
    0.5217103549412319,
    0.5195114684649876,
    0.5171178360394069,
    0.5211707864761352,
    0.5210456490244184,
    0.5172202974728175,
    0.5163151071684701,
    0.5172694725309099,
    0.515342631993975,
    0.5143949407986232,
    0.5129590192045484,
    0.5151653646469116,
    0.5176899554525103,
    0.5112052046775818,
    0.5139238567147936,
    0.5133253151621138,
    0.5141947789737157,
    0.5089305000577654,
    0.5112094493934086,
    0.5122020542553493
  ],
  "val_loss": [
    0.4172956740856171,
    0.39209243412017825,
    0.39521163263320924,
    0.3803739918708801,
    0.39635758657455444,
    0.39767648258209226,
    0.39542112131118773,
    0.3788648076534271,
    0.3936377950668335,
    0.3846984962463379,
    0.3722594000816345,
    0.366874232673645,
    0.38543288707733153,
    0.3747914659976959,
    0.37939023337364197,
    0.37810505952835083,
    0.371212594127655,
    0.37184281582832335,
    0.356820241355896,
    0.372868567276001,
    0.3654249687671661,
    0.3806571554660797,
    0.3796179216861725,
    0.3760481665611267,
    0.3648823617458343,
    0.36866182775497436,
    0.3582941069602966,
    0.36572458810806274,
    0.36565607948303225,
    0.36582229905128477,
    0.3680245825767517,
    0.35597895340919494,
    0.35633539180755613,
    0.35832691979408265,
    0.37233895812034606,
    0.3652696187019348,
    0.36035190081596374,
    0.36212052721977234,
    0.35967532567977906,
    0.35533438024520875,
    0.3624150113105774,
    0.35833008408546446,
    0.35580324630737303,
    0.35675082926750185,
    0.36241365075111387,
    0.3628341908454895,
    0.35941876640319825,
    0.3552933605670929,
    0.3537846635818481,
    0.35996305351257324,
    0.36487843132019043,
    0.3528265336036682,
    0.35303865671157836,
    0.3521220474720001,
    0.34925012540817263,
    0.36260682406425476,
    0.361093838262558,
    0.35746471128463747,
    0.3560823301315308,
    0.3549074149131775,
    0.35562898807525634,
    0.3649214637756348,
    0.3646839822769165,
    0.3550683943748474,
    0.3546337423324585,
    0.3546848873138428,
    0.35336370363235475,
    0.35051474900245666,
    0.35612603521347047,
    0.3547883351325989,
    0.35282928295135496,
    0.35091750078201295,
    0.343808588886261,
    0.3536915678024292
  ],
  "epochs": [
    0,
    1,
    2,
    3,
    4,
    5,
    6,
    7,
    8,
    9,
    10,
    11,
    12,
    13,
    14,
    15,
    16,
    17,
    18,
    19,
    20,
    21,
    22,
    23,
    24,
    25,
    26,
    27,
    28,
    29,
    30,
    31,
    32,
    33,
    34,
    35,
    36,
    37,
    38,
    39,
    40,
    41,
    42,
    43,
    44,
    45,
    46,
    47,
    48,
    49,
    50,
    51,
    52,
    53,
    54,
    55,
    56,
    57,
    58,
    59,
    60,
    61,
    62,
    63,
    64,
    65,
    66,
    67,
    68,
    69,
    70,
    71,
    72,
    73
  ]
}