{
    "dataset": "train",
    "accuracy": 0.8829714285714285,
    "macro_precision": 0.8839912206548975,
    "macro_recall": 0.8829714285714285,
    "macro_f1": 0.8832176022745737,
    "weighted_precision": 0.8839912206548977,
    "weighted_recall": 0.8829714285714285,
    "weighted_f1": 0.8832176022745736,
    "per_class_metrics": {
        "class_0": {
            "precision": 0.9003749168531172,
            "recall": 0.8508285714285714,
            "f1_score": 0.874900843200047,
            "support": 35000
        },
        "class_1": {
            "precision": 0.7623028743988368,
            "recall": 0.7789428571428572,
            "f1_score": 0.7705330393985642,
            "support": 35000
        },
        "class_2": {
            "precision": 0.874975845410628,
            "recall": 0.9056,
            "f1_score": 0.89002457002457,
            "support": 35000
        },
        "class_3": {
            "precision": 0.9983112459570084,
            "recall": 0.9965142857142857,
            "f1_score": 0.9974119564751133,
            "support": 35000
        }
    },
    "confusion_matrix": [
        [
            29779,
            5180,
            14,
            27
        ],
        [
            3254,
            27263,
            4469,
            14
        ],
        [
            5,
            3281,
            31696,
            18
        ],
        [
            36,
            40,
            46,
            34878
        ]
    ]
}