{
  "train_loss": [
    0.6539116106442042,
    0.5775738679885865,
    0.5481687145641871,
    0.5389519843646459,
    0.5220886124270303,
    0.5179386749267578,
    0.5075605908666339,
    0.5014013987949917,
    0.49515550399507796,
    0.49201740263530186,
    0.48538538895334515,
    0.4822664365223476,
    0.479172925227029,
    0.47551007917267935,
    0.4713999322754996,
    0.4685842886379787,
    0.46466761550222124,
    0.4647091965334756,
    0.46083096316882544,
    0.45811106384141104,
    0.458143273292269,
    0.4538247739110674,
    0.44949789710726057,
    0.453255446100235,
    0.4474161995955876,
    0.44580017402512684,
    0.4474187794821603,
    0.44642527477400645,
    0.4444402022566114,
    0.43893714701788766,
    0.4414763685839517,
    0.4374747333186013,
    0.43705012667519705,
    0.4350779350417001,
    0.43468017839023043,
    0.43595259333338054,
    0.4316455330780574,
    0.4314291217327118,
    0.42942793523924694,
    0.4289247995240348,
    0.4267586081436702,
    0.4253382221358163,
    0.4239019496713366,
    0.42467286934171405,
    0.4227283752782004,
    0.42108245393208094,
    0.42235461542265756,
    0.4216917007446289,
    0.4220222848483494,
    0.4225141199452536,
    0.41853411837986537,
    0.4192559289251055,
    0.41479199216706414,
    0.41813965826034544,
    0.41457526799610683,
    0.4165540116378239,
    0.41258760944093975,
    0.41623593553134375,
    0.414555959878649,
    0.4138827802930559,
    0.4111042238507952,
    0.4119319346155439,
    0.4126741782597133,
    0.41472616167749676,
    0.4106243374960763,
    0.408952256495612,
    0.409505881350381,
    0.4105084567683084,
    0.41071326287133353,
    0.40782057265554156,
    0.40788646617616925,
    0.4064080755710602,
    0.40713288029943195,
    0.4036906133038657,
    0.40362335934638977
  ],
  "val_loss": [
    0.37555020885467527,
    0.3732185535430908,
    0.3520616446971893,
    0.35571315813064575,
    0.348238192653656,
    0.3452620632171631,
    0.33996164588928224,
    0.34534155645370485,
    0.33758335399627687,
    0.3225889447212219,
    0.3380456744670868,
    0.3283362856864929,
    0.33606019563674927,
    0.3206163800239563,
    0.3300099213600159,
    0.3128439376831055,
    0.31683137254714966,
    0.31620139808654785,
    0.31962320613861084,
    0.31163980813026426,
    0.3138582389831543,
    0.3135355008125305,
    0.3050467150211334,
    0.3069663520336151,
    0.30515372381210326,
    0.30596184520721437,
    0.30737783122062684,
    0.302236510848999,
    0.31115606174468996,
    0.3040303084373474,
    0.2990753015995026,
    0.29811093525886534,
    0.30094098811149594,
    0.29429498348236083,
    0.2962214402198792,
    0.3008254861831665,
    0.29724587454795837,
    0.30165531845092775,
    0.29285765199661257,
    0.2985568319320679,
    0.2901389577388763,
    0.2934554730415344,
    0.2972051409244537,
    0.29360612020492555,
    0.2840174705982208,
    0.2932751615524292,
    0.29301530866622927,
    0.2887614863395691,
    0.29699378542900084,
    0.28633414278030395,
    0.2858056414604187,
    0.2871679853439331,
    0.28621983451843264,
    0.29275491399765013,
    0.2908643865585327,
    0.2843295746803284,
    0.2898134657382965,
    0.2891723672866821,
    0.28830180621147156,
    0.28226322460174563,
    0.2851526027202606,
    0.28988392777442934,
    0.2946589819431305,
    0.28697786445617673,
    0.275916532087326,
    0.2833925374507904,
    0.2834735481262207,
    0.2762724754333496,
    0.28396423082351685,
    0.28674495029449465,
    0.2873578659534454,
    0.27532196393013003,
    0.28712465348243715,
    0.2822194878101349,
    0.2774636700630188
  ],
  "epochs": [
    0,
    1,
    2,
    3,
    4,
    5,
    6,
    7,
    8,
    9,
    10,
    11,
    12,
    13,
    14,
    15,
    16,
    17,
    18,
    19,
    20,
    21,
    22,
    23,
    24,
    25,
    26,
    27,
    28,
    29,
    30,
    31,
    32,
    33,
    34,
    35,
    36,
    37,
    38,
    39,
    40,
    41,
    42,
    43,
    44,
    45,
    46,
    47,
    48,
    49,
    50,
    51,
    52,
    53,
    54,
    55,
    56,
    57,
    58,
    59,
    60,
    61,
    62,
    63,
    64,
    65,
    66,
    67,
    68,
    69,
    70,
    71,
    72,
    73,
    74
  ]
}