{
    "dataset": "train",
    "accuracy": 0.9064785714285715,
    "macro_precision": 0.9095097339631577,
    "macro_recall": 0.9064785714285715,
    "macro_f1": 0.9073272041398861,
    "weighted_precision": 0.9095097339631577,
    "weighted_recall": 0.9064785714285715,
    "weighted_f1": 0.9073272041398861,
    "per_class_metrics": {
        "class_0": {
            "precision": 0.9312876274726625,
            "recall": 0.8662571428571428,
            "f1_score": 0.8975960684469181,
            "support": 35000
        },
        "class_1": {
            "precision": 0.7888316331896098,
            "recall": 0.8572571428571428,
            "f1_score": 0.8216222137028315,
            "support": 35000
        },
        "class_2": {
            "precision": 0.9192905945631632,
            "recall": 0.9034,
            "f1_score": 0.911276028532315,
            "support": 35000
        },
        "class_3": {
            "precision": 0.9986290806271956,
            "recall": 0.999,
            "f1_score": 0.9988145058774799,
            "support": 35000
        }
    },
    "confusion_matrix": [
        [
            30319,
            4660,
            2,
            19
        ],
        [
            2225,
            30004,
            2763,
            8
        ],
        [
            0,
            3360,
            31619,
            21
        ],
        [
            12,
            12,
            11,
            34965
        ]
    ]
}