{
  "summary": {
    "norm_name": "robust_normalized",
    "num_chips_requested": 10,
    "num_chips_processed": 10,
    "num_chips_with_metrics": 10,
    "generated_at": "2025-11-17T15:09:25.531346"
  },
  "averages": {
    "train": {
      "accuracy": 0.9081928571428574,
      "accuracy_std": 0.01002578563260859,
      "precision": 0.9081392141147118,
      "precision_std": 0.010369896769685229,
      "recall": 0.9081928571428574,
      "recall_std": 0.01002578563260859,
      "f1": 0.908083586015597,
      "f1_std": 0.010201458763727602,
      "num_chips": 10
    },
    "val": {
      "accuracy": 0.8914042978510743,
      "accuracy_std": 0.013528929089905807,
      "precision": 0.8911396428264003,
      "precision_std": 0.013967259691885826,
      "recall": 0.8914042978510743,
      "recall_std": 0.013528929089905807,
      "f1": 0.8911977368816485,
      "f1_std": 0.013762948210109118,
      "num_chips": 10
    },
    "test": {
      "accuracy": 0.8943943943943944,
      "accuracy_std": 0.013556081695479626,
      "precision": 0.8942319964714806,
      "precision_std": 0.014247202296253304,
      "recall": 0.8943943943943944,
      "recall_std": 0.013556081695479626,
      "f1": 0.8941273990211493,
      "f1_std": 0.013939870307880187,
      "num_chips": 10
    }
  },
  "per_chip": {
    "1": {
      "train": {
        "accuracy": 0.9187857142857143,
        "precision": 0.9189759698648715,
        "recall": 0.9187857142857143,
        "f1": 0.918857102148947
      },
      "val": {
        "accuracy": 0.9130434782608695,
        "precision": 0.913485952393215,
        "recall": 0.9130434782608695,
        "f1": 0.913222194891086
      },
      "test": {
        "accuracy": 0.9129129129129129,
        "precision": 0.9132816368588726,
        "recall": 0.9129129129129129,
        "f1": 0.9130694778020502
      }
    },
    "2": {
      "train": {
        "accuracy": 0.8982857142857142,
        "precision": 0.8974530124367663,
        "recall": 0.8982857142857142,
        "f1": 0.8977452176423599
      },
      "val": {
        "accuracy": 0.8788105947026487,
        "precision": 0.878038234301597,
        "recall": 0.8788105947026487,
        "f1": 0.8783674593180756
      },
      "test": {
        "accuracy": 0.8793793793793794,
        "precision": 0.8777616659994323,
        "recall": 0.8793793793793794,
        "f1": 0.8781567948217623
      }
    },
    "3": {
      "train": {
        "accuracy": 0.9140714285714285,
        "precision": 0.9139199842920004,
        "recall": 0.9140714285714285,
        "f1": 0.9138816403117344
      },
      "val": {
        "accuracy": 0.9010494752623688,
        "precision": 0.9001783084002636,
        "recall": 0.9010494752623688,
        "f1": 0.9004462929825282
      },
      "test": {
        "accuracy": 0.9109109109109109,
        "precision": 0.9115977039606429,
        "recall": 0.9109109109109109,
        "f1": 0.9110213634990089
      }
    },
    "4": {
      "train": {
        "accuracy": 0.917,
        "precision": 0.9171681813819659,
        "recall": 0.917,
        "f1": 0.9170666482938935
      },
      "val": {
        "accuracy": 0.9025487256371814,
        "precision": 0.9027748523394555,
        "recall": 0.9025487256371814,
        "f1": 0.9026343566766593
      },
      "test": {
        "accuracy": 0.8953953953953954,
        "precision": 0.8971789884273877,
        "recall": 0.8953953953953954,
        "f1": 0.8960531364829117
      }
    },
    "5": {
      "train": {
        "accuracy": 0.9095,
        "precision": 0.9092044669628697,
        "recall": 0.9095,
        "f1": 0.9092928260796902
      },
      "val": {
        "accuracy": 0.8925537231384307,
        "precision": 0.8917223759167309,
        "recall": 0.8925537231384307,
        "f1": 0.8919840493506798
      },
      "test": {
        "accuracy": 0.8953953953953954,
        "precision": 0.8956359463978136,
        "recall": 0.8953953953953954,
        "f1": 0.8954912974887357
      }
    },
    "6": {
      "train": {
        "accuracy": 0.9081428571428571,
        "precision": 0.9088998291059565,
        "recall": 0.9081428571428571,
        "f1": 0.9084357475202434
      },
      "val": {
        "accuracy": 0.8928035982008995,
        "precision": 0.893494154419628,
        "recall": 0.8928035982008995,
        "f1": 0.8930981637006644
      },
      "test": {
        "accuracy": 0.8918918918918919,
        "precision": 0.8916395093262793,
        "recall": 0.8918918918918919,
        "f1": 0.8917476628686853
      }
    },
    "7": {
      "train": {
        "accuracy": 0.9087142857142857,
        "precision": 0.9089038256938489,
        "recall": 0.9087142857142857,
        "f1": 0.9087761464864934
      },
      "val": {
        "accuracy": 0.8888055972013993,
        "precision": 0.8884783237955788,
        "recall": 0.8888055972013993,
        "f1": 0.8886348779531335
      },
      "test": {
        "accuracy": 0.8903903903903904,
        "precision": 0.8896851944497606,
        "recall": 0.8903903903903904,
        "f1": 0.8899001132427197
      }
    },
    "8": {
      "train": {
        "accuracy": 0.8829285714285714,
        "precision": 0.8821807682568593,
        "recall": 0.8829285714285714,
        "f1": 0.8824943782460721
      },
      "val": {
        "accuracy": 0.8608195902048975,
        "precision": 0.8595136515869951,
        "recall": 0.8608195902048975,
        "f1": 0.860010975632167
      },
      "test": {
        "accuracy": 0.8648648648648649,
        "precision": 0.863331398734624,
        "recall": 0.8648648648648649,
        "f1": 0.8638712667691248
      }
    },
    "9": {
      "train": {
        "accuracy": 0.9144285714285715,
        "precision": 0.915283673540307,
        "recall": 0.9144285714285715,
        "f1": 0.914750935421352
      },
      "val": {
        "accuracy": 0.8963018490754623,
        "precision": 0.8967832619025741,
        "recall": 0.8963018490754623,
        "f1": 0.8964825792422026
      },
      "test": {
        "accuracy": 0.9024024024024024,
        "precision": 0.9029416765916652,
        "recall": 0.9024024024024024,
        "f1": 0.9026307156920179
      }
    },
    "10": {
      "train": {
        "accuracy": 0.9100714285714285,
        "precision": 0.9094024296116728,
        "recall": 0.9100714285714285,
        "f1": 0.9095352180051834
      },
      "val": {
        "accuracy": 0.8873063468265867,
        "precision": 0.8869273132079655,
        "recall": 0.8873063468265867,
        "f1": 0.8870964190692886
      },
      "test": {
        "accuracy": 0.9004004004004004,
        "precision": 0.8992662439683278,
        "recall": 0.9004004004004004,
        "f1": 0.8993321615444775
      }
    }
  }
}