{
  "summary": {
    "norm_name": "robust_normalized",
    "num_chips_requested": 10,
    "num_chips_processed": 10,
    "num_chips_with_metrics": 10,
    "generated_at": "2025-10-21T17:59:08.340311"
  },
  "averages": {
    "train": {
      "accuracy": 0.9108142857142859,
      "accuracy_std": 0.011358589305913323,
      "precision": 0.9107743626805643,
      "precision_std": 0.011486675165379564,
      "recall": 0.9108142857142859,
      "recall_std": 0.011358589305913323,
      "f1": 0.9107687629511065,
      "f1_std": 0.011421536944796452,
      "num_chips": 10
    },
    "val": {
      "accuracy": 0.895727136431784,
      "accuracy_std": 0.011737241061321065,
      "precision": 0.8956630654060028,
      "precision_std": 0.011858054820515405,
      "recall": 0.895727136431784,
      "recall_std": 0.011737241061321065,
      "f1": 0.8956643166311375,
      "f1_std": 0.011806304948539873,
      "num_chips": 10
    },
    "test": {
      "accuracy": 0.8998998998998999,
      "accuracy_std": 0.009952286016081684,
      "precision": 0.8998875541216252,
      "precision_std": 0.009936025706150464,
      "recall": 0.8998998998998999,
      "recall_std": 0.009952286016081684,
      "f1": 0.8998017103566651,
      "f1_std": 0.009940564635599529,
      "num_chips": 10
    }
  },
  "per_chip": {
    "1": {
      "train": {
        "accuracy": 0.9117857142857143,
        "precision": 0.9114703990642756,
        "recall": 0.9117857142857143,
        "f1": 0.9116060662022875
      },
      "val": {
        "accuracy": 0.9092953523238381,
        "precision": 0.9094129086382806,
        "recall": 0.9092953523238381,
        "f1": 0.9093521167623961
      },
      "test": {
        "accuracy": 0.9164164164164165,
        "precision": 0.9159149255578906,
        "recall": 0.9164164164164165,
        "f1": 0.9160622672096989
      }
    },
    "2": {
      "train": {
        "accuracy": 0.9110714285714285,
        "precision": 0.9109031880934328,
        "recall": 0.9110714285714285,
        "f1": 0.9109672835215046
      },
      "val": {
        "accuracy": 0.8993003498250874,
        "precision": 0.8994339505749444,
        "recall": 0.8993003498250874,
        "f1": 0.8993596879464499
      },
      "test": {
        "accuracy": 0.8938938938938938,
        "precision": 0.8937076706204728,
        "recall": 0.8938938938938938,
        "f1": 0.893794958320622
      }
    },
    "3": {
      "train": {
        "accuracy": 0.9125714285714286,
        "precision": 0.9123519811621996,
        "recall": 0.9125714285714286,
        "f1": 0.9124521907085875
      },
      "val": {
        "accuracy": 0.9075462268865567,
        "precision": 0.9073423579155201,
        "recall": 0.9075462268865567,
        "f1": 0.9074279101047106
      },
      "test": {
        "accuracy": 0.8993993993993994,
        "precision": 0.8991932996387071,
        "recall": 0.8993993993993994,
        "f1": 0.8992750723895134
      }
    },
    "4": {
      "train": {
        "accuracy": 0.9303571428571429,
        "precision": 0.9304378116376874,
        "recall": 0.9303571428571429,
        "f1": 0.9303917685650828
      },
      "val": {
        "accuracy": 0.9060469765117442,
        "precision": 0.9058736583570679,
        "recall": 0.9060469765117442,
        "f1": 0.9059174650198842
      },
      "test": {
        "accuracy": 0.9124124124124124,
        "precision": 0.913390848870713,
        "recall": 0.9124124124124124,
        "f1": 0.9127829929454696
      }
    },
    "5": {
      "train": {
        "accuracy": 0.9047857142857143,
        "precision": 0.9050400733559123,
        "recall": 0.9047857142857143,
        "f1": 0.904896790466703
      },
      "val": {
        "accuracy": 0.8793103448275862,
        "precision": 0.8793262418368855,
        "recall": 0.8793103448275862,
        "f1": 0.8792685497418633
      },
      "test": {
        "accuracy": 0.8993993993993994,
        "precision": 0.8989982379338122,
        "recall": 0.8993993993993994,
        "f1": 0.899156482214788
      }
    },
    "6": {
      "train": {
        "accuracy": 0.8973571428571429,
        "precision": 0.8969279559778206,
        "recall": 0.8973571428571429,
        "f1": 0.8971134557345447
      },
      "val": {
        "accuracy": 0.887056471764118,
        "precision": 0.8862457547422277,
        "recall": 0.887056471764118,
        "f1": 0.886554203540305
      },
      "test": {
        "accuracy": 0.8958958958958959,
        "precision": 0.89557961290294,
        "recall": 0.8958958958958959,
        "f1": 0.8957109485551735
      }
    },
    "7": {
      "train": {
        "accuracy": 0.9182142857142858,
        "precision": 0.9187599001503822,
        "recall": 0.9182142857142858,
        "f1": 0.9184363194142049
      },
      "val": {
        "accuracy": 0.9017991004497751,
        "precision": 0.9021650460320015,
        "recall": 0.9017991004497751,
        "f1": 0.9019684244807213
      },
      "test": {
        "accuracy": 0.8928928928928929,
        "precision": 0.8924724762200169,
        "recall": 0.8928928928928929,
        "f1": 0.8924919286429382
      }
    },
    "8": {
      "train": {
        "accuracy": 0.8875714285714286,
        "precision": 0.8874381872820256,
        "recall": 0.8875714285714286,
        "f1": 0.8874831727619894
      },
      "val": {
        "accuracy": 0.8728135932033984,
        "precision": 0.8726479794264814,
        "recall": 0.8728135932033984,
        "f1": 0.8727196681044851
      },
      "test": {
        "accuracy": 0.8798798798798799,
        "precision": 0.8803894926501279,
        "recall": 0.8798798798798799,
        "f1": 0.879980022847343
      }
    },
    "9": {
      "train": {
        "accuracy": 0.9194285714285715,
        "precision": 0.919860895582596,
        "recall": 0.9194285714285715,
        "f1": 0.9196158547301012
      },
      "val": {
        "accuracy": 0.8935532233883059,
        "precision": 0.8931819562508427,
        "recall": 0.8935532233883059,
        "f1": 0.8933239544809354
      },
      "test": {
        "accuracy": 0.9074074074074074,
        "precision": 0.9068686708473198,
        "recall": 0.9074074074074074,
        "f1": 0.906973882077799
      }
    },
    "10": {
      "train": {
        "accuracy": 0.915,
        "precision": 0.9145532344993098,
        "recall": 0.915,
        "f1": 0.9147247274060595
      },
      "val": {
        "accuracy": 0.9005497251374313,
        "precision": 0.9010008002857768,
        "recall": 0.9005497251374313,
        "f1": 0.9007511861296237
      },
      "test": {
        "accuracy": 0.9014014014014013,
        "precision": 0.9023603059742523,
        "recall": 0.9014014014014013,
        "f1": 0.9017885483633044
      }
    }
  }
}