{
  "train_loss": [
    0.6900627843900161,
    0.5548512302745472,
    0.40595812727104535,
    0.27846503016623586,
    0.19022183484651825,
    0.13519032016396523,
    0.10557985246181488,
    0.08888024339621717,
    0.0797500949251381,
    0.07453972762619908,
    0.07098576718433336,
    0.06908970375291326,
    0.06767392023720525,
    0.0646559515934099,
    0.063399130217731,
    0.06220832256092267,
    0.06114099078219046,
    0.06096585329960693,
    0.05952589266679505,
    0.05975407743318514,
    0.058171886893158616,
    0.056542293033139276,
    0.05665991554206068,
    0.056558835008604966,
    0.05681459598920562,
    0.05591324315829711,
    0.054900650700384926,
    0.05421367964961312,
    0.054495836581018836,
    0.05367442591962489,
    0.053943213729018516,
    0.052511056915602906,
    0.0522737191143361,
    0.051980917148969394,
    0.05188353848050942,
    0.05223135525530035,
    0.05109917640686036,
    0.051379319354891775,
    0.050622045404531746,
    0.05109007015485656,
    0.049615026458420544,
    0.05054225366901268,
    0.05051274306056175,
    0.05031157446517186,
    0.05007716119628061,
    0.04867655878717249,
    0.050161465147340836,
    0.04893153233792294,
    0.04828820399093357,
    0.048843503917821426,
    0.04835034223442728,
    0.04850137965076349,
    0.04722995633936741,
    0.04716732563281602,
    0.047401409934867515,
    0.04778660902076147,
    0.047471434485844594,
    0.047458746793933894,
    0.04724490788511254,
    0.046790431092747234,
    0.047162303016944365,
    0.04620739221911539,
    0.04701879887926308,
    0.047077871129255405,
    0.04622029703957113,
    0.04493362117220055,
    0.045478785202245825,
    0.0458524022183635,
    0.045852531507949934,
    0.04640074032274159,
    0.04484420558099042,
    0.04475242699242451,
    0.044790182149207054,
    0.044470649546181615,
    0.045100164366039364,
    0.04412053718146953,
    0.04444978994232687,
    0.04457627697424456,
    0.04363924116065557,
    0.04382500537755815,
    0.044168007649819964,
    0.045164687882431526,
    0.04351471983912317,
    0.04446669280359691
  ],
  "val_loss": [
    0.6744948212057352,
    0.4726090064272285,
    0.3135556554421783,
    0.20300050964578986,
    0.13682881616987289,
    0.09498315958771855,
    0.07287246917840093,
    0.06143576342146844,
    0.054708687507081785,
    0.050505818595411256,
    0.04689283270854503,
    0.04584554989705794,
    0.043974983348743994,
    0.042199346196139235,
    0.04088810425018892,
    0.041056538547854876,
    0.03890420520328917,
    0.04068126443889923,
    0.03923979678074829,
    0.03921353020123206,
    0.03984500427613966,
    0.03845349647453986,
    0.03727513970807195,
    0.03803320614097175,
    0.03644964855338913,
    0.03671841665054672,
    0.03747913464612793,
    0.03716848284529988,
    0.03577304389036726,
    0.03691816303762607,
    0.03728739279031288,
    0.03448323182819877,
    0.03677631485043094,
    0.0336382701760158,
    0.0346015636168886,
    0.03457996861834545,
    0.03436839329369832,
    0.03595765742647927,
    0.033509725600015375,
    0.036191191067337064,
    0.03448251975642052,
    0.03401879083248787,
    0.033394269418204205,
    0.03590831615729258,
    0.033432418038137256,
    0.033677388748037634,
    0.032410121805150995,
    0.0323316237248946,
    0.033747155146556906,
    0.031895478063961494,
    0.035054275367292574,
    0.03337855747959111,
    0.03449165873753373,
    0.030904057490988637,
    0.033686382533051076,
    0.03271444091806188,
    0.033014126299531196,
    0.03386685836012475,
    0.031340412140707485,
    0.03408741696621292,
    0.031583898764802144,
    0.0315433329262305,
    0.03195017833204475,
    0.031326853783684785,
    0.03307301275199279,
    0.032295058143790814,
    0.03139343643561006,
    0.03212381362973247,
    0.03232623001968023,
    0.031546256877481936,
    0.0323410076496657,
    0.03256701796781272,
    0.03164230441034306,
    0.032443538302322855,
    0.032164188672322784,
    0.03150086752139032,
    0.03134648585109972,
    0.031085851084208117,
    0.03206321206234861,
    0.030978997464990245,
    0.03123853408615105,
    0.031627992016728966,
    0.03185489317402244,
    0.032681869150837886
  ],
  "epochs": [
    0,
    1,
    2,
    3,
    4,
    5,
    6,
    7,
    8,
    9,
    10,
    11,
    12,
    13,
    14,
    15,
    16,
    17,
    18,
    19,
    20,
    21,
    22,
    23,
    24,
    25,
    26,
    27,
    28,
    29,
    30,
    31,
    32,
    33,
    34,
    35,
    36,
    37,
    38,
    39,
    40,
    41,
    42,
    43,
    44,
    45,
    46,
    47,
    48,
    49,
    50,
    51,
    52,
    53,
    54,
    55,
    56,
    57,
    58,
    59,
    60,
    61,
    62,
    63,
    64,
    65,
    66,
    67,
    68,
    69,
    70,
    71,
    72,
    73,
    74,
    75,
    76,
    77,
    78,
    79,
    80,
    81,
    82,
    83
  ]
}