{
  "train_loss": [
    0.41968130713159385,
    0.24521740837530656,
    0.23514081619002603,
    0.23048430247740312,
    0.22850870273329996,
    0.22935404831712897,
    0.22656584734266455,
    0.22441007549112493,
    0.22269215069033882,
    0.22192924943837253,
    0.2237216981974515,
    0.22271402369845997,
    0.2175584676590833,
    0.21710545474832707,
    0.2176151516762647,
    0.21514206772500818,
    0.2158702777190642,
    0.21832872222770344,
    0.21422174003991215,
    0.2152435397559946,
    0.21423832015557723,
    0.21523354947566986,
    0.21555459770289334,
    0.21293117810379375,
    0.215448780764233,
    0.21479341631585902,
    0.216340510411696,
    0.213126693259586,
    0.21252131380818107,
    0.21608482138677076,
    0.21604587462815372
  ],
  "val_loss": [
    0.32201511785387993,
    0.26286976505070925,
    0.27287288568913937,
    0.2602734137326479,
    0.26353712379932404,
    0.25815300922840834,
    0.2617126666009426,
    0.2581809666007757,
    0.26205724757164717,
    0.2665891833603382,
    0.26124589797109365,
    0.2676195241510868,
    0.25707789696753025,
    0.2575337216258049,
    0.2585328919813037,
    0.25676567293703556,
    0.25825786404311657,
    0.25770178716629744,
    0.25961641874164343,
    0.2586294310167432,
    0.25895495619624853,
    0.25893469527363777,
    0.2581572411581874,
    0.2580019747838378,
    0.25785797368735075,
    0.257857583463192,
    0.257846069522202,
    0.2575816363096237,
    0.25780969858169556,
    0.2577145891264081,
    0.25811477843672037
  ],
  "epochs": [
    0,
    1,
    2,
    3,
    4,
    5,
    6,
    7,
    8,
    9,
    10,
    11,
    12,
    13,
    14,
    15,
    16,
    17,
    18,
    19,
    20,
    21,
    22,
    23,
    24,
    25,
    26,
    27,
    28,
    29,
    30
  ]
}