{
  "train_loss": [
    0.46255638870325955,
    0.29253515709530226,
    0.28412349007346416,
    0.2810868937860836,
    0.28364596556533467,
    0.27455469911748714,
    0.2744778410954909,
    0.27023209658536046,
    0.2735587241974744,
    0.2762652787295255,
    0.2734273680231788,
    0.27205642813986,
    0.27208854258060455,
    0.27223659997636623,
    0.26713500700213694,
    0.27034998617388983,
    0.2682451976971193,
    0.26902115534652365,
    0.26817685609514064,
    0.26704293408177115,
    0.267800355499441,
    0.2686071761629798,
    0.26861871833151035,
    0.26887744719331913,
    0.2665108109062368,
    0.26624059622937984,
    0.2669073782183907,
    0.26603485968979923,
    0.26451381228186865,
    0.26305061903866855,
    0.26283833601258016,
    0.26431189477443695,
    0.2614323851737109,
    0.26211350966583596,
    0.26162253455682233,
    0.260019481994889,
    0.2615149102427743,
    0.26252092231403695,
    0.26058521487496117,
    0.26032056971029804,
    0.262404388460246,
    0.2603583216667175,
    0.25970670309933747,
    0.2598613359711387,
    0.25868961160833187,
    0.2600098124959252,
    0.26023526977409017,
    0.2596068888902664,
    0.25800976292653516,
    0.260600315711715,
    0.2594300795685161,
    0.25977156433192167
  ],
  "val_loss": [
    0.31644946709275246,
    0.33916294388473034,
    0.312766470015049,
    0.3889452777802944,
    0.3167841602116823,
    0.32825925573706627,
    0.32564621418714523,
    0.3113557789474726,
    0.3214322403073311,
    0.34081654995679855,
    0.3175167702138424,
    0.30739071033895016,
    0.3249671533703804,
    0.30391077883541584,
    0.3057303726673126,
    0.313400661572814,
    0.3038683086633682,
    0.3111096415668726,
    0.32392299361526966,
    0.31427142582833767,
    0.3278150372207165,
    0.30877145752310753,
    0.301707461476326,
    0.32118965685367584,
    0.3028596267104149,
    0.30494659300893545,
    0.3050483148545027,
    0.31091707944869995,
    0.307427367195487,
    0.3006726782768965,
    0.3007607478648424,
    0.2997431084513664,
    0.30011202301830053,
    0.30137235298752785,
    0.2996006105095148,
    0.29974619671702385,
    0.29957888275384903,
    0.3002304947003722,
    0.2997726546600461,
    0.30253205448389053,
    0.3007741793990135,
    0.3008654769510031,
    0.3001468051224947,
    0.30014335829764605,
    0.3004142204299569,
    0.3002892779186368,
    0.300309119746089,
    0.3006092719733715,
    0.3004712834954262,
    0.3004859881475568,
    0.30060771852731705,
    0.30032266676425934
  ],
  "epochs": [
    0,
    1,
    2,
    3,
    4,
    5,
    6,
    7,
    8,
    9,
    10,
    11,
    12,
    13,
    14,
    15,
    16,
    17,
    18,
    19,
    20,
    21,
    22,
    23,
    24,
    25,
    26,
    27,
    28,
    29,
    30,
    31,
    32,
    33,
    34,
    35,
    36,
    37,
    38,
    39,
    40,
    41,
    42,
    43,
    44,
    45,
    46,
    47,
    48,
    49,
    50,
    51
  ]
}