{
  "train_loss": [
    0.4247002512216568,
    0.25221527977423236,
    0.23678143403746865,
    0.23535050451755524,
    0.23333845328200947,
    0.2302543650973927,
    0.22989716556939213,
    0.22832852520725944,
    0.22888848917050794,
    0.22961714240637693,
    0.22528787742961537,
    0.2268643785606731,
    0.224216275323521,
    0.22696664441715586,
    0.22456957616589285,
    0.2244975444945422,
    0.22506632019173015,
    0.22566961293870752,
    0.225623911077326,
    0.2248351443897594,
    0.22193217196247794,
    0.22253345440734518,
    0.2203550783070651,
    0.222729846293276,
    0.21994898481802508,
    0.21955820267850704,
    0.22141399031335657,
    0.22010583173144949,
    0.22026566537943754,
    0.21915311298587106
  ],
  "val_loss": [
    0.2882422348484397,
    0.2595895044505596,
    0.2508199028670788,
    0.2519714767113328,
    0.2581267701461911,
    0.2504312554374337,
    0.26030519884079695,
    0.28306874446570873,
    0.2745967973023653,
    0.26157553400844336,
    0.24739985633641481,
    0.25918001867830753,
    0.2542488854378462,
    0.2521324409171939,
    0.24529614858329296,
    0.25096273608505726,
    0.25682506803423166,
    0.25453834515064955,
    0.24949657171964645,
    0.2512221895158291,
    0.2479101838544011,
    0.24919483251869678,
    0.2488114796578884,
    0.24820653814822435,
    0.2507840022444725,
    0.2512947479262948,
    0.25169501546770334,
    0.25089746713638306,
    0.25045229215174913,
    0.2503514224663377
  ],
  "epochs": [
    0,
    1,
    2,
    3,
    4,
    5,
    6,
    7,
    8,
    9,
    10,
    11,
    12,
    13,
    14,
    15,
    16,
    17,
    18,
    19,
    20,
    21,
    22,
    23,
    24,
    25,
    26,
    27,
    28,
    29
  ]
}