{
  "train_loss": [
    0.404818565195257,
    0.2526810933243145,
    0.2499202327294783,
    0.24093143912878903,
    0.24047279926863582,
    0.23512609059160405,
    0.23666982813314957,
    0.2389092120257291,
    0.23671826828609813,
    0.23715710965069858,
    0.23850794353268362,
    0.23999378030950372,
    0.2359144013036381,
    0.23559451590884817,
    0.23885752369057048,
    0.23194726651365108,
    0.23576941056685013,
    0.23540083928541702,
    0.23722443201325155,
    0.23585748076438903,
    0.23347855291583322,
    0.23123481165279042,
    0.22998781529339876,
    0.23147665045478127,
    0.23185299309817228,
    0.23075181137431752,
    0.2289436250925064,
    0.23100628040053628,
    0.23004814223809675
  ],
  "val_loss": [
    0.29321196861565113,
    0.30049861781299114,
    0.30261250771582127,
    0.2950528459623456,
    0.276284814812243,
    0.27469982486218214,
    0.2795445369556546,
    0.3153025973588228,
    0.2735356381163001,
    0.2782779596745968,
    0.2742473725229502,
    0.2719095079228282,
    0.27765802200883627,
    0.26996290870010853,
    0.30527267791330814,
    0.28175770584493876,
    0.29886538721621037,
    0.27655353397130966,
    0.27823896799236536,
    0.2875435892492533,
    0.2715816330164671,
    0.27205430157482624,
    0.27178456354886293,
    0.27196477074176073,
    0.27092583663761616,
    0.27177387941628695,
    0.27202500589191914,
    0.2717736763879657,
    0.27171136531978846
  ],
  "epochs": [
    0,
    1,
    2,
    3,
    4,
    5,
    6,
    7,
    8,
    9,
    10,
    11,
    12,
    13,
    14,
    15,
    16,
    17,
    18,
    19,
    20,
    21,
    22,
    23,
    24,
    25,
    26,
    27,
    28
  ]
}