{
  "train_loss": [
    0.4258138989860361,
    0.2639010784300891,
    0.25706327042796395,
    0.2543535901741548,
    0.2496538826010444,
    0.25313761207190427,
    0.2493733281439001,
    0.2494427112015811,
    0.24858572266318582,
    0.24779139811342413,
    0.24242676415226677,
    0.24635338620706038,
    0.24423002031716434,
    0.24241724691607736,
    0.24027937298471277,
    0.2394868772138249,
    0.2403763483871113,
    0.241250664266673,
    0.23819747946479103,
    0.23684023158116774,
    0.23873374326662583,
    0.23941430259834637,
    0.2375783454288136,
    0.23929702639579772,
    0.23711074048822575,
    0.23882602399045771,
    0.23977174325422806,
    0.23752933957360006,
    0.23922420089895075,
    0.2384328080849214,
    0.23650486686012961,
    0.2390833082524213,
    0.2363536848263307
  ],
  "val_loss": [
    0.29223896376788616,
    0.29740185756236315,
    0.30091249756515026,
    0.29262154921889305,
    0.31597605254501104,
    0.288410940207541,
    0.2866319417953491,
    0.2963054282590747,
    0.29614002630114555,
    0.2968995803967118,
    0.2893027029931545,
    0.28660411946475506,
    0.34660622105002403,
    0.2878217753022909,
    0.2881282055750489,
    0.2784063322469592,
    0.27987229730933905,
    0.2778781456872821,
    0.28059329371899366,
    0.279427420347929,
    0.28484249860048294,
    0.28089485596865416,
    0.2784477574750781,
    0.2804848412051797,
    0.27847897447645664,
    0.27829992584884167,
    0.277955973520875,
    0.27875148318707943,
    0.2789860852062702,
    0.27869147434830666,
    0.2786957649514079,
    0.2786909630522132,
    0.2786664394661784
  ],
  "epochs": [
    0,
    1,
    2,
    3,
    4,
    5,
    6,
    7,
    8,
    9,
    10,
    11,
    12,
    13,
    14,
    15,
    16,
    17,
    18,
    19,
    20,
    21,
    22,
    23,
    24,
    25,
    26,
    27,
    28,
    29,
    30,
    31,
    32
  ]
}