{
  "train_loss": [
    0.44809894832697783,
    0.26286475441672585,
    0.2509384954517538,
    0.25049861777912485,
    0.24856615716760808,
    0.24585382044315338,
    0.24434383945031599,
    0.24132229035550898,
    0.24315673790194772,
    0.24134284393353897,
    0.24102247790856796,
    0.24272071529518474,
    0.23929252516139637,
    0.2410197447646748,
    0.24288361397656527,
    0.24061519639058546,
    0.24146402234380895,
    0.24034562598575246,
    0.23840893046422437,
    0.2400612394918095,
    0.23708584823391654,
    0.2376333320682699,
    0.23413847224278883,
    0.2345940565521067,
    0.23243642476471987,
    0.23430490737611598,
    0.23306612182747233,
    0.23285388594323939,
    0.2318857179446654,
    0.2330381152304736,
    0.2325511322780089,
    0.23522532988678324,
    0.23250600749796088,
    0.23281801342964173,
    0.23254090032794258,
    0.232720393484289,
    0.2322544271295721,
    0.2321313202381134,
    0.23306155719540336,
    0.23183644332668998
  ],
  "val_loss": [
    0.2906226823106408,
    0.29916383139789104,
    0.2827824233099818,
    0.2803381774574518,
    0.28045694157481194,
    0.29206654615700245,
    0.2758170934394002,
    0.27749950531870127,
    0.29495962150394917,
    0.28397639375180006,
    0.2768124733120203,
    0.2743171826004982,
    0.2864714050665498,
    0.27683584578335285,
    0.28554290626198053,
    0.27304600924253464,
    0.28091552667319775,
    0.2767474353313446,
    0.27538353204727173,
    0.2814785446971655,
    0.2881657276302576,
    0.2787665640935302,
    0.27238130010664463,
    0.2738464046269655,
    0.27147423196583986,
    0.27258701901882887,
    0.27327986527234316,
    0.272205407731235,
    0.2734852358698845,
    0.2727851588279009,
    0.2751804916188121,
    0.2735360413789749,
    0.2735037812963128,
    0.27242969535291195,
    0.2732733469456434,
    0.2734489357098937,
    0.27333012595772743,
    0.2729507526382804,
    0.2733436683192849,
    0.273206016048789
  ],
  "epochs": [
    0,
    1,
    2,
    3,
    4,
    5,
    6,
    7,
    8,
    9,
    10,
    11,
    12,
    13,
    14,
    15,
    16,
    17,
    18,
    19,
    20,
    21,
    22,
    23,
    24,
    25,
    26,
    27,
    28,
    29,
    30,
    31,
    32,
    33,
    34,
    35,
    36,
    37,
    38,
    39
  ]
}