{
  "train_loss": [
    0.41559300883249806,
    0.25788993293588813,
    0.2555602350018241,
    0.24494345540350135,
    0.2409417772834951,
    0.24385346174240113,
    0.24243127676573667,
    0.23808394805951552,
    0.23959436362439937,
    0.23781864101236516,
    0.242353465069424,
    0.23746462599797682,
    0.23603559028018606,
    0.23728741976347836,
    0.23373939313671804,
    0.23303663432598115,
    0.23270517668940804,
    0.23110995915803043,
    0.23152969289909708,
    0.23060337007045745,
    0.23180397992784327,
    0.23104774843562734,
    0.23130145316774195,
    0.23101939911192113,
    0.23163736300034957,
    0.23131817037409003,
    0.2305416535247456,
    0.23164779218760403,
    0.23112031844529238
  ],
  "val_loss": [
    0.29375512804836035,
    0.275294060818851,
    0.29679268319159746,
    0.29962040297687054,
    0.27274727541953325,
    0.27153188083320856,
    0.2675578948110342,
    0.29099740367382765,
    0.2785740476101637,
    0.27354873064905405,
    0.2745655905455351,
    0.2786262100562453,
    0.2923003016039729,
    0.2667985148727894,
    0.26763561367988586,
    0.27018732484430075,
    0.26814058795571327,
    0.2688493821769953,
    0.26772927679121494,
    0.2679487122222781,
    0.26772055588662624,
    0.26775482948869467,
    0.2680040383711457,
    0.2684142682701349,
    0.2680700710043311,
    0.2679688697680831,
    0.26790960785001516,
    0.26841534674167633,
    0.26776532270014286
  ],
  "epochs": [
    0,
    1,
    2,
    3,
    4,
    5,
    6,
    7,
    8,
    9,
    10,
    11,
    12,
    13,
    14,
    15,
    16,
    17,
    18,
    19,
    20,
    21,
    22,
    23,
    24,
    25,
    26,
    27,
    28
  ]
}