{
  "train_loss": [
    0.47981447902592744,
    0.3235959543423219,
    0.31643185019493103,
    0.31542651870033955,
    0.31051037772135304,
    0.30860185758634046,
    0.30524340542879974,
    0.30680770576000216,
    0.3067319387739355,
    0.3063924499533393,
    0.305306244709275,
    0.30230601267381146,
    0.30581018599596893,
    0.3017534380609339,
    0.2990937192331661,
    0.2996839474547993,
    0.2985008955001831,
    0.2979192254218188,
    0.29858699522235177,
    0.29927813898433336,
    0.2971674184907566,
    0.29738798981363124,
    0.29930209490385923,
    0.297383930737322,
    0.29826574352654545,
    0.2970537331971255,
    0.2957376629114151,
    0.29641137475317175,
    0.2957915484905243,
    0.2969472787596963,
    0.2953475911508907,
    0.29808396859602493,
    0.2951124229214408,
    0.2946506164290688,
    0.2939948892051523,
    0.2957619715820659,
    0.29903853075070813,
    0.29761336012320083,
    0.29655988243493164,
    0.2956852977926081,
    0.2954509680921381
  ],
  "val_loss": [
    0.3362508723512292,
    0.3524931874126196,
    0.32863570656627417,
    0.33499303832650185,
    0.3332561096176505,
    0.3594309985637665,
    0.3207722157239914,
    0.32108721416443586,
    0.3258016714826226,
    0.3419907223433256,
    0.335096319206059,
    0.34112514182925224,
    0.3304443834349513,
    0.3211718322709203,
    0.3214180124923587,
    0.32157140225172043,
    0.32040600292384624,
    0.32051209080964327,
    0.31982740480452776,
    0.32065305951982737,
    0.3210174338892102,
    0.32241090293973684,
    0.3204451836645603,
    0.32112356554716825,
    0.32014071103185415,
    0.3196441689506173,
    0.3200963344424963,
    0.31990247406065464,
    0.3198437737300992,
    0.3200449841096997,
    0.3199484385550022,
    0.32002582494169474,
    0.32012984715402126,
    0.3198742223903537,
    0.3198624895885587,
    0.31995957251638174,
    0.3201172286644578,
    0.320022183470428,
    0.32006278447806835,
    0.31999744661152363,
    0.31991202663630247
  ],
  "epochs": [
    0,
    1,
    2,
    3,
    4,
    5,
    6,
    7,
    8,
    9,
    10,
    11,
    12,
    13,
    14,
    15,
    16,
    17,
    18,
    19,
    20,
    21,
    22,
    23,
    24,
    25,
    26,
    27,
    28,
    29,
    30,
    31,
    32,
    33,
    34,
    35,
    36,
    37,
    38,
    39,
    40
  ]
}