{
  "train_loss": [
    0.40238873118704016,
    0.23677892549471422,
    0.23455927940932186,
    0.22939976399595088,
    0.22273732125759124,
    0.22259055376052855,
    0.22367040000178598,
    0.22460352101109243,
    0.22109545279632914,
    0.22368738840926777,
    0.22054015398025512,
    0.219169437343424,
    0.2205958989533511,
    0.2196220273321325,
    0.21631844721057197,
    0.21747821081768381,
    0.21638115508989855,
    0.2154546762054617,
    0.2147763582793149,
    0.21552788073366339,
    0.2155150299722498,
    0.2149852679534392,
    0.21456018036062066,
    0.21532485999844292,
    0.21467142809521067,
    0.2155857519669966,
    0.21425999186255715,
    0.2139576947147196,
    0.2157050140879371,
    0.21513572118499064,
    0.21422845125198364,
    0.216424838792194,
    0.21475101953203027,
    0.2147987108338963,
    0.21548431434414603,
    0.2147252781824632,
    0.21385654183951291,
    0.21430066119540822,
    0.21491939642212607,
    0.21376499912955543,
    0.21463536593047056,
    0.2144880002195185,
    0.21316738020290027,
    0.21407466476613826,
    0.21405473784966902,
    0.21421519870107825,
    0.21391351629387248,
    0.21358462409539655,
    0.21434839476238599,
    0.21444344439289786,
    0.215136243538423,
    0.21346957778388803,
    0.214394119923765,
    0.2116624493490566,
    0.2133415858853947,
    0.21294903673908927,
    0.21272746460004285,
    0.21580552133646877,
    0.2141876070336862,
    0.2126416582952846,
    0.21346279301426627,
    0.2143858253955841
  ],
  "val_loss": [
    0.2460978953167796,
    0.2492043599486351,
    0.240884680300951,
    0.2354277865961194,
    0.23199409432709217,
    0.23855361714959145,
    0.22695282008498907,
    0.23951441142708063,
    0.23767683282494545,
    0.22961159516125917,
    0.241113418713212,
    0.2291323859244585,
    0.26508213579654694,
    0.22658784314990044,
    0.226502925157547,
    0.22609094064682722,
    0.2257928503677249,
    0.22642860282212496,
    0.22579091880470514,
    0.22618213295936584,
    0.22743617556989193,
    0.22626133635640144,
    0.2261853227391839,
    0.22600841615349054,
    0.22587370034307241,
    0.22621349338442087,
    0.22561808861792088,
    0.22569555882364511,
    0.22559536714106798,
    0.2258238811045885,
    0.2257426381111145,
    0.2257128981873393,
    0.22605529986321926,
    0.22577465139329433,
    0.22582901641726494,
    0.22599575389176607,
    0.225788957439363,
    0.2257620571181178,
    0.22551274672150612,
    0.2261764369904995,
    0.22599498182535172,
    0.22572045866400003,
    0.22559557668864727,
    0.2256899308413267,
    0.22573818545788527,
    0.22568807192146778,
    0.22548882476985455,
    0.2258060248568654,
    0.22590364888310432,
    0.22555525228381157,
    0.22571891453117132,
    0.22581876255571842,
    0.22567311208695173,
    0.22569431737065315,
    0.22559117805212736,
    0.22557869274169207,
    0.22562866937369108,
    0.2257526870816946,
    0.22562725562602282,
    0.2262322623282671,
    0.22559833899140358,
    0.22587135806679726
  ],
  "epochs": [
    0,
    1,
    2,
    3,
    4,
    5,
    6,
    7,
    8,
    9,
    10,
    11,
    12,
    13,
    14,
    15,
    16,
    17,
    18,
    19,
    20,
    21,
    22,
    23,
    24,
    25,
    26,
    27,
    28,
    29,
    30,
    31,
    32,
    33,
    34,
    35,
    36,
    37,
    38,
    39,
    40,
    41,
    42,
    43,
    44,
    45,
    46,
    47,
    48,
    49,
    50,
    51,
    52,
    53,
    54,
    55,
    56,
    57,
    58,
    59,
    60,
    61
  ]
}