{
  "train_loss": [
    0.30205633242021906,
    0.1635286447405815,
    0.13906474423002113,
    0.12197800481183962,
    0.10608232105997475,
    0.09451044598086314,
    0.08680067119611937,
    0.08116877817633478,
    0.07815232087604025,
    0.0737384876304052,
    0.07084249781275337,
    0.06999908388338305,
    0.06688590868630193,
    0.06618901708925312,
    0.06446734031831676,
    0.06369982254776088,
    0.06155335860834881,
    0.061171651137146094,
    0.060963367714800626,
    0.05913270961831917,
    0.059018577442250475,
    0.05868104648861018,
    0.058053329786793756,
    0.0574393932860006,
    0.056289716484871785,
    0.05579147029668093,
    0.055137024542147466,
    0.05497780271551826,
    0.05498001491650939,
    0.05411325895989483,
    0.053911660838533534,
    0.05390412153506821,
    0.05362150583924218,
    0.051838115433400334,
    0.051719850166277455,
    0.05188171475956385,
    0.05147200178185647,
    0.05216966634446925,
    0.05090469996190884,
    0.05059777618131855,
    0.05035016897388481,
    0.0503458807143298,
    0.05028719013048844,
    0.04969622188501738,
    0.0494324338707057,
    0.04860609523444013,
    0.049153957715766,
    0.04864748693325303,
    0.048584510126913144,
    0.04811308492991057,
    0.04741058214990931,
    0.04687472554093058,
    0.047502089158039204,
    0.0478380009802905,
    0.048062712699174885,
    0.04695791758088903,
    0.047082927950065245,
    0.047201665258881725,
    0.046862690672278405,
    0.04728343581103466,
    0.04771900282834064,
    0.046213194108144805,
    0.04680073972452771
  ],
  "val_loss": [
    0.16079745455645025,
    0.12705537541769446,
    0.10354612700175495,
    0.08621881670551375,
    0.08109911442734301,
    0.06959865019889548,
    0.060369860194623474,
    0.061807152116671205,
    0.05464414298767224,
    0.060602661041775724,
    0.0521355600852985,
    0.05647643148549833,
    0.05089397660922259,
    0.05167955872020684,
    0.050662334123626356,
    0.05417303969734349,
    0.053900903341127564,
    0.04960020805592649,
    0.04925198662094772,
    0.05061541713075713,
    0.04458527519600466,
    0.044573404756374654,
    0.046077505638822916,
    0.05797131439321675,
    0.05632228393806145,
    0.044757532293442634,
    0.05306195262237452,
    0.05197135047055781,
    0.04861044936696999,
    0.04426645326893777,
    0.04736860903212801,
    0.051041929580969744,
    0.04262624504044652,
    0.04520021488424391,
    0.049414839764358474,
    0.05486357950721868,
    0.05619305786676705,
    0.0517830293159932,
    0.053448534960625696,
    0.04483475296001416,
    0.043590346619021156,
    0.04961898128967733,
    0.05738973926345352,
    0.051883077659294945,
    0.05124655807157979,
    0.04798404716420919,
    0.047855523356702186,
    0.04665921839186922,
    0.043936684259097095,
    0.04741256248089486,
    0.04812878040829674,
    0.048599830389139245,
    0.0527175222086953,
    0.047487792620086115,
    0.05081333043635823,
    0.04626180352643132,
    0.04486061256902758,
    0.0485300358675886,
    0.047729011022602214,
    0.04989872312289663,
    0.04847281346155797,
    0.04571134439029265,
    0.046863943760399714
  ],
  "epochs": [
    0,
    1,
    2,
    3,
    4,
    5,
    6,
    7,
    8,
    9,
    10,
    11,
    12,
    13,
    14,
    15,
    16,
    17,
    18,
    19,
    20,
    21,
    22,
    23,
    24,
    25,
    26,
    27,
    28,
    29,
    30,
    31,
    32,
    33,
    34,
    35,
    36,
    37,
    38,
    39,
    40,
    41,
    42,
    43,
    44,
    45,
    46,
    47,
    48,
    49,
    50,
    51,
    52,
    53,
    54,
    55,
    56,
    57,
    58,
    59,
    60,
    61,
    62
  ]
}