{
  "train_loss": [
    0.2749609462781386,
    0.145393473722718,
    0.11563904985108159,
    0.09871978843076663,
    0.08793696463108064,
    0.08122933639721439,
    0.07787498079240322,
    0.07357168365608563,
    0.071071846048263,
    0.06675160783258352,
    0.0644683901457624,
    0.06308180056512357,
    0.06125062720003453,
    0.0599861616268754,
    0.05820871156386354,
    0.05706514061513272,
    0.057428456402637745,
    0.0550955362550237,
    0.05400827505371788,
    0.053444052785635,
    0.0527049488032406,
    0.05249862015586007,
    0.05195153888314963,
    0.05170146179131486,
    0.05085159232670611,
    0.05023654640228911,
    0.05047446039251306,
    0.05010800022801215,
    0.04914803489026699,
    0.04868242419070818,
    0.04790297564288432,
    0.048161692165515635,
    0.04795555091209032,
    0.04738731292499738,
    0.04763137486001307,
    0.046733444920656356,
    0.046405603472482085,
    0.04636857324703174,
    0.044720888119190935,
    0.04451806857335296,
    0.044534001374109226,
    0.04411189899187196,
    0.04444215800274502,
    0.04448985888199373,
    0.04397890102118254,
    0.043948505290529946,
    0.04361617162993009,
    0.04283354984088378,
    0.04351346512071111,
    0.044156105492941355,
    0.0433731032687832,
    0.04291214268993248,
    0.04345516479489478,
    0.04276009872047739,
    0.042918322628194644,
    0.04296026395803148,
    0.043618204585191875
  ],
  "val_loss": [
    0.14209887739270927,
    0.107792855380103,
    0.08679342876421288,
    0.07485193142201751,
    0.06428435138659552,
    0.06417433763854205,
    0.06144152216147632,
    0.059842706425115466,
    0.05689357665833086,
    0.06613658153219149,
    0.061245528783183546,
    0.05732784558204003,
    0.05712884369422682,
    0.05968217620393262,
    0.05308292596018874,
    0.06767052743234672,
    0.05904655673075468,
    0.05361127947107889,
    0.052574926451779906,
    0.06558681762544438,
    0.05900286079850048,
    0.06260672469506973,
    0.060814015765208757,
    0.06596851417561993,
    0.053359185828594495,
    0.05160610197344795,
    0.048196228221058846,
    0.06241923204506748,
    0.058962430298561234,
    0.055143407889408996,
    0.05167649675277062,
    0.06317940390435979,
    0.06387569992220961,
    0.0577561968297232,
    0.05411289546173066,
    0.05953952526906506,
    0.056979748432058844,
    0.05768697208259255,
    0.055530147056560966,
    0.0567883254843764,
    0.0553895611257758,
    0.0601672568183858,
    0.05943375758361072,
    0.05978220531251282,
    0.05819835276925005,
    0.05643323446856812,
    0.06249734346056357,
    0.05728800790966489,
    0.05617064168327488,
    0.05674322919803672,
    0.059768492577131835,
    0.05935792416566983,
    0.06095320726744831,
    0.05678244945593179,
    0.06008552841958591,
    0.06019504902651534,
    0.06018862435012125
  ],
  "epochs": [
    0,
    1,
    2,
    3,
    4,
    5,
    6,
    7,
    8,
    9,
    10,
    11,
    12,
    13,
    14,
    15,
    16,
    17,
    18,
    19,
    20,
    21,
    22,
    23,
    24,
    25,
    26,
    27,
    28,
    29,
    30,
    31,
    32,
    33,
    34,
    35,
    36,
    37,
    38,
    39,
    40,
    41,
    42,
    43,
    44,
    45,
    46,
    47,
    48,
    49,
    50,
    51,
    52,
    53,
    54,
    55,
    56
  ]
}