{
  "train_loss": [
    0.33613514389504084,
    0.11906335207549008,
    0.09295826197347859,
    0.08114198398522356,
    0.07563806241886183,
    0.06978024448183451,
    0.06633771251887083,
    0.062345203648913994,
    0.06283969596705655,
    0.0579004751179706,
    0.05638501793484796,
    0.05734867281534455,
    0.055245946894653813,
    0.05271832053126259,
    0.05206109786067496,
    0.05076118973507123,
    0.050681238284503875,
    0.0483735766617412,
    0.048684056604450396,
    0.047661401920697906,
    0.046867952883582226,
    0.045549468299881976,
    0.04609005659649318,
    0.044765658978034154,
    0.044219587978652934,
    0.043092095338824125,
    0.043053760543804276,
    0.042857402554628526,
    0.04300723897631873,
    0.04289582346820019,
    0.04186455348337238,
    0.04268654649907892,
    0.04274129011752931,
    0.04262770835648884,
    0.041820221687243746,
    0.04070844965563579,
    0.04034657022492452,
    0.041039667066863995,
    0.04042983828281815,
    0.04026808274232528,
    0.04079675762660124,
    0.04012743386693976
  ],
  "val_loss": [
    0.10593568074982612,
    0.07054795103613287,
    0.064059872191865,
    0.07021809749421665,
    0.06464227548567578,
    0.059525929664960134,
    0.051285237126285216,
    0.055556775419972844,
    0.05442291373037733,
    0.05676533710211516,
    0.05896547891316004,
    0.05094453359488398,
    0.05953085341025144,
    0.06123985965969041,
    0.0590554443129804,
    0.06113558898214251,
    0.07259234628872946,
    0.057705251302104445,
    0.0641877927875612,
    0.05237834443396423,
    0.06975361710647121,
    0.07700818551820704,
    0.0722134015755728,
    0.06247807676554658,
    0.07096897924493532,
    0.061375110130757096,
    0.06549962639983278,
    0.05829529565817211,
    0.06656677938590293,
    0.06719217967474833,
    0.06644194803666324,
    0.06255240442696959,
    0.06647921638796106,
    0.057993605613592084,
    0.06553104718914256,
    0.06655169946316164,
    0.06659412678563968,
    0.06683065964025445,
    0.06081983191543259,
    0.06413849485979882,
    0.06469674694817514,
    0.06752853589714505
  ],
  "epochs": [
    0,
    1,
    2,
    3,
    4,
    5,
    6,
    7,
    8,
    9,
    10,
    11,
    12,
    13,
    14,
    15,
    16,
    17,
    18,
    19,
    20,
    21,
    22,
    23,
    24,
    25,
    26,
    27,
    28,
    29,
    30,
    31,
    32,
    33,
    34,
    35,
    36,
    37,
    38,
    39,
    40,
    41
  ]
}