{
  "train_loss": [
    0.2805697106231343,
    0.14666221676902336,
    0.12425770399245349,
    0.10449160934171892,
    0.09204569469798696,
    0.0812841379202225,
    0.07556293722919444,
    0.07010874321176248,
    0.06690294910222293,
    0.06397898172790355,
    0.061823365224356,
    0.05952628128569235,
    0.05807130297137932,
    0.05629748831757091,
    0.05331046748737043,
    0.05367808524349874,
    0.052203671808608555,
    0.051026013783094556,
    0.0505473803999749,
    0.050346688941459765,
    0.04852090330455791,
    0.048388924344696785,
    0.04843189212916928,
    0.046744132221422416,
    0.04649288359860127,
    0.04705712493847717,
    0.04678057633340359,
    0.044774809024212034,
    0.045141265835951676,
    0.04467660026286136,
    0.04429285087707368,
    0.04408532762730664,
    0.044267031130465595,
    0.043640774972736836,
    0.04359650641002438,
    0.04328697822818702,
    0.042620027810335165,
    0.04262443311004476,
    0.04214130117642609,
    0.041866581236774274,
    0.0406857613880526,
    0.040241436494345015,
    0.04022306915541942,
    0.039302159024571834,
    0.04111376999792728,
    0.04013015823100101,
    0.039342400902374224,
    0.03988093908537518,
    0.039511147468266165,
    0.04016726538538933,
    0.039066106519577176,
    0.038523795352402065,
    0.03864984080872753,
    0.03823978938416324,
    0.03853101642971689,
    0.03911586001346057,
    0.038819490293548864,
    0.03875471876934171,
    0.03899621808054772
  ],
  "val_loss": [
    0.14321616957895458,
    0.1172704165801406,
    0.09328679740428925,
    0.07822455062996597,
    0.06279600752750411,
    0.05442215310758911,
    0.05950627811253072,
    0.05405365909682587,
    0.0489093229349237,
    0.04592124635819346,
    0.04763610895606689,
    0.04538199253147468,
    0.048636262258514765,
    0.04812331032007933,
    0.044457191659603275,
    0.04328992806840688,
    0.04063357159902808,
    0.05759198597806972,
    0.03862887319701258,
    0.04173846750345547,
    0.039728150752489456,
    0.04454411976621487,
    0.04322292791330256,
    0.04819204615487252,
    0.04614211136940867,
    0.04247769190114923,
    0.04189162676921114,
    0.047970051836455245,
    0.03724211474473123,
    0.04762779090087861,
    0.04529366461501923,
    0.04097641634871252,
    0.03988362082454842,
    0.041670212527969853,
    0.038569229099084626,
    0.04103496898023878,
    0.04024598093819805,
    0.03827203279652167,
    0.04085422049975023,
    0.044929727679118514,
    0.039538173642358745,
    0.040203591404133474,
    0.04085626172018237,
    0.04361922410607804,
    0.0375047379580792,
    0.04275365585344843,
    0.04193512083729729,
    0.04070317359874025,
    0.04072787834738847,
    0.04177103291440289,
    0.04051135008048732,
    0.04192466496606358,
    0.043501270256820136,
    0.042140380700584505,
    0.04244426344812382,
    0.040740214241668585,
    0.04040906314330642,
    0.04117255889286753,
    0.04185053647379391
  ],
  "epochs": [
    0,
    1,
    2,
    3,
    4,
    5,
    6,
    7,
    8,
    9,
    10,
    11,
    12,
    13,
    14,
    15,
    16,
    17,
    18,
    19,
    20,
    21,
    22,
    23,
    24,
    25,
    26,
    27,
    28,
    29,
    30,
    31,
    32,
    33,
    34,
    35,
    36,
    37,
    38,
    39,
    40,
    41,
    42,
    43,
    44,
    45,
    46,
    47,
    48,
    49,
    50,
    51,
    52,
    53,
    54,
    55,
    56,
    57,
    58
  ]
}