{
  "train_loss": [
    0.3167125747014176,
    0.1560558416491205,
    0.1252478634836999,
    0.10612808150323955,
    0.09355028321119872,
    0.08479539865797217,
    0.07880092924291437,
    0.07448242655193264,
    0.07161695869470185,
    0.06744155869226565,
    0.06340153952891177,
    0.06183444468473846,
    0.060127480162138286,
    0.05827171002599327,
    0.05666941607878967,
    0.05628726921298287,
    0.05470917008139871,
    0.054042381569743156,
    0.05256784425879067,
    0.051278454222801056,
    0.05139153933152556,
    0.05091405109079047,
    0.049505494284358895,
    0.04868085699833252,
    0.04824754929170013,
    0.04871365689587864,
    0.04785609222101894,
    0.047444446925073866,
    0.047125499136745935,
    0.045608349193564865,
    0.046266799794340674,
    0.04562992411750284,
    0.045666843236170034,
    0.044936428647488355,
    0.04392716576599262,
    0.04418139950456944,
    0.04415654216469689,
    0.04397236938672987,
    0.043810912277549505,
    0.04280778713016348,
    0.04365422769195654,
    0.04319522376087579,
    0.04290391318330711,
    0.041316213336857886,
    0.04290045666085048,
    0.04224352347071876,
    0.04215046251362021,
    0.04168398264287548,
    0.04070250378582966,
    0.04076160070063038,
    0.04135362785817547,
    0.04166155278174715,
    0.04065304813737219,
    0.04040008738636971,
    0.04106071875853972,
    0.04085845688865944,
    0.03945009262555025,
    0.04036441325294701,
    0.0396143821423704,
    0.03950927627018907,
    0.039581106338988654,
    0.03936107897623019,
    0.03924476675519889,
    0.0396682551079853,
    0.039000126319852745,
    0.039959223813969984,
    0.03897056944837625,
    0.03767153064804998,
    0.03768231124701825,
    0.036340838117016994,
    0.037190331522036685,
    0.03725994317707691,
    0.036766927076334305,
    0.03710230608724736,
    0.03736774687739936,
    0.03683229865167628,
    0.03689760117368265,
    0.036371991629288954,
    0.03708904584700411,
    0.036245964894240555,
    0.035919907441870735,
    0.036612378443506635,
    0.03622869605706497,
    0.035804401597177446,
    0.0366745750233531,
    0.036383002148094507
  ],
  "val_loss": [
    0.15696841068565848,
    0.11128529817797243,
    0.09098730918485672,
    0.07652307363459841,
    0.06322009369032458,
    0.05685704034985975,
    0.051649390638340266,
    0.049553176446352154,
    0.049860382871702316,
    0.0457507343206089,
    0.04608144626836293,
    0.04404852385632694,
    0.041556766466237606,
    0.042298085370566695,
    0.04199254647246562,
    0.042688356648432096,
    0.04133273997576907,
    0.03871148953330703,
    0.04395634373649955,
    0.041862730809953064,
    0.04126102435984649,
    0.03901051988941617,
    0.041057614347664646,
    0.038844104536110535,
    0.04243508572108113,
    0.035260925520560704,
    0.04087605450768024,
    0.03643043620395474,
    0.03909227563417517,
    0.03371236528037116,
    0.03892935711774044,
    0.04304931106744335,
    0.040787683054804805,
    0.03756997809396125,
    0.041795260016806425,
    0.03720212012412958,
    0.0401744703645818,
    0.0336644455062924,
    0.038202147578704174,
    0.038813870513695295,
    0.04094895362795797,
    0.036831846367567776,
    0.03818797765707131,
    0.0373676572489785,
    0.0338781017344445,
    0.0349851013685111,
    0.03427189638314303,
    0.036393479554681106,
    0.032554428491857836,
    0.03626829731801991,
    0.03624118137522601,
    0.034803860221290964,
    0.0368558829446556,
    0.039601776952622465,
    0.040362374379765247,
    0.0313464273524005,
    0.03442182246653829,
    0.0403564575011842,
    0.03442445113614667,
    0.0337126559461467,
    0.0324809159967117,
    0.035354922959231774,
    0.03573680221743416,
    0.034254179534036665,
    0.036798375521902925,
    0.03484821209276561,
    0.03408893477753736,
    0.03246013173484244,
    0.03426624387211632,
    0.03684599116968457,
    0.03533694380312227,
    0.03380697816610337,
    0.03445627865148708,
    0.03488923580734991,
    0.035305384360253815,
    0.03605907314340584,
    0.033339885019813664,
    0.03618183937796857,
    0.033422994756256236,
    0.0346867627784377,
    0.03386776352417655,
    0.03417636987578589,
    0.03416566980013158,
    0.03360262640635483,
    0.03330300935485866,
    0.03450841338781174
  ],
  "epochs": [
    0,
    1,
    2,
    3,
    4,
    5,
    6,
    7,
    8,
    9,
    10,
    11,
    12,
    13,
    14,
    15,
    16,
    17,
    18,
    19,
    20,
    21,
    22,
    23,
    24,
    25,
    26,
    27,
    28,
    29,
    30,
    31,
    32,
    33,
    34,
    35,
    36,
    37,
    38,
    39,
    40,
    41,
    42,
    43,
    44,
    45,
    46,
    47,
    48,
    49,
    50,
    51,
    52,
    53,
    54,
    55,
    56,
    57,
    58,
    59,
    60,
    61,
    62,
    63,
    64,
    65,
    66,
    67,
    68,
    69,
    70,
    71,
    72,
    73,
    74,
    75,
    76,
    77,
    78,
    79,
    80,
    81,
    82,
    83,
    84,
    85
  ]
}