{
  "train_loss": [
    0.36793239775029096,
    0.16049184330485083,
    0.1397297382083806,
    0.12154640549285847,
    0.1046858974410729,
    0.0939953566681255,
    0.08713799672370606,
    0.08154307920147073,
    0.07905425460839814,
    0.07498846041207964,
    0.0708416848731312,
    0.0698744432526556,
    0.0659500803290443,
    0.06461658393117514,
    0.06356403630904177,
    0.060625635290687735,
    0.06101278667761521,
    0.05914258892224594,
    0.0584414493766698,
    0.058337866890836844,
    0.056487869000570345,
    0.05736339010636915,
    0.05498496367850087,
    0.0548769984157248,
    0.053886058008806276,
    0.05339444997635755,
    0.05338131719353524,
    0.05220054269175638,
    0.052871472923593094,
    0.05123400875790553,
    0.05153082032264634,
    0.05028036053377119,
    0.05069006575610151,
    0.05035913046280092,
    0.05012873532419855,
    0.04826580958610231,
    0.04939759135754271,
    0.04914325163953684,
    0.04929112248630687,
    0.04929897301576354,
    0.04890133135020733,
    0.04757233449511908,
    0.04806056910956448,
    0.048266529176722875,
    0.04761353019624949,
    0.046431788324632434,
    0.04703073637221347,
    0.04677855897356164,
    0.046728385752913625,
    0.04597526109184731,
    0.04598442621190439,
    0.04535178792408921,
    0.04555791068483483,
    0.046131108868867156,
    0.0460618505389853,
    0.04623786838894541,
    0.044083902229639614,
    0.04325781961902976,
    0.04265458456494592,
    0.04380642617798665,
    0.042635401854799554,
    0.043409031749787656,
    0.043741799117150634,
    0.043158142317763784,
    0.04276574397798289,
    0.041468829988417305,
    0.0427438017167151,
    0.04209854976020076,
    0.0419213535704396,
    0.04267653538422151,
    0.041918365249240946,
    0.041727366919883276,
    0.04224814194339243,
    0.04220116978172552,
    0.041992228893055164
  ],
  "val_loss": [
    0.15706162448041142,
    0.12392692023422569,
    0.10874356122221798,
    0.09030316033167765,
    0.0731965838233009,
    0.0673380317981355,
    0.06843740076292307,
    0.06095982909901068,
    0.057996457442641265,
    0.06276193457888439,
    0.04977000135113486,
    0.052728860935894774,
    0.05924691435648129,
    0.054478507395833736,
    0.05628965674550272,
    0.04834380965330638,
    0.052634614118142055,
    0.053729691647458826,
    0.056422999268397694,
    0.058806891972199085,
    0.05742631688481197,
    0.045909846673021094,
    0.048874675139086325,
    0.047268354432890194,
    0.05372183381114155,
    0.059686884965049106,
    0.05332493445603177,
    0.04621874334407039,
    0.04720568305347115,
    0.05667839325033129,
    0.04928490850725212,
    0.04414253937720787,
    0.04825146200018936,
    0.04481471076142043,
    0.0483773986925371,
    0.05028827271307819,
    0.049723487888695676,
    0.047281322878552606,
    0.04719449423137121,
    0.042805667861830446,
    0.054726180591387674,
    0.0532218990061665,
    0.04708739476045594,
    0.051245758705772464,
    0.03966704061604105,
    0.04443420508468989,
    0.0460682156844996,
    0.04926246028626338,
    0.045923713373485955,
    0.04276500800042413,
    0.04924248745082878,
    0.04713503660459538,
    0.043783654476283115,
    0.042156067024916415,
    0.04239993417868391,
    0.04084633447346278,
    0.046825954117230145,
    0.044123318322817795,
    0.043166716990526766,
    0.04592228292312939,
    0.04444217022391968,
    0.04299205957504455,
    0.044814700147253465,
    0.04808947449200787,
    0.04068379687669221,
    0.045727801599423405,
    0.044735879151267005,
    0.044170365144964314,
    0.04453684264444746,
    0.04403102534997743,
    0.04232011697022245,
    0.042101649285177706,
    0.04333363716432359,
    0.044479354177019564,
    0.04171173886279576
  ],
  "epochs": [
    0,
    1,
    2,
    3,
    4,
    5,
    6,
    7,
    8,
    9,
    10,
    11,
    12,
    13,
    14,
    15,
    16,
    17,
    18,
    19,
    20,
    21,
    22,
    23,
    24,
    25,
    26,
    27,
    28,
    29,
    30,
    31,
    32,
    33,
    34,
    35,
    36,
    37,
    38,
    39,
    40,
    41,
    42,
    43,
    44,
    45,
    46,
    47,
    48,
    49,
    50,
    51,
    52,
    53,
    54,
    55,
    56,
    57,
    58,
    59,
    60,
    61,
    62,
    63,
    64,
    65,
    66,
    67,
    68,
    69,
    70,
    71,
    72,
    73,
    74
  ]
}