{
  "train_loss": [
    0.2927617459134622,
    0.16832242650064555,
    0.13728493638336658,
    0.11776753124188294,
    0.10428566276349804,
    0.0938052796098319,
    0.08652043008668855,
    0.08180977944284677,
    0.07794807741926475,
    0.07395150339061564,
    0.07149132444777273,
    0.06973103293302385,
    0.06708886228163134,
    0.06534348909827796,
    0.06321366595950993,
    0.06293910233811899,
    0.06252792226997289,
    0.06014430954375051,
    0.0592796347832138,
    0.058573521981862456,
    0.05787853753702207,
    0.056959729133681816,
    0.056749858685176485,
    0.05552033783867956,
    0.05402405999600888,
    0.05390903998674317,
    0.05364190978929401,
    0.0527194731564007,
    0.05295447469434955,
    0.052358171028847045,
    0.05150742528960109,
    0.05126715245064009,
    0.05040559052405033,
    0.05145240333100612,
    0.05049772880124775,
    0.049191760783168406,
    0.0491015701605515,
    0.04887002494355495,
    0.04872647399590774,
    0.0483458077755164,
    0.049230155198072854,
    0.04824725404381752,
    0.047404847946017986,
    0.047557374477725144,
    0.04756509972566909,
    0.047359398105605084,
    0.04555685780773109,
    0.045454742908477785,
    0.04523131952705709,
    0.0455041462098333,
    0.0451442907191813,
    0.044574441831897606,
    0.045648321709172296,
    0.04432285778563131,
    0.044393667275594045,
    0.04354894100095738,
    0.04439122249626301,
    0.04372632933103226,
    0.04487467490644617,
    0.04399597532200543,
    0.04413555483926426,
    0.043603948141363535,
    0.04357184941287745,
    0.043649005974558265,
    0.044250826681540775,
    0.04299972024322911,
    0.04289752471514724,
    0.04396776474504308,
    0.042846234776079656,
    0.04396491764621301,
    0.04289541454477744,
    0.043324340507388114,
    0.04269115004011176,
    0.04245556400919503,
    0.04318738375028426,
    0.04234098854559389,
    0.04180737060579387,
    0.04220790108496493,
    0.042714162805879655,
    0.042863694402304565,
    0.04269778544591232,
    0.04255668689073487,
    0.04244601930068298
  ],
  "val_loss": [
    0.16196763357147576,
    0.1234961150912568,
    0.10030248982366174,
    0.08601397241000086,
    0.07952559131663292,
    0.06724529528291896,
    0.06774361152201891,
    0.060001264378661295,
    0.06430911828065292,
    0.05851793212932535,
    0.057972645957488564,
    0.054899627593113114,
    0.05864997943863273,
    0.050917545938864356,
    0.05593335184385069,
    0.047597972047515216,
    0.051169697928708055,
    0.055291845614556225,
    0.046460046013817195,
    0.04628231797250919,
    0.045832615531980994,
    0.05320784399518743,
    0.05679922610870563,
    0.04930074861622416,
    0.050491704832529655,
    0.048439611890353264,
    0.051363168115494774,
    0.047881953592877835,
    0.04134730318619404,
    0.04268840425065719,
    0.04547613117611036,
    0.04841401658486576,
    0.04450102707778569,
    0.04546726405969821,
    0.03964375450159423,
    0.04973795726546087,
    0.04276621107128449,
    0.05510160253325012,
    0.04076390681148041,
    0.040406208269996566,
    0.04321636502572801,
    0.04085858107428066,
    0.045355690890573896,
    0.04314786847971845,
    0.044118792601511816,
    0.04291348510596436,
    0.04345577729691286,
    0.042874275756184944,
    0.04081393881933764,
    0.0433618190814741,
    0.042178814104408956,
    0.04222294228093233,
    0.038987571315374225,
    0.04187428725417704,
    0.044663353971554895,
    0.0403654646652285,
    0.04016282364609651,
    0.04273678816680331,
    0.03963544843136333,
    0.04334973475779407,
    0.04461434666882269,
    0.04000020201783627,
    0.042387024540221314,
    0.03932642787403893,
    0.03952836779935751,
    0.04025913861114532,
    0.0420298590848688,
    0.04141146359324921,
    0.040744489518692716,
    0.0399212485208409,
    0.041121411323547366,
    0.04055228982761037,
    0.040426146177924234,
    0.04120463896542788,
    0.041638482187408954,
    0.040339428689912894,
    0.040848928428022194,
    0.03965339392307215,
    0.039851869377889676,
    0.04179330532497261,
    0.040417295409133656,
    0.04050956994178705,
    0.041702133443322964
  ],
  "epochs": [
    0,
    1,
    2,
    3,
    4,
    5,
    6,
    7,
    8,
    9,
    10,
    11,
    12,
    13,
    14,
    15,
    16,
    17,
    18,
    19,
    20,
    21,
    22,
    23,
    24,
    25,
    26,
    27,
    28,
    29,
    30,
    31,
    32,
    33,
    34,
    35,
    36,
    37,
    38,
    39,
    40,
    41,
    42,
    43,
    44,
    45,
    46,
    47,
    48,
    49,
    50,
    51,
    52,
    53,
    54,
    55,
    56,
    57,
    58,
    59,
    60,
    61,
    62,
    63,
    64,
    65,
    66,
    67,
    68,
    69,
    70,
    71,
    72,
    73,
    74,
    75,
    76,
    77,
    78,
    79,
    80,
    81,
    82
  ]
}