{
  "train_loss": [
    0.30033533040772786,
    0.14456817356700247,
    0.11878427372737366,
    0.10151334280994806,
    0.08996379718861797,
    0.08359121064570817,
    0.07829345725476741,
    0.07349664295938882,
    0.07072012497281487,
    0.06731694566932592,
    0.0656234916976907,
    0.06452912299470467,
    0.06136892694979906,
    0.06008427193219012,
    0.061447606882588435,
    0.05880345821719278,
    0.056335285492241385,
    0.05651379002766176,
    0.05472208536145362,
    0.05449169714173133,
    0.05235042745078153,
    0.05142562662505291,
    0.05126532987776128,
    0.051943136170845144,
    0.051399655348875306,
    0.04962141343477097,
    0.05004897336729548,
    0.04976331846111201,
    0.04776301289823923,
    0.047550414539873596,
    0.047822420952672307,
    0.047191500560465185,
    0.04685688170350411,
    0.046077399932864034,
    0.0469499647227878,
    0.04532773965292356,
    0.04514151089401408,
    0.045201281866228044,
    0.044534819994799114,
    0.04445915905081413,
    0.044347256643866954,
    0.044319559760730376,
    0.04489038881253113,
    0.04443575553426689,
    0.04406139839271253,
    0.04389900458468632,
    0.044220702859827064,
    0.04378937766294588,
    0.04374546124007214,
    0.04427618102424524,
    0.04401810481975024,
    0.043922865160486914
  ],
  "val_loss": [
    0.12633852714207025,
    0.10094417184591292,
    0.08074182553682477,
    0.07099270053440705,
    0.06526073594577611,
    0.06335842055268585,
    0.058390413509914654,
    0.05695210491539911,
    0.05870278896181845,
    0.0559601035900414,
    0.06371820274507627,
    0.054134528443682946,
    0.05593707885127515,
    0.05295598802622408,
    0.05268475477932953,
    0.05708928780513816,
    0.05555559323984199,
    0.053848071338143205,
    0.05573960886686109,
    0.05468724550446496,
    0.05474630946409889,
    0.05262839794741012,
    0.05461641538422555,
    0.05440614508115687,
    0.0536950241890736,
    0.05737859352957458,
    0.057880130491685125,
    0.057573918579146274,
    0.05439413305721246,
    0.06221487872535363,
    0.055080279323738074,
    0.05935455019352958,
    0.061524215113604445,
    0.05984108211123385,
    0.05513441711082123,
    0.05773537261411548,
    0.05913210935541429,
    0.05662589142448269,
    0.05819817342562601,
    0.059846129344077785,
    0.05595761042786762,
    0.06026390963234008,
    0.05519744995399378,
    0.05907535451115109,
    0.057087364298058677,
    0.06126701022149064,
    0.060758657369296996,
    0.057879892858909446,
    0.05745910453842953,
    0.05973115206579678,
    0.059125637629767885,
    0.05767552375327796
  ],
  "epochs": [
    0,
    1,
    2,
    3,
    4,
    5,
    6,
    7,
    8,
    9,
    10,
    11,
    12,
    13,
    14,
    15,
    16,
    17,
    18,
    19,
    20,
    21,
    22,
    23,
    24,
    25,
    26,
    27,
    28,
    29,
    30,
    31,
    32,
    33,
    34,
    35,
    36,
    37,
    38,
    39,
    40,
    41,
    42,
    43,
    44,
    45,
    46,
    47,
    48,
    49,
    50,
    51
  ]
}