{
  "train_loss": [
    0.4773559158498591,
    0.32290632020343435,
    0.31879360350695524,
    0.31397798142649913,
    0.3131375426595861,
    0.3117941422895952,
    0.31181815591725437,
    0.31042498566887594,
    0.3062065682627938,
    0.3116377101703124,
    0.3049517208879644,
    0.30494541011073373,
    0.3074729624119672,
    0.30480420752005144,
    0.30614345046606933,
    0.3060649400407618,
    0.3047335239973935,
    0.30553951317613776,
    0.30261531390927054,
    0.3042412695559588,
    0.30136548172343863,
    0.29890526858243077,
    0.3014620128003034,
    0.2999997466802597,
    0.3007056870243766,
    0.29899656691334464,
    0.298858671838587,
    0.29972130060195923,
    0.2997496938163584,
    0.29979347613724794,
    0.299223455786705,
    0.2986335987394506,
    0.2997389162128622,
    0.29976584965532477,
    0.297854484482245,
    0.3003167474811727,
    0.29961176704276693,
    0.29855542562224646,
    0.29860865527933295,
    0.2981237211010673,
    0.2997591127048839,
    0.2978076479651711,
    0.29816080169244247,
    0.2990820616483688,
    0.2999163730577989,
    0.29830162985758346,
    0.29762662513689564,
    0.298773853616281,
    0.29696678085760636,
    0.29827286303043365,
    0.2997703817757693,
    0.29848054511980576,
    0.29815146679228005,
    0.29869766506281764,
    0.3018120497465134,
    0.2977418447082693,
    0.29712453105232933,
    0.29848840778524227,
    0.29857281229712745,
    0.298618327758529,
    0.2983360634608702,
    0.2981737833131443,
    0.2971040210940621,
    0.29815635654059325,
    0.2994202589446848,
    0.2974697641351006,
    0.29785947447473354,
    0.29809538613666187,
    0.2942915512756868,
    0.2984261780977249,
    0.3004257966171611,
    0.2986977696418762,
    0.29880924333225595,
    0.2974514679475264,
    0.2967921403321353,
    0.29583798186345533,
    0.2989304469390349
  ],
  "val_loss": [
    0.3183921407908201,
    0.3271036446094513,
    0.3224601298570633,
    0.33333518728613853,
    0.33078653179109097,
    0.3404759708791971,
    0.31355579011142254,
    0.3297565393149853,
    0.3212079983204603,
    0.3265028540045023,
    0.32389999739825726,
    0.31276160664856434,
    0.33451428823173046,
    0.31230689585208893,
    0.3318618442863226,
    0.31271653808653355,
    0.31301955692470074,
    0.31501416955143213,
    0.31304436549544334,
    0.3174016270786524,
    0.31117943581193686,
    0.31112414225935936,
    0.31105950754135847,
    0.31126142758876085,
    0.3106721881777048,
    0.31058325059711933,
    0.31105076149106026,
    0.31131191831082106,
    0.3116504894569516,
    0.3104311414062977,
    0.31075561232864857,
    0.3106931997463107,
    0.3106882283464074,
    0.3107229620218277,
    0.31037444435060024,
    0.3106117695569992,
    0.3103362191468477,
    0.3114620288833976,
    0.3105836808681488,
    0.3108113640919328,
    0.3103201733902097,
    0.31071272771805525,
    0.3116880105808377,
    0.3107321858406067,
    0.31061030458658934,
    0.3105163397267461,
    0.3102617124095559,
    0.3104629348963499,
    0.31026478856801987,
    0.3102477500215173,
    0.3106771819293499,
    0.3100233403965831,
    0.3102471735328436,
    0.31015041936188936,
    0.31016121059656143,
    0.31046838592737913,
    0.31035037711262703,
    0.3101780889555812,
    0.3102949308231473,
    0.3100649993866682,
    0.3102251570671797,
    0.3099832544103265,
    0.31034782435745,
    0.3100623246282339,
    0.3101932378485799,
    0.31005684472620487,
    0.3101335857063532,
    0.31035942025482655,
    0.31014727242290974,
    0.31022092141211033,
    0.31038053054362535,
    0.3102528639137745,
    0.31027458794414997,
    0.3102761609479785,
    0.3102280702441931,
    0.3102775625884533,
    0.31010107789188623
  ],
  "epochs": [
    0,
    1,
    2,
    3,
    4,
    5,
    6,
    7,
    8,
    9,
    10,
    11,
    12,
    13,
    14,
    15,
    16,
    17,
    18,
    19,
    20,
    21,
    22,
    23,
    24,
    25,
    26,
    27,
    28,
    29,
    30,
    31,
    32,
    33,
    34,
    35,
    36,
    37,
    38,
    39,
    40,
    41,
    42,
    43,
    44,
    45,
    46,
    47,
    48,
    49,
    50,
    51,
    52,
    53,
    54,
    55,
    56,
    57,
    58,
    59,
    60,
    61,
    62,
    63,
    64,
    65,
    66,
    67,
    68,
    69,
    70,
    71,
    72,
    73,
    74,
    75,
    76
  ]
}