{
  "train_loss": [
    0.4461094628680836,
    0.29293066479943014,
    0.2836808424104344,
    0.2819382366808978,
    0.2789618684486909,
    0.27889676744287667,
    0.2790423780679703,
    0.27748274396766315,
    0.2762925026091662,
    0.27484877922318196,
    0.27262587466023186,
    0.27211586047302594,
    0.2731761320070787,
    0.2729755802588029,
    0.2695013552904129,
    0.27014534175395966,
    0.2708572688427838,
    0.27188784967769275,
    0.27184606357054275,
    0.2701417112892324,
    0.2709247608076442,
    0.2690561110323126,
    0.27138545323501934,
    0.2707660653374412,
    0.26962850337678734,
    0.27069622440771623,
    0.27100527476180686,
    0.2697801346128637,
    0.27075273502956737,
    0.2700295331803235,
    0.27080210853706704,
    0.27174450809305367,
    0.27278195971792396,
    0.27088126025416637,
    0.2723048012364994,
    0.2710657065564936,
    0.269087554378943,
    0.27226494279774754,
    0.27171958251432937,
    0.2705361992120743,
    0.2705085028301586,
    0.26990855878049674,
    0.26944339952685614,
    0.2700734119523655,
    0.27191157801584764,
    0.27042701054703105,
    0.27161278507926245,
    0.2702815681695938,
    0.2692920118570328,
    0.2694817813959989,
    0.27001297771930693,
    0.2686578097668561,
    0.2708596562797373,
    0.27208386171947824,
    0.2694969591769305,
    0.26773651459000325,
    0.27096396467902445,
    0.27026955566622995,
    0.2714775272391059,
    0.2723526892336932,
    0.2714965744452043,
    0.27202140255407853,
    0.26946320669217544,
    0.2702393279834227,
    0.2721233224326914,
    0.27128149921243844,
    0.2696138327771967,
    0.2679843065413562
  ],
  "val_loss": [
    0.32336420752108097,
    0.3093914035707712,
    0.3132163919508457,
    0.301484189927578,
    0.3211032245308161,
    0.3107382785528898,
    0.30827429331839085,
    0.3045121543109417,
    0.30836179479956627,
    0.3148901332169771,
    0.3024773020297289,
    0.30136281065642834,
    0.3021416924893856,
    0.3013053759932518,
    0.3023192062973976,
    0.30231255292892456,
    0.30162809044122696,
    0.30096055939793587,
    0.3009342011064291,
    0.30099790543317795,
    0.30187022127211094,
    0.3010292313992977,
    0.30503262393176556,
    0.30107160843908787,
    0.3008784931153059,
    0.30084175802767277,
    0.3009683582931757,
    0.30100030452013016,
    0.30087429843842983,
    0.30093706026673317,
    0.3010890353471041,
    0.30097893439233303,
    0.30097527988255024,
    0.30056373961269855,
    0.30090915225446224,
    0.3009023107588291,
    0.30060015618801117,
    0.3007542435079813,
    0.30099475011229515,
    0.30061082169413567,
    0.3010156210511923,
    0.3009791225194931,
    0.30077517591416836,
    0.3005217034369707,
    0.30068121291697025,
    0.3006396424025297,
    0.30092765763401985,
    0.3006784524768591,
    0.3005509674549103,
    0.30061146803200245,
    0.300637923181057,
    0.30055078119039536,
    0.30045911855995655,
    0.30076632648706436,
    0.3005570247769356,
    0.30099422484636307,
    0.30060651898384094,
    0.30060836859047413,
    0.3008275832980871,
    0.30047328770160675,
    0.30117737874388695,
    0.30057493038475513,
    0.3005156088620424,
    0.3005675580352545,
    0.3012048676609993,
    0.30065537244081497,
    0.3005075268447399,
    0.30079301446676254
  ],
  "epochs": [
    0,
    1,
    2,
    3,
    4,
    5,
    6,
    7,
    8,
    9,
    10,
    11,
    12,
    13,
    14,
    15,
    16,
    17,
    18,
    19,
    20,
    21,
    22,
    23,
    24,
    25,
    26,
    27,
    28,
    29,
    30,
    31,
    32,
    33,
    34,
    35,
    36,
    37,
    38,
    39,
    40,
    41,
    42,
    43,
    44,
    45,
    46,
    47,
    48,
    49,
    50,
    51,
    52,
    53,
    54,
    55,
    56,
    57,
    58,
    59,
    60,
    61,
    62,
    63,
    64,
    65,
    66,
    67
  ]
}