{
  "train_loss": [
    0.4336042658849196,
    0.2653342247009277,
    0.255270916223526,
    0.25515415126627145,
    0.25465105013413863,
    0.24959848387674852,
    0.25125765800476074,
    0.2501215772195296,
    0.25177498730746184,
    0.24904081523418425,
    0.24646428986029192,
    0.24735601381822067,
    0.25202119052410127,
    0.24727597534656526,
    0.24508394626053898,
    0.24635086953639984,
    0.24184278439391743,
    0.2413788611238653,
    0.24225589714267037,
    0.24313113581050527,
    0.24455543891950088,
    0.2407532905990427,
    0.240827262672511,
    0.24146450568329203,
    0.24124740307981318
  ],
  "val_loss": [
    0.28305781725794077,
    0.28702969290316105,
    0.28597795963287354,
    0.2910953089594841,
    0.27676224429160357,
    0.2758134352043271,
    0.27976200729608536,
    0.2787958886474371,
    0.27825476974248886,
    0.27017814852297306,
    0.2811187766492367,
    0.2741565555334091,
    0.281918172724545,
    0.2707243086770177,
    0.27617273200303316,
    0.27626302745193243,
    0.2730655334889889,
    0.2729269443079829,
    0.2723364243283868,
    0.2721389112994075,
    0.27237649261951447,
    0.2732950635254383,
    0.27255378663539886,
    0.2721049804240465,
    0.2721223998814821
  ],
  "epochs": [
    0,
    1,
    2,
    3,
    4,
    5,
    6,
    7,
    8,
    9,
    10,
    11,
    12,
    13,
    14,
    15,
    16,
    17,
    18,
    19,
    20,
    21,
    22,
    23,
    24
  ]
}