{
  "train_loss": [
    0.437559668042443,
    0.2694960141723806,
    0.26721493954008274,
    0.26165581779046493,
    0.2605903327465057,
    0.2616325015371496,
    0.25506137148900465,
    0.257552188093012,
    0.2547412484884262,
    0.25350169783288784,
    0.2539802448316054,
    0.25445897064425727,
    0.2547384890643033,
    0.25215803195129743,
    0.2524712741374969,
    0.25544206120751123,
    0.25567606687545774,
    0.25058488872918216,
    0.2492610275745392,
    0.24951961744915355,
    0.24905122220516204,
    0.24789128330620852,
    0.24833548096093264,
    0.25073533870957115,
    0.24763254794207487,
    0.24904707886955954,
    0.24564404568888926,
    0.24720077595927498,
    0.25080033432353627,
    0.24473851323127746,
    0.2489367980848659,
    0.24809858798980713,
    0.24678318419239736,
    0.2465328566052697,
    0.2486597031354904
  ],
  "val_loss": [
    0.2903687199577689,
    0.279495726339519,
    0.27729841507971287,
    0.337829302996397,
    0.3496922831982374,
    0.28204095270484686,
    0.2794612506404519,
    0.28019206039607525,
    0.2758626341819763,
    0.3057575188577175,
    0.27052249666303396,
    0.2877312209457159,
    0.2753469357267022,
    0.2752449568361044,
    0.2750503057613969,
    0.2769314255565405,
    0.27450908813625574,
    0.270147823728621,
    0.2723262272775173,
    0.26990300323814154,
    0.27131938468664885,
    0.27121281810104847,
    0.2708557369187474,
    0.2726166406646371,
    0.2714155279099941,
    0.27140108309686184,
    0.2712287325412035,
    0.27074923552572727,
    0.2710647275671363,
    0.2707636272534728,
    0.27075807470828295,
    0.27085831854492426,
    0.27078370098024607,
    0.27074442710727453,
    0.27067117393016815
  ],
  "epochs": [
    0,
    1,
    2,
    3,
    4,
    5,
    6,
    7,
    8,
    9,
    10,
    11,
    12,
    13,
    14,
    15,
    16,
    17,
    18,
    19,
    20,
    21,
    22,
    23,
    24,
    25,
    26,
    27,
    28,
    29,
    30,
    31,
    32,
    33,
    34
  ]
}