{
  "train_loss": [
    0.38271974216807975,
    0.2026220820166848,
    0.1976205362515016,
    0.19365135918964038,
    0.19182325899600983,
    0.19197960766878994,
    0.192454593019052,
    0.19013135893778368,
    0.1857805688272823,
    0.1847102406350049,
    0.18413348495960236,
    0.18332382995973934,
    0.18349637998776003,
    0.18259104977954518,
    0.1822406855496493,
    0.18233602846210653,
    0.1824663525277918,
    0.18220697411082007,
    0.18306643786755475,
    0.1832690493627028,
    0.18524893874471837,
    0.18364202732389623,
    0.18063411848111585,
    0.18100958087227562,
    0.18100757612423463,
    0.1815233905207027,
    0.1800796632062305,
    0.17994011423804543,
    0.18243709016929974,
    0.1821017793633721,
    0.18114992813630537,
    0.1807217144153335,
    0.18065356585112485,
    0.18193926133892752,
    0.18097395517609335,
    0.1803511923009699
  ],
  "val_loss": [
    0.22143589332699776,
    0.21543943416327238,
    0.21633798070251942,
    0.21682764030992985,
    0.21863040328025818,
    0.22061921656131744,
    0.2159582581371069,
    0.21852397732436657,
    0.20996943581849337,
    0.20992393791675568,
    0.20952761732041836,
    0.20936356112360954,
    0.21006241161376238,
    0.2093609245494008,
    0.20903728157281876,
    0.2093531684949994,
    0.20871954131871462,
    0.21028393600136042,
    0.21024723257869482,
    0.2089095776900649,
    0.20833587646484375,
    0.20855650212615728,
    0.21045674569904804,
    0.20851325895637274,
    0.20904369093477726,
    0.20844653993844986,
    0.21010562404990196,
    0.2098556412383914,
    0.2096294267103076,
    0.20933948457241058,
    0.20914342440664768,
    0.20942654833197594,
    0.2091010669246316,
    0.20900800451636314,
    0.20905210077762604,
    0.20937456842511892
  ],
  "epochs": [
    0,
    1,
    2,
    3,
    4,
    5,
    6,
    7,
    8,
    9,
    10,
    11,
    12,
    13,
    14,
    15,
    16,
    17,
    18,
    19,
    20,
    21,
    22,
    23,
    24,
    25,
    26,
    27,
    28,
    29,
    30,
    31,
    32,
    33,
    34,
    35
  ]
}