{
  "train_loss": [
    0.46108139861713754,
    0.29857240373438054,
    0.2918889457529241,
    0.2900862997228449,
    0.28549227253957227,
    0.2843891363252293,
    0.2853732163255865,
    0.28180605687878346,
    0.28179543695666576,
    0.28233658346262847,
    0.28455843112685464,
    0.2821267385374416,
    0.27895122495564545,
    0.2785375251011415,
    0.27948424382643267,
    0.2823355880650607,
    0.2799394203857942,
    0.27860181738029827,
    0.2804421365261078,
    0.28019318634813484,
    0.2761837601661682,
    0.27514176070690155,
    0.2756014040925286,
    0.2749220143664967,
    0.27257952825589615,
    0.2742555008693175,
    0.2748350858688354,
    0.27458628063852136,
    0.27322963747111234,
    0.2734759810295972,
    0.2740440945733677,
    0.27487329163334584,
    0.2730810531161048,
    0.2741838983514092,
    0.2734526376832615,
    0.2721528110179034,
    0.27245759665966035,
    0.27208709798075936,
    0.2729572277177464,
    0.2726107280362736,
    0.27133671126582404,
    0.2730654773387042
  ],
  "val_loss": [
    0.3054289873689413,
    0.2984098354354501,
    0.3023476079106331,
    0.2991814576089382,
    0.3166246432811022,
    0.31049778312444687,
    0.29944009985774755,
    0.29748223163187504,
    0.30098971724510193,
    0.2961202338337898,
    0.30399402789771557,
    0.29918946977704763,
    0.3021453991532326,
    0.29598117154091597,
    0.30051677767187357,
    0.3076481893658638,
    0.30026107002049685,
    0.3131108684465289,
    0.2961612017825246,
    0.31428130343556404,
    0.2950600106269121,
    0.2944600395858288,
    0.29564340226352215,
    0.294872572645545,
    0.29505719151347876,
    0.2946595847606659,
    0.2938279490917921,
    0.29464482329785824,
    0.2949315384030342,
    0.29438179172575474,
    0.2950004143640399,
    0.29504728969186544,
    0.29441291466355324,
    0.29470401629805565,
    0.2945564230903983,
    0.294900924898684,
    0.294202109798789,
    0.2942517241463065,
    0.2944278623908758,
    0.29473741352558136,
    0.29478379618376493,
    0.2948103779926896
  ],
  "epochs": [
    0,
    1,
    2,
    3,
    4,
    5,
    6,
    7,
    8,
    9,
    10,
    11,
    12,
    13,
    14,
    15,
    16,
    17,
    18,
    19,
    20,
    21,
    22,
    23,
    24,
    25,
    26,
    27,
    28,
    29,
    30,
    31,
    32,
    33,
    34,
    35,
    36,
    37,
    38,
    39,
    40,
    41
  ]
}