{
  "train_loss": [
    0.45661093457178636,
    0.24419538920575923,
    0.23578586795113304,
    0.2346772917292335,
    0.23088451488451525,
    0.22822801199826329,
    0.22789068520069122,
    0.22733316773718054,
    0.22643762745640494,
    0.22299563667990946,
    0.2204586551948027,
    0.21999268992380663,
    0.22091908888383346,
    0.21910007894039155,
    0.22248643257401207,
    0.2201660015366294,
    0.21971266784451224,
    0.21854981671680104,
    0.21908406669443303,
    0.22023628787560898,
    0.2184210162271153,
    0.22092948406934737,
    0.2200695273551074,
    0.22026446813886816,
    0.218835310773416,
    0.2188766368410804,
    0.21999709579077634,
    0.21916169713843953,
    0.22033189237117767,
    0.2178036697886207,
    0.22088879644870757,
    0.2191556759855964,
    0.22053444493900645,
    0.21967266716740347,
    0.2185008609836752,
    0.22002474909478967,
    0.22069714367389678
  ],
  "val_loss": [
    0.2727310014888644,
    0.2575251581147313,
    0.25203592516481876,
    0.2521700095385313,
    0.27109660767018795,
    0.2646581819280982,
    0.27828309033066034,
    0.300945695489645,
    0.2524428442120552,
    0.24822021834552288,
    0.24983043037354946,
    0.24945544078946114,
    0.2482440760359168,
    0.2479409473016858,
    0.24766864255070686,
    0.24880397226661444,
    0.24890148639678955,
    0.24921185337007046,
    0.2484595002606511,
    0.249241734854877,
    0.2478450397029519,
    0.24745715223252773,
    0.2477589575573802,
    0.24777285940945148,
    0.24774773605167866,
    0.24768903013318777,
    0.24776110518723726,
    0.24795926921069622,
    0.24779809825122356,
    0.24814497865736485,
    0.24786132015287876,
    0.24771978799253702,
    0.24794966634362936,
    0.24779727030545473,
    0.24805819522589445,
    0.2478274768218398,
    0.2478495603427291
  ],
  "epochs": [
    0,
    1,
    2,
    3,
    4,
    5,
    6,
    7,
    8,
    9,
    10,
    11,
    12,
    13,
    14,
    15,
    16,
    17,
    18,
    19,
    20,
    21,
    22,
    23,
    24,
    25,
    26,
    27,
    28,
    29,
    30,
    31,
    32,
    33,
    34,
    35,
    36
  ]
}