{
  "train_loss": [
    0.40868477523326874,
    0.22016439519145273,
    0.21203505559401079,
    0.20457073937762868,
    0.20408464724367315,
    0.19945808865807274,
    0.20255177264863794,
    0.20412201556292447,
    0.1981215693733909,
    0.2003970823504708,
    0.19829759083010934,
    0.197879190065644,
    0.20001188299872658,
    0.19676814458586953,
    0.20073582367463547,
    0.19731332497163254,
    0.19770016318017786,
    0.19625061316923662,
    0.19469690241596915,
    0.19490010738372804,
    0.19595333121039651,
    0.1951245840300213,
    0.1950510783628984,
    0.1938453330235048,
    0.1945653652602976,
    0.1930263172496449,
    0.1950579036365856,
    0.1926656882871281,
    0.19434313665736805,
    0.1950648985125802,
    0.1923527026718313,
    0.19101742072538896,
    0.19328876571221784,
    0.19290429760109296,
    0.19416772655465386
  ],
  "val_loss": [
    0.22338146436959505,
    0.2129251416772604,
    0.21693217288702726,
    0.21983286552131176,
    0.22258698474615812,
    0.23292330093681812,
    0.2154667666181922,
    0.2102079945616424,
    0.20736430725082755,
    0.22240323293954134,
    0.20738480985164642,
    0.2086978117004037,
    0.21779840253293514,
    0.21184293925762177,
    0.22685672156512737,
    0.20745534636080265,
    0.20839091390371323,
    0.2069631335325539,
    0.21037373505532742,
    0.2067187768407166,
    0.20839029038324952,
    0.2092527155764401,
    0.20708268508315086,
    0.20856987312436104,
    0.2076724241487682,
    0.2083648187108338,
    0.2083497541025281,
    0.20765812322497368,
    0.2076005833223462,
    0.20792534295469522,
    0.20771731296554208,
    0.2077276767231524,
    0.2080422407016158,
    0.20745224598795176,
    0.20765643939375877
  ],
  "epochs": [
    0,
    1,
    2,
    3,
    4,
    5,
    6,
    7,
    8,
    9,
    10,
    11,
    12,
    13,
    14,
    15,
    16,
    17,
    18,
    19,
    20,
    21,
    22,
    23,
    24,
    25,
    26,
    27,
    28,
    29,
    30,
    31,
    32,
    33,
    34
  ]
}