{
  "train_loss": [
    0.47719901393760333,
    0.2769320501522584,
    0.26825316927649756,
    0.2634518878026442,
    0.2609880815852772,
    0.26342668370767075,
    0.2579537597569552,
    0.2604355145584453,
    0.2590811791745099,
    0.2582695392045108,
    0.2578860475258394,
    0.25568708100102167,
    0.2560620768503709,
    0.2516156397082589,
    0.2508582819591869,
    0.2507243936712092,
    0.24994013824246147,
    0.2513479920950803,
    0.2503746290098537,
    0.25073804150928153,
    0.25046333074569704,
    0.24910504682497545,
    0.2501035115935586,
    0.24949733154340223,
    0.2495895114811984,
    0.2492586460980502,
    0.24999465156685222,
    0.251458633758805,
    0.2477298628200184,
    0.24879451475360176
  ],
  "val_loss": [
    0.27535945922136307,
    0.2738671684637666,
    0.2900341618806124,
    0.2746931007131934,
    0.2788420785218477,
    0.26738400477916,
    0.2656856868416071,
    0.26277298759669065,
    0.2743967352434993,
    0.28261981904506683,
    0.3070900458842516,
    0.2743570888414979,
    0.27990965358912945,
    0.2866521254181862,
    0.2623689044266939,
    0.2628722283989191,
    0.2632969431579113,
    0.26277666725218296,
    0.2635753434151411,
    0.2633228646591306,
    0.2631653845310211,
    0.2627386851236224,
    0.2629438787698746,
    0.2630020948126912,
    0.26284611597657204,
    0.2630272163078189,
    0.2628841958940029,
    0.26289271749556065,
    0.26298333890736103,
    0.26297979708760977
  ],
  "epochs": [
    0,
    1,
    2,
    3,
    4,
    5,
    6,
    7,
    8,
    9,
    10,
    11,
    12,
    13,
    14,
    15,
    16,
    17,
    18,
    19,
    20,
    21,
    22,
    23,
    24,
    25,
    26,
    27,
    28,
    29
  ]
}