{
  "train_loss": [
    0.4588077328421853,
    0.28525400893254715,
    0.2802513052116741,
    0.2725776349956339,
    0.27297589535062966,
    0.2719471565701745,
    0.2689447050744837,
    0.27149236608635297,
    0.26859326145865703,
    0.26841156726533716,
    0.26675103225491265,
    0.26657384579831905,
    0.2644138181751425,
    0.26564364514567634,
    0.26558683812618256,
    0.2649223734032024,
    0.26423536891287025,
    0.2622112829576839,
    0.26373177820985966
  ],
  "val_loss": [
    0.3326991405338049,
    0.32163156755268574,
    0.31304835714399815,
    0.31140871718525887,
    0.31329993810504675,
    0.3569407444447279,
    0.31953318789601326,
    0.33950574696063995,
    0.31662702560424805,
    0.3129688911139965,
    0.3133362317457795,
    0.3150584455579519,
    0.31513494066894054,
    0.31640676595270634,
    0.3161534294486046,
    0.3121332637965679,
    0.3129967553541064,
    0.31295508053153753,
    0.3126948196440935
  ],
  "epochs": [
    0,
    1,
    2,
    3,
    4,
    5,
    6,
    7,
    8,
    9,
    10,
    11,
    12,
    13,
    14,
    15,
    16,
    17,
    18
  ]
}