{
  "train_loss": [
    0.6429441464424134,
    0.5603669360024588,
    0.5393431305204119,
    0.5285045268671853,
    0.5147894125665937,
    0.5056954379217965,
    0.49917737712860105,
    0.49688087722233365,
    0.4882647770881653,
    0.4843349656786237,
    0.4798427677835737,
    0.47845922061375207,
    0.47266006458827425,
    0.4683143201623644,
    0.46653487315177916,
    0.4636234897272927,
    0.46104514414242337,
    0.4606028145381382,
    0.457774762909753,
    0.4568606318269457,
    0.45125485647746494,
    0.4499670959881374,
    0.4488068029676165,
    0.44710653839792525,
    0.44803493311064585,
    0.44118694584710255,
    0.4407706384386335,
    0.43952180535452706,
    0.44022894847733635,
    0.43926087927818297,
    0.4401152788094112,
    0.435000648518971,
    0.4386203335557665,
    0.4318229062148503,
    0.43139214190074376,
    0.4321971418244498,
    0.4307612347739083,
    0.42729416374479023,
    0.42613514214924403,
    0.4258261609077454,
    0.42736411367143906,
    0.4263123080730438,
    0.42452720801489696,
    0.4222452760287694,
    0.42179613671302796,
    0.42043946016856604
  ],
  "val_loss": [
    0.3717239547252655,
    0.355441730594635,
    0.3243812747001648,
    0.340197869682312,
    0.33753927450180055,
    0.349235959815979,
    0.32747025470733643,
    0.3366436351776123,
    0.3375190118312836,
    0.3349294597148895,
    0.3219635443687439,
    0.3230505585670471,
    0.31919084520339963,
    0.3159674169540405,
    0.3183558153152466,
    0.3159647144317627,
    0.31796787757873535,
    0.31620662117004394,
    0.31601778945922854,
    0.3005604207992554,
    0.3041964323043823,
    0.30782190861701964,
    0.3098895293235779,
    0.31635458006858824,
    0.2968570107936859,
    0.297665589427948,
    0.30405778713226317,
    0.3131968477249146,
    0.30557444291114805,
    0.3049888250827789,
    0.30334128580093384,
    0.29879911422729494,
    0.30691209988594054,
    0.30462867760658263,
    0.30218745250701906,
    0.30489513301849364,
    0.30057153015136717,
    0.3030430034160614,
    0.2984748056411743,
    0.2951765700340271,
    0.29976780405044556,
    0.2926644349098206,
    0.2962521713495255,
    0.29163192625045775,
    0.29111077127456664,
    0.2915533989906311
  ],
  "epochs": [
    0,
    1,
    2,
    3,
    4,
    5,
    6,
    7,
    8,
    9,
    10,
    11,
    12,
    13,
    14,
    15,
    16,
    17,
    18,
    19,
    20,
    21,
    22,
    23,
    24,
    25,
    26,
    27,
    28,
    29,
    30,
    31,
    32,
    33,
    34,
    35,
    36,
    37,
    38,
    39,
    40,
    41,
    42,
    43,
    44,
    45
  ]
}