{
    "dataset": "train",
    "accuracy": 0.9038642857142857,
    "macro_precision": 0.9032402014492609,
    "macro_recall": 0.9038642857142858,
    "macro_f1": 0.9034749396046879,
    "weighted_precision": 0.9032402014492608,
    "weighted_recall": 0.9038642857142857,
    "weighted_f1": 0.9034749396046879,
    "per_class_metrics": {
        "class_0": {
            "precision": 0.8956895100185216,
            "recall": 0.9119142857142857,
            "f1_score": 0.9037290823116346,
            "support": 35000
        },
        "class_1": {
            "precision": 0.8191978767325273,
            "recall": 0.7936857142857143,
            "f1_score": 0.806240023218691,
            "support": 35000
        },
        "class_2": {
            "precision": 0.8999294482855933,
            "recall": 0.9111142857142858,
            "f1_score": 0.9054873287428126,
            "support": 35000
        },
        "class_3": {
            "precision": 0.998143970760401,
            "recall": 0.9987428571428572,
            "f1_score": 0.9984433241456134,
            "support": 35000
        }
    },
    "confusion_matrix": [
        [
            31917,
            3031,
            11,
            41
        ],
        [
            3692,
            27779,
            3520,
            9
        ],
        [
            6,
            3090,
            31889,
            15
        ],
        [
            19,
            10,
            15,
            34956
        ]
    ]
}