{
  "train_loss": [
    0.7169376101221357,
    0.6509823074068342,
    0.6280109037399292,
    0.6121950232505798,
    0.6071630262374877,
    0.5960494632039751,
    0.5860491622924805,
    0.5902982375826155,
    0.5805489759308952,
    0.5796512142045157,
    0.5758646548952375,
    0.5747268324579511,
    0.5678313898086548,
    0.5682343065806797,
    0.5625073278290885,
    0.5646755507469178,
    0.5621976569175721,
    0.5615259297915868,
    0.5551729133333478,
    0.5563616447040013,
    0.5520096044267927,
    0.5482829179968153,
    0.548895861857278,
    0.5427448979105268,
    0.5434459628173283,
    0.5436408548218863,
    0.5432387716429574,
    0.5438877061843872
  ],
  "val_loss": [
    0.4265652843952179,
    0.4070192166805267,
    0.3924481162548065,
    0.39424805002212526,
    0.3941202802658081,
    0.3921852411746979,
    0.3989752497673035,
    0.3746659698009491,
    0.3740294130802155,
    0.3709365900993347,
    0.3840888156890869,
    0.3853460845947266,
    0.37439534096717836,
    0.3722440631866455,
    0.38000538296699526,
    0.37318977737426756,
    0.37570989379882813,
    0.38126790266036986,
    0.37912235260009763,
    0.3665696293830872,
    0.372536173248291,
    0.37257660531997683,
    0.3696824901580811,
    0.3761913847923279,
    0.37133663597106936,
    0.3594322157859802,
    0.367986261510849,
    0.36647612867355345
  ],
  "epochs": [
    0,
    1,
    2,
    3,
    4,
    5,
    6,
    7,
    8,
    9,
    10,
    11,
    12,
    13,
    14,
    15,
    16,
    17,
    18,
    19,
    20,
    21,
    22,
    23,
    24,
    25,
    26,
    27
  ]
}