{
    "dataset": "train",
    "accuracy": 0.8759928571428571,
    "macro_precision": 0.8743100433197852,
    "macro_recall": 0.8759928571428571,
    "macro_f1": 0.8746738444229524,
    "weighted_precision": 0.8743100433197851,
    "weighted_recall": 0.8759928571428571,
    "weighted_f1": 0.8746738444229524,
    "per_class_metrics": {
        "class_0": {
            "precision": 0.8655661694877381,
            "recall": 0.8854,
            "f1_score": 0.8753707522386374,
            "support": 35000
        },
        "class_1": {
            "precision": 0.7769106899541682,
            "recall": 0.7168,
            "f1_score": 0.745645842002021,
            "support": 35000
        },
        "class_2": {
            "precision": 0.8595848595848596,
            "recall": 0.9051428571428571,
            "f1_score": 0.8817757984830562,
            "support": 35000
        },
        "class_3": {
            "precision": 0.995178454252375,
            "recall": 0.9966285714285714,
            "f1_score": 0.9959029849680947,
            "support": 35000
        }
    },
    "confusion_matrix": [
        [
            30989,
            3931,
            21,
            59
        ],
        [
            4757,
            25088,
            5104,
            51
        ],
        [
            12,
            3249,
            31680,
            59
        ],
        [
            44,
            24,
            50,
            34882
        ]
    ]
}