{
  "summary": {
    "norm_name": "robust_normalized",
    "num_chips_requested": 10,
    "num_chips_processed": 10,
    "num_chips_with_metrics": 10,
    "generated_at": "2025-10-22T08:53:17.496308"
  },
  "averages": {
    "train": {
      "accuracy": 0.9063928571428572,
      "accuracy_std": 0.01878686172487005,
      "precision": 0.9064990478466399,
      "precision_std": 0.018669144149979933,
      "recall": 0.9063928571428572,
      "recall_std": 0.01878686172487005,
      "f1": 0.9064238719330593,
      "f1_std": 0.01873829511391865,
      "num_chips": 10
    },
    "val": {
      "accuracy": 0.8940529735132434,
      "accuracy_std": 0.015755212192544072,
      "precision": 0.894456138567685,
      "precision_std": 0.01576014184782751,
      "recall": 0.8940529735132434,
      "recall_std": 0.015755212192544072,
      "f1": 0.8942122156878634,
      "f1_std": 0.01575973994906692,
      "num_chips": 10
    },
    "test": {
      "accuracy": 0.8970470470470471,
      "accuracy_std": 0.01731767894685106,
      "precision": 0.8970856711021954,
      "precision_std": 0.017321177347329103,
      "recall": 0.8970470470470471,
      "recall_std": 0.01731767894685106,
      "f1": 0.8969383021061749,
      "f1_std": 0.017320414609633152,
      "num_chips": 10
    }
  },
  "per_chip": {
    "1": {
      "train": {
        "accuracy": 0.9125714285714286,
        "precision": 0.912357912337264,
        "recall": 0.9125714285714286,
        "f1": 0.912455564117595
      },
      "val": {
        "accuracy": 0.896551724137931,
        "precision": 0.8966338198350469,
        "recall": 0.896551724137931,
        "f1": 0.8965852674538093
      },
      "test": {
        "accuracy": 0.9014014014014013,
        "precision": 0.9007192223533745,
        "recall": 0.9014014014014013,
        "f1": 0.9009065661434695
      }
    },
    "2": {
      "train": {
        "accuracy": 0.9169285714285714,
        "precision": 0.917355737058752,
        "recall": 0.9169285714285714,
        "f1": 0.91710240690241
      },
      "val": {
        "accuracy": 0.894552723638181,
        "precision": 0.8953733169750726,
        "recall": 0.894552723638181,
        "f1": 0.8949057614968252
      },
      "test": {
        "accuracy": 0.9039039039039038,
        "precision": 0.9051871582772124,
        "recall": 0.9039039039039038,
        "f1": 0.9043950322375748
      }
    },
    "3": {
      "train": {
        "accuracy": 0.8635,
        "precision": 0.8638709646448789,
        "recall": 0.8635,
        "f1": 0.8636558696156857
      },
      "val": {
        "accuracy": 0.8658170914542729,
        "precision": 0.8656443727854289,
        "recall": 0.8658170914542729,
        "f1": 0.8657238629786044
      },
      "test": {
        "accuracy": 0.8643643643643644,
        "precision": 0.8647377845279779,
        "recall": 0.8643643643643644,
        "f1": 0.8645191940207392
      }
    },
    "4": {
      "train": {
        "accuracy": 0.9303571428571429,
        "precision": 0.9304480375516212,
        "recall": 0.9303571428571429,
        "f1": 0.9304007005085018
      },
      "val": {
        "accuracy": 0.9120439780109945,
        "precision": 0.9127611266051798,
        "recall": 0.9120439780109945,
        "f1": 0.9123379056251653
      },
      "test": {
        "accuracy": 0.924924924924925,
        "precision": 0.9256356968371886,
        "recall": 0.924924924924925,
        "f1": 0.9251853075957687
      }
    },
    "5": {
      "train": {
        "accuracy": 0.889,
        "precision": 0.8895522134511645,
        "recall": 0.889,
        "f1": 0.8892097274825329
      },
      "val": {
        "accuracy": 0.8740629685157422,
        "precision": 0.874577340902098,
        "recall": 0.8740629685157422,
        "f1": 0.8742878338747132
      },
      "test": {
        "accuracy": 0.8833833833833834,
        "precision": 0.882740391659016,
        "recall": 0.8833833833833834,
        "f1": 0.8827402312097512
      }
    },
    "6": {
      "train": {
        "accuracy": 0.919,
        "precision": 0.9188798681459496,
        "recall": 0.919,
        "f1": 0.918936575215678
      },
      "val": {
        "accuracy": 0.8995502248875562,
        "precision": 0.9001351316053936,
        "recall": 0.8995502248875562,
        "f1": 0.8998077963004426
      },
      "test": {
        "accuracy": 0.9014014014014013,
        "precision": 0.9010988564713547,
        "recall": 0.9014014014014013,
        "f1": 0.9011055335136723
      }
    },
    "7": {
      "train": {
        "accuracy": 0.9125,
        "precision": 0.9127407261749964,
        "recall": 0.9125,
        "f1": 0.9126069232315063
      },
      "val": {
        "accuracy": 0.9102948525737131,
        "precision": 0.9101897364345941,
        "recall": 0.9102948525737131,
        "f1": 0.9102402663414764
      },
      "test": {
        "accuracy": 0.9109109109109109,
        "precision": 0.9101089747275979,
        "recall": 0.9109109109109109,
        "f1": 0.9102962899874405
      }
    },
    "8": {
      "train": {
        "accuracy": 0.8900714285714286,
        "precision": 0.8899789722830052,
        "recall": 0.8900714285714286,
        "f1": 0.8899929043378347
      },
      "val": {
        "accuracy": 0.8765617191404298,
        "precision": 0.8772312571081917,
        "recall": 0.8765617191404298,
        "f1": 0.8767907850787405
      },
      "test": {
        "accuracy": 0.8738738738738738,
        "precision": 0.8743939189043043,
        "recall": 0.8738738738738738,
        "f1": 0.8739987901341979
      }
    },
    "9": {
      "train": {
        "accuracy": 0.9201428571428572,
        "precision": 0.9198458409763752,
        "recall": 0.9201428571428572,
        "f1": 0.9199747625927434
      },
      "val": {
        "accuracy": 0.9122938530734632,
        "precision": 0.9121114156539807,
        "recall": 0.9122938530734632,
        "f1": 0.9121958573222279
      },
      "test": {
        "accuracy": 0.9094094094094094,
        "precision": 0.9094706275921853,
        "recall": 0.9094094094094094,
        "f1": 0.9094322851713376
      }
    },
    "10": {
      "train": {
        "accuracy": 0.9098571428571428,
        "precision": 0.9099602058423923,
        "recall": 0.9098571428571428,
        "f1": 0.9099032853261063
      },
      "val": {
        "accuracy": 0.8988005997001499,
        "precision": 0.899903867771864,
        "recall": 0.8988005997001499,
        "f1": 0.8992468204066316
      },
      "test": {
        "accuracy": 0.8968968968968969,
        "precision": 0.8967640796717418,
        "recall": 0.8968968968968969,
        "f1": 0.8968037910477955
      }
    }
  }
}