{
  "train_loss": [
    0.4432898467237299,
    0.2891156630082564,
    0.2860750905492089,
    0.2797761708498001,
    0.27784008844332264,
    0.28460875099355526,
    0.273683793165467,
    0.27834970246661794,
    0.27336904379454524,
    0.2697375955906781,
    0.27115680494091726,
    0.2708393915133043,
    0.2694749068130146,
    0.269947905161164,
    0.26809450387954714,
    0.2688632742925124,
    0.26996636309406974,
    0.2707757150585001,
    0.26929794468662954,
    0.2691966723312031,
    0.27052529752254484,
    0.2677507162094116,
    0.27036855925213205,
    0.269038124517961,
    0.26735288798809054,
    0.2694197562607852,
    0.26817601919174194,
    0.26863926622000606,
    0.2671767549081282,
    0.267859592221
  ],
  "val_loss": [
    0.29871207661926746,
    0.291182741522789,
    0.2855968400835991,
    0.2885768720880151,
    0.2865364933386445,
    0.28877780586481094,
    0.2946831453591585,
    0.28906296845525503,
    0.287837584502995,
    0.28645864874124527,
    0.28554440196603537,
    0.2854578997939825,
    0.2861919440329075,
    0.28637388721108437,
    0.2847550446167588,
    0.28546650148928165,
    0.28631538711488247,
    0.2848353823646903,
    0.28515149280428886,
    0.28536277543753386,
    0.28549138084053993,
    0.2849182179197669,
    0.2851892439648509,
    0.28491133637726307,
    0.2852148590609431,
    0.2850311463698745,
    0.2850028593093157,
    0.2850433485582471,
    0.2848469289019704,
    0.284866102039814
  ],
  "epochs": [
    0,
    1,
    2,
    3,
    4,
    5,
    6,
    7,
    8,
    9,
    10,
    11,
    12,
    13,
    14,
    15,
    16,
    17,
    18,
    19,
    20,
    21,
    22,
    23,
    24,
    25,
    26,
    27,
    28,
    29
  ]
}