{
  "train_loss": [
    0.47345398230986163,
    0.2986193215305155,
    0.2903438993475654,
    0.2906726682727987,
    0.2899278833107515,
    0.28487279388037595,
    0.2799759336493232,
    0.2813738245855678,
    0.2830550253391266,
    0.28054639019749383,
    0.28107577724890276,
    0.2812488480047746,
    0.2756649700078097,
    0.27793723046779634,
    0.27599935910918494,
    0.2733067282221534,
    0.27235901057720185,
    0.27434147650545293,
    0.27281934944066133,
    0.2724890104748986,
    0.27332582582126963,
    0.27219476889480243,
    0.2724655116146261,
    0.2717038463462483,
    0.27139202844012866,
    0.27274177318269555,
    0.2713620960712433,
    0.2706886486573653,
    0.27150600200349634,
    0.2705945643511685,
    0.27091545110399073,
    0.2714040596376766,
    0.26884938017888504,
    0.27171287726272236,
    0.27195307585326106,
    0.2707522373307835,
    0.2728016203100031
  ],
  "val_loss": [
    0.3360874727368355,
    0.3773515187203884,
    0.40226343087852,
    0.34295143373310566,
    0.39585438184440136,
    0.3252720469608903,
    0.32191314920783043,
    0.31938336789608,
    0.33023811876773834,
    0.3260329645127058,
    0.3432990238070488,
    0.35041563026607037,
    0.3224787497892976,
    0.32119474932551384,
    0.3202927801758051,
    0.31935375928878784,
    0.31876393500715494,
    0.3193767536431551,
    0.32015626411885023,
    0.32115150056779385,
    0.31780027132481337,
    0.3175438903272152,
    0.3182725878432393,
    0.32037054747343063,
    0.3176524480804801,
    0.31755254603922367,
    0.3178716590628028,
    0.32055800687521696,
    0.31861058715730906,
    0.31877134181559086,
    0.31837969832122326,
    0.3181378608569503,
    0.3181646205484867,
    0.3178910128772259,
    0.3178438972681761,
    0.3176304893568158,
    0.3180953711271286
  ],
  "epochs": [
    0,
    1,
    2,
    3,
    4,
    5,
    6,
    7,
    8,
    9,
    10,
    11,
    12,
    13,
    14,
    15,
    16,
    17,
    18,
    19,
    20,
    21,
    22,
    23,
    24,
    25,
    26,
    27,
    28,
    29,
    30,
    31,
    32,
    33,
    34,
    35,
    36
  ]
}