{
  "train_loss": [
    0.401273097504269,
    0.2327109838073904,
    0.22429948422041807,
    0.21917352324182338,
    0.2161778290163387,
    0.21521032588048414,
    0.21170584830370817,
    0.217611902681264,
    0.2086503792892803,
    0.21189707273786718,
    0.21082947714762254,
    0.2110460885546424,
    0.21018791225823488,
    0.20817145054990596,
    0.2074922651052475,
    0.2063493476672606,
    0.20654912699352612,
    0.2065150740471753,
    0.2052429432218725,
    0.20436746708371423,
    0.20491540269418196,
    0.2026875532486222,
    0.20404392115094444,
    0.20480204820632936,
    0.20304963128133255,
    0.20323327508839695,
    0.2039825129238042,
    0.20294698693535546,
    0.20469674413854425,
    0.20452591153708372,
    0.2038102328777313,
    0.2019170100038702,
    0.20171844200654462
  ],
  "val_loss": [
    0.2829498304054141,
    0.2827787660062313,
    0.28536836337298155,
    0.2754391646012664,
    0.29713839665055275,
    0.2819396769627929,
    0.3188239177688956,
    0.2844892432913184,
    0.27265600580722094,
    0.2762583512812853,
    0.27521862275898457,
    0.3044768450781703,
    0.27854332607239485,
    0.2871282547712326,
    0.2820547241717577,
    0.27018595300614834,
    0.26927094906568527,
    0.2683794740587473,
    0.27103017270565033,
    0.26938524283468723,
    0.26914801076054573,
    0.27085668593645096,
    0.26905530970543623,
    0.27104280330240726,
    0.2697248589247465,
    0.2707455959171057,
    0.2696749735623598,
    0.2695667864754796,
    0.2695385478436947,
    0.2699493505060673,
    0.2694753147661686,
    0.26972826663404703,
    0.26999587286263704
  ],
  "epochs": [
    0,
    1,
    2,
    3,
    4,
    5,
    6,
    7,
    8,
    9,
    10,
    11,
    12,
    13,
    14,
    15,
    16,
    17,
    18,
    19,
    20,
    21,
    22,
    23,
    24,
    25,
    26,
    27,
    28,
    29,
    30,
    31,
    32
  ]
}