{
  "train_loss": [
    0.44123664525422185,
    0.2667501054026864,
    0.2577052501114932,
    0.2558875392783772,
    0.25180843770503997,
    0.2517769894816659,
    0.2503547682003541,
    0.24913530349731444,
    0.24680258577520198,
    0.24970866658470847,
    0.24951646029949187,
    0.24905443814667788,
    0.24730349508198826,
    0.24904958172277972,
    0.2514753515070135,
    0.24587422826073385,
    0.2455474073236639,
    0.2469670607285066,
    0.24456378519535066,
    0.24387350542978806,
    0.2450958094813607,
    0.2434023599733006,
    0.2431797664273869,
    0.24322991289875723,
    0.2426429255442186,
    0.243880125338381
  ],
  "val_loss": [
    0.3775203265249729,
    0.2784556169062853,
    0.2792447693645954,
    0.29117792192846537,
    0.2834806255996227,
    0.28550758119672537,
    0.2797718057408929,
    0.2772475313395262,
    0.2769857281818986,
    0.2755533894523978,
    0.2750748097896576,
    0.2797609977424145,
    0.2819319758564234,
    0.27930298540741205,
    0.2800105791538954,
    0.2795627173036337,
    0.2904179561883211,
    0.27712608873844147,
    0.27649365551769733,
    0.2776770358905196,
    0.27710139751434326,
    0.2757624527439475,
    0.2759485002607107,
    0.2757790917530656,
    0.2754435297101736,
    0.2758853295817971
  ],
  "epochs": [
    0,
    1,
    2,
    3,
    4,
    5,
    6,
    7,
    8,
    9,
    10,
    11,
    12,
    13,
    14,
    15,
    16,
    17,
    18,
    19,
    20,
    21,
    22,
    23,
    24,
    25
  ]
}