{
  "train_loss": [
    0.3973205495964397,
    0.21738271930001,
    0.20755184563723478,
    0.20302008878101002,
    0.20402458147569136,
    0.20609905557198957,
    0.2034562509168278,
    0.2020991796796972,
    0.1961895227432251,
    0.2000684003938328,
    0.19932043687863785,
    0.19744505069472573,
    0.19662245945496992,
    0.19904593473131008,
    0.19367531700567767,
    0.19558308476751501,
    0.1967073917388916,
    0.1945346480066126,
    0.19128557484258304,
    0.1930256805636666,
    0.1932617791674354,
    0.19275693730874496,
    0.193642427704551,
    0.19219360514120623,
    0.19077975045550954,
    0.1915997404943813
  ],
  "val_loss": [
    0.24799328856170177,
    0.2399119520559907,
    0.23764988407492638,
    0.2389209633693099,
    0.24353621900081635,
    0.25927876587957144,
    0.23671844881027937,
    0.23584864102303982,
    0.23906798753887415,
    0.24246418103575706,
    0.2327075870707631,
    0.24479982629418373,
    0.24161548260599375,
    0.23867306672036648,
    0.2504815272986889,
    0.25265365093946457,
    0.23710789624601603,
    0.2367056692019105,
    0.23686712980270386,
    0.23528978880494833,
    0.23675111215561628,
    0.23773640487343073,
    0.23805974796414375,
    0.2366540040820837,
    0.23626478016376495,
    0.23638858273625374
  ],
  "epochs": [
    0,
    1,
    2,
    3,
    4,
    5,
    6,
    7,
    8,
    9,
    10,
    11,
    12,
    13,
    14,
    15,
    16,
    17,
    18,
    19,
    20,
    21,
    22,
    23,
    24,
    25
  ]
}