{
  "train_loss": [
    0.4755298435688019,
    0.31264469704844733,
    0.30491247366775165,
    0.30353530076417057,
    0.30065566436810925,
    0.2994074173948982,
    0.3011401967568831,
    0.2999089029702273,
    0.29873711331324143,
    0.296868895129724,
    0.2922315768220208,
    0.29566521671685303,
    0.2900617225603624,
    0.288104832443324,
    0.2894212392243472,
    0.2895232021808624,
    0.2887558923526244,
    0.28828427005897866,
    0.28801704455505717,
    0.28901658789678053,
    0.28843880566683683,
    0.2865608656948263,
    0.28921409845352175,
    0.2883908748626709,
    0.28643485876646907,
    0.28737568719820544,
    0.2850819579579613,
    0.2883335026827725,
    0.28674106272784144,
    0.288153475522995,
    0.2867547883228822,
    0.28728032843633133,
    0.2865504917773333,
    0.28589119775728744,
    0.2868522890589454
  ],
  "val_loss": [
    0.3515973910689354,
    0.34256743360310793,
    0.3418685160577297,
    0.37721739895641804,
    0.3384203799068928,
    0.32412309292703867,
    0.33303483203053474,
    0.3382406858727336,
    0.33456843066960573,
    0.3394738407805562,
    0.436300216242671,
    0.3265076819807291,
    0.32570479344576597,
    0.3236245345324278,
    0.32425333373248577,
    0.32173271384090185,
    0.3220543246716261,
    0.32143954653292894,
    0.3251921758055687,
    0.3204452842473984,
    0.3216660115867853,
    0.3242343030869961,
    0.3250398179516196,
    0.32463829312473536,
    0.3210291648283601,
    0.32515700440853834,
    0.3216817947104573,
    0.32204095739871264,
    0.32173425517976284,
    0.322196451947093,
    0.32182406540960073,
    0.32166230492293835,
    0.3216389883309603,
    0.32184852845966816,
    0.32199686393141747
  ],
  "epochs": [
    0,
    1,
    2,
    3,
    4,
    5,
    6,
    7,
    8,
    9,
    10,
    11,
    12,
    13,
    14,
    15,
    16,
    17,
    18,
    19,
    20,
    21,
    22,
    23,
    24,
    25,
    26,
    27,
    28,
    29,
    30,
    31,
    32,
    33,
    34
  ]
}