{
  "train_loss": [
    0.4150218955495141,
    0.256164918162606,
    0.2504068832505833,
    0.24326630857857792,
    0.2388687477870421,
    0.23867330903356726,
    0.2356847497549924,
    0.23590119047598404,
    0.2376978261904283,
    0.23608545742251658,
    0.23661689026789232,
    0.2371208437464454,
    0.23555791676044463,
    0.2348329010334882,
    0.23087282912297682,
    0.23172774694182657,
    0.22973758903416722,
    0.2320904403924942,
    0.230436678908088,
    0.23238661749796433,
    0.2295076836239208,
    0.2311656044288115,
    0.23127335553819484,
    0.23004302247004074,
    0.22937626486474819,
    0.2296240581707521,
    0.23102101114663212,
    0.23068854429505087,
    0.227388364889405,
    0.22765695506876166,
    0.23031686354767192,
    0.22936185246164148,
    0.2298527346415953,
    0.2295719718391245,
    0.22997713820500806
  ],
  "val_loss": [
    0.2947991332039237,
    0.2850854555144906,
    0.29148576967418194,
    0.28292829543352127,
    0.31276643741875887,
    0.28359712939709425,
    0.276101553812623,
    0.29935130663216114,
    0.29467692133039236,
    0.2821859223768115,
    0.2829977124929428,
    0.286510550417006,
    0.27776043862104416,
    0.27646610140800476,
    0.2743823816999793,
    0.27537684328854084,
    0.27448899392038584,
    0.2761925561353564,
    0.27443360071629286,
    0.27297444827854633,
    0.27777890767902136,
    0.27571496833115816,
    0.2789684906601906,
    0.27511997893452644,
    0.27774130646139383,
    0.2757162032648921,
    0.27518466114997864,
    0.2752030547708273,
    0.2750285416841507,
    0.27499894332140684,
    0.2749935891479254,
    0.27505231089890003,
    0.2746903970837593,
    0.2747061885893345,
    0.2754875384271145
  ],
  "epochs": [
    0,
    1,
    2,
    3,
    4,
    5,
    6,
    7,
    8,
    9,
    10,
    11,
    12,
    13,
    14,
    15,
    16,
    17,
    18,
    19,
    20,
    21,
    22,
    23,
    24,
    25,
    26,
    27,
    28,
    29,
    30,
    31,
    32,
    33,
    34
  ]
}