{
  "train_loss": [
    0.42736354090950707,
    0.23773443807255137,
    0.23649557639252056,
    0.2306673074310476,
    0.23019261062145233,
    0.23005959852175278,
    0.22963857813314958,
    0.22724248577247966,
    0.22823997817256234,
    0.22377559678121048,
    0.22119914320382206,
    0.22230441705747084,
    0.22062030217864298,
    0.22296513508666646,
    0.2200816344131123,
    0.2224828825755553,
    0.22218712243166835,
    0.22078157636252316,
    0.22268779331987554,
    0.22106656486337836,
    0.22011108804832805,
    0.21909512985836377,
    0.22020242078737778,
    0.22162302326072347,
    0.22070511904629794,
    0.22001930962909352,
    0.22198591855439273,
    0.21980910030278292,
    0.21984311775727705,
    0.22013573917475612,
    0.2186527970162305,
    0.21905274174430153,
    0.21931210593743758
  ],
  "val_loss": [
    0.26858467794954777,
    0.2476883139461279,
    0.2421976374462247,
    0.2620155578479171,
    0.248015858232975,
    0.24365568254143,
    0.24586971290409565,
    0.24975341372191906,
    0.25445909705013037,
    0.23983583599328995,
    0.24028951581567526,
    0.23975940328091383,
    0.2409609593451023,
    0.2408029856160283,
    0.2402581786736846,
    0.24107079301029444,
    0.24000562075525522,
    0.23957066517323256,
    0.2423858977854252,
    0.24119610991328955,
    0.24003414902836084,
    0.24135620053857565,
    0.24026722460985184,
    0.24008007626980543,
    0.2399462228640914,
    0.2399303074926138,
    0.2398269772529602,
    0.2398427752777934,
    0.24019894190132618,
    0.23977031093090773,
    0.2399658253416419,
    0.24010831862688065,
    0.2401055283844471
  ],
  "epochs": [
    0,
    1,
    2,
    3,
    4,
    5,
    6,
    7,
    8,
    9,
    10,
    11,
    12,
    13,
    14,
    15,
    16,
    17,
    18,
    19,
    20,
    21,
    22,
    23,
    24,
    25,
    26,
    27,
    28,
    29,
    30,
    31,
    32
  ]
}