{
  "train_loss": [
    0.8343528086488897,
    0.4124199699271809,
    0.32335821119221775,
    0.30523878037929536,
    0.28355857729911804,
    0.2882506999102506,
    0.28060445839708503,
    0.2726689319718968,
    0.2734259033744985,
    0.2718736559152603,
    0.27378401106054134,
    0.2610319435596466,
    0.2638707594438033,
    0.2648598150773482,
    0.26842295933853494,
    0.26157022741707886,
    0.25886429494077506,
    0.25017776055769486,
    0.2481252215125344,
    0.24396528737111525,
    0.24437930123372512,
    0.24416364323009143,
    0.2452417490157214,
    0.24334109317172659,
    0.24383363317359577,
    0.24123093323274092,
    0.24199429181489077,
    0.24271846061403102,
    0.23953327238559724,
    0.23789025897329505,
    0.23954118544405156,
    0.2396438403563066,
    0.23934661610559985,
    0.2401106750423258
  ],
  "val_loss": [
    0.61351702734828,
    0.4033292271196842,
    0.5691061764955521,
    0.356018528342247,
    0.3891295827925205,
    0.3208814449608326,
    0.40203629061579704,
    0.30335610918700695,
    0.4738330151885748,
    0.30351786129176617,
    0.2990532713010907,
    0.4240678772330284,
    0.5126186609268188,
    0.7414815910160542,
    0.32507672533392906,
    0.36887797713279724,
    0.39188939332962036,
    0.276149395853281,
    0.27322606928646564,
    0.27564150374382734,
    0.28290927968919277,
    0.27456662245094776,
    0.27595457434654236,
    0.2763073528185487,
    0.275389663875103,
    0.27394591830670834,
    0.2734874580055475,
    0.2735224161297083,
    0.2743817428126931,
    0.27413937263190746,
    0.2740389294922352,
    0.27415566239506006,
    0.2740734666585922,
    0.27471912559121847
  ],
  "epochs": [
    0,
    1,
    2,
    3,
    4,
    5,
    6,
    7,
    8,
    9,
    10,
    11,
    12,
    13,
    14,
    15,
    16,
    17,
    18,
    19,
    20,
    21,
    22,
    23,
    24,
    25,
    26,
    27,
    28,
    29,
    30,
    31,
    32,
    33
  ]
}