{
  "train_loss": [
    0.7918846823952415,
    0.3528175657445734,
    0.2912566141648726,
    0.2574622828852047,
    0.2506964791904796,
    0.2412423475222154,
    0.24001956717534498,
    0.23433138701048764,
    0.23818599690090525,
    0.23204894038763912,
    0.22789619266986846,
    0.23955304297533903,
    0.2276147116314281,
    0.22512331008911132,
    0.235788756608963,
    0.2218217134475708,
    0.2113173406232487,
    0.2054842691529881,
    0.2021653102202849,
    0.20209975323893808,
    0.2023801936344667,
    0.2007212533192201,
    0.1995457725091414,
    0.2022949683395299,
    0.19810111915523357,
    0.1940300781618465,
    0.20114629051902078,
    0.19893557375127618,
    0.19865755953572012,
    0.19765310152010485,
    0.19851567447185517,
    0.1982406442815607,
    0.1987529689615423
  ],
  "val_loss": [
    0.5743940807878971,
    0.49246181920170784,
    0.43839417211711407,
    0.29623246286064386,
    0.33624948374927044,
    0.364004909992218,
    0.8440044485032558,
    0.38497623428702354,
    0.3880314063280821,
    0.267042544670403,
    0.3062492413446307,
    0.2721487209200859,
    0.30447455309331417,
    0.6629020161926746,
    0.39066745713353157,
    0.4720418844372034,
    0.2616461170837283,
    0.2575604785233736,
    0.258898988366127,
    0.2694317102432251,
    0.25813430454581976,
    0.26293380092829466,
    0.2593962652608752,
    0.2671875339001417,
    0.262225104495883,
    0.2586704343557358,
    0.2604282461106777,
    0.25922093633562326,
    0.2585323629900813,
    0.26013814751058817,
    0.25964144244790077,
    0.2595690870657563,
    0.25984892155975103
  ],
  "epochs": [
    0,
    1,
    2,
    3,
    4,
    5,
    6,
    7,
    8,
    9,
    10,
    11,
    12,
    13,
    14,
    15,
    16,
    17,
    18,
    19,
    20,
    21,
    22,
    23,
    24,
    25,
    26,
    27,
    28,
    29,
    30,
    31,
    32
  ]
}