{
  "train_loss": [
    0.8099208029833707,
    0.3862923237410459,
    0.293724245374853,
    0.2780743872577494,
    0.268859738111496,
    0.2617900390516628,
    0.25539698302745817,
    0.25021624754775657,
    0.2594349525191567,
    0.24642398980530825,
    0.2444847597317262,
    0.2413691813295538,
    0.24183441373434933,
    0.24314965334805574,
    0.24449009895324708,
    0.24207580170848153,
    0.24494147788394582,
    0.22739199697971343,
    0.2231079724701968,
    0.21953342177651144,
    0.2199693335728212,
    0.22167910716750405,
    0.22097644020210613,
    0.2183461915362965,
    0.21834270574829795,
    0.21783421527255664,
    0.21718216213313016,
    0.2172066181898117,
    0.21505378105423667,
    0.21321497424082322,
    0.21528058729388497,
    0.2194853595711968,
    0.21468365842645817,
    0.2159701713106849,
    0.22031169560822575,
    0.21518626375631852,
    0.21551745533943176,
    0.21643675078045238,
    0.21471157534555954,
    0.21659573695876383,
    0.21740231947465377,
    0.21460179442709143,
    0.2157618994062597,
    0.21394278813492168,
    0.21390420767393978,
    0.2139578727158633,
    0.21524192717942325,
    0.21346970281817695,
    0.21680153120647777,
    0.21544168239290065,
    0.214103363589807,
    0.21644767739556053,
    0.21895301802591843,
    0.21592786420475352,
    0.21584616736932236,
    0.21780567927794023,
    0.21505788537588985,
    0.21926726400852203,
    0.2170725313099948,
    0.21591673222455113,
    0.21720626814798874,
    0.2181144186041572,
    0.2156675690954382,
    0.21812626069242305,
    0.21524226042357358,
    0.2156607519496571,
    0.2128604856404391
  ],
  "val_loss": [
    0.5620736256241798,
    0.3181102126836777,
    1.278619296848774,
    0.34119839780032635,
    0.2745286598801613,
    0.38578168861567974,
    0.26998555194586515,
    0.7780221179127693,
    0.3714791387319565,
    0.27099274285137653,
    0.2548652468249202,
    0.4254637658596039,
    0.36401830054819584,
    0.2661593584343791,
    0.7750525884330273,
    0.28243989404290915,
    0.2764114663004875,
    0.23261198122054338,
    0.2330430243164301,
    0.24349690321832895,
    0.2495989976450801,
    0.2323162779211998,
    0.2330935848876834,
    0.2417179374024272,
    0.24240244459360838,
    0.25029043667018414,
    0.23973117675632238,
    0.23362121637910604,
    0.23157299030572176,
    0.23234408535063267,
    0.2314510839059949,
    0.2318060388788581,
    0.2312353765591979,
    0.23137339018285275,
    0.232120918110013,
    0.23176991939544678,
    0.23140922468155622,
    0.23164000641554594,
    0.23128943424671888,
    0.23148573003709316,
    0.23117073997855186,
    0.23133464716374874,
    0.23124871589243412,
    0.23157900013029575,
    0.23100790567696095,
    0.2318189488723874,
    0.23186175525188446,
    0.2317893523722887,
    0.23118702974170446,
    0.23169092182070017,
    0.2316172979772091,
    0.23094182834029198,
    0.23101954068988562,
    0.2313267271965742,
    0.23121803533285856,
    0.23138638585805893,
    0.231314810924232,
    0.23141468688845634,
    0.23133547883480787,
    0.23159586265683174,
    0.23140161111950874,
    0.2318512974306941,
    0.23097980581223965,
    0.23129659425467253,
    0.2312859557569027,
    0.2312775319442153,
    0.23107940051704645
  ],
  "epochs": [
    0,
    1,
    2,
    3,
    4,
    5,
    6,
    7,
    8,
    9,
    10,
    11,
    12,
    13,
    14,
    15,
    16,
    17,
    18,
    19,
    20,
    21,
    22,
    23,
    24,
    25,
    26,
    27,
    28,
    29,
    30,
    31,
    32,
    33,
    34,
    35,
    36,
    37,
    38,
    39,
    40,
    41,
    42,
    43,
    44,
    45,
    46,
    47,
    48,
    49,
    50,
    51,
    52,
    53,
    54,
    55,
    56,
    57,
    58,
    59,
    60,
    61,
    62,
    63,
    64,
    65,
    66
  ]
}