{
  "train_loss": [
    0.7863573648712852,
    0.40871069973165336,
    0.3528902010484175,
    0.3375334306196733,
    0.3248935683207078,
    0.30852662135254255,
    0.30958831201900133,
    0.30443652922456915,
    0.3079182719642466,
    0.3122100765054876,
    0.30153447904370045,
    0.2852031287821856,
    0.2766082901846279,
    0.27842095440084286,
    0.2767599734393033,
    0.2790877125479958,
    0.2783006172288548,
    0.27559844743121753,
    0.2765070435675708,
    0.27453010190616955,
    0.27490681978789244,
    0.2717869444326921,
    0.2687724080952731,
    0.27088994817300277,
    0.2720105382529172,
    0.27016847865148025,
    0.27056468562646346,
    0.2724865282123739,
    0.27030746042728426,
    0.2701857929879969,
    0.2712918641892346,
    0.27076302604241803,
    0.2724609369581396,
    0.27084632515907286,
    0.27145287773825905,
    0.2725032603198832,
    0.2692365584048358,
    0.27009000046686693,
    0.27057218009775336,
    0.2705803104422309,
    0.26740271774205293,
    0.27182610739361157
  ],
  "val_loss": [
    0.5887067392468452,
    0.3727577403187752,
    0.3526972271502018,
    0.34886232018470764,
    0.3292857054620981,
    0.4712707921862602,
    0.4142831303179264,
    0.5142353810369968,
    0.600534476339817,
    0.35400291718542576,
    0.39116134494543076,
    0.3246186934411526,
    0.3043048083782196,
    0.30352260638028383,
    0.30303009785711765,
    0.30704142805188894,
    0.30748956464231014,
    0.30591798201203346,
    0.3054984100162983,
    0.31005843449383974,
    0.311414897441864,
    0.3019247502088547,
    0.30165750347077847,
    0.30123609956353903,
    0.3015459571033716,
    0.30186491925269365,
    0.3011105302721262,
    0.3011828362941742,
    0.3015498770400882,
    0.30126712657511234,
    0.301387301646173,
    0.30126751959323883,
    0.3014680724591017,
    0.30132649186998606,
    0.3014349741861224,
    0.301398859359324,
    0.3013141704723239,
    0.3013510387390852,
    0.3015790721401572,
    0.3012600215151906,
    0.30138305202126503,
    0.30133042857050896
  ],
  "epochs": [
    0,
    1,
    2,
    3,
    4,
    5,
    6,
    7,
    8,
    9,
    10,
    11,
    12,
    13,
    14,
    15,
    16,
    17,
    18,
    19,
    20,
    21,
    22,
    23,
    24,
    25,
    26,
    27,
    28,
    29,
    30,
    31,
    32,
    33,
    34,
    35,
    36,
    37,
    38,
    39,
    40,
    41
  ]
}