{
  "train_loss": [
    0.7660790649327365,
    0.3541457658464258,
    0.29402893402359703,
    0.27938643341714686,
    0.26932261938398533,
    0.27207327593456615,
    0.258626944639466,
    0.2619945862076499,
    0.25537205284292047,
    0.25286051983183083,
    0.24126997075297615,
    0.2292043003168973,
    0.23123821941289036,
    0.22812652533704583,
    0.22959201661023226,
    0.22847098057920281,
    0.22628771175037732,
    0.22870320975780487,
    0.22949825823307038,
    0.2255479403517463,
    0.22520023042505438,
    0.22382169420068915,
    0.2265370797027241,
    0.22358500930395994,
    0.22561251304366373,
    0.22913035533644938,
    0.2247117592529817,
    0.22707221399654043,
    0.22149201252243736,
    0.2219604503024708,
    0.22389437827196987,
    0.22427429909055882,
    0.22078626670620657,
    0.22117319079962644,
    0.2222256907007911,
    0.2224748356775804,
    0.22200771570205688,
    0.22322852340611546,
    0.2230440830642527,
    0.22047275467352434,
    0.2255208576267416,
    0.22422910115935585,
    0.22114696448499507,
    0.22149372453039343
  ],
  "val_loss": [
    0.4462103769183159,
    0.8775552548468113,
    0.6275619305670261,
    0.2828352181240916,
    0.4918449353426695,
    0.2939947796985507,
    0.362884521484375,
    0.39606920816004276,
    0.30151225440204144,
    0.3374065812677145,
    0.23536242824047804,
    0.23641276266425848,
    0.23342469613999128,
    0.2371780639514327,
    0.23187866061925888,
    0.23170950263738632,
    0.23134658578783274,
    0.23554183635860682,
    0.23226725030690432,
    0.2486758204177022,
    0.231713542714715,
    0.23130772542208433,
    0.234064775519073,
    0.23370612785220146,
    0.23415311984717846,
    0.2523211445659399,
    0.24966223537921906,
    0.2315096240490675,
    0.2293414454907179,
    0.22947882488369942,
    0.22948297206312418,
    0.22949773631989956,
    0.22973917238414288,
    0.23030356783419847,
    0.2311102356761694,
    0.23042411729693413,
    0.22963699884712696,
    0.2296096868813038,
    0.23181674163788557,
    0.23029186110943556,
    0.23059522174298763,
    0.22961705923080444,
    0.22994578070938587,
    0.2301490129902959
  ],
  "epochs": [
    0,
    1,
    2,
    3,
    4,
    5,
    6,
    7,
    8,
    9,
    10,
    11,
    12,
    13,
    14,
    15,
    16,
    17,
    18,
    19,
    20,
    21,
    22,
    23,
    24,
    25,
    26,
    27,
    28,
    29,
    30,
    31,
    32,
    33,
    34,
    35,
    36,
    37,
    38,
    39,
    40,
    41,
    42,
    43
  ]
}