{
  "train_loss": [
    0.7964332450519909,
    0.3611836379224604,
    0.2667767749591307,
    0.24139119413765994,
    0.22966707294637506,
    0.2374038501219316,
    0.22142985761165618,
    0.22430269663984126,
    0.21788993071426044,
    0.21723387999968094,
    0.21577961228110573,
    0.20682095343416387,
    0.21003213714469562,
    0.2003159761428833,
    0.19115272516554052,
    0.19252447540109807,
    0.1905829817056656,
    0.18862144391645086,
    0.18958206407048486,
    0.18999197672713886,
    0.19004064906727183,
    0.18940809179436077,
    0.1895821284164082,
    0.18630129234357315,
    0.18507737801833588,
    0.18522662114013325,
    0.18644102893092415,
    0.1860047083009373,
    0.1870463579893112,
    0.1857942436229099,
    0.1854636548594995,
    0.18566255325620826,
    0.18634815351529554,
    0.18926231346347117,
    0.18374494937333194,
    0.18597889081998306,
    0.18320841789245607,
    0.18301573138345373,
    0.1853173469955271,
    0.18512466834350066,
    0.1839799015359445,
    0.1878585850650614
  ],
  "val_loss": [
    0.5389612764120102,
    0.262740028090775,
    0.2985652880743146,
    0.31423173658549786,
    0.24152546003460884,
    0.2615362014621496,
    0.21910456102341413,
    0.24048490170389414,
    0.2963793221861124,
    0.2253236910328269,
    0.2524106614291668,
    0.3662742543965578,
    0.8953463546931744,
    0.20272118784487247,
    0.2035121861845255,
    0.22404904756695032,
    0.20258522499352694,
    0.2020471030846238,
    0.21155986934900284,
    0.2041895715519786,
    0.20939403120428324,
    0.20503610279411077,
    0.2064814418554306,
    0.21239114180207253,
    0.20183993596583605,
    0.20237285364419222,
    0.20168894343078136,
    0.20247421693056822,
    0.2019905485212803,
    0.2019252497702837,
    0.20203189086169004,
    0.2020457684993744,
    0.2019621105864644,
    0.2019715765491128,
    0.2017402769997716,
    0.20311534497886896,
    0.20185414422303438,
    0.20258251391351223,
    0.20239772275090218,
    0.20169194974005222,
    0.20201160479336977,
    0.2019601445645094
  ],
  "epochs": [
    0,
    1,
    2,
    3,
    4,
    5,
    6,
    7,
    8,
    9,
    10,
    11,
    12,
    13,
    14,
    15,
    16,
    17,
    18,
    19,
    20,
    21,
    22,
    23,
    24,
    25,
    26,
    27,
    28,
    29,
    30,
    31,
    32,
    33,
    34,
    35,
    36,
    37,
    38,
    39,
    40,
    41
  ]
}