{
  "train_loss": [
    0.8070445375009017,
    0.44038999459960243,
    0.37412891550497573,
    0.3628375665708022,
    0.3486417759548534,
    0.3441442690112374,
    0.3441496713594957,
    0.332716426524249,
    0.32889454825357956,
    0.332623413476077,
    0.33247422846880825,
    0.3218253959308971,
    0.3307645981962031,
    0.32632047804919156,
    0.3247035660526969,
    0.323896493694999,
    0.32033555561845956,
    0.3178692042827606,
    0.3216065217148174,
    0.3147746974771673,
    0.31591207872737537,
    0.3156640339981426,
    0.31522971879352224,
    0.30020989884029736,
    0.30010490200736306,
    0.29799941182136536,
    0.29332327382131057,
    0.29754235554825176,
    0.29588686607100745,
    0.29511637037450617,
    0.2946531363508918,
    0.29754229160872375,
    0.29724704758687454,
    0.2915924963625995,
    0.2919379410418597,
    0.29316466531970287,
    0.29418993185866965,
    0.29192049340768295,
    0.29513229158791626,
    0.2957146479324861,
    0.2972421120513569,
    0.29398383471098816
  ],
  "val_loss": [
    0.5694183520972729,
    0.3798978067934513,
    0.3810847457498312,
    0.3366671223193407,
    0.3315866719931364,
    0.33132142573595047,
    0.33545912615954876,
    0.32780338637530804,
    0.3577622640877962,
    0.389145378023386,
    0.4073300790041685,
    0.37408411502838135,
    0.3253310527652502,
    0.46513431519269943,
    0.33197664096951485,
    0.3472250681370497,
    0.3191411141306162,
    0.3294319435954094,
    0.35458427108824253,
    0.5295759439468384,
    0.33742229640483856,
    0.36310337483882904,
    0.33318522945046425,
    0.31133545003831387,
    0.30949354358017445,
    0.3107582526281476,
    0.3075334057211876,
    0.3079911833629012,
    0.31211029924452305,
    0.3097271053120494,
    0.3077580211684108,
    0.3097379831597209,
    0.31061471812427044,
    0.308795471675694,
    0.30772012658417225,
    0.30762467440217733,
    0.30838214233517647,
    0.30793777108192444,
    0.3084877459332347,
    0.30827951710671186,
    0.3076933156698942,
    0.3084839303046465
  ],
  "epochs": [
    0,
    1,
    2,
    3,
    4,
    5,
    6,
    7,
    8,
    9,
    10,
    11,
    12,
    13,
    14,
    15,
    16,
    17,
    18,
    19,
    20,
    21,
    22,
    23,
    24,
    25,
    26,
    27,
    28,
    29,
    30,
    31,
    32,
    33,
    34,
    35,
    36,
    37,
    38,
    39,
    40,
    41
  ]
}