{
  "train_loss": [
    0.8116745417768305,
    0.379957946322181,
    0.29889877926219593,
    0.2855637609958649,
    0.2707203959876841,
    0.26670448725873774,
    0.2700403460047462,
    0.2514778158881448,
    0.2543089441277764,
    0.23829639879139988,
    0.23116688403216276,
    0.23325414765964855,
    0.2335147792642767,
    0.23059753369201313,
    0.23201123774051666,
    0.2311634521592747,
    0.2287838339805603,
    0.23257309929891065,
    0.2322125860235908,
    0.23161414617841894,
    0.22817107953808524,
    0.23071085891940377,
    0.2277825650843707,
    0.22898687639019705,
    0.23050666559826244,
    0.2299710430882194,
    0.2226201423189857,
    0.22897136997092854,
    0.22607234499671242,
    0.22553105516867203,
    0.22883314165202054,
    0.225168208100579,
    0.2292818015271967,
    0.22788477512923153,
    0.22374045848846436,
    0.22705367559736425,
    0.22518838102167302,
    0.22516259198839014,
    0.22374633062969554,
    0.2261833833022551,
    0.22623020220886578,
    0.22592377093705265,
    0.2250577606938102,
    0.22529191862453113,
    0.2253778032281182
  ],
  "val_loss": [
    0.5416788496077061,
    0.2932538855820894,
    0.2806232552975416,
    0.41129943542182446,
    0.34593095257878304,
    1.6184487864375114,
    0.3093889746814966,
    0.4961827378720045,
    0.5890771448612213,
    0.24330652877688408,
    0.24179195705801249,
    0.24388875253498554,
    0.24203217681497335,
    0.25275500025600195,
    0.24155749659985304,
    0.2754549700766802,
    0.2420055652037263,
    0.24301813263446093,
    0.24195517972111702,
    0.23979028593748808,
    0.25064400397241116,
    0.24153552670031786,
    0.24511137139052153,
    0.2464439533650875,
    0.25038747303187847,
    0.24260206520557404,
    0.24003051221370697,
    0.23983764927834272,
    0.2396941240876913,
    0.23945280816406012,
    0.23953384533524513,
    0.23947859276086092,
    0.23982742708176374,
    0.23952952958643436,
    0.23955726344138384,
    0.23973105382174253,
    0.23963440116494894,
    0.2403029529377818,
    0.23963154572993517,
    0.24029718432575464,
    0.23961669486016035,
    0.23958115186542273,
    0.2396568711847067,
    0.23957245144993067,
    0.23969383258372545
  ],
  "epochs": [
    0,
    1,
    2,
    3,
    4,
    5,
    6,
    7,
    8,
    9,
    10,
    11,
    12,
    13,
    14,
    15,
    16,
    17,
    18,
    19,
    20,
    21,
    22,
    23,
    24,
    25,
    26,
    27,
    28,
    29,
    30,
    31,
    32,
    33,
    34,
    35,
    36,
    37,
    38,
    39,
    40,
    41,
    42,
    43,
    44
  ]
}