{
  "train_loss": [
    0.7691747432405298,
    0.3815111517906189,
    0.30894454365426843,
    0.29544212953610854,
    0.2828962588852102,
    0.27489760490981013,
    0.26746136193925685,
    0.263628443533724,
    0.2652745531363921,
    0.2696967580101707,
    0.26115428534421053,
    0.25526071001182904,
    0.2559792239557613,
    0.265352479707111,
    0.25386928509582174,
    0.23953426534479313,
    0.2384539940140464,
    0.2353543465787714,
    0.2358746729113839,
    0.235227645798163,
    0.23305715132843363,
    0.23438707752661272,
    0.2343438134952025,
    0.2339756345207041,
    0.23219614218581808,
    0.23017225428061053,
    0.22903887575322932,
    0.2308609808033163,
    0.23333108045838097,
    0.23235582953149622,
    0.23025174872441725,
    0.23248893401839515,
    0.22946731366894463,
    0.23421827798539943,
    0.23192648914727299,
    0.23070727749304337,
    0.2323451202024113,
    0.23342126228592613,
    0.23360688388347625,
    0.23142204826528376,
    0.23313563466072082,
    0.22785464471036737,
    0.23157114413651553,
    0.23171915005553853,
    0.22907846570014953,
    0.2319922067902305,
    0.23338079262863506,
    0.23194978399710223,
    0.22764251313426279,
    0.23080836046825756,
    0.23319114446640016,
    0.23120459751649336,
    0.23277242129499262,
    0.2324690434065732,
    0.23345776823433964,
    0.23199878551743247,
    0.2295521690086885,
    0.2276126276363026,
    0.22960381534966556,
    0.2309626194563779,
    0.23183105344122107,
    0.22978863336823202,
    0.23083790730346332,
    0.22955767078833147
  ],
  "val_loss": [
    0.5461628716439009,
    0.37912632152438164,
    0.5321993194520473,
    0.25015221629291773,
    0.35096186585724354,
    0.25879786629229784,
    0.24617032054811716,
    0.24799416959285736,
    0.2399753239005804,
    0.2864158134907484,
    0.24986748956143856,
    0.30029610730707645,
    0.27929102908819914,
    0.3074033632874489,
    0.2608953258022666,
    0.2430203976109624,
    0.23189708404242992,
    0.24176966678351164,
    0.23112292308360338,
    0.2327595753595233,
    0.23232229333370924,
    0.23260948713868856,
    0.23590715136379004,
    0.23605241812765598,
    0.23110749572515488,
    0.23065770603716373,
    0.23027438949793577,
    0.23006861377507448,
    0.23025208245962858,
    0.23030748404562473,
    0.23073175735771656,
    0.23026660550385714,
    0.23017169255763292,
    0.2301005506888032,
    0.23022572416812181,
    0.23009530175477266,
    0.23046297021210194,
    0.23036415874958038,
    0.23102255910634995,
    0.23040173947811127,
    0.23005969543009996,
    0.23024273943156004,
    0.23022007290273905,
    0.2305909851565957,
    0.23024332150816917,
    0.2301346454769373,
    0.23109541460871696,
    0.23010660335421562,
    0.22996236942708492,
    0.2301274947822094,
    0.23006515949964523,
    0.2300821291282773,
    0.23162154853343964,
    0.2304011769592762,
    0.2301364541053772,
    0.23016565199941397,
    0.230074692517519,
    0.23023261781781912,
    0.23011767584830523,
    0.23012141231447458,
    0.23009421676397324,
    0.23017348162829876,
    0.23084943369030952,
    0.23015281930565834
  ],
  "epochs": [
    0,
    1,
    2,
    3,
    4,
    5,
    6,
    7,
    8,
    9,
    10,
    11,
    12,
    13,
    14,
    15,
    16,
    17,
    18,
    19,
    20,
    21,
    22,
    23,
    24,
    25,
    26,
    27,
    28,
    29,
    30,
    31,
    32,
    33,
    34,
    35,
    36,
    37,
    38,
    39,
    40,
    41,
    42,
    43,
    44,
    45,
    46,
    47,
    48,
    49,
    50,
    51,
    52,
    53,
    54,
    55,
    56,
    57,
    58,
    59,
    60,
    61,
    62,
    63
  ]
}