{
  "train_loss": [
    0.7834017038345337,
    0.40386026447469536,
    0.33822537714784795,
    0.3172032703052868,
    0.29933382218534293,
    0.29706246771595696,
    0.3049497896974737,
    0.2925610439343886,
    0.28842576308683915,
    0.2890126729553396,
    0.2873574376106262,
    0.2929163388230584,
    0.2848214574835517,
    0.28872299736196344,
    0.2704507497223941,
    0.2645919626409357,
    0.26705153719945385,
    0.263063671914014,
    0.2615678998557004,
    0.26453407271341844,
    0.26205926618792796,
    0.26152976805513556,
    0.2617527211254293,
    0.2605946963483637,
    0.2618233932690187,
    0.26082115335897965,
    0.2620250842788003,
    0.26068124798211184,
    0.25817690437490287,
    0.26195559799671175,
    0.2595030879432505,
    0.25551082654432816,
    0.259143049066717,
    0.25812443819912995,
    0.2559563772244887,
    0.25610995373942635,
    0.257918733087453,
    0.25875300846316596,
    0.2575529317964207,
    0.2578193350271745,
    0.25865179923447695
  ],
  "val_loss": [
    0.6316341571509838,
    0.436609398573637,
    0.390033645555377,
    0.4358787536621094,
    0.31747885793447495,
    0.2980186939239502,
    0.6779610142111778,
    0.2812242293730378,
    0.28751102462410927,
    0.4652632251381874,
    0.3047146052122116,
    0.33286716043949127,
    0.31364283710718155,
    0.493617657572031,
    0.26721445843577385,
    0.2672750288620591,
    0.2773591959849,
    0.26634774822741747,
    0.26738550793379545,
    0.2666926784440875,
    0.2719922261312604,
    0.26991022657603025,
    0.2689641937613487,
    0.26723650097846985,
    0.26604511588811874,
    0.2658858010545373,
    0.2661394514143467,
    0.2663042824715376,
    0.2663846993818879,
    0.2663044771179557,
    0.266460289247334,
    0.2665122738108039,
    0.26681817695498466,
    0.26694391295313835,
    0.2663590731099248,
    0.2663892852142453,
    0.2661635521799326,
    0.26622356195002794,
    0.2663510534912348,
    0.266299101524055,
    0.26622718665748835
  ],
  "epochs": [
    0,
    1,
    2,
    3,
    4,
    5,
    6,
    7,
    8,
    9,
    10,
    11,
    12,
    13,
    14,
    15,
    16,
    17,
    18,
    19,
    20,
    21,
    22,
    23,
    24,
    25,
    26,
    27,
    28,
    29,
    30,
    31,
    32,
    33,
    34,
    35,
    36,
    37,
    38,
    39,
    40
  ]
}