{
  "train_loss": [
    1.1928586038676174,
    0.6854843088171698,
    0.5819328680905429,
    0.5168532838604667,
    0.4878028788891705,
    0.4597758868065747,
    0.4460057434168729,
    0.4230058683590455,
    0.41204322468150745,
    0.40039393950592383,
    0.39628827482461926,
    0.38414670207283713,
    0.3765824962475083,
    0.36943744047121563,
    0.36623591786081144,
    0.36077786139466544,
    0.3561867509375919,
    0.3487308819456534,
    0.34479183476079595,
    0.34594498176466326,
    0.33555212356827474,
    0.33398071419109,
    0.3293940423293547,
    0.32356692165136336,
    0.32654547664252187,
    0.32200449816205284,
    0.318543241918087,
    0.32601819160309703,
    0.3186936417763883,
    0.31228358355435454,
    0.31591466185721484,
    0.3126594243808226,
    0.31165760311213403,
    0.30203132995150306,
    0.2973568160967393,
    0.2999886450984261,
    0.29750380792401054,
    0.29346577579324895,
    0.29155178118835795,
    0.2924409275976094,
    0.2919054973396388,
    0.2941693051565777,
    0.2885792511159723,
    0.28413643376393755,
    0.2863527393882925,
    0.2918257608196952,
    0.28813733967867766,
    0.28441402744163163,
    0.2871622743118893,
    0.28256455342877995,
    0.287035692225803,
    0.28837792098522186
  ],
  "val_loss": [
    0.6978579269722103,
    0.5004164930433035,
    0.43958685817196963,
    0.40495763979852195,
    0.3667392205446958,
    0.39402991281822325,
    0.36773461848497385,
    0.41538771037012334,
    0.3886404566466808,
    0.3959620767273008,
    0.3327283842023462,
    0.4459215609822422,
    0.3778429009951651,
    0.38093980299308894,
    0.38527602134272454,
    0.3973173403181135,
    0.36722158920019865,
    0.35453127645887433,
    0.42277951105497774,
    0.36647122465074056,
    0.3756048234179616,
    0.3106258483137935,
    0.43406184655614194,
    0.3680881329812109,
    0.3878872330766171,
    0.3525923384353518,
    0.36949847820214926,
    0.3547916114330292,
    0.35131664839573207,
    0.31913838121108706,
    0.32782739093527197,
    0.3609947370365262,
    0.32256053588353095,
    0.3766396233811974,
    0.4148993348702788,
    0.3662554070819169,
    0.4013454376254231,
    0.3556245865300297,
    0.3661824983078986,
    0.3864911471959203,
    0.43098887507803735,
    0.42197659551166,
    0.3854475814383477,
    0.41129652694799,
    0.39306180207058783,
    0.36421205191873013,
    0.3679852871224284,
    0.37820662995800375,
    0.38987723598256707,
    0.38942906982265413,
    0.3846436243504286,
    0.37540589109994466
  ],
  "epochs": [
    0,
    1,
    2,
    3,
    4,
    5,
    6,
    7,
    8,
    9,
    10,
    11,
    12,
    13,
    14,
    15,
    16,
    17,
    18,
    19,
    20,
    21,
    22,
    23,
    24,
    25,
    26,
    27,
    28,
    29,
    30,
    31,
    32,
    33,
    34,
    35,
    36,
    37,
    38,
    39,
    40,
    41,
    42,
    43,
    44,
    45,
    46,
    47,
    48,
    49,
    50,
    51
  ]
}