{
  "train_loss": [
    1.3985583411563525,
    0.8414241807027296,
    0.6718656289035623,
    0.5971925744143399,
    0.5540430205518548,
    0.532134887305173,
    0.5064964414184744,
    0.4757388976487246,
    0.4666544393517754,
    0.4476581741733984,
    0.4428998810865662,
    0.4242094952138987,
    0.4093828771060163,
    0.4019128646362911,
    0.3953613160686059,
    0.38628313224424016,
    0.37849686148491773,
    0.38101540004665196,
    0.3709310515089469,
    0.3665421157804402,
    0.36320557079531934,
    0.35381438474763516,
    0.35769860430197276,
    0.35179783636873413,
    0.34221554620699446,
    0.34424168337475164,
    0.3419647509672425,
    0.3412182598493315,
    0.34019059611992397,
    0.3364886609261686,
    0.33287687792019405,
    0.33326456145806743,
    0.32614990908991204,
    0.3202280559864911,
    0.3244502111456611,
    0.3164894010803916,
    0.31401467236605557,
    0.3121656679836186,
    0.306086238080805,
    0.31408261212435634,
    0.3109703805500811,
    0.30939236792651087,
    0.30473284672607076,
    0.30764592999761753,
    0.31238437714901834,
    0.30435902419415384,
    0.3005968752774325,
    0.30229430984367023,
    0.3036403970013965,
    0.3067764141613787,
    0.30145641356706615,
    0.3017646567658944,
    0.30437883206389166
  ],
  "val_loss": [
    0.9041059896349906,
    0.5245405482128263,
    0.5011167487129569,
    0.47837474215775727,
    0.5337229620665311,
    0.40817082384601233,
    0.4234853223897517,
    0.39128652689978477,
    0.3649038900155574,
    0.3635930832009762,
    0.34932233816944064,
    0.37459845808334646,
    0.3874174960423261,
    0.38777018124237655,
    0.3087970272637904,
    0.29883434134535486,
    0.2842992879915982,
    0.29196054497733714,
    0.37363758175633843,
    0.338473032368347,
    0.3446674820501357,
    0.3331853596959263,
    0.2760276343207806,
    0.3630000816192478,
    0.3376223402097821,
    0.307778837531805,
    0.28914259229786693,
    0.33822600124403834,
    0.30158996270038185,
    0.3111725105438381,
    0.29966096836142236,
    0.3489016436506063,
    0.3074273164384067,
    0.2877537728752941,
    0.31915568797849114,
    0.2798490941524506,
    0.33785722390748557,
    0.30669282050803304,
    0.31276040833909063,
    0.3069508963963017,
    0.31384258444886654,
    0.3143619337584823,
    0.3177110361168161,
    0.29422871973365544,
    0.35613568169064813,
    0.33152497063856573,
    0.33221313105896116,
    0.32531078020110726,
    0.3111126060830429,
    0.31820738713722674,
    0.31770210699178275,
    0.31347523543518035,
    0.3272676120977848
  ],
  "epochs": [
    0,
    1,
    2,
    3,
    4,
    5,
    6,
    7,
    8,
    9,
    10,
    11,
    12,
    13,
    14,
    15,
    16,
    17,
    18,
    19,
    20,
    21,
    22,
    23,
    24,
    25,
    26,
    27,
    28,
    29,
    30,
    31,
    32,
    33,
    34,
    35,
    36,
    37,
    38,
    39,
    40,
    41,
    42,
    43,
    44,
    45,
    46,
    47,
    48,
    49,
    50,
    51,
    52
  ]
}