{
  "train_loss": [
    1.318735769878734,
    0.8379679703712463,
    0.7309543762965636,
    0.6662497272816571,
    0.6053416698087345,
    0.5667460402575406,
    0.5336232884363695,
    0.5079396019740539,
    0.49081695239652284,
    0.48100827796892687,
    0.47238381326198575,
    0.4516791833259842,
    0.4439280120622028,
    0.43573728591203686,
    0.4225090318376367,
    0.4222222725098783,
    0.42101672069592905,
    0.4151894347776066,
    0.4089676755937663,
    0.40502295239405195,
    0.3958899509364908,
    0.3950601134787906,
    0.3936755736578595,
    0.38828675527464257,
    0.3855426300926642,
    0.38078632316806094,
    0.384934758327224,
    0.3807081886042248,
    0.37480228879235,
    0.36717342428185723,
    0.37177713215351105,
    0.35658223008567635,
    0.36101654600013383,
    0.3611905241012573,
    0.3586710748076439,
    0.3570636164871129,
    0.35388072780587454,
    0.35312009797854854,
    0.34899856610731644,
    0.3506678931279616,
    0.341878534365784,
    0.34647914794358337,
    0.35105020078745747,
    0.34666199846701184,
    0.34837546427141536,
    0.3487890001047741,
    0.3504323275522752,
    0.3517334899577227,
    0.34259933539412235,
    0.34089746645905755,
    0.34045962222597814,
    0.3491980714418671,
    0.34446214973926537,
    0.3441128799319267,
    0.34653417432850053,
    0.34292251099239696,
    0.3347239037806337,
    0.34402385026216503,
    0.3371403436498208,
    0.33817491295662794,
    0.33512493583289055,
    0.34258900845592666,
    0.3420789596709338,
    0.3389491342685439,
    0.33506472536108706,
    0.3326503790508617,
    0.33884816765785214,
    0.3311543026837436,
    0.32893165666948665,
    0.33354451940818264,
    0.3376497029445388,
    0.3334883797168731,
    0.3355098482424562,
    0.33211471210826526,
    0.3385175231370059
  ],
  "val_loss": [
    0.872850988060236,
    0.6569604585878551,
    0.6396920005790889,
    0.5316851259209215,
    0.5129265648312866,
    0.4441488125361502,
    0.5266360732726753,
    0.42158877262845634,
    0.457312068156898,
    0.4701150074601173,
    0.38045038725249464,
    0.43431114056147635,
    0.4046957164537161,
    0.4824322381056845,
    0.4248604650609195,
    0.4133132384158671,
    0.3879291717894375,
    0.39592947927303607,
    0.38190829101949925,
    0.38018471361137923,
    0.467516065435484,
    0.4043037006165832,
    0.5131784216035158,
    0.41597866541706024,
    0.3829634005203843,
    0.495624520862475,
    0.4318131515756249,
    0.5372013359330595,
    0.40576399327255785,
    0.42459385083056983,
    0.4423420940991491,
    0.42652735975570977,
    0.41349897403270003,
    0.4397175608668476,
    0.4586772948037833,
    0.4588451094925403,
    0.40649339407682417,
    0.3784721575211733,
    0.3826555030420422,
    0.39344706367701293,
    0.41069201347418127,
    0.3955772902816534,
    0.4293631810694933,
    0.39061152194626625,
    0.3780241251923144,
    0.4580708714202046,
    0.38776560425758355,
    0.3921414410229772,
    0.4274228636641055,
    0.40601754384115335,
    0.3989124737214297,
    0.4291594603098929,
    0.41653603762388225,
    0.4402195510454475,
    0.3878481813240796,
    0.3970705637242645,
    0.3895047092810273,
    0.39943236769177015,
    0.4232852051965892,
    0.4279727006331086,
    0.4234757241327315,
    0.4094052134081721,
    0.39299412001855666,
    0.40119739128276705,
    0.41542668971233065,
    0.41237328602001067,
    0.4072250114521011,
    0.40308020776137704,
    0.40178313408978283,
    0.42538492255844174,
    0.38595704957842825,
    0.41407511190045626,
    0.41255607297644015,
    0.4052454061573371,
    0.40147855868563054
  ],
  "epochs": [
    0,
    1,
    2,
    3,
    4,
    5,
    6,
    7,
    8,
    9,
    10,
    11,
    12,
    13,
    14,
    15,
    16,
    17,
    18,
    19,
    20,
    21,
    22,
    23,
    24,
    25,
    26,
    27,
    28,
    29,
    30,
    31,
    32,
    33,
    34,
    35,
    36,
    37,
    38,
    39,
    40,
    41,
    42,
    43,
    44,
    45,
    46,
    47,
    48,
    49,
    50,
    51,
    52,
    53,
    54,
    55,
    56,
    57,
    58,
    59,
    60,
    61,
    62,
    63,
    64,
    65,
    66,
    67,
    68,
    69,
    70,
    71,
    72,
    73,
    74
  ]
}