{
  "train_loss": [
    1.1640167345783927,
    0.7138924008607864,
    0.6101814377849751,
    0.5401331594315442,
    0.5017555118148976,
    0.46581399408253754,
    0.4464145998521285,
    0.4281199240413579,
    0.41187196384776714,
    0.3980014003135941,
    0.3969437395713546,
    0.37068742196668275,
    0.3706452817266637,
    0.35736387881365694,
    0.3621313073689287,
    0.349895182035186,
    0.33871796884319993,
    0.3359588115052743,
    0.3305871590159156,
    0.3354611756043,
    0.32827714711427686,
    0.3218971911614591,
    0.31658938345584,
    0.312527559697628,
    0.3075691595673561,
    0.31245279772715134,
    0.307454127127474,
    0.29905525562438096,
    0.3030767527493563,
    0.303687946471301,
    0.2990450525283813,
    0.2942544205622239,
    0.2902278655496511,
    0.28915711232207036,
    0.2854204745184291,
    0.27509555667638774,
    0.2822555693442171,
    0.281783757480708,
    0.2834932852062312,
    0.28038243906064464,
    0.2785266590118408,
    0.28255295636979016,
    0.26749010061675854,
    0.27394694463773206,
    0.27399317416277796,
    0.2736493349888108,
    0.27605195736343213,
    0.27673270019617946,
    0.2782687880505215,
    0.2789104309949008,
    0.27079439287835905,
    0.2758110302415761,
    0.27631210403008893,
    0.2752952128648758,
    0.2705816195769743,
    0.2723076102679426,
    0.2711627353321422,
    0.2774622906609015,
    0.2737279869480566,
    0.2692476540532979,
    0.2631440356644717,
    0.2713841550458561,
    0.2710082017020745,
    0.26451863985170015,
    0.2651218579032204,
    0.2643449180234562,
    0.25736656874418257,
    0.2630463413216851,
    0.26086240584200077,
    0.2598768606240099,
    0.2660800488157706,
    0.25719983526251533,
    0.26404969708486037,
    0.2630057535930113,
    0.26059696639125995,
    0.26455317944288254,
    0.2578244295716286,
    0.2610576279867779,
    0.2596202003684911,
    0.26116709226911716,
    0.2597123488241976,
    0.25970039188861843
  ],
  "val_loss": [
    0.7420304663479327,
    0.5544988446868956,
    0.45309313423931596,
    0.44325789706781504,
    0.4160858485847711,
    0.36535029476508496,
    0.43882754836231463,
    0.47325064921751614,
    0.4063407397828996,
    0.32336079766973846,
    0.3847008444368839,
    0.4820310190785676,
    0.35077662868425247,
    0.37393106468953186,
    0.3343072073999792,
    0.3917149201501161,
    0.29934508418664335,
    0.3710061399731785,
    0.3756728544831276,
    0.311905581317842,
    0.2769390529952943,
    0.3206217436585575,
    0.2921022086404264,
    0.3064996528904885,
    0.2973292551469057,
    0.32328093871474267,
    0.27854355606250464,
    0.43091498459689315,
    0.29151972830295564,
    0.28112736558541657,
    0.2824796518310904,
    0.34681550404056904,
    0.2797847216948867,
    0.28874828615225845,
    0.29475965835154055,
    0.27890927935950455,
    0.2618140662554651,
    0.28247976051643486,
    0.300963964452967,
    0.296299223578535,
    0.2840614136774092,
    0.29392312713898716,
    0.2697530942270532,
    0.297983239335008,
    0.27401130804792045,
    0.2925914579303935,
    0.28134107047226276,
    0.26112409261986613,
    0.27669326961040497,
    0.28824880162719635,
    0.27602817243896427,
    0.2444964779075235,
    0.2825146855553612,
    0.2525907720904797,
    0.30855734571814536,
    0.2534948842832818,
    0.2736338833114132,
    0.25835405085235835,
    0.28739586162846537,
    0.2446075998712331,
    0.29819182199426,
    0.28347289871890097,
    0.27411230732686814,
    0.27808344196528195,
    0.26248169648461045,
    0.2595286926953122,
    0.2603140178369358,
    0.2696926700184122,
    0.24904784716200082,
    0.25513321296311914,
    0.26691805019509046,
    0.25752477936912327,
    0.2651679322822019,
    0.2587037054589018,
    0.2644771152641624,
    0.25350315985269845,
    0.2558093874016777,
    0.2473741819616407,
    0.2619309201603755,
    0.24605801042634992,
    0.25840115153696386,
    0.25949823344126344
  ],
  "epochs": [
    0,
    1,
    2,
    3,
    4,
    5,
    6,
    7,
    8,
    9,
    10,
    11,
    12,
    13,
    14,
    15,
    16,
    17,
    18,
    19,
    20,
    21,
    22,
    23,
    24,
    25,
    26,
    27,
    28,
    29,
    30,
    31,
    32,
    33,
    34,
    35,
    36,
    37,
    38,
    39,
    40,
    41,
    42,
    43,
    44,
    45,
    46,
    47,
    48,
    49,
    50,
    51,
    52,
    53,
    54,
    55,
    56,
    57,
    58,
    59,
    60,
    61,
    62,
    63,
    64,
    65,
    66,
    67,
    68,
    69,
    70,
    71,
    72,
    73,
    74,
    75,
    76,
    77,
    78,
    79,
    80,
    81
  ]
}