{
  "train_loss": [
    1.3206728875637053,
    0.89241677143357,
    0.7873346490751613,
    0.7353419281677765,
    0.692223568829623,
    0.6435427956689487,
    0.5963199806213378,
    0.5498730383136056,
    0.5265027929977937,
    0.5032521443475376,
    0.4788342388651588,
    0.46289300555532625,
    0.45170529333027926,
    0.4286298597671769,
    0.4223817756501111,
    0.41089408134872263,
    0.4068029884045774,
    0.40198414038528096,
    0.39049265232953156,
    0.3855617768656124,
    0.3809862341122193,
    0.37924817182800985,
    0.37066138966517015,
    0.3753273797035217,
    0.3628444082357667,
    0.35648908178914673,
    0.35506047232584514,
    0.34923928967931056,
    0.35862656284462324,
    0.3460331644524227,
    0.34737002234567294,
    0.3415185884995894,
    0.33261783123016353,
    0.33719817695292553,
    0.32902964077212593,
    0.33600832668217745,
    0.334671223461628,
    0.3303493201190775,
    0.3265786930918693,
    0.33237597695805804,
    0.32236884848638014,
    0.3287908254157413,
    0.3220029261979189,
    0.3119586192206903,
    0.31021946232427244,
    0.31082277996973556,
    0.30911419868469237,
    0.3015579568256031,
    0.3082139411839572,
    0.30008605742996386,
    0.30247404353185137,
    0.30091093112121925,
    0.3004943632808598,
    0.3072538797421889,
    0.3072985251112418,
    0.2924747837131674,
    0.29985702476718207,
    0.30065392076969144,
    0.29833896390416403,
    0.2977466006441549,
    0.2998537425832315,
    0.2989105370098894,
    0.30444069350307634,
    0.29978482782840726,
    0.29719559653238814,
    0.2917133222655816,
    0.2912531830505891,
    0.3002232069048014,
    0.29636855938217854,
    0.29615985916419457,
    0.29395561047575686,
    0.2970512413436716,
    0.2896554606882008,
    0.29156962153586474,
    0.2905533328381451,
    0.29857002892277457,
    0.2864065888253125,
    0.29152976978908884,
    0.29111018489707596,
    0.2944168113036589,
    0.29044995706189763,
    0.29326931463046507,
    0.2842226580869067,
    0.2880199189890515,
    0.29286238496953787,
    0.29400779913772235,
    0.2902508510513739,
    0.2902761872790076,
    0.28950533295219594,
    0.28776769535108043
  ],
  "val_loss": [
    0.8691896550357341,
    0.7161187430843711,
    0.6721605096943676,
    0.6311254722066223,
    0.5700038211420179,
    0.4804219219833612,
    0.4044067206792533,
    0.3940986630506813,
    0.35985457459464665,
    0.32558613298460837,
    0.3441772056743503,
    0.37955714389681816,
    0.33403642517514526,
    0.27850752077065405,
    0.2879060382023454,
    0.2758322402369231,
    0.26238227919675405,
    0.2762982426211238,
    0.2740014844574034,
    0.2990739687811583,
    0.33422880298458035,
    0.3311604550108313,
    0.22489180215634405,
    0.3074288471601903,
    0.24447601810097694,
    0.2761073049623519,
    0.2430550389457494,
    0.25025131590664385,
    0.3085969675332308,
    0.24564025779254733,
    0.21834954563528297,
    0.21254336703568696,
    0.24016642500646412,
    0.25624915380030866,
    0.23161757830530402,
    0.3151804595487192,
    0.2489824976073578,
    0.2268137284554541,
    0.25177728014532474,
    0.22643519458360967,
    0.2429185066372156,
    0.23999454404693096,
    0.2317542471922934,
    0.22400161081459372,
    0.2198812260525301,
    0.2236973734339699,
    0.22765695692505686,
    0.2125001552514732,
    0.21362813333980737,
    0.21236798935569823,
    0.20719163329340518,
    0.24089064784348008,
    0.21418350755702703,
    0.20675564100965854,
    0.21712939515709878,
    0.21531899024266749,
    0.2140805840259418,
    0.1987395569682121,
    0.2138509377837181,
    0.19816469324287028,
    0.20678501671645788,
    0.1987359995022416,
    0.21824430623091756,
    0.20539061904419212,
    0.2064789762487635,
    0.21442444468848407,
    0.21585278701968488,
    0.20624603321775792,
    0.22726231748238204,
    0.22363622072152792,
    0.20591643957886843,
    0.2069397495361045,
    0.21853393889032302,
    0.20698323147371409,
    0.2184635702520609,
    0.2235273682978004,
    0.2213048271136358,
    0.20724667550530282,
    0.2033621187089011,
    0.20816615370567887,
    0.20678295171819627,
    0.21141186926979572,
    0.21384037418756632,
    0.2027161879930645,
    0.20406748896930366,
    0.2047838573809713,
    0.2085340079385787,
    0.19968482169788332,
    0.2097978358855471,
    0.20917604381684213
  ],
  "epochs": [
    0,
    1,
    2,
    3,
    4,
    5,
    6,
    7,
    8,
    9,
    10,
    11,
    12,
    13,
    14,
    15,
    16,
    17,
    18,
    19,
    20,
    21,
    22,
    23,
    24,
    25,
    26,
    27,
    28,
    29,
    30,
    31,
    32,
    33,
    34,
    35,
    36,
    37,
    38,
    39,
    40,
    41,
    42,
    43,
    44,
    45,
    46,
    47,
    48,
    49,
    50,
    51,
    52,
    53,
    54,
    55,
    56,
    57,
    58,
    59,
    60,
    61,
    62,
    63,
    64,
    65,
    66,
    67,
    68,
    69,
    70,
    71,
    72,
    73,
    74,
    75,
    76,
    77,
    78,
    79,
    80,
    81,
    82,
    83,
    84,
    85,
    86,
    87,
    88,
    89
  ]
}