{
  "train_loss": [
    0.7220132834162031,
    0.6487452994346619,
    0.6241776453563145,
    0.6075049502372741,
    0.6036723446709769,
    0.5942978460448128,
    0.5921466811452593,
    0.5869392389978682,
    0.5847863952909197,
    0.5787968047005789,
    0.5771042624201094,
    0.5757089446749006,
    0.5694737316744668,
    0.5650380025727408,
    0.5661138113839286,
    0.5615269233294896
  ],
  "val_loss": [
    0.3910755786895752,
    0.39262470116615295,
    0.39017837648391723,
    0.3896444972991943,
    0.40316886501312255,
    0.38806255288124086,
    0.3871736640453339,
    0.3856198768615723,
    0.38385050959587097,
    0.38582701683044435,
    0.37574926795959473,
    0.3816641626358032,
    0.3726227234840393,
    0.37344453887939455,
    0.37595501766204836,
    0.38714650912284854
  ],
  "epochs": [
    0,
    1,
    2,
    3,
    4,
    5,
    6,
    7,
    8,
    9,
    10,
    11,
    12,
    13,
    14,
    15
  ]
}