{
    "dataset": "train",
    "accuracy": 0.8674571428571428,
    "macro_precision": 0.8659321696144603,
    "macro_recall": 0.8674571428571428,
    "macro_f1": 0.8632400403764513,
    "weighted_precision": 0.8659321696144604,
    "weighted_recall": 0.8674571428571428,
    "weighted_f1": 0.8632400403764514,
    "per_class_metrics": {
        "class_0": {
            "precision": 0.8417763772798889,
            "recall": 0.9006285714285714,
            "f1_score": 0.8702085662622331,
            "support": 35000
        },
        "class_1": {
            "precision": 0.8009984197672748,
            "recall": 0.6372285714285715,
            "f1_score": 0.7097893195850041,
            "support": 35000
        },
        "class_2": {
            "precision": 0.8251825736590279,
            "recall": 0.9362285714285714,
            "f1_score": 0.8772051934145362,
            "support": 35000
        },
        "class_3": {
            "precision": 0.99577130775165,
            "recall": 0.9957428571428572,
            "f1_score": 0.995757082244032,
            "support": 35000
        }
    },
    "confusion_matrix": [
        [
            31522,
            3386,
            38,
            54
        ],
        [
            5856,
            22303,
            6803,
            38
        ],
        [
            36,
            2140,
            32768,
            56
        ],
        [
            33,
            15,
            101,
            34851
        ]
    ]
}