{
  "train_loss": [
    0.6415540481976101,
    0.5628298340797424,
    0.5413167410578047,
    0.5241178569657462,
    0.5151491273130689,
    0.5057892155374799,
    0.4973885069847107,
    0.49670292828423634,
    0.48963214990070886,
    0.48268066583360947,
    0.4761397156034197,
    0.476798628289359,
    0.4749135662146977,
    0.4693269057410104,
    0.46900017254693166,
    0.46458209956714086,
    0.4627880378110068,
    0.4560840465477535,
    0.45675474694115775,
    0.45313480501174924,
    0.4537088633741651,
    0.449800844008582,
    0.4458256388255528,
    0.4460925894532885,
    0.4432335276058742,
    0.44525841916629244,
    0.44176252468654087,
    0.43923499744279043,
    0.4409067487035479,
    0.437559819827761,
    0.43903646797452656,
    0.43363450933183945,
    0.4297814738818577,
    0.43306089498656136,
    0.43235856915882653,
    0.43087508920942036,
    0.4306529304300036,
    0.4285145374774933,
    0.42846102456365315,
    0.4254605502401079,
    0.4252723926271711,
    0.42612958938734874,
    0.4231454381329673,
    0.42556532294409616,
    0.4205440098285675,
    0.4219652829851423,
    0.4187817846775055,
    0.42080103529521395,
    0.4212047565937042,
    0.4206438346317836,
    0.41754026984487264,
    0.41776493772097995,
    0.41486861226899285,
    0.4155802614893232,
    0.4105507280962808,
    0.41495379122325354,
    0.41486687440872194,
    0.41204783958707536,
    0.41067716311046054
  ],
  "val_loss": [
    0.35245885696411133,
    0.36723200397491457,
    0.3395982919692993,
    0.3460292672634125,
    0.32163117098808286,
    0.3352253692626953,
    0.3281336265563965,
    0.3365851049423218,
    0.3243552847862244,
    0.31929322552680967,
    0.30777797937393186,
    0.3122891985416412,
    0.3170710387229919,
    0.32187732696533206,
    0.31712457313537595,
    0.31440859451293945,
    0.3163733500957489,
    0.2961113158226013,
    0.31055786128044127,
    0.3178815026760101,
    0.30693111124038697,
    0.2997369423866272,
    0.3054312527179718,
    0.30267231435775754,
    0.30079885835647585,
    0.29455478177070615,
    0.29485768547058105,
    0.3014755771636963,
    0.3000189584732056,
    0.30174135150909426,
    0.29824982523918153,
    0.30226315226554873,
    0.29463343420028687,
    0.29677648096084597,
    0.2946615927696228,
    0.29106389527320864,
    0.28999746141433713,
    0.2919229106903076,
    0.2978906289100647,
    0.2906046507358551,
    0.2931129012107849,
    0.28823498239517215,
    0.2832028292179108,
    0.28838453435897826,
    0.2939894013404846,
    0.28772530488967896,
    0.2884768063545227,
    0.2831140001296997,
    0.28419507865905763,
    0.291771756029129,
    0.28409273042678834,
    0.28333007550239564,
    0.28011325273513793,
    0.28070329742431643,
    0.2857554078578949,
    0.28375514488220216,
    0.2918043744087219,
    0.280914005279541,
    0.27995896167755124
  ],
  "epochs": [
    0,
    1,
    2,
    3,
    4,
    5,
    6,
    7,
    8,
    9,
    10,
    11,
    12,
    13,
    14,
    15,
    16,
    17,
    18,
    19,
    20,
    21,
    22,
    23,
    24,
    25,
    26,
    27,
    28,
    29,
    30,
    31,
    32,
    33,
    34,
    35,
    36,
    37,
    38,
    39,
    40,
    41,
    42,
    43,
    44,
    45,
    46,
    47,
    48,
    49,
    50,
    51,
    52,
    53,
    54,
    55,
    56,
    57,
    58
  ]
}