{
    "dataset": "train",
    "accuracy": 0.9068071428571428,
    "macro_precision": 0.9059269585803915,
    "macro_recall": 0.9068071428571429,
    "macro_f1": 0.9061198326209757,
    "weighted_precision": 0.9059269585803916,
    "weighted_recall": 0.9068071428571428,
    "weighted_f1": 0.9061198326209757,
    "per_class_metrics": {
        "class_0": {
            "precision": 0.8952962838968865,
            "recall": 0.9168857142857143,
            "f1_score": 0.9059623962509175,
            "support": 35000
        },
        "class_1": {
            "precision": 0.8331619692754324,
            "recall": 0.7871714285714285,
            "f1_score": 0.8095140153963684,
            "support": 35000
        },
        "class_2": {
            "precision": 0.8968203365397943,
            "recall": 0.9243142857142858,
            "f1_score": 0.910359770939738,
            "support": 35000
        },
        "class_3": {
            "precision": 0.998429244609453,
            "recall": 0.9988571428571429,
            "f1_score": 0.9986431478968792,
            "support": 35000
        }
    },
    "confusion_matrix": [
        [
            32091,
            2885,
            3,
            21
        ],
        [
            3735,
            27551,
            3700,
            14
        ],
        [
            5,
            2624,
            32351,
            20
        ],
        [
            13,
            8,
            19,
            34960
        ]
    ]
}