{
  "summary": {
    "norm_name": "robust_normalized",
    "num_chips_requested": 10,
    "num_chips_processed": 10,
    "num_chips_with_metrics": 10,
    "generated_at": "2025-10-21T22:15:58.967095"
  },
  "averages": {
    "train": {
      "accuracy": 0.9100714285714286,
      "precision": 0.9095014826267669,
      "recall": 0.9100714285714286,
      "f1": 0.9096181122107139,
      "num_chips": 10
    },
    "val": {
      "accuracy": 0.897776111944028,
      "precision": 0.8972559723737648,
      "recall": 0.897776111944028,
      "f1": 0.8973638011159849,
      "num_chips": 10
    },
    "test": {
      "accuracy": 0.895945945945946,
      "precision": 0.8951390278764313,
      "recall": 0.895945945945946,
      "f1": 0.8952656096273811,
      "num_chips": 10
    }
  },
  "per_chip": {
    "1": {
      "train": {
        "accuracy": 0.9146428571428571,
        "precision": 0.9138863230164999,
        "recall": 0.9146428571428571,
        "f1": 0.9139878673011397
      },
      "val": {
        "accuracy": 0.8983008495752124,
        "precision": 0.8976295674003486,
        "recall": 0.8983008495752124,
        "f1": 0.897846940070583
      },
      "test": {
        "accuracy": 0.9049049049049049,
        "precision": 0.903910804919946,
        "recall": 0.9049049049049049,
        "f1": 0.9040539058214724
      }
    },
    "2": {
      "train": {
        "accuracy": 0.9065714285714286,
        "precision": 0.9058427930474622,
        "recall": 0.9065714285714286,
        "f1": 0.9060718616960587
      },
      "val": {
        "accuracy": 0.8885557221389305,
        "precision": 0.8877930042440371,
        "recall": 0.8885557221389305,
        "f1": 0.8880630647593335
      },
      "test": {
        "accuracy": 0.8953953953953954,
        "precision": 0.8940215727181716,
        "recall": 0.8953953953953954,
        "f1": 0.8941953404070617
      }
    },
    "3": {
      "train": {
        "accuracy": 0.9154285714285715,
        "precision": 0.9149248666801698,
        "recall": 0.9154285714285715,
        "f1": 0.9150408035215275
      },
      "val": {
        "accuracy": 0.9090454772613693,
        "precision": 0.9085090371982237,
        "recall": 0.9090454772613693,
        "f1": 0.9087124379650028
      },
      "test": {
        "accuracy": 0.9099099099099099,
        "precision": 0.9091822283337052,
        "recall": 0.9099099099099099,
        "f1": 0.9093050838290805
      }
    },
    "4": {
      "train": {
        "accuracy": 0.9172857142857143,
        "precision": 0.9170108846456112,
        "recall": 0.9172857142857143,
        "f1": 0.9170097258161103
      },
      "val": {
        "accuracy": 0.9032983508245878,
        "precision": 0.9028356684740003,
        "recall": 0.9032983508245878,
        "f1": 0.9029597637339412
      },
      "test": {
        "accuracy": 0.9004004004004004,
        "precision": 0.9003845100600149,
        "recall": 0.9004004004004004,
        "f1": 0.90009860076046
      }
    },
    "5": {
      "train": {
        "accuracy": 0.9130714285714285,
        "precision": 0.9127802390737649,
        "recall": 0.9130714285714285,
        "f1": 0.9126889058859912
      },
      "val": {
        "accuracy": 0.8975512243878061,
        "precision": 0.8969575272815781,
        "recall": 0.8975512243878061,
        "f1": 0.8970746001177689
      },
      "test": {
        "accuracy": 0.8918918918918919,
        "precision": 0.8911895553357014,
        "recall": 0.8918918918918919,
        "f1": 0.8911347282818278
      }
    },
    "6": {
      "train": {
        "accuracy": 0.902,
        "precision": 0.9012669890701656,
        "recall": 0.902,
        "f1": 0.9013536378563026
      },
      "val": {
        "accuracy": 0.887056471764118,
        "precision": 0.8859589977442812,
        "recall": 0.887056471764118,
        "f1": 0.8862804436243928
      },
      "test": {
        "accuracy": 0.8833833833833834,
        "precision": 0.8824068035386521,
        "recall": 0.8833833833833834,
        "f1": 0.8827571688995706
      }
    },
    "7": {
      "train": {
        "accuracy": 0.9147857142857143,
        "precision": 0.9140483873292953,
        "recall": 0.9147857142857143,
        "f1": 0.9141582170607923
      },
      "val": {
        "accuracy": 0.9085457271364318,
        "precision": 0.9076543695518599,
        "recall": 0.9085457271364318,
        "f1": 0.9078074693173975
      },
      "test": {
        "accuracy": 0.9004004004004004,
        "precision": 0.899102321664059,
        "recall": 0.9004004004004004,
        "f1": 0.8994363715721069
      }
    },
    "8": {
      "train": {
        "accuracy": 0.8876428571428572,
        "precision": 0.8869991756587091,
        "recall": 0.8876428571428572,
        "f1": 0.8872689583311356
      },
      "val": {
        "accuracy": 0.8690654672663668,
        "precision": 0.8700938538470945,
        "recall": 0.8690654672663668,
        "f1": 0.8695164702280402
      },
      "test": {
        "accuracy": 0.8923923923923924,
        "precision": 0.8923578465688892,
        "recall": 0.8923923923923924,
        "f1": 0.8923720287403247
      }
    },
    "9": {
      "train": {
        "accuracy": 0.9132142857142858,
        "precision": 0.9125634049395964,
        "recall": 0.9132142857142858,
        "f1": 0.9127550015947885
      },
      "val": {
        "accuracy": 0.9080459770114943,
        "precision": 0.907290431738347,
        "recall": 0.9080459770114943,
        "f1": 0.9073748034522979
      },
      "test": {
        "accuracy": 0.8898898898898899,
        "precision": 0.8885965480493978,
        "recall": 0.8898898898898899,
        "f1": 0.8888618109629365
      }
    },
    "10": {
      "train": {
        "accuracy": 0.9160714285714285,
        "precision": 0.9156917628063921,
        "recall": 0.9160714285714285,
        "f1": 0.9158461430432921
      },
      "val": {
        "accuracy": 0.908295852073963,
        "precision": 0.9078372662578771,
        "recall": 0.908295852073963,
        "f1": 0.9080020178910911
      },
      "test": {
        "accuracy": 0.8908908908908909,
        "precision": 0.8902380875757762,
        "recall": 0.8908908908908909,
        "f1": 0.8904410569989697
      }
    }
  }
}