{
    "dataset": "train",
    "accuracy": 0.9051571428571429,
    "macro_precision": 0.9047846597299195,
    "macro_recall": 0.9051571428571429,
    "macro_f1": 0.9043928846695073,
    "weighted_precision": 0.9047846597299196,
    "weighted_recall": 0.9051571428571429,
    "weighted_f1": 0.9043928846695073,
    "per_class_metrics": {
        "class_0": {
            "precision": 0.9168475391564498,
            "recall": 0.8931142857142857,
            "f1_score": 0.9048253104466379,
            "support": 35000
        },
        "class_1": {
            "precision": 0.8306087167510843,
            "recall": 0.7824571428571429,
            "f1_score": 0.8058142443100734,
            "support": 35000
        },
        "class_2": {
            "precision": 0.8734233996516967,
            "recall": 0.9457428571428571,
            "f1_score": 0.9081456281379462,
            "support": 35000
        },
        "class_3": {
            "precision": 0.9982589833604475,
            "recall": 0.9993142857142857,
            "f1_score": 0.9987863557833716,
            "support": 35000
        }
    },
    "confusion_matrix": [
        [
            31259,
            3708,
            10,
            23
        ],
        [
            2826,
            27386,
            4774,
            14
        ],
        [
            1,
            1874,
            33101,
            24
        ],
        [
            8,
            3,
            13,
            34976
        ]
    ]
}