{
  "train_loss": [
    0.3907992950894616,
    0.20949590395797382,
    0.20165065499869259,
    0.20335033265027133,
    0.1990942678668282,
    0.19547680887308988,
    0.1956956992095167,
    0.19485454992814497,
    0.1926374696872451,
    0.1915767320177772,
    0.1922816195271232,
    0.19100399857217615,
    0.192393850738352,
    0.19144352674484252,
    0.19021722267974506,
    0.19240000396966933,
    0.19171867804093795,
    0.18938878937201067,
    0.18746781660751863,
    0.18895102129741148,
    0.18883728642355313,
    0.18769634501500562,
    0.1887063440951434,
    0.18900849981741472,
    0.189211275360801,
    0.18795738233761353,
    0.1889542211185802,
    0.18838287754492325,
    0.1869704763997685,
    0.18743702037767931,
    0.18811174170537429,
    0.18731726177714086,
    0.18825120438228954,
    0.18775826489383524,
    0.18625099130652167,
    0.18676111752336674,
    0.1851312984119762,
    0.18615955385294827,
    0.18769175030968405,
    0.18612556945193898,
    0.18572342585433613,
    0.18483170487663964,
    0.18752420097589492,
    0.1858791161667217
  ],
  "val_loss": [
    0.23027897533029318,
    0.21666756505146623,
    0.20796901965513825,
    0.2404766147956252,
    0.22432726249098778,
    0.22279273997992277,
    0.20512459613382816,
    0.20615880750119686,
    0.21310780197381973,
    0.20661443006247282,
    0.20438865572214127,
    0.20786358835175633,
    0.20500200521200895,
    0.21072781644761562,
    0.22636478673666716,
    0.20915274322032928,
    0.20441308710724115,
    0.2063664933666587,
    0.2066870559938252,
    0.2043941868469119,
    0.20837562903761864,
    0.20485215773805976,
    0.20361873228102922,
    0.20342923142015934,
    0.20712914736941457,
    0.20817766338586807,
    0.20438525173813105,
    0.2050190852023661,
    0.20327642932534218,
    0.20601353980600834,
    0.2049097428098321,
    0.20668756403028965,
    0.21003112336620688,
    0.20534342201426625,
    0.20556507166475058,
    0.2056860327720642,
    0.20614738622680306,
    0.2060601282864809,
    0.205665722489357,
    0.20532820839434862,
    0.2062416230328381,
    0.20589277800172567,
    0.20539074763655663,
    0.20551117835566401
  ],
  "epochs": [
    0,
    1,
    2,
    3,
    4,
    5,
    6,
    7,
    8,
    9,
    10,
    11,
    12,
    13,
    14,
    15,
    16,
    17,
    18,
    19,
    20,
    21,
    22,
    23,
    24,
    25,
    26,
    27,
    28,
    29,
    30,
    31,
    32,
    33,
    34,
    35,
    36,
    37,
    38,
    39,
    40,
    41,
    42,
    43
  ]
}