{
  "train_loss": [
    0.46828807484019885,
    0.2982610355723988,
    0.2911041861230677,
    0.28659733154556966,
    0.2831136633049358,
    0.28345457884398373,
    0.27886208377101207,
    0.2789817279035395,
    0.28073645071549846,
    0.27484812519767066,
    0.27292500057003716,
    0.27214851460673595,
    0.27244885645129463,
    0.2706395238637924,
    0.26965977332808755,
    0.27080000205473465,
    0.2707289828495546,
    0.2704625820571726,
    0.26918048750270496,
    0.2688495102253827,
    0.27002451609481465,
    0.2708692978728901,
    0.2691619485616684,
    0.2706025475805456,
    0.27015514157035136,
    0.27042621915990656,
    0.26729729907079175,
    0.2694458942521702,
    0.26881702054630624,
    0.2702762026678432,
    0.26800738031213933,
    0.26679044420068915,
    0.26969438303600657,
    0.26915793283419176,
    0.2668155756863681,
    0.2679353968663649,
    0.26840238815004175,
    0.2679147029464895
  ],
  "val_loss": [
    0.3199157975614071,
    0.3177533894777298,
    0.3314054226502776,
    0.3072489760816097,
    0.33881031535565853,
    0.3241211250424385,
    0.3281620815396309,
    0.3130069961771369,
    0.3234227243810892,
    0.31932984851300716,
    0.30541438702493906,
    0.3035260792821646,
    0.30476835649460554,
    0.30445393454283476,
    0.30340452678501606,
    0.3028560262173414,
    0.30222130846232176,
    0.3032538704574108,
    0.3020441522821784,
    0.30353980604559183,
    0.30375051870942116,
    0.30239754635840654,
    0.3016967363655567,
    0.30387433990836143,
    0.3029394121840596,
    0.3021806329488754,
    0.3020442249253392,
    0.30171639285981655,
    0.3019203841686249,
    0.30176612362265587,
    0.3017534911632538,
    0.3021061848849058,
    0.3025273270905018,
    0.3019421547651291,
    0.30223225988447666,
    0.30213701725006104,
    0.3022251632064581,
    0.30215071700513363
  ],
  "epochs": [
    0,
    1,
    2,
    3,
    4,
    5,
    6,
    7,
    8,
    9,
    10,
    11,
    12,
    13,
    14,
    15,
    16,
    17,
    18,
    19,
    20,
    21,
    22,
    23,
    24,
    25,
    26,
    27,
    28,
    29,
    30,
    31,
    32,
    33,
    34,
    35,
    36,
    37
  ]
}