{
  "train_loss": [
    0.4269551315090873,
    0.2576213470914147,
    0.2516288418661464,
    0.24497838887301357,
    0.24692936648022046,
    0.24361192042177374,
    0.23638664673675192,
    0.2420226216316223,
    0.23612064177339728,
    0.23348752504045314,
    0.23614162396300922,
    0.2323387173089114,
    0.23370492431250486,
    0.2323684651743282,
    0.23196612190116536,
    0.23060862774198707,
    0.23060226169499484,
    0.23307351497086612,
    0.2289269200780175,
    0.22924951829693535,
    0.22965459579771216,
    0.23291029306975278,
    0.2300807988101786,
    0.22982036471366882,
    0.22896811013871973,
    0.2298037347468463,
    0.22897007356990468,
    0.23175996975465255,
    0.2314818181774833,
    0.23157019859010522,
    0.2301364383914254,
    0.23369107110933823,
    0.23244575397534803,
    0.23211302269588818,
    0.22989569170908494,
    0.22984386032277887,
    0.23319984538988633,
    0.2335311084985733,
    0.23144720928235488,
    0.23167374675924127
  ],
  "val_loss": [
    0.3076535724103451,
    0.26270083244889975,
    0.4007646106183529,
    0.2945297798141837,
    0.2988645862787962,
    0.2632139213383198,
    0.32954775262624025,
    0.2999486569315195,
    0.256623649969697,
    0.2562145357951522,
    0.25620489474385977,
    0.2558984821662307,
    0.2577545326203108,
    0.25788264721632004,
    0.25615814607590437,
    0.25614050310105085,
    0.25717821065336466,
    0.2571256635710597,
    0.25632940512150526,
    0.256514236330986,
    0.25648381281644106,
    0.2559648174792528,
    0.2560690240934491,
    0.2559839114546776,
    0.2558483025059104,
    0.2564716599881649,
    0.256210720166564,
    0.256070408038795,
    0.2559237480163574,
    0.2560537997633219,
    0.2562318602576852,
    0.256266625598073,
    0.25600826274603605,
    0.25613983720541,
    0.2562106279656291,
    0.2560785077512264,
    0.25613110791891813,
    0.25599649269133806,
    0.25593739934265614,
    0.2560149887576699
  ],
  "epochs": [
    0,
    1,
    2,
    3,
    4,
    5,
    6,
    7,
    8,
    9,
    10,
    11,
    12,
    13,
    14,
    15,
    16,
    17,
    18,
    19,
    20,
    21,
    22,
    23,
    24,
    25,
    26,
    27,
    28,
    29,
    30,
    31,
    32,
    33,
    34,
    35,
    36,
    37,
    38,
    39
  ]
}