{
  "train_loss": [
    0.4309303576296026,
    0.24796044582670385,
    0.24054740884087303,
    0.2388083753260699,
    0.23614294826984406,
    0.22966755818236959,
    0.23191816021095624,
    0.23310588814995506,
    0.23030345277352768,
    0.2285787129944021,
    0.22882524782961064,
    0.2309608272530816,
    0.22815266874703494,
    0.22671672187068245,
    0.2246623936024579,
    0.2226881059733304,
    0.2240309550003572,
    0.22482170191678133,
    0.22634502405470067,
    0.22476553185419604,
    0.22247500853105026,
    0.22272391021251678,
    0.22400263818827543,
    0.22294426452029836,
    0.22237549099055204,
    0.2235413600098003,
    0.22329308526082473,
    0.22583578554066744,
    0.22314704114740544
  ],
  "val_loss": [
    0.27015542704612017,
    0.26677418034523726,
    0.28011295571923256,
    0.271894134581089,
    0.2690404215827584,
    0.26694348454475403,
    0.2644443837925792,
    0.2663777722045779,
    0.2673264965415001,
    0.2645520567893982,
    0.28115403465926647,
    0.2776110265403986,
    0.27046633046120405,
    0.2632281482219696,
    0.2635457422584295,
    0.26523402985185385,
    0.26337662898004055,
    0.2643753094598651,
    0.2642541294917464,
    0.264187284745276,
    0.2640358041971922,
    0.26377576868981123,
    0.2636044481769204,
    0.2634070999920368,
    0.2637740382924676,
    0.26355212461203337,
    0.263725764118135,
    0.263688120059669,
    0.2635878510773182
  ],
  "epochs": [
    0,
    1,
    2,
    3,
    4,
    5,
    6,
    7,
    8,
    9,
    10,
    11,
    12,
    13,
    14,
    15,
    16,
    17,
    18,
    19,
    20,
    21,
    22,
    23,
    24,
    25,
    26,
    27,
    28
  ]
}