{
  "train_loss": [
    0.43092412488027054,
    0.26954351230101153,
    0.2584499183026227,
    0.2522206880829551,
    0.25184853293678977,
    0.24948923967101358,
    0.24895365861329166,
    0.24732628112489527,
    0.24537870585918425,
    0.24655387022278524,
    0.24380211342464794,
    0.24232819405469028,
    0.24317242801189423,
    0.2447594778104262,
    0.24450247341936285,
    0.24244551008397883,
    0.244303468411619,
    0.24042982973835686,
    0.2416301123120568,
    0.2439446284012361,
    0.24260234345089304,
    0.2417141616344452,
    0.2412205322222276,
    0.2397760491479527,
    0.24065202366222035,
    0.2403272585435347,
    0.24332663741978733,
    0.23902363506230442,
    0.24287911626425657
  ],
  "val_loss": [
    0.28578484058380127,
    0.2817306434735656,
    0.28422661870718,
    0.2761111045256257,
    0.2780848043039441,
    0.28385111037641764,
    0.2783290818333626,
    0.2805559290573001,
    0.28203555941581726,
    0.27757522836327553,
    0.2734621139243245,
    0.27320654410868883,
    0.2734437845647335,
    0.272367550060153,
    0.2745781857520342,
    0.2752571012824774,
    0.274532075971365,
    0.2732949126511812,
    0.27550405729562044,
    0.27342564333230257,
    0.2726817186921835,
    0.27268384769558907,
    0.2728119036182761,
    0.27294155955314636,
    0.27310080267488956,
    0.2731445739045739,
    0.27288682013750076,
    0.2732193386182189,
    0.2729239985346794
  ],
  "epochs": [
    0,
    1,
    2,
    3,
    4,
    5,
    6,
    7,
    8,
    9,
    10,
    11,
    12,
    13,
    14,
    15,
    16,
    17,
    18,
    19,
    20,
    21,
    22,
    23,
    24,
    25,
    26,
    27,
    28
  ]
}