{
  "train_loss": [
    0.4192223153331063,
    0.2585871528495442,
    0.24582876590165226,
    0.24414095472205768,
    0.24050656340338966,
    0.2388217346234755,
    0.23822852698239413,
    0.2333164551041343,
    0.23757030449130317,
    0.23446875295855782,
    0.23364335975863718,
    0.23460018526424062,
    0.23167123279788276,
    0.23236742155118423,
    0.22912407246502964,
    0.23164368976246227,
    0.2311842761256478,
    0.2313513232903047,
    0.22938408959995615,
    0.22810056832703676,
    0.2286252818324349,
    0.22823889526453886,
    0.23049073138020254,
    0.22930332313884388,
    0.22777755802327937,
    0.22717296481132507,
    0.2281880321827802,
    0.2276114444841038
  ],
  "val_loss": [
    0.26658776216208935,
    0.2661090474575758,
    0.26721104327589273,
    0.26253368239849806,
    0.28185333870351315,
    0.2619961313903332,
    0.2701586289331317,
    0.2642199704423547,
    0.2785591771826148,
    0.2677422482520342,
    0.26994483079761267,
    0.2627102145925164,
    0.26000489201396704,
    0.26144937239587307,
    0.2604652112349868,
    0.260061414912343,
    0.26180352829396725,
    0.26270986907184124,
    0.26039294339716434,
    0.26035597920417786,
    0.26053731329739094,
    0.26044201012700796,
    0.26056603342294693,
    0.26043272111564875,
    0.26048392802476883,
    0.260470780543983,
    0.2603074284270406,
    0.26035753078758717
  ],
  "epochs": [
    0,
    1,
    2,
    3,
    4,
    5,
    6,
    7,
    8,
    9,
    10,
    11,
    12,
    13,
    14,
    15,
    16,
    17,
    18,
    19,
    20,
    21,
    22,
    23,
    24,
    25,
    26,
    27
  ]
}