{
  "train_loss": [
    0.4546190269968726,
    0.29033953764221887,
    0.27643759765408255,
    0.2726189889691093,
    0.2674461310560053,
    0.2674676093188199,
    0.26702238592234523,
    0.26920962956818667,
    0.2636734206568111,
    0.26365692669695073,
    0.26913456889716064,
    0.2617788401517001,
    0.26093964549628174,
    0.26156859343702143,
    0.26027730974284086,
    0.2613819260488857,
    0.2602926427667791,
    0.25859323631633413,
    0.2593660354614258,
    0.260092616352168,
    0.26015090237964283,
    0.25922429832545196,
    0.25705700354142624,
    0.25590697797861967,
    0.2555827335877852,
    0.255007897994735,
    0.2544195204973221,
    0.2544736011461778,
    0.25591079782355913,
    0.2541846055876125,
    0.25595716373486954,
    0.2544978989796205,
    0.2527794274416837,
    0.2542349322275682,
    0.25242129130796953,
    0.25301979671825064,
    0.24936763671311465,
    0.2528381404551593,
    0.2542303814129396,
    0.2531778154048053,
    0.25248630886728113,
    0.2543144637888128,
    0.2546306252479553,
    0.2528247055682269,
    0.2520851742137562,
    0.25185675024986265
  ],
  "val_loss": [
    0.28317362535744905,
    0.2850550264120102,
    0.2808692269027233,
    0.2788592781871557,
    0.3021369520574808,
    0.2935541896149516,
    0.30641312804073095,
    0.2752837501466274,
    0.2758002746850252,
    0.2768543278798461,
    0.2749594897031784,
    0.27327505126595497,
    0.28937583696097136,
    0.2780939219519496,
    0.2778350170701742,
    0.27852895576506853,
    0.2711520865559578,
    0.2763687651604414,
    0.3065500631928444,
    0.27961838990449905,
    0.2805680828168988,
    0.28774088621139526,
    0.27694515138864517,
    0.2697520861402154,
    0.2692315997555852,
    0.2695334739983082,
    0.26900311280041933,
    0.2692327620461583,
    0.26929993834346533,
    0.2707522828131914,
    0.26899041049182415,
    0.2691508727148175,
    0.2704262612387538,
    0.2696519624441862,
    0.2695465050637722,
    0.2696820814162493,
    0.2695383708924055,
    0.2694495962932706,
    0.2694701971486211,
    0.26942534279078245,
    0.2692859135568142,
    0.2692343108355999,
    0.2693667160347104,
    0.2693708073347807,
    0.2692118464037776,
    0.2693784851580858
  ],
  "epochs": [
    0,
    1,
    2,
    3,
    4,
    5,
    6,
    7,
    8,
    9,
    10,
    11,
    12,
    13,
    14,
    15,
    16,
    17,
    18,
    19,
    20,
    21,
    22,
    23,
    24,
    25,
    26,
    27,
    28,
    29,
    30,
    31,
    32,
    33,
    34,
    35,
    36,
    37,
    38,
    39,
    40,
    41,
    42,
    43,
    44,
    45
  ]
}