{
  "train_loss": [
    0.45315180664712734,
    0.28392416780645197,
    0.27498478401790966,
    0.26856130632487213,
    0.2648849341002378,
    0.2639431712302295,
    0.2673484899780967,
    0.26341218135573646,
    0.26476463838057085,
    0.26108065247535706,
    0.26057629097591745,
    0.26300549507141113,
    0.26238201504403896,
    0.2584832738746296,
    0.2564578495242379,
    0.2561883717775345,
    0.2569402889771895,
    0.25690912252122705,
    0.25448830398646266,
    0.2558224339376796,
    0.25569981959733096,
    0.2565835153514689,
    0.2541847448457371,
    0.25692664005539634,
    0.25468152138319883,
    0.25263917364857413,
    0.2551982592452656,
    0.25490413931283085,
    0.2537285658446225,
    0.25445926731283014,
    0.25365664010698147,
    0.25433532893657684,
    0.2534576424143531,
    0.2532718533819372
  ],
  "val_loss": [
    0.2975915092974901,
    0.32005990482866764,
    0.3080702032893896,
    0.29188019316643476,
    0.2872745105996728,
    0.2859002538025379,
    0.3031762111932039,
    0.28570860251784325,
    0.29207485169172287,
    0.30417501740157604,
    0.2955294009298086,
    0.2892457563430071,
    0.28849974926561117,
    0.2950390260666609,
    0.28342400398105383,
    0.28364910278469324,
    0.28435599338263273,
    0.28281040769070387,
    0.28239102475345135,
    0.2828641254454851,
    0.28325734566897154,
    0.28311922401189804,
    0.28289643209427595,
    0.2837646985426545,
    0.2829930419102311,
    0.2831717077642679,
    0.2830671686679125,
    0.28305030055344105,
    0.28335469495505095,
    0.2832998279482126,
    0.28358915261924267,
    0.28282887022942305,
    0.2829313660040498,
    0.28324859123677015
  ],
  "epochs": [
    0,
    1,
    2,
    3,
    4,
    5,
    6,
    7,
    8,
    9,
    10,
    11,
    12,
    13,
    14,
    15,
    16,
    17,
    18,
    19,
    20,
    21,
    22,
    23,
    24,
    25,
    26,
    27,
    28,
    29,
    30,
    31,
    32,
    33
  ]
}