{
  "train_loss": [
    0.4474819611419331,
    0.26126440221613106,
    0.2550482901659879,
    0.24973065907304937,
    0.2440604185516184,
    0.24762901230291887,
    0.24248142350803722,
    0.24188950224356218,
    0.2373614327474074,
    0.24103923629630697,
    0.2375932820818641,
    0.23997471251270988,
    0.23469484150409697,
    0.23835640820589932,
    0.2364513500170274,
    0.23498537052761426,
    0.2360328731211749,
    0.23351874514059587,
    0.23460730016231537,
    0.2309794014150446,
    0.2324796524914828,
    0.23209268315271897,
    0.23400823690674522,
    0.22756960093975068,
    0.22896820306777954,
    0.2267047483812679,
    0.22974165352908046,
    0.22799589823592792,
    0.22913763496008785,
    0.22950009405612945,
    0.2259869163686579,
    0.2291328416629271,
    0.22693875350735404,
    0.22661879360675813,
    0.22642812457951633,
    0.22818097905679183,
    0.2260607348247008,
    0.22572986077178608,
    0.22614408135414124,
    0.22537493190982125,
    0.22653802822936664,
    0.22687742114067078,
    0.22809408903121947,
    0.2246645144440911,
    0.2272342559966174,
    0.22741124684160405,
    0.2278615799817172,
    0.2258774283257398,
    0.22589423954486848,
    0.22489900236779994,
    0.2263875598257238,
    0.22508495206182652,
    0.22739765589887445,
    0.22456743175333196,
    0.22537092024629765,
    0.22670489116148515,
    0.22686650942672382,
    0.22560753307559273
  ],
  "val_loss": [
    0.26611396856606007,
    0.2814366677775979,
    0.27944030053913593,
    0.2570958584547043,
    0.2591630332171917,
    0.24771252181380987,
    0.2452267101034522,
    0.2632853565737605,
    0.2572131659835577,
    0.2763979397714138,
    0.24903499521315098,
    0.24339532759040594,
    0.25697800517082214,
    0.26244569197297096,
    0.255987367592752,
    0.25124625489115715,
    0.2407900169491768,
    0.256662973202765,
    0.241861617192626,
    0.34373659174889326,
    0.2433697646483779,
    0.3593100728467107,
    0.2475407011806965,
    0.23705498687922955,
    0.23804261442273855,
    0.23666279204189777,
    0.23655868787318468,
    0.2391800256446004,
    0.23670377861708403,
    0.23694797791540623,
    0.23744278214871883,
    0.23776449728757143,
    0.2358147380873561,
    0.2375460211187601,
    0.23911516275256872,
    0.23607694171369076,
    0.2361113103106618,
    0.23633827175945044,
    0.23567029368132353,
    0.2370610712096095,
    0.23630500864237547,
    0.23588916193693876,
    0.23557647597044706,
    0.2360789394006133,
    0.2379474202170968,
    0.23962162528187037,
    0.235701153986156,
    0.23626991547644138,
    0.2370652686804533,
    0.2362566189840436,
    0.2360676871612668,
    0.23597676306962967,
    0.23598998505622149,
    0.23624075204133987,
    0.23585313465446234,
    0.23610929306596518,
    0.23618829809129238,
    0.23606743104755878
  ],
  "epochs": [
    0,
    1,
    2,
    3,
    4,
    5,
    6,
    7,
    8,
    9,
    10,
    11,
    12,
    13,
    14,
    15,
    16,
    17,
    18,
    19,
    20,
    21,
    22,
    23,
    24,
    25,
    26,
    27,
    28,
    29,
    30,
    31,
    32,
    33,
    34,
    35,
    36,
    37,
    38,
    39,
    40,
    41,
    42,
    43,
    44,
    45,
    46,
    47,
    48,
    49,
    50,
    51,
    52,
    53,
    54,
    55,
    56,
    57
  ]
}