{
  "train_loss": [
    0.4022782079198144,
    0.24209080988710577,
    0.2357211186127229,
    0.23391861563379115,
    0.22753482542254708,
    0.23020184500650925,
    0.22693328965793957,
    0.2259169640866193,
    0.2263672777197578,
    0.22795030908151107,
    0.22518039833415637,
    0.22478863027962773,
    0.22472689070484855,
    0.2222233059731397,
    0.2184880568222566,
    0.2266092151403427,
    0.22085451212796298,
    0.21872586689212106,
    0.21888068128715862,
    0.21800680241801523,
    0.2195324794812636,
    0.21776244775815443,
    0.21861701282587917,
    0.21615116921338168,
    0.21601795662533152
  ],
  "val_loss": [
    0.29508592188358307,
    0.28980564791709185,
    0.28575441986322403,
    0.2782172570005059,
    0.2754052644595504,
    0.2624058621004224,
    0.2707624873146415,
    0.26430476177483797,
    0.26148116309195757,
    0.2561516957357526,
    0.2779768453910947,
    0.276530590839684,
    0.2636441010981798,
    0.2817603815346956,
    0.29834318719804287,
    0.27103833481669426,
    0.2607860090211034,
    0.25892492290586233,
    0.259682334959507,
    0.26131093967705965,
    0.25962463300675154,
    0.2580738924443722,
    0.25810678862035275,
    0.25843887962400913,
    0.2582347020506859
  ],
  "epochs": [
    0,
    1,
    2,
    3,
    4,
    5,
    6,
    7,
    8,
    9,
    10,
    11,
    12,
    13,
    14,
    15,
    16,
    17,
    18,
    19,
    20,
    21,
    22,
    23,
    24
  ]
}