{
  "summary": {
    "norm_name": "robust_normalized",
    "num_chips_requested": 10,
    "num_chips_processed": 10,
    "num_chips_with_metrics": 10,
    "generated_at": "2025-11-17T22:43:53.352243"
  },
  "averages": {
    "train": {
      "accuracy": 0.8951714285714285,
      "precision": 0.8939599371197465,
      "recall": 0.8951714285714285,
      "f1": 0.8938412179647118,
      "num_chips": 10
    },
    "val": {
      "accuracy": 0.8800599700149924,
      "precision": 0.8785615257986228,
      "recall": 0.8800599700149924,
      "f1": 0.8786538304004715,
      "num_chips": 10
    },
    "test": {
      "accuracy": 0.8775775775775776,
      "precision": 0.8760461122923001,
      "recall": 0.8775775775775776,
      "f1": 0.8759360040827868,
      "num_chips": 10
    }
  },
  "per_chip": {
    "1": {
      "train": {
        "accuracy": 0.9083571428571429,
        "precision": 0.9074162677022284,
        "recall": 0.9083571428571429,
        "f1": 0.9071421967841607
      },
      "val": {
        "accuracy": 0.8968015992003998,
        "precision": 0.8957074419952291,
        "recall": 0.8968015992003998,
        "f1": 0.8948171370784086
      },
      "test": {
        "accuracy": 0.9009009009009009,
        "precision": 0.899777272208502,
        "recall": 0.9009009009009009,
        "f1": 0.8996880425851872
      }
    },
    "2": {
      "train": {
        "accuracy": 0.8826428571428572,
        "precision": 0.880912935983975,
        "recall": 0.8826428571428572,
        "f1": 0.8806304033349462
      },
      "val": {
        "accuracy": 0.8650674662668666,
        "precision": 0.8627659625627707,
        "recall": 0.8650674662668666,
        "f1": 0.8628896317416089
      },
      "test": {
        "accuracy": 0.8578578578578578,
        "precision": 0.854887625132688,
        "recall": 0.8578578578578578,
        "f1": 0.8550427331648758
      }
    },
    "3": {
      "train": {
        "accuracy": 0.9214285714285714,
        "precision": 0.9207928425625994,
        "recall": 0.9214285714285714,
        "f1": 0.9208922379214455
      },
      "val": {
        "accuracy": 0.9077961019490255,
        "precision": 0.9072805949407065,
        "recall": 0.9077961019490255,
        "f1": 0.9074594582183261
      },
      "test": {
        "accuracy": 0.9094094094094094,
        "precision": 0.9090963278242977,
        "recall": 0.9094094094094094,
        "f1": 0.9091654215677007
      }
    },
    "4": {
      "train": {
        "accuracy": 0.9087142857142857,
        "precision": 0.9077832655429235,
        "recall": 0.9087142857142857,
        "f1": 0.9076768380735919
      },
      "val": {
        "accuracy": 0.8900549725137431,
        "precision": 0.8889727008114467,
        "recall": 0.8900549725137431,
        "f1": 0.889291696943963
      },
      "test": {
        "accuracy": 0.8833833833833834,
        "precision": 0.8819033421589575,
        "recall": 0.8833833833833834,
        "f1": 0.8821352637445062
      }
    },
    "5": {
      "train": {
        "accuracy": 0.8960714285714285,
        "precision": 0.8949557057749098,
        "recall": 0.8960714285714285,
        "f1": 0.8946231464644876
      },
      "val": {
        "accuracy": 0.8703148425787106,
        "precision": 0.8684065750307719,
        "recall": 0.8703148425787106,
        "f1": 0.8682076193283058
      },
      "test": {
        "accuracy": 0.8708708708708709,
        "precision": 0.8688078472170759,
        "recall": 0.8708708708708709,
        "f1": 0.8687059247534106
      }
    },
    "6": {
      "train": {
        "accuracy": 0.9037142857142857,
        "precision": 0.9027064796115268,
        "recall": 0.9037142857142857,
        "f1": 0.9022034035630121
      },
      "val": {
        "accuracy": 0.8865567216391804,
        "precision": 0.8850038609919875,
        "recall": 0.8865567216391804,
        "f1": 0.8850444924049771
      },
      "test": {
        "accuracy": 0.8893893893893894,
        "precision": 0.8879523854956487,
        "recall": 0.8893893893893894,
        "f1": 0.8876270992512881
      }
    },
    "7": {
      "train": {
        "accuracy": 0.8968571428571429,
        "precision": 0.8960195586677272,
        "recall": 0.8968571428571429,
        "f1": 0.8962454131304185
      },
      "val": {
        "accuracy": 0.8913043478260869,
        "precision": 0.8909925893142014,
        "recall": 0.8913043478260869,
        "f1": 0.8911132743069418
      },
      "test": {
        "accuracy": 0.8783783783783784,
        "precision": 0.8770354527315298,
        "recall": 0.8783783783783784,
        "f1": 0.877110485913107
      }
    },
    "8": {
      "train": {
        "accuracy": 0.8567142857142858,
        "precision": 0.8543277604883301,
        "recall": 0.8567142857142858,
        "f1": 0.8547000968545743
      },
      "val": {
        "accuracy": 0.8385807096451774,
        "precision": 0.8355929524056165,
        "recall": 0.8385807096451774,
        "f1": 0.8364090619387979
      },
      "test": {
        "accuracy": 0.8428428428428428,
        "precision": 0.8409451933170002,
        "recall": 0.8428428428428428,
        "f1": 0.8416795386962389
      }
    },
    "9": {
      "train": {
        "accuracy": 0.8811428571428571,
        "precision": 0.8797540654473747,
        "recall": 0.8811428571428571,
        "f1": 0.8791424197194689
      },
      "val": {
        "accuracy": 0.872063968015992,
        "precision": 0.8701306870584804,
        "recall": 0.872063968015992,
        "f1": 0.8702470399206158
      },
      "test": {
        "accuracy": 0.8613613613613613,
        "precision": 0.8591254685453995,
        "recall": 0.8613613613613613,
        "f1": 0.8571220175606764
      }
    },
    "10": {
      "train": {
        "accuracy": 0.8960714285714285,
        "precision": 0.8949304894158722,
        "recall": 0.8960714285714285,
        "f1": 0.8951560238010132
      },
      "val": {
        "accuracy": 0.8820589705147426,
        "precision": 0.8807618928750164,
        "recall": 0.8820589705147426,
        "f1": 0.8810588921227698
      },
      "test": {
        "accuracy": 0.8813813813813813,
        "precision": 0.8809302082919005,
        "recall": 0.8813813813813813,
        "f1": 0.881083513590877
      }
    }
  }
}