{
  "train_loss": [
    0.3018284988538785,
    0.1459257885068655,
    0.12011309662325817,
    0.10375476555390792,
    0.09119358465075493,
    0.08541640762917022,
    0.07722505947744304,
    0.07466298178515651,
    0.07078655362467874,
    0.06736482571810484,
    0.06752683092247357,
    0.06373569117012348,
    0.06320165228098631,
    0.06241872499950908,
    0.059768622019751506,
    0.05853889167986133,
    0.0574922238053246,
    0.05576903403651985,
    0.05561030964959752,
    0.05582680761136792,
    0.054194109582088215,
    0.05316698811778968,
    0.052407630397514865,
    0.05108102791519328,
    0.0502472296255556,
    0.05040229247374968,
    0.051221388009461494,
    0.049566764645278455,
    0.04900264651429924,
    0.0486401558616622,
    0.04888584078543566,
    0.0477120373939926,
    0.04732503588565372,
    0.04813333392651244,
    0.04752599769525907,
    0.04760473364117471,
    0.04721726961095225,
    0.046350359254601334,
    0.04688905291936615,
    0.04620565291494131,
    0.0462584764374928,
    0.046584554257040674,
    0.04486585135825656,
    0.04519722486253489,
    0.04514055610211058,
    0.04483968997882171,
    0.04436892484568737,
    0.04397287303920497,
    0.04471423010934483,
    0.04503836134448648,
    0.043313871037892325,
    0.043375747671181505,
    0.043469224936244166,
    0.04341483203694224,
    0.04327867487953468,
    0.043726468294520274,
    0.04336642288856886,
    0.042674651369452477,
    0.04336834179068154,
    0.04318429950794036,
    0.04272760457782583,
    0.04288946417752992,
    0.04203506067056548,
    0.0437799571827054,
    0.041806438814171336,
    0.04313412557102063,
    0.04190318359062076,
    0.041437443046068605,
    0.041288389318029986,
    0.041079799830913546,
    0.04155074553902854,
    0.04090141408822753,
    0.0426204018260945,
    0.041962115820497276,
    0.04132230566137216,
    0.03974793311208487,
    0.04077151939780875,
    0.040035480301488534,
    0.0389074311117557,
    0.04004227449609475,
    0.04024704702875831,
    0.04005340130491691,
    0.040247345109554855,
    0.040046236975626516,
    0.039548548153516924,
    0.03964668885212053,
    0.03841504677622156,
    0.0393186652795835,
    0.03770390214567835,
    0.03952494066547264,
    0.038445992261510006,
    0.038180214066735725,
    0.039092181802473286
  ],
  "val_loss": [
    0.1323565872386098,
    0.10625292845070364,
    0.08503313111141325,
    0.07358694552676753,
    0.06505090686259792,
    0.05761486060218886,
    0.054262836504494774,
    0.053356624505249785,
    0.05097746973042377,
    0.04828725400730037,
    0.04638907077023759,
    0.04575420646579005,
    0.04690549293882214,
    0.04472695500589907,
    0.04191302264225669,
    0.04364167844760232,
    0.042507127404678616,
    0.04328909133910201,
    0.042333776934538034,
    0.041543129604542636,
    0.038551706669386475,
    0.03987537056673318,
    0.041025262430775915,
    0.039896386151667684,
    0.038426719827111815,
    0.038812766171758994,
    0.038944554782938214,
    0.042082094610668724,
    0.036599494493566455,
    0.04046232014661655,
    0.03667486678459682,
    0.038018410437507554,
    0.03914960189722479,
    0.036739001702517274,
    0.03971179004875012,
    0.03568577748956159,
    0.03570392150431872,
    0.03619316116673872,
    0.036858498340006915,
    0.03573996483464725,
    0.035136804054491225,
    0.03725833296193742,
    0.035210262169130147,
    0.034549264609813696,
    0.035952985408948736,
    0.03480222292128019,
    0.0354084348975448,
    0.0344835591095034,
    0.035642892826581375,
    0.03520170013071038,
    0.03706086099846288,
    0.03496596425247844,
    0.03472811612300575,
    0.03665846699732356,
    0.03485390738933347,
    0.039056432116194625,
    0.03527347392519005,
    0.03380135760526173,
    0.03447778588160873,
    0.03513316005119123,
    0.0335346484585898,
    0.03647218291007448,
    0.03256197737355251,
    0.0349742520833388,
    0.034315727185457945,
    0.035197591429459864,
    0.03517673412279692,
    0.03620396029436961,
    0.03647192416829057,
    0.034901390041341074,
    0.035059992340393364,
    0.03418380133516621,
    0.035020495459320955,
    0.03654942980792839,
    0.03568890201568138,
    0.03410189067653846,
    0.03326223626208957,
    0.034049058170057836,
    0.03442489199514966,
    0.03412262329366059,
    0.03450122769281734,
    0.03418180326116271,
    0.03376700824301224,
    0.03450437281280756,
    0.03323556723771617,
    0.033369279425824065,
    0.03361087119556032,
    0.0340107508469373,
    0.03299336901691277,
    0.03336000052222517,
    0.03351575796841644,
    0.033079886730411096,
    0.03351770359149668
  ],
  "epochs": [
    0,
    1,
    2,
    3,
    4,
    5,
    6,
    7,
    8,
    9,
    10,
    11,
    12,
    13,
    14,
    15,
    16,
    17,
    18,
    19,
    20,
    21,
    22,
    23,
    24,
    25,
    26,
    27,
    28,
    29,
    30,
    31,
    32,
    33,
    34,
    35,
    36,
    37,
    38,
    39,
    40,
    41,
    42,
    43,
    44,
    45,
    46,
    47,
    48,
    49,
    50,
    51,
    52,
    53,
    54,
    55,
    56,
    57,
    58,
    59,
    60,
    61,
    62,
    63,
    64,
    65,
    66,
    67,
    68,
    69,
    70,
    71,
    72,
    73,
    74,
    75,
    76,
    77,
    78,
    79,
    80,
    81,
    82,
    83,
    84,
    85,
    86,
    87,
    88,
    89,
    90,
    91,
    92
  ]
}