{
  "train_loss": [
    0.3101735905083743,
    0.14255070223049685,
    0.11527155362746933,
    0.09579454631290651,
    0.0836577868834138,
    0.07692658214745196,
    0.0719123192334717,
    0.06742717690088532,
    0.06502562956037847,
    0.06253696525300091,
    0.06017517183314671,
    0.05788839213211429,
    0.05668513547290456,
    0.05493969414721836,
    0.05456692055037076,
    0.053502753823995594,
    0.051974686199629846,
    0.05086450532248075,
    0.05082302285188978,
    0.05072492114183578,
    0.04962369956245477,
    0.048119186173108494,
    0.04798127747733484,
    0.04774858385155147,
    0.04779088114134291,
    0.046989199861206796,
    0.046381534227932036,
    0.0454601142521609,
    0.04586708860810508,
    0.04555207490413027,
    0.0453575733828951,
    0.044657697916369546,
    0.04426212517544627,
    0.043458471787585454,
    0.04408620978790251,
    0.04213814158331264,
    0.041407820101488725,
    0.042508591433817695,
    0.041901871020143686,
    0.04204125089232217,
    0.04146907528354363,
    0.041325335439971904,
    0.04098005550151522,
    0.04067071668803692,
    0.041124361888928845,
    0.04019863411784172,
    0.040226268654858524,
    0.04068708733062852,
    0.04039580750363794,
    0.04034060229462656,
    0.039891525036232035,
    0.0396322323889895,
    0.040043897415426646,
    0.03928575586358255
  ],
  "val_loss": [
    0.1329870634712279,
    0.10123660825192929,
    0.08054266225080937,
    0.07417610098491423,
    0.06294537290232256,
    0.057581392442807564,
    0.05809689718880691,
    0.0506846668664366,
    0.0530307041364722,
    0.0518273295252584,
    0.059385839197784666,
    0.0636854346957989,
    0.0539185818459373,
    0.059294106636662035,
    0.05241909315227532,
    0.05280207103933208,
    0.04912174925557338,
    0.05000392672955059,
    0.04861386244301684,
    0.0510506161081139,
    0.05910170971183107,
    0.04908131142728962,
    0.05313531380379573,
    0.048553675803123045,
    0.05299242798355408,
    0.05280293826654088,
    0.05320607890316751,
    0.04911844448361081,
    0.05506381237064488,
    0.05387398483871948,
    0.0505940241215285,
    0.050346999283647165,
    0.0516085345268948,
    0.053278077521827075,
    0.05569154562836047,
    0.053396036935737363,
    0.05464469438302331,
    0.054303303392953244,
    0.05396439819596708,
    0.05190648482530378,
    0.052026840654434636,
    0.05474291626014747,
    0.052714256200124515,
    0.05560229151160456,
    0.05308439922810067,
    0.05430115738708992,
    0.05280525090056472,
    0.054817536254995504,
    0.05522362806659658,
    0.053029894165229054,
    0.055898289912147445,
    0.05432744973222725,
    0.054275270953075966,
    0.05406375908351038
  ],
  "epochs": [
    0,
    1,
    2,
    3,
    4,
    5,
    6,
    7,
    8,
    9,
    10,
    11,
    12,
    13,
    14,
    15,
    16,
    17,
    18,
    19,
    20,
    21,
    22,
    23,
    24,
    25,
    26,
    27,
    28,
    29,
    30,
    31,
    32,
    33,
    34,
    35,
    36,
    37,
    38,
    39,
    40,
    41,
    42,
    43,
    44,
    45,
    46,
    47,
    48,
    49,
    50,
    51,
    52,
    53
  ]
}