{
  "train_loss": [
    0.26319159435954964,
    0.14303949841721492,
    0.12073321351273494,
    0.10252118161456152,
    0.09045349521393126,
    0.0809936686334285,
    0.07421346334571188,
    0.07065981590273707,
    0.06777751065451991,
    0.0648873007670045,
    0.0628001591834155,
    0.06058422948149118,
    0.05837030069394546,
    0.05685736758465117,
    0.05661024753342976,
    0.05442679307846861,
    0.053690863959491256,
    0.05206566442481496,
    0.05208936501294374,
    0.04987152673473412,
    0.050292574444955045,
    0.04885417333380743,
    0.0491349114054306,
    0.047254668834873226,
    0.04837342113087123,
    0.04688233897597952,
    0.046055758825757284,
    0.04718813018873334,
    0.04709535258568146,
    0.04540199094197967,
    0.04495176588100466,
    0.04452019120989875,
    0.04458787369795821,
    0.043589926358651034,
    0.04382296928966587,
    0.04294175834479658,
    0.043208985189822594,
    0.043461398920890966,
    0.042798778419806206,
    0.04239944059571082,
    0.041776343321597034,
    0.04222699615765702,
    0.04168461640111425,
    0.041800059765915984,
    0.04104635763744062,
    0.04044002539562908,
    0.04032070295546543,
    0.04045317862013525,
    0.04073022261769934,
    0.04040398745712909,
    0.03989398853345351,
    0.03977227213538506,
    0.040168768098069865,
    0.03983173413879492,
    0.039324996449391955,
    0.0391967870447446,
    0.039237468107180165,
    0.03898245556788011,
    0.03921892321075905,
    0.03797613028606231,
    0.03869440100240437,
    0.038365567164834254,
    0.03749486736699262,
    0.03711932412687351,
    0.038275697278705514,
    0.03621341651728885,
    0.037013560658828784,
    0.03671650649979711,
    0.03670459507710555,
    0.03702321706170386,
    0.0365214862158014,
    0.0364829083845358,
    0.03641363993710415,
    0.03662893782369793,
    0.03579868796874176,
    0.03621587358245795,
    0.03588061510415917,
    0.036197561486200854,
    0.03597813442518766,
    0.035803659013049174,
    0.03625406397083267
  ],
  "val_loss": [
    0.14123784098774195,
    0.11228236872702838,
    0.08546083513647318,
    0.06909309108741582,
    0.05911051332950592,
    0.05453602020861582,
    0.05475910787354224,
    0.04975100491428748,
    0.0525218797440175,
    0.04456958586233668,
    0.042618487181607635,
    0.04422597916563973,
    0.04294764321530238,
    0.04152787132479716,
    0.03964119239826687,
    0.04168621330463793,
    0.03922807354829275,
    0.04014553678571246,
    0.03756303768022917,
    0.050996454586857004,
    0.03745681929867715,
    0.03944569195737131,
    0.04380574976385106,
    0.04130531947885175,
    0.04188126153312624,
    0.040906818729126826,
    0.034595941638690425,
    0.036888035040465186,
    0.03672627699561417,
    0.0346591301204171,
    0.03682177650916856,
    0.033867998491041364,
    0.03766662006091793,
    0.032756039887317456,
    0.03652721521502826,
    0.03176927063905168,
    0.03759631921420805,
    0.03427444107655902,
    0.03171249992155936,
    0.03359571992477868,
    0.03323220483143814,
    0.0360932949493872,
    0.032999988965457305,
    0.03448283885372803,
    0.033450002261088234,
    0.03517011387157254,
    0.031655451440019536,
    0.033380931889405475,
    0.03307934726472013,
    0.032253069439320825,
    0.030467652087099853,
    0.035776422609342266,
    0.033778049660031687,
    0.037817999048274945,
    0.033015927075757644,
    0.03723514474695549,
    0.03130722042405978,
    0.03507808046997525,
    0.03279976627964061,
    0.03422702794778161,
    0.031591817511070985,
    0.03188663995533716,
    0.03197188381163869,
    0.034246789108146915,
    0.03456966801750241,
    0.03357215953874402,
    0.03256530702637974,
    0.03270227599423379,
    0.03537985643197317,
    0.03199522165814415,
    0.03476724121137523,
    0.03347992032649927,
    0.035163190423918425,
    0.032872058369684966,
    0.03307014335587155,
    0.03218947778514121,
    0.0317205083090812,
    0.03295386945683276,
    0.03325946170371026,
    0.03260195098555414,
    0.03182068597961916
  ],
  "epochs": [
    0,
    1,
    2,
    3,
    4,
    5,
    6,
    7,
    8,
    9,
    10,
    11,
    12,
    13,
    14,
    15,
    16,
    17,
    18,
    19,
    20,
    21,
    22,
    23,
    24,
    25,
    26,
    27,
    28,
    29,
    30,
    31,
    32,
    33,
    34,
    35,
    36,
    37,
    38,
    39,
    40,
    41,
    42,
    43,
    44,
    45,
    46,
    47,
    48,
    49,
    50,
    51,
    52,
    53,
    54,
    55,
    56,
    57,
    58,
    59,
    60,
    61,
    62,
    63,
    64,
    65,
    66,
    67,
    68,
    69,
    70,
    71,
    72,
    73,
    74,
    75,
    76,
    77,
    78,
    79,
    80
  ]
}