{
  "train_loss": [
    0.3024083932015029,
    0.1543995961275968,
    0.119857327491045,
    0.09967567401853475,
    0.08700010601769795,
    0.07998067313974555,
    0.07431074071336877,
    0.06961007263850083,
    0.06616327770393003,
    0.06315572267906233,
    0.061481384038925176,
    0.05918033002113755,
    0.05782123375684023,
    0.0557109636542472,
    0.05435988128185272,
    0.05443664686923677,
    0.053093313906680456,
    0.0519632806696675,
    0.05052599464289167,
    0.04986415949565444,
    0.048936936022205786,
    0.048531212940473446,
    0.04867168491367589,
    0.04725061205300418,
    0.04652462368153713,
    0.04613437260585753,
    0.045798003392463385,
    0.045401380719109014,
    0.0450205775062469,
    0.043861680703068326,
    0.0445672638900578,
    0.04346685760739175,
    0.0434078970077363,
    0.044106946924532,
    0.04303264248100194,
    0.042358709302815524,
    0.04233096773651514,
    0.04196172180670229,
    0.04233152181587436,
    0.04208821745589375,
    0.041373030336743055,
    0.04164556072686207,
    0.041105044135315856,
    0.04052177072926001,
    0.04142430300231685,
    0.040759849700738086,
    0.03977155747061426,
    0.04053360297429291,
    0.03995451609180732,
    0.04039652559567582,
    0.03948080363598737,
    0.03889235785400326,
    0.04065363551913337,
    0.0388247336091643,
    0.03811561218378219,
    0.038097975188019606,
    0.038085740383037116,
    0.037981079107319765,
    0.037908845758912235,
    0.03743560275909576,
    0.036949907349930575,
    0.03666354043070566,
    0.03744111944667318,
    0.037462693307210096,
    0.03725049171596766,
    0.036941746232861825,
    0.03711948595602404,
    0.03719209347089583,
    0.036375429079952566,
    0.037218214879659095,
    0.036992076403376734,
    0.036687080213292075,
    0.03716471158814701
  ],
  "val_loss": [
    0.14758936828002334,
    0.10408041886985303,
    0.07473512934520841,
    0.06451405883999542,
    0.05641106817638501,
    0.05332332718535327,
    0.04979250008473173,
    0.04894761664327234,
    0.0474997699900996,
    0.04505647076875903,
    0.04505059637012892,
    0.04479519270244055,
    0.04407908187131397,
    0.04099659238709137,
    0.04558315451722592,
    0.04787399041815661,
    0.04266022386727855,
    0.04265852057142183,
    0.039119908260181545,
    0.039223679737187926,
    0.03981059474754148,
    0.044612532010069116,
    0.04189615856157616,
    0.04456365918158554,
    0.04247128584829625,
    0.04433119535096921,
    0.03880076220375486,
    0.043942706624511635,
    0.045239857333945116,
    0.050056737559498285,
    0.04179022772877943,
    0.0383073577482719,
    0.04337631933158264,
    0.04855099195847288,
    0.0373006932932185,
    0.04249235954193864,
    0.04945863696339075,
    0.05008267982339021,
    0.04924414390115999,
    0.04182321127736941,
    0.04975261572108139,
    0.04196339010668453,
    0.037232053466141224,
    0.04143648397293873,
    0.043793717227526945,
    0.0414364691649098,
    0.044347909270436504,
    0.04379107080749236,
    0.039323800633428614,
    0.05134903832804412,
    0.037370289079262875,
    0.042536084225866945,
    0.04937664166209288,
    0.05258746529580094,
    0.04365663033677265,
    0.0404991080344189,
    0.04109927715617232,
    0.042957709773327225,
    0.0392364768194966,
    0.04339463012001943,
    0.04128663357405458,
    0.041958117182366556,
    0.0427685046044644,
    0.046586362874950285,
    0.04802135065256152,
    0.042710859182989225,
    0.042710369729320526,
    0.0437543058389565,
    0.043666664510965354,
    0.03993803833727725,
    0.04327848437533248,
    0.04334908745950088,
    0.04618874185252935
  ],
  "epochs": [
    0,
    1,
    2,
    3,
    4,
    5,
    6,
    7,
    8,
    9,
    10,
    11,
    12,
    13,
    14,
    15,
    16,
    17,
    18,
    19,
    20,
    21,
    22,
    23,
    24,
    25,
    26,
    27,
    28,
    29,
    30,
    31,
    32,
    33,
    34,
    35,
    36,
    37,
    38,
    39,
    40,
    41,
    42,
    43,
    44,
    45,
    46,
    47,
    48,
    49,
    50,
    51,
    52,
    53,
    54,
    55,
    56,
    57,
    58,
    59,
    60,
    61,
    62,
    63,
    64,
    65,
    66,
    67,
    68,
    69,
    70,
    71,
    72
  ]
}