{
  "train_loss": [
    0.30170704954049804,
    0.16231714652343232,
    0.13276154245842586,
    0.11484867952764036,
    0.1015542880107056,
    0.0933886353942481,
    0.08638320806690239,
    0.08101511752063578,
    0.0773330957442522,
    0.07461923491548408,
    0.07071112596853213,
    0.06926338691941716,
    0.0670443128963763,
    0.06566244586963545,
    0.06361926358531822,
    0.062039747163653375,
    0.06086732737720013,
    0.06119163324209777,
    0.05810330796648156,
    0.05831187011843378,
    0.056547409533099696,
    0.05616850382902406,
    0.05455326755446467,
    0.05393355056812818,
    0.05364260177212683,
    0.05280348076908426,
    0.053318164201284,
    0.05188782856037671,
    0.05091947602108121,
    0.050858406546441,
    0.05038957075808537,
    0.05091533223336394,
    0.04983270739459179,
    0.048774752076715236,
    0.049039749276231635,
    0.04919180402701552,
    0.047980862227691844,
    0.047993740441108296,
    0.047930713187564505,
    0.047691974370655685,
    0.04831411230970513,
    0.04774038489061323,
    0.04696268256753683,
    0.046825700588524345,
    0.04622254690324719,
    0.045938012566078795,
    0.04540193100713871,
    0.044720659877427606,
    0.04387111109596762,
    0.044429460799490866,
    0.04389768240634691,
    0.04377612892538309,
    0.04438380303199996,
    0.043732169881801716,
    0.04315380094234239,
    0.04365216945044019,
    0.043971276061440065,
    0.04323023881085895,
    0.04303673372519287,
    0.04343535979871046,
    0.042642723601311446,
    0.04371329223229127,
    0.04258634547448971,
    0.04325344103303823,
    0.04293071611530402
  ],
  "val_loss": [
    0.15563668911345302,
    0.11878022807650268,
    0.09764051872771233,
    0.09554508590372279,
    0.0721701979986392,
    0.06832945137284696,
    0.06455260665388778,
    0.06003427435061895,
    0.06384305245592259,
    0.05446887784637511,
    0.0547686573874671,
    0.05101366496528499,
    0.04965953353676014,
    0.061356831522425645,
    0.05216371010174044,
    0.05246082062949427,
    0.045689607883105054,
    0.048935144674032933,
    0.04864180081640371,
    0.046799301612190904,
    0.04582198570715264,
    0.04461012836545706,
    0.044537846825551244,
    0.04364248948404566,
    0.04928998589748517,
    0.04894308386137709,
    0.04832466146326624,
    0.04511967241414823,
    0.04315901672816835,
    0.04623353849165142,
    0.04131233565858565,
    0.047833392990287396,
    0.04546697706682608,
    0.04764331946498715,
    0.04004405655432493,
    0.04471042001969181,
    0.04259876805299427,
    0.04230238886084407,
    0.05331900358432904,
    0.04812989078927786,
    0.046561166422907266,
    0.04712196059990675,
    0.040751735109370205,
    0.041580995440017435,
    0.04155600169324316,
    0.045850324339699,
    0.04654996030731127,
    0.04483979613869451,
    0.04198441446060315,
    0.04069393090321683,
    0.044464804709423336,
    0.04358107692387421,
    0.04487292077974416,
    0.04533653126272839,
    0.04560091950988863,
    0.04293809356458951,
    0.04543742571549956,
    0.04268497230950743,
    0.04347821282572113,
    0.04431458973849658,
    0.043959646704024635,
    0.04416787789959926,
    0.04311361706349999,
    0.043127728832769205,
    0.044701738478033805
  ],
  "epochs": [
    0,
    1,
    2,
    3,
    4,
    5,
    6,
    7,
    8,
    9,
    10,
    11,
    12,
    13,
    14,
    15,
    16,
    17,
    18,
    19,
    20,
    21,
    22,
    23,
    24,
    25,
    26,
    27,
    28,
    29,
    30,
    31,
    32,
    33,
    34,
    35,
    36,
    37,
    38,
    39,
    40,
    41,
    42,
    43,
    44,
    45,
    46,
    47,
    48,
    49,
    50,
    51,
    52,
    53,
    54,
    55,
    56,
    57,
    58,
    59,
    60,
    61,
    62,
    63,
    64
  ]
}