{
  "train_loss": [
    0.2794253368811174,
    0.16067803571170028,
    0.1370644029433077,
    0.1152686589143493,
    0.10039079626852815,
    0.09068240349265662,
    0.08408544658598575,
    0.07833470801738177,
    0.07455611786381765,
    0.07308193848891692,
    0.06969818576493048,
    0.06686025022105738,
    0.06549277532845736,
    0.06427793142131785,
    0.06259296248582277,
    0.061683298224075284,
    0.060926896150816576,
    0.06049678826196628,
    0.058283845189620154,
    0.05868651544844562,
    0.05716961566020143,
    0.056953465745530354,
    0.05669597085565329,
    0.05557630503380841,
    0.0553010747293857,
    0.054786781164055526,
    0.05461807525632057,
    0.05421471853486517,
    0.05328122503378175,
    0.05221925145861778,
    0.051549252820285885,
    0.05064176777716387,
    0.05031154760921544,
    0.05096570016138933,
    0.05158828148957004,
    0.05058874242346395,
    0.05033748381178488,
    0.050838857149197295,
    0.05076406314969063,
    0.05064974426884543,
    0.0496225333687934,
    0.050418184745040805,
    0.050287203436548064,
    0.050794882411983884,
    0.049446059868417006,
    0.04901246935806491,
    0.04936265522106127,
    0.04945533814247359
  ],
  "val_loss": [
    0.15598001503385606,
    0.12274509579874576,
    0.10000300912652166,
    0.09053858752595262,
    0.07276077814167366,
    0.06557368609355763,
    0.07378020854084752,
    0.06516335064079613,
    0.07511958127142862,
    0.06381782300304623,
    0.06366199147887529,
    0.06834291862323881,
    0.08591883027111182,
    0.06299576983437874,
    0.0841671905014664,
    0.0830715368501842,
    0.060911278077401224,
    0.05323732813703828,
    0.07382596500101499,
    0.07078017849707977,
    0.07788721315446309,
    0.0695954772119876,
    0.06013616647105664,
    0.06649715012754315,
    0.07152211113716476,
    0.08633962702006102,
    0.06827421299531125,
    0.06047854419448413,
    0.07869073787005619,
    0.06698707332834601,
    0.06811622240347788,
    0.06962549791205674,
    0.07097053494071588,
    0.0690126414934639,
    0.06701659019454383,
    0.0682075692981016,
    0.06629243495408446,
    0.07087619186495431,
    0.06900673545897007,
    0.06733037899830378,
    0.06775282971793786,
    0.06733698127791286,
    0.06504930983064697,
    0.06882154839695431,
    0.06815455682226457,
    0.06884013868984766,
    0.06849870990263299,
    0.06601976311649196
  ],
  "epochs": [
    0,
    1,
    2,
    3,
    4,
    5,
    6,
    7,
    8,
    9,
    10,
    11,
    12,
    13,
    14,
    15,
    16,
    17,
    18,
    19,
    20,
    21,
    22,
    23,
    24,
    25,
    26,
    27,
    28,
    29,
    30,
    31,
    32,
    33,
    34,
    35,
    36,
    37,
    38,
    39,
    40,
    41,
    42,
    43,
    44,
    45,
    46,
    47
  ]
}