{
  "train_loss": [
    0.2502433536811308,
    0.15320997015996413,
    0.11960153087973595,
    0.09812935525043445,
    0.0888855487379161,
    0.08124955449591983,
    0.07469044820828871,
    0.07122412170537494,
    0.06749333687803961,
    0.06496632820164616,
    0.06210476513274692,
    0.060839366049251775,
    0.05854688017544421,
    0.0572981942106377,
    0.05532437835227359,
    0.05480060792104765,
    0.05388408631763675,
    0.052823411835865544,
    0.05173619706860997,
    0.050629034379327836,
    0.05067030513151126,
    0.0477087320455096,
    0.048586724881421434,
    0.0483461884138259,
    0.04700161735781215,
    0.047704330257732755,
    0.047333776544440875,
    0.045652655706825584,
    0.04632930065759203,
    0.04464881498197263,
    0.04499645637178963,
    0.04400330163877119,
    0.044203303539278836,
    0.044242096922614355,
    0.04349591216580435,
    0.0429009089822119,
    0.04297365524044091,
    0.04254284977404909,
    0.04343660455027765,
    0.04206071953881871,
    0.04196167711676522,
    0.04156571509485895,
    0.04150988207452677,
    0.04135350408201868,
    0.04172579114240679,
    0.04121176820417697,
    0.04072938012975184,
    0.04028756217015061,
    0.04057285200127146,
    0.04074726051735607,
    0.039099834390323274,
    0.038770795366303484,
    0.03777529370209033,
    0.03913607546890324,
    0.0382644949193028,
    0.03888648295775056,
    0.03804823651401834,
    0.03764878333630887,
    0.03808873914690181,
    0.03784812909127637,
    0.037175346479158516,
    0.03736725049940023,
    0.03811065213416111,
    0.03728721171617508,
    0.036493123514069754,
    0.03706351323222572,
    0.037893882114440204,
    0.037259651535952634,
    0.037576423350044276
  ],
  "val_loss": [
    0.15144962933845818,
    0.11107071719598025,
    0.07846507787471638,
    0.07056840034201742,
    0.06236141525441781,
    0.06646630938630552,
    0.05430058967904188,
    0.05273498724563979,
    0.054161263513378806,
    0.04790007222327404,
    0.04918221953557804,
    0.0490593642462045,
    0.051524009869899606,
    0.04444336112355814,
    0.04227674322901294,
    0.045442572690080854,
    0.05321399979293347,
    0.04333073191810399,
    0.041021287027979275,
    0.04272784898639657,
    0.04887602002709173,
    0.04642067441600375,
    0.03979019686812535,
    0.04153460483066738,
    0.0429881711374037,
    0.041845134901814164,
    0.04541767748887651,
    0.048046922904904935,
    0.04206112377578393,
    0.04554155306541362,
    0.041290950431721284,
    0.041955178033094856,
    0.038784626056440175,
    0.038173137669218704,
    0.040768245793879034,
    0.042856113330344676,
    0.0408256116497796,
    0.04452766629983671,
    0.03731489595957101,
    0.0411740845098393,
    0.042473831391544085,
    0.040976791351567954,
    0.04052884374978021,
    0.04154114850680344,
    0.04348220823449083,
    0.039816498436266556,
    0.04319271938002203,
    0.041373004493652846,
    0.038144947958062406,
    0.0389904959127307,
    0.04039662248687819,
    0.041394276078790426,
    0.0400746464059921,
    0.04044310344615951,
    0.041925149055896324,
    0.04240041296579875,
    0.0427093745325692,
    0.040495963342254984,
    0.040850121420226065,
    0.03871788320248015,
    0.04147326005622745,
    0.04202731295663398,
    0.041739148611668504,
    0.04093389015470166,
    0.04122830142441671,
    0.04292330759053584,
    0.04205703359039035,
    0.04111867020546925,
    0.04019449927727692
  ],
  "epochs": [
    0,
    1,
    2,
    3,
    4,
    5,
    6,
    7,
    8,
    9,
    10,
    11,
    12,
    13,
    14,
    15,
    16,
    17,
    18,
    19,
    20,
    21,
    22,
    23,
    24,
    25,
    26,
    27,
    28,
    29,
    30,
    31,
    32,
    33,
    34,
    35,
    36,
    37,
    38,
    39,
    40,
    41,
    42,
    43,
    44,
    45,
    46,
    47,
    48,
    49,
    50,
    51,
    52,
    53,
    54,
    55,
    56,
    57,
    58,
    59,
    60,
    61,
    62,
    63,
    64,
    65,
    66,
    67,
    68
  ]
}