{
  "train_loss": [
    0.28364676360379565,
    0.1591805837777528,
    0.12697879356416789,
    0.1051294094324112,
    0.09346194697374646,
    0.08487277392297983,
    0.07948111418973317,
    0.07691657346419313,
    0.07270427836613222,
    0.0708536529337818,
    0.06853442394259301,
    0.06633412103084001,
    0.063735243877904,
    0.062038418254391714,
    0.06133516340770505,
    0.0591671874949878,
    0.05819013030352918,
    0.058219727914441716,
    0.05641615064984018,
    0.05639605961740017,
    0.05473779527301138,
    0.05468475472520699,
    0.053960678638382394,
    0.05345864468846809,
    0.05345942921259187,
    0.05289519959722053,
    0.051614726807244805,
    0.05134488130496307,
    0.05205588388510726,
    0.05099268732931127,
    0.050545696860009974,
    0.04962022605775432,
    0.04990135102956132,
    0.049798395318741154,
    0.04890428190542893,
    0.048211298126050024,
    0.04869905112141913,
    0.047725114990025755,
    0.047812603894959796,
    0.047566506430845375,
    0.04717878077348525,
    0.04674187004735524,
    0.046610446938059547,
    0.04701320531862703,
    0.04611192451959307,
    0.04557468526912006,
    0.04502335442907431,
    0.045403958758847285,
    0.04484342072159052,
    0.04474825036796657,
    0.044651312992315395,
    0.044158542122353206,
    0.044747655630450356,
    0.04496910582719879,
    0.04407487589696592,
    0.043896965216845274,
    0.043312288544733415,
    0.04462354730814695,
    0.0430650057406588,
    0.043642022525045,
    0.043088579831475564,
    0.04328177957541563,
    0.04391991260038181,
    0.043163568414747715
  ],
  "val_loss": [
    0.15163821578025818,
    0.11549383560195564,
    0.08564578188816085,
    0.0709776041796431,
    0.0678238968946971,
    0.0698730162344873,
    0.06766789340181277,
    0.06271729542058893,
    0.06531196492142044,
    0.05838460547965951,
    0.06382696625660174,
    0.06833732196828352,
    0.06217187949223444,
    0.060589402809273454,
    0.05433742209570483,
    0.05826368506532163,
    0.06003236802644096,
    0.05780289716785774,
    0.05755104261334054,
    0.053855535044567665,
    0.05219562511192635,
    0.055409208947094155,
    0.061798013653606175,
    0.05828073602751829,
    0.05140188810182735,
    0.05324193544220179,
    0.055108091904548934,
    0.05524684404954315,
    0.05383782657445409,
    0.05073516882839613,
    0.05548919602879323,
    0.05832900775130838,
    0.05079133635153994,
    0.046544077311409644,
    0.050132966326782484,
    0.0517502322269138,
    0.05731572276563384,
    0.050839407893363386,
    0.05184873960097321,
    0.05223990684025921,
    0.05017052448238246,
    0.05446369538549334,
    0.05037524568615482,
    0.0491332822770346,
    0.05400585961760953,
    0.05302161523723044,
    0.053238951665116475,
    0.04972532146493904,
    0.048624936630949384,
    0.05165510742226616,
    0.05219441297231242,
    0.055086573149310425,
    0.05062274229712785,
    0.04983743261545897,
    0.05196912523824722,
    0.05419528366765008,
    0.051964336261153224,
    0.05099258136469871,
    0.05215303921140731,
    0.05115527245216072,
    0.05183415642823093,
    0.052662342123221614,
    0.05418361714109779,
    0.05150466389604845
  ],
  "epochs": [
    0,
    1,
    2,
    3,
    4,
    5,
    6,
    7,
    8,
    9,
    10,
    11,
    12,
    13,
    14,
    15,
    16,
    17,
    18,
    19,
    20,
    21,
    22,
    23,
    24,
    25,
    26,
    27,
    28,
    29,
    30,
    31,
    32,
    33,
    34,
    35,
    36,
    37,
    38,
    39,
    40,
    41,
    42,
    43,
    44,
    45,
    46,
    47,
    48,
    49,
    50,
    51,
    52,
    53,
    54,
    55,
    56,
    57,
    58,
    59,
    60,
    61,
    62,
    63
  ]
}