{
  "train_loss": [
    0.3193237139420076,
    0.12231874625791204,
    0.09649530431763692,
    0.08388818184083158,
    0.07710913294756955,
    0.07060273323208094,
    0.06699466938660903,
    0.06384644298052247,
    0.06221111145547846,
    0.059494030821052465,
    0.05759801567616789,
    0.05669749997217547,
    0.05352106342430819,
    0.05316084318878976,
    0.05238080528310755,
    0.05132777475497939,
    0.05090634432367303,
    0.04942452349276705,
    0.0481607543355362,
    0.04726475753059441,
    0.048599038753997195,
    0.04673623858189041,
    0.0455693416568366,
    0.04555328815498135,
    0.044889526595784865,
    0.0440093380602246,
    0.04307123148983175,
    0.043333145378326825,
    0.04438251301476901,
    0.04374354560944167,
    0.044296745436096734,
    0.04433167916976593,
    0.04267687367275357,
    0.04248005352745002,
    0.043771271302618764,
    0.04219851120967757,
    0.041576111242175105,
    0.04273401783609932,
    0.04211795147847046,
    0.04225726354697888,
    0.041078904115340924
  ],
  "val_loss": [
    0.11399275250732899,
    0.08347106843721122,
    0.07378161384258419,
    0.06761380168027245,
    0.06893123949994333,
    0.06480365041643382,
    0.05903896706877277,
    0.06415694511961192,
    0.06431558704352938,
    0.06754892136668787,
    0.05709474953473546,
    0.06173840581905097,
    0.0707564493175596,
    0.07321301340998616,
    0.05747817162191495,
    0.07238201968721114,
    0.07335890255053527,
    0.07732825433486142,
    0.06358635758515448,
    0.06871919708792121,
    0.06965341963223182,
    0.06758255650056527,
    0.06361153249745258,
    0.06449358816316816,
    0.06841457156988326,
    0.07349053416692188,
    0.06681467176240403,
    0.0701347429479938,
    0.06257342193566728,
    0.06812108251324389,
    0.06866258223017213,
    0.0658821737713879,
    0.07228556016052608,
    0.07293581964331679,
    0.06835073050460778,
    0.06897814926633146,
    0.07016185311367736,
    0.06642477988207247,
    0.0689406308811158,
    0.07087543934758288,
    0.07173658586107194
  ],
  "epochs": [
    0,
    1,
    2,
    3,
    4,
    5,
    6,
    7,
    8,
    9,
    10,
    11,
    12,
    13,
    14,
    15,
    16,
    17,
    18,
    19,
    20,
    21,
    22,
    23,
    24,
    25,
    26,
    27,
    28,
    29,
    30,
    31,
    32,
    33,
    34,
    35,
    36,
    37,
    38,
    39,
    40
  ]
}