{
  "train_loss": [
    0.4163828080350703,
    0.23682164035060188,
    0.22919722307812085,
    0.22539850500496952,
    0.22434643479910762,
    0.2231414347887039,
    0.22471263815056194,
    0.21870266903530466,
    0.21542763737114992,
    0.2179509241472591,
    0.21730622459541668,
    0.2158614321188493,
    0.21871785684065384,
    0.21513574719429016,
    0.21723914010958237,
    0.21729716496034102,
    0.21538621322675186,
    0.21268109028989618,
    0.21722387698563664,
    0.21674878732724623,
    0.21588350398973985,
    0.21439725648273122,
    0.21497923325408588
  ],
  "val_loss": [
    0.24406845308840275,
    0.24469453934580088,
    0.244961722753942,
    0.24425364844501019,
    0.24643828999251127,
    0.24435724690556526,
    0.24487329553812742,
    0.23999747168272734,
    0.24105516634881496,
    0.24043696373701096,
    0.2405687551945448,
    0.2410584669560194,
    0.240524772554636,
    0.2409404804930091,
    0.24059825018048286,
    0.24052029475569725,
    0.24065905157476664,
    0.2406317973509431,
    0.24040264077484608,
    0.24058789480477571,
    0.24045873619616032,
    0.24059914704412222,
    0.24057463090866804
  ],
  "epochs": [
    0,
    1,
    2,
    3,
    4,
    5,
    6,
    7,
    8,
    9,
    10,
    11,
    12,
    13,
    14,
    15,
    16,
    17,
    18,
    19,
    20,
    21,
    22
  ]
}