{
  "train_loss": [
    0.4650063988837329,
    0.2839887499809265,
    0.27960280071605337,
    0.2746452345089479,
    0.26953345510092647,
    0.27309727424925023,
    0.268676346540451,
    0.26520080187103967,
    0.267578785256906,
    0.26680938466028736,
    0.26380010653625835,
    0.26287574957717547,
    0.26282532052560287,
    0.2642647052353079,
    0.2618562007492239,
    0.2624409011819146,
    0.26051248691298745,
    0.2615273074670271,
    0.2630204609849236
  ],
  "val_loss": [
    0.33036796003580093,
    0.30564991384744644,
    0.32402878999710083,
    0.2993405731394887,
    0.3021447751671076,
    0.2996552102267742,
    0.30410125851631165,
    0.30249872989952564,
    0.30473106168210506,
    0.3063596058636904,
    0.30034225061535835,
    0.30119992047548294,
    0.2994313854724169,
    0.30136059783399105,
    0.302750650793314,
    0.3012511935085058,
    0.3007360603660345,
    0.30085718259215355,
    0.30079111363738775
  ],
  "epochs": [
    0,
    1,
    2,
    3,
    4,
    5,
    6,
    7,
    8,
    9,
    10,
    11,
    12,
    13,
    14,
    15,
    16,
    17,
    18
  ]
}