{
  "train_loss": [
    0.40398233695463703,
    0.23756393641233445,
    0.22958795048973776,
    0.23018802512775768,
    0.22673778344284404,
    0.22322973229668358,
    0.22449940578504043,
    0.22461989034305918,
    0.2203443413430994,
    0.22250735461711885,
    0.2229638627984307,
    0.22261284671046516,
    0.22308929670940747,
    0.22173296240243046,
    0.22460244297981263,
    0.22261107414960862,
    0.221278594027866,
    0.22008322314782577,
    0.2162130133672194,
    0.21726211173967883,
    0.21500697406855496,
    0.21736301427537744,
    0.21521816605871374,
    0.21653980639847842,
    0.21407821693203666,
    0.21449383280493997
  ],
  "val_loss": [
    0.2565633440390229,
    0.25791760440915823,
    0.26340944878757,
    0.2545566726475954,
    0.25614573433995247,
    0.25519829988479614,
    0.2567041711881757,
    0.2660580687224865,
    0.2528914539143443,
    0.25848307367414236,
    0.24999458249658346,
    0.2537160562351346,
    0.25780590157955885,
    0.2557245632633567,
    0.26321917306631804,
    0.2519485140219331,
    0.25244574807584286,
    0.25054144859313965,
    0.2515995753929019,
    0.2518728282302618,
    0.250940365716815,
    0.25065298844128847,
    0.2529335133731365,
    0.25236711744219065,
    0.2519853739067912,
    0.2518305703997612
  ],
  "epochs": [
    0,
    1,
    2,
    3,
    4,
    5,
    6,
    7,
    8,
    9,
    10,
    11,
    12,
    13,
    14,
    15,
    16,
    17,
    18,
    19,
    20,
    21,
    22,
    23,
    24,
    25
  ]
}