{
  "train_loss": [
    0.41951679695736277,
    0.24020571383562955,
    0.23680788522416896,
    0.23192860944704577,
    0.2357483433051543,
    0.22709016664461656,
    0.22699652747674423,
    0.22651346082037147,
    0.22959152487191287,
    0.22742398950186643,
    0.22306788699193433,
    0.22517972886562349,
    0.22924540476365524,
    0.22312216541983865,
    0.22460129938342355,
    0.2259260288693688,
    0.22081422805786133,
    0.22073608338832856,
    0.22053260965780777,
    0.21898298046805642,
    0.21974711512977427,
    0.21712695360183715,
    0.22007521336728877,
    0.21916135522452268,
    0.21630149348215624,
    0.21886217865076932,
    0.22057840742848137,
    0.21782717298377643,
    0.21801319474523717,
    0.2169546520168131,
    0.21933316723866897,
    0.21896243745630437,
    0.2187341112982143,
    0.21964699869806117,
    0.21634388159621845,
    0.21743816570802169
  ],
  "val_loss": [
    0.2715621469542384,
    0.27780640218406916,
    0.3001035125926137,
    0.2763408860191703,
    0.2699893107637763,
    0.25817062705755234,
    0.2758177062496543,
    0.2720667626708746,
    0.2608867911621928,
    0.256826926022768,
    0.25829757936298847,
    0.26403925381600857,
    0.2781064957380295,
    0.25796105340123177,
    0.2666691429913044,
    0.26109452452510595,
    0.2548835249617696,
    0.25520291179418564,
    0.2553725205361843,
    0.2560196593403816,
    0.2548392824828625,
    0.25625336915254593,
    0.25577003322541714,
    0.2555273910984397,
    0.2588621322065592,
    0.2566302651539445,
    0.25663864985108376,
    0.2559186862781644,
    0.2555086687207222,
    0.25545168947428465,
    0.25560767762362957,
    0.25593920797109604,
    0.2558539602905512,
    0.2562142061069608,
    0.2560883788391948,
    0.25543302949517965
  ],
  "epochs": [
    0,
    1,
    2,
    3,
    4,
    5,
    6,
    7,
    8,
    9,
    10,
    11,
    12,
    13,
    14,
    15,
    16,
    17,
    18,
    19,
    20,
    21,
    22,
    23,
    24,
    25,
    26,
    27,
    28,
    29,
    30,
    31,
    32,
    33,
    34,
    35
  ]
}