{
  "train_loss": [
    0.4463004876266826,
    0.2793771890076724,
    0.2689335105094043,
    0.268322125619108,
    0.26404893615029074,
    0.2626870862462304,
    0.2644302313978022,
    0.26229847398671235,
    0.2646942580288107,
    0.26000562472776934,
    0.2601575973359021,
    0.2585324165495959,
    0.2625484769994562,
    0.2551663954149593,
    0.2549899461594495,
    0.25447693223303014,
    0.2548496823419224,
    0.2540887512943961,
    0.2530641358007084,
    0.25294928442348136,
    0.25487255345691334,
    0.25432055429978806,
    0.2560497592795979,
    0.2542313120581887,
    0.25345886891538444,
    0.2528676228089766,
    0.2542178002270785,
    0.2508999675512314,
    0.2535070229660381,
    0.2515023098750548,
    0.2520192978056994,
    0.2536178881471807,
    0.254513465274464,
    0.25427826074036686,
    0.2534629017114639,
    0.251714978705753,
    0.25234882072968917,
    0.25116361379623414,
    0.2526500105857849
  ],
  "val_loss": [
    0.270400901325047,
    0.2779624816030264,
    0.26657811738550663,
    0.262784156948328,
    0.2692291643470526,
    0.2655944302678108,
    0.26245315559208393,
    0.27222395222634077,
    0.26317715644836426,
    0.2849320927634835,
    0.2755899466574192,
    0.26549391169101,
    0.2669686460867524,
    0.26165414694696665,
    0.2614550506696105,
    0.261265704408288,
    0.26137898676097393,
    0.261204962618649,
    0.2628065375611186,
    0.26221234258264303,
    0.2622541915625334,
    0.26189384888857603,
    0.2612710325047374,
    0.2611442171037197,
    0.2620223145931959,
    0.26170769054442644,
    0.2624900033697486,
    0.26132632791996,
    0.26164088770747185,
    0.261395369656384,
    0.2616710625588894,
    0.26150424033403397,
    0.26133395452052355,
    0.26124717108905315,
    0.26126125920563936,
    0.26138502545654774,
    0.26134061347693205,
    0.2613080320879817,
    0.26128432992845774
  ],
  "epochs": [
    0,
    1,
    2,
    3,
    4,
    5,
    6,
    7,
    8,
    9,
    10,
    11,
    12,
    13,
    14,
    15,
    16,
    17,
    18,
    19,
    20,
    21,
    22,
    23,
    24,
    25,
    26,
    27,
    28,
    29,
    30,
    31,
    32,
    33,
    34,
    35,
    36,
    37,
    38
  ]
}