{
  "train_loss": [
    0.41072962365367194,
    0.24028612185608256,
    0.23066773821007122,
    0.22775159722024743,
    0.2270540787415071,
    0.22709865868091583,
    0.2254113275896419,
    0.22460191737521779,
    0.2266012275760824,
    0.22244762588631023,
    0.22149692340330643,
    0.2202619102868167,
    0.22027771987698294,
    0.22071851627393202,
    0.22192158265547318,
    0.21693751893260263,
    0.21887431984597985,
    0.2186936381188306,
    0.21737747571685098,
    0.21887749054215172,
    0.22037888873707165,
    0.2173499196767807,
    0.21787558387626302,
    0.21925898641347885,
    0.21860115419734608,
    0.21812974295832893,
    0.2163169188932939,
    0.21872141659259797,
    0.21902180286971004,
    0.21849265992641448
  ],
  "val_loss": [
    0.2895608702674508,
    0.2680436596274376,
    0.2593350810930133,
    0.26315411273390055,
    0.2678045891225338,
    0.28151774872094393,
    0.26318216416984797,
    0.2605176530778408,
    0.26289927028119564,
    0.25878094881772995,
    0.25792200304567814,
    0.25760611332952976,
    0.25632069539278746,
    0.25773966405540705,
    0.2563018323853612,
    0.2586205843836069,
    0.25710497610270977,
    0.2574951406568289,
    0.25775132328271866,
    0.2582733267918229,
    0.25782978255301714,
    0.2577233063057065,
    0.25786059349775314,
    0.25816371850669384,
    0.25834959745407104,
    0.2579192779958248,
    0.25850280188024044,
    0.2576897842809558,
    0.2576982267200947,
    0.2579229837283492
  ],
  "epochs": [
    0,
    1,
    2,
    3,
    4,
    5,
    6,
    7,
    8,
    9,
    10,
    11,
    12,
    13,
    14,
    15,
    16,
    17,
    18,
    19,
    20,
    21,
    22,
    23,
    24,
    25,
    26,
    27,
    28,
    29
  ]
}