{
  "train_loss": [
    0.46605763056061483,
    0.2917097544128245,
    0.2843305907466195,
    0.28252855403856797,
    0.2816331733356823,
    0.27552977908741344,
    0.2774419012394818,
    0.2732970952987671,
    0.27423337643796747,
    0.27507540664889596,
    0.275470661575144,
    0.2761998019435189,
    0.27558864571831443,
    0.27644094824790955,
    0.2727423229000785,
    0.27006869993426585,
    0.2697387386452068,
    0.2694783774289218,
    0.26909614476290616,
    0.268850700692697,
    0.26890381466258656,
    0.26922407394105735,
    0.2705474303527312,
    0.27123663344166493,
    0.2675233261151747,
    0.2683892198584297,
    0.2683366144245321,
    0.26754663694988595,
    0.26809968704527076,
    0.26868137554688887,
    0.27110827429728074,
    0.26858860010450536,
    0.26656723645600405,
    0.2708116046407006
  ],
  "val_loss": [
    0.29669046960771084,
    0.2955015506595373,
    0.3018536977469921,
    0.3010631091892719,
    0.3016818780452013,
    0.3091430813074112,
    0.30813508853316307,
    0.2954027857631445,
    0.2972089108079672,
    0.3395988754928112,
    0.3136170506477356,
    0.30340087227523327,
    0.3066452294588089,
    0.31079554557800293,
    0.29153632558882236,
    0.29177494905889034,
    0.292683650739491,
    0.29162868577986956,
    0.29068486392498016,
    0.29130640532821417,
    0.29275409784168005,
    0.2928131278604269,
    0.29374413937330246,
    0.2924532135948539,
    0.2907505240291357,
    0.290864959359169,
    0.2908417768776417,
    0.29101044684648514,
    0.29168227687478065,
    0.2909505646675825,
    0.2912844568490982,
    0.291264396160841,
    0.2909604646265507,
    0.2908396143466234
  ],
  "epochs": [
    0,
    1,
    2,
    3,
    4,
    5,
    6,
    7,
    8,
    9,
    10,
    11,
    12,
    13,
    14,
    15,
    16,
    17,
    18,
    19,
    20,
    21,
    22,
    23,
    24,
    25,
    26,
    27,
    28,
    29,
    30,
    31,
    32,
    33
  ]
}