{
  "train_loss": [
    0.42479139945723793,
    0.25128673179583116,
    0.24303260418501768,
    0.24166582416404378,
    0.23973369354551488,
    0.23401180776682767,
    0.24004779539325022,
    0.23476945649493824,
    0.23258882842280648,
    0.23054586865685203,
    0.23195428875359622,
    0.23005669713020324,
    0.2275890670039437,
    0.23047669909217142,
    0.229683117703958,
    0.22738440876657312,
    0.22731366699392144,
    0.22880246205763383,
    0.2297792296517979,
    0.22585382028059525,
    0.22785425809296694,
    0.22865051383321935,
    0.22595992521806196,
    0.22940716580911116,
    0.22701783288608898,
    0.22468044080517507,
    0.22735245769674128,
    0.22592791454358535,
    0.22614679052071138,
    0.2278118604963476,
    0.2252492438663136,
    0.226840294491161,
    0.22592733990062366,
    0.22751085595651108,
    0.22822964083064687,
    0.22509024847637524,
    0.22614316940307616,
    0.2253607145764611,
    0.2260327322916551,
    0.22614107375795192,
    0.22712736292318864
  ],
  "val_loss": [
    0.2722682449966669,
    0.2768640089780092,
    0.273572095669806,
    0.258827269077301,
    0.2582984594628215,
    0.30624175630509853,
    0.258659097366035,
    0.2620653621852398,
    0.26798513624817133,
    0.28784787375479937,
    0.2628516126424074,
    0.25702119804918766,
    0.2556587131693959,
    0.2573348842561245,
    0.2546735415235162,
    0.25521724950522184,
    0.25495286006480455,
    0.25439235009253025,
    0.2549639493227005,
    0.25451096054166555,
    0.25429697521030903,
    0.2546859923750162,
    0.25732750073075294,
    0.2558412663638592,
    0.25528344605118036,
    0.2537394603714347,
    0.25643463619053364,
    0.2541208369657397,
    0.2542217653244734,
    0.2551126554608345,
    0.25427027232944965,
    0.25535174272954464,
    0.25429610908031464,
    0.25399891193956137,
    0.25393455289304256,
    0.2540111690759659,
    0.25391558557748795,
    0.2537600276991725,
    0.25380154326558113,
    0.253784311003983,
    0.2537683164700866
  ],
  "epochs": [
    0,
    1,
    2,
    3,
    4,
    5,
    6,
    7,
    8,
    9,
    10,
    11,
    12,
    13,
    14,
    15,
    16,
    17,
    18,
    19,
    20,
    21,
    22,
    23,
    24,
    25,
    26,
    27,
    28,
    29,
    30,
    31,
    32,
    33,
    34,
    35,
    36,
    37,
    38,
    39,
    40
  ]
}