{
  "train_loss": [
    0.48704799576239155,
    0.32577248378233475,
    0.31954996314915746,
    0.31389504210515456,
    0.31039233939214184,
    0.3065349817276001,
    0.30826315392147413,
    0.3103355098854412,
    0.3085002408786254,
    0.3043856599114158,
    0.3063027446920222,
    0.30669890994375404,
    0.3051248382438313,
    0.30559447434815495,
    0.30012688880616967,
    0.29891196570613165,
    0.30089294693686747,
    0.3024098740382628,
    0.2994526210156354,
    0.3005953322757374,
    0.3008545236154036,
    0.2996665499427102,
    0.2997760593891144,
    0.2981578052043915,
    0.30022236569361255,
    0.29986552596092225,
    0.29872151721607554,
    0.2988348779353229,
    0.29948043037544597,
    0.29981321800838817,
    0.2980660763653842,
    0.29944117177616464,
    0.29804877855560996,
    0.29815306934443386,
    0.299603133039041,
    0.2995142936706543,
    0.2982615977525711,
    0.2980874020944942,
    0.29934006875211544,
    0.29915196787227283,
    0.2967072600668127,
    0.29820305596698415,
    0.2971843575889414,
    0.2967161146077243,
    0.2969589135863564,
    0.2978108893741261,
    0.2982947904955257,
    0.29708468317985537
  ],
  "val_loss": [
    0.3361608348786831,
    0.3229533387348056,
    0.3294445723295212,
    0.3252983745187521,
    0.3274132627993822,
    0.3219001544639468,
    0.32155402284115553,
    0.3150734193623066,
    0.319852489978075,
    0.32635593600571156,
    0.31677602510899305,
    0.31755397003144026,
    0.3245484298095107,
    0.32457250356674194,
    0.31476970203220844,
    0.3147943466901779,
    0.3145900294184685,
    0.3145819120109081,
    0.31546512991189957,
    0.3146187234669924,
    0.31455234438180923,
    0.3144796434789896,
    0.3142216010019183,
    0.31448149029165506,
    0.31432533729821444,
    0.31377496011555195,
    0.3153756810352206,
    0.314087045378983,
    0.31421447172760963,
    0.313823658041656,
    0.31410196609795094,
    0.31401808373630047,
    0.3134677838534117,
    0.31354803312569857,
    0.3136167796328664,
    0.31387528870254755,
    0.31349607184529305,
    0.31367630138993263,
    0.31375229358673096,
    0.3137351293116808,
    0.3135427925735712,
    0.31360069289803505,
    0.31356755178421736,
    0.31373463571071625,
    0.31360513903200626,
    0.31388030759990215,
    0.31355650164186954,
    0.3138587288558483
  ],
  "epochs": [
    0,
    1,
    2,
    3,
    4,
    5,
    6,
    7,
    8,
    9,
    10,
    11,
    12,
    13,
    14,
    15,
    16,
    17,
    18,
    19,
    20,
    21,
    22,
    23,
    24,
    25,
    26,
    27,
    28,
    29,
    30,
    31,
    32,
    33,
    34,
    35,
    36,
    37,
    38,
    39,
    40,
    41,
    42,
    43,
    44,
    45,
    46,
    47
  ]
}