{
  "train_loss": [
    0.5015327832915566,
    0.35621904134750365,
    0.34383537444201384,
    0.3393950034271587,
    0.34687716256488454,
    0.34129214774478567,
    0.3385966989127072,
    0.3388601221821525,
    0.3374043150381608,
    0.3340367989106612,
    0.3349337268959392,
    0.33048052273013373,
    0.3313462642106143,
    0.3316007364879955,
    0.3306573640216481,
    0.3331556157632308,
    0.33409499851140106,
    0.33247682181271637,
    0.32862251265482467,
    0.33183704993941565,
    0.33320966146209025,
    0.3296902607787739,
    0.3296194230968302,
    0.3298559513959018,
    0.3293357291004875,
    0.32839499928734517,
    0.334904331239787,
    0.33133131644942543,
    0.3307393735105341,
    0.32894242920658806,
    0.33011062199419194,
    0.32757233354178344,
    0.33232219219207765,
    0.3306247738274661,
    0.3321044997735457,
    0.3293387456373735,
    0.3300788001580672,
    0.3305969552560286,
    0.32859059247103606,
    0.33093468926169656,
    0.3320823317224329,
    0.3318352916023948,
    0.3290012533014471,
    0.3318968756632371,
    0.33098023560914125,
    0.3289902313189073
  ],
  "val_loss": [
    0.3549546152353287,
    0.35089440643787384,
    0.35062032379209995,
    0.35688267834484577,
    0.37548035755753517,
    0.3579961322247982,
    0.3622967600822449,
    0.357452105730772,
    0.35877664014697075,
    0.348522549495101,
    0.3477288708090782,
    0.3488582205027342,
    0.3486299142241478,
    0.3481685370206833,
    0.3491416685283184,
    0.3494902588427067,
    0.3475287947803736,
    0.34761185944080353,
    0.3476588148623705,
    0.3485591132193804,
    0.350172845646739,
    0.3482101131230593,
    0.3487332407385111,
    0.3480438403785229,
    0.34784191474318504,
    0.34784444980323315,
    0.3479739222675562,
    0.34749638102948666,
    0.3475958928465843,
    0.347641184926033,
    0.3473949730396271,
    0.34745420701801777,
    0.34754181653261185,
    0.34750947169959545,
    0.34753183647990227,
    0.34747852198779583,
    0.347705477848649,
    0.34759802743792534,
    0.3479764722287655,
    0.34747304394841194,
    0.34754555486142635,
    0.34759312495589256,
    0.3477041032165289,
    0.3477261122316122,
    0.34772269055247307,
    0.34773541428148746
  ],
  "epochs": [
    0,
    1,
    2,
    3,
    4,
    5,
    6,
    7,
    8,
    9,
    10,
    11,
    12,
    13,
    14,
    15,
    16,
    17,
    18,
    19,
    20,
    21,
    22,
    23,
    24,
    25,
    26,
    27,
    28,
    29,
    30,
    31,
    32,
    33,
    34,
    35,
    36,
    37,
    38,
    39,
    40,
    41,
    42,
    43,
    44,
    45
  ]
}