{
  "summary": {
    "norm_name": "robust_normalized",
    "num_chips_requested": 10,
    "num_chips_processed": 10,
    "num_chips_with_metrics": 10,
    "generated_at": "2025-11-17T15:55:38.722269"
  },
  "averages": {
    "train": {
      "accuracy": 0.8926857142857143,
      "precision": 0.8913519167018704,
      "recall": 0.8926857142857143,
      "f1": 0.8912277901823336,
      "num_chips": 10
    },
    "val": {
      "accuracy": 0.8790104947526238,
      "precision": 0.8774553179611525,
      "recall": 0.8790104947526238,
      "f1": 0.8773991103365064,
      "num_chips": 10
    },
    "test": {
      "accuracy": 0.8753753753753755,
      "precision": 0.8736834420854105,
      "recall": 0.8753753753753755,
      "f1": 0.873501742372504,
      "num_chips": 10
    }
  },
  "per_chip": {
    "1": {
      "train": {
        "accuracy": 0.8975,
        "precision": 0.8964947082385237,
        "recall": 0.8975,
        "f1": 0.8962472945682735
      },
      "val": {
        "accuracy": 0.8823088455772113,
        "precision": 0.8806871154585046,
        "recall": 0.8823088455772113,
        "f1": 0.879983492824174
      },
      "test": {
        "accuracy": 0.8843843843843844,
        "precision": 0.8832790038703539,
        "recall": 0.8843843843843844,
        "f1": 0.8822203500568564
      }
    },
    "2": {
      "train": {
        "accuracy": 0.8899285714285714,
        "precision": 0.8885974965962479,
        "recall": 0.8899285714285714,
        "f1": 0.8886111021357008
      },
      "val": {
        "accuracy": 0.8695652173913043,
        "precision": 0.867884025060512,
        "recall": 0.8695652173913043,
        "f1": 0.8683649780896185
      },
      "test": {
        "accuracy": 0.8658658658658659,
        "precision": 0.8647037950003729,
        "recall": 0.8658658658658659,
        "f1": 0.8647299109894158
      }
    },
    "3": {
      "train": {
        "accuracy": 0.9112857142857143,
        "precision": 0.9105033417505402,
        "recall": 0.9112857142857143,
        "f1": 0.9103421319484788
      },
      "val": {
        "accuracy": 0.8938030984507747,
        "precision": 0.8924677565850531,
        "recall": 0.8938030984507747,
        "f1": 0.8922539473045239
      },
      "test": {
        "accuracy": 0.8978978978978979,
        "precision": 0.8967703584875099,
        "recall": 0.8978978978978979,
        "f1": 0.8963358368356754
      }
    },
    "4": {
      "train": {
        "accuracy": 0.9082857142857143,
        "precision": 0.9073105524465737,
        "recall": 0.9082857142857143,
        "f1": 0.9073375101363876
      },
      "val": {
        "accuracy": 0.8940529735132434,
        "precision": 0.8928908706636709,
        "recall": 0.8940529735132434,
        "f1": 0.8929927883845241
      },
      "test": {
        "accuracy": 0.8848848848848849,
        "precision": 0.8831416426145361,
        "recall": 0.8848848848848849,
        "f1": 0.8833283000664921
      }
    },
    "5": {
      "train": {
        "accuracy": 0.8831428571428571,
        "precision": 0.881683818978917,
        "recall": 0.8831428571428571,
        "f1": 0.8816260776268726
      },
      "val": {
        "accuracy": 0.8633183408295853,
        "precision": 0.8616762264403857,
        "recall": 0.8633183408295853,
        "f1": 0.8616930237594249
      },
      "test": {
        "accuracy": 0.8593593593593594,
        "precision": 0.8573960769901325,
        "recall": 0.8593593593593594,
        "f1": 0.8578573177883987
      }
    },
    "6": {
      "train": {
        "accuracy": 0.8985,
        "precision": 0.8972936591210128,
        "recall": 0.8985,
        "f1": 0.896976371399984
      },
      "val": {
        "accuracy": 0.8893053473263368,
        "precision": 0.8879830377169825,
        "recall": 0.8893053473263368,
        "f1": 0.8869527095230619
      },
      "test": {
        "accuracy": 0.8698698698698699,
        "precision": 0.8675426379642784,
        "recall": 0.8698698698698699,
        "f1": 0.866886773025502
      }
    },
    "7": {
      "train": {
        "accuracy": 0.8844285714285715,
        "precision": 0.882800259100975,
        "recall": 0.8844285714285715,
        "f1": 0.8824831235369839
      },
      "val": {
        "accuracy": 0.8730634682658671,
        "precision": 0.8714696810480571,
        "recall": 0.8730634682658671,
        "f1": 0.8717429042430641
      },
      "test": {
        "accuracy": 0.8768768768768769,
        "precision": 0.8752422288806931,
        "recall": 0.8768768768768769,
        "f1": 0.8749767428972083
      }
    },
    "8": {
      "train": {
        "accuracy": 0.8596428571428572,
        "precision": 0.857106084830719,
        "recall": 0.8596428571428572,
        "f1": 0.8573794213860063
      },
      "val": {
        "accuracy": 0.8525737131434283,
        "precision": 0.8502031498939785,
        "recall": 0.8525737131434283,
        "f1": 0.8504489707352447
      },
      "test": {
        "accuracy": 0.8403403403403403,
        "precision": 0.8366407360865423,
        "recall": 0.8403403403403403,
        "f1": 0.8368660710029963
      }
    },
    "9": {
      "train": {
        "accuracy": 0.8938571428571429,
        "precision": 0.8926085853773562,
        "recall": 0.8938571428571429,
        "f1": 0.8922518042462692
      },
      "val": {
        "accuracy": 0.8818090954522738,
        "precision": 0.8803611332544877,
        "recall": 0.8818090954522738,
        "f1": 0.8804911128893874
      },
      "test": {
        "accuracy": 0.8753753753753754,
        "precision": 0.8740470114431322,
        "recall": 0.8753753753753754,
        "f1": 0.8742859121935437
      }
    },
    "10": {
      "train": {
        "accuracy": 0.9002857142857142,
        "precision": 0.8991206605778393,
        "recall": 0.9002857142857142,
        "f1": 0.89902306483838
      },
      "val": {
        "accuracy": 0.8903048475762119,
        "precision": 0.8889301834898915,
        "recall": 0.8903048475762119,
        "f1": 0.8890671756120413
      },
      "test": {
        "accuracy": 0.8988988988988988,
        "precision": 0.8980709295165545,
        "recall": 0.8988988988988988,
        "f1": 0.8975302088689517
      }
    }
  }
}