{
  "train_loss": [
    0.44175638962875713,
    0.26778553344986655,
    0.2652296792377125,
    0.25961657735434446,
    0.25715639672496104,
    0.25348299525000834,
    0.25587619678540663,
    0.2515544479543513,
    0.2532420675862919,
    0.2529490227049047,
    0.24970709085464476,
    0.2503723764961416,
    0.24738188006661155,
    0.24628524780273436,
    0.24627586603164672,
    0.24894082302396947,
    0.2501877611333674,
    0.24787428026849573,
    0.2478110977194526,
    0.2454086729071357,
    0.24799329204992815,
    0.24916601506146518,
    0.24804791022430767,
    0.2467828709970821,
    0.24586853032762354,
    0.24703372743996707,
    0.24390219775113192,
    0.24639362340623683,
    0.24700968834486875,
    0.24632011164318432,
    0.24723216024312106,
    0.2476479866287925
  ],
  "val_loss": [
    0.32986102625727654,
    0.35102284140884876,
    0.31529419869184494,
    0.30628950893878937,
    0.31422033347189426,
    0.3066861815750599,
    0.31260073371231556,
    0.31534765288233757,
    0.3114086277782917,
    0.30877402052283287,
    0.30844434536993504,
    0.30972504802048206,
    0.308201314881444,
    0.3055115658789873,
    0.30472470447421074,
    0.3077237010002136,
    0.30330121517181396,
    0.30661232955753803,
    0.30779888667166233,
    0.3069409094750881,
    0.30488976649940014,
    0.3071746062487364,
    0.3112066015601158,
    0.30846976675093174,
    0.3076653201133013,
    0.3073154203593731,
    0.30690183117985725,
    0.3070764970034361,
    0.30661512538790703,
    0.3066818416118622,
    0.30729878693819046,
    0.30754566937685013
  ],
  "epochs": [
    0,
    1,
    2,
    3,
    4,
    5,
    6,
    7,
    8,
    9,
    10,
    11,
    12,
    13,
    14,
    15,
    16,
    17,
    18,
    19,
    20,
    21,
    22,
    23,
    24,
    25,
    26,
    27,
    28,
    29,
    30,
    31
  ]
}