{
  "train_loss": [
    0.38866363980553364,
    0.23712038397789,
    0.22832605757496574,
    0.22768032306974584,
    0.2253791646523909,
    0.2248939118602059,
    0.21768200614235617,
    0.22155084799636493,
    0.2212849644097415,
    0.22006815509362654,
    0.22262106131423604,
    0.216799964688041,
    0.21728180863640525,
    0.21650342670353975,
    0.21475244516676123,
    0.21424985798922452,
    0.2171223521232605,
    0.21797342788089405,
    0.21437883322889154,
    0.2162348825823177,
    0.21716597838835283,
    0.21530935981056906,
    0.21272192705761303,
    0.2112198537046259,
    0.21178747334263542,
    0.21177162744782188,
    0.20998653688214042,
    0.21045275872403926,
    0.20961603684858843,
    0.21048972579565914,
    0.21005998958240857,
    0.20830175957896493,
    0.21020801934328945,
    0.2096161116253246,
    0.20946757305752148,
    0.2108974898403341,
    0.20877084027637136,
    0.20913572744889694,
    0.2097366528077559,
    0.20995148176496678,
    0.20735412998632952,
    0.2079309189861471,
    0.20952796041965485,
    0.21040443832224065,
    0.2084036022424698,
    0.20931390659375623,
    0.2084338900717822,
    0.2082155086777427,
    0.2078265832229094,
    0.20897362503138456,
    0.20855635540051895,
    0.20993966812437231,
    0.21006162681362844,
    0.20922257195819507,
    0.2097148529507897,
    0.20818038311871614,
    0.20570029480890795,
    0.2093408465385437,
    0.20715022439306433,
    0.2073656531897458,
    0.21111570407043803,
    0.20796524015339937,
    0.20879287963563745,
    0.20946581797166305,
    0.21013845991004598,
    0.20860689932649787,
    0.20790400071577592,
    0.20774067613211544,
    0.20956059233708815,
    0.20988201092589986,
    0.20903201672163876,
    0.20854467370293356,
    0.2087877398187464
  ],
  "val_loss": [
    0.25918683875352144,
    0.2573457108810544,
    0.2572272876277566,
    0.24967170413583517,
    0.2520759515464306,
    0.24735452234745026,
    0.24510483723133802,
    0.25234455801546574,
    0.249746966175735,
    0.24810427147895098,
    0.24459786340594292,
    0.24722795560956,
    0.25307530257850885,
    0.24254524894058704,
    0.2633936330676079,
    0.24426837544888258,
    0.2404859121888876,
    0.24867723137140274,
    0.24725044704973698,
    0.2477122787386179,
    0.24862908106297255,
    0.2430114457383752,
    0.24288638029247522,
    0.23926609102636576,
    0.23911161348223686,
    0.23914104234427214,
    0.2390894265845418,
    0.23929392267018557,
    0.23948372434824705,
    0.23888244479894638,
    0.2397371781989932,
    0.24001893308013678,
    0.2388067627325654,
    0.23906896356493235,
    0.23937266319990158,
    0.23946540988981724,
    0.23927309922873974,
    0.2388506829738617,
    0.23942509200423956,
    0.2386635998263955,
    0.2387255234643817,
    0.23875238467007875,
    0.23880136013031006,
    0.23875353205949068,
    0.23868228774517775,
    0.2388444021344185,
    0.2386886654421687,
    0.23885119520127773,
    0.2386302687227726,
    0.23866560962051153,
    0.23866079282015562,
    0.23885079380124807,
    0.238656148314476,
    0.23879412934184074,
    0.2386878663673997,
    0.23871138971298933,
    0.23881471157073975,
    0.23861062619835138,
    0.23890412133187056,
    0.23861884605139494,
    0.23887536581605673,
    0.23870380967855453,
    0.23867236636579037,
    0.23872967530041933,
    0.23872983362525702,
    0.2387734055519104,
    0.23881514463573694,
    0.23882947769016027,
    0.23870320711284876,
    0.238649926148355,
    0.23882928397506475,
    0.23871859069913626,
    0.23889414500445127
  ],
  "epochs": [
    0,
    1,
    2,
    3,
    4,
    5,
    6,
    7,
    8,
    9,
    10,
    11,
    12,
    13,
    14,
    15,
    16,
    17,
    18,
    19,
    20,
    21,
    22,
    23,
    24,
    25,
    26,
    27,
    28,
    29,
    30,
    31,
    32,
    33,
    34,
    35,
    36,
    37,
    38,
    39,
    40,
    41,
    42,
    43,
    44,
    45,
    46,
    47,
    48,
    49,
    50,
    51,
    52,
    53,
    54,
    55,
    56,
    57,
    58,
    59,
    60,
    61,
    62,
    63,
    64,
    65,
    66,
    67,
    68,
    69,
    70,
    71,
    72
  ]
}