{
  "train_loss": [
    0.4490281189029867,
    0.25504316281188616,
    0.24318425546992908,
    0.24092611020261592,
    0.23732874366370113,
    0.2372104287147522,
    0.23502155867489902,
    0.23749717555262825,
    0.23511331216855483,
    0.2339308952743357,
    0.23045331971211866,
    0.23197921379046008,
    0.23384681885892694,
    0.23398719700899992,
    0.23297328921881588,
    0.2339107944206758,
    0.2308105620470914,
    0.23122621422464198,
    0.2294256088408557,
    0.2283084812489423,
    0.2265622691674666,
    0.22700494175607508,
    0.22871019623496316,
    0.22822234440933575,
    0.22764907316728072,
    0.22607977146452124,
    0.2264783347194845,
    0.2285370414907282,
    0.2259425464001569,
    0.22706147676164454,
    0.22807169556617737,
    0.2269205247814005,
    0.22703704210844908,
    0.22567404346032577,
    0.2272888102314689,
    0.2287017982114445
  ],
  "val_loss": [
    0.29724265541881323,
    0.2859473004937172,
    0.2821348402649164,
    0.27905516512691975,
    0.2764140572398901,
    0.2783852880820632,
    0.27371091954410076,
    0.2820112444460392,
    0.29041585698723793,
    0.2778639867901802,
    0.27641029842197895,
    0.27223961241543293,
    0.2791155995801091,
    0.28101567924022675,
    0.2856225334107876,
    0.28585584089159966,
    0.2729522557929158,
    0.27301179338246584,
    0.27087972313165665,
    0.27120344154536724,
    0.27087304182350636,
    0.2719518756493926,
    0.2715599415823817,
    0.2735783439129591,
    0.2709896704182029,
    0.2710455898195505,
    0.27181011252105236,
    0.2713467162102461,
    0.271234548650682,
    0.2711848355829716,
    0.27202624548226595,
    0.2716574054211378,
    0.2715866919606924,
    0.27135948836803436,
    0.2715766066685319,
    0.2712354864925146
  ],
  "epochs": [
    0,
    1,
    2,
    3,
    4,
    5,
    6,
    7,
    8,
    9,
    10,
    11,
    12,
    13,
    14,
    15,
    16,
    17,
    18,
    19,
    20,
    21,
    22,
    23,
    24,
    25,
    26,
    27,
    28,
    29,
    30,
    31,
    32,
    33,
    34,
    35
  ]
}