{
  "train_loss": [
    0.4638661712408066,
    0.2777167864821174,
    0.2700503785501827,
    0.2633906467394395,
    0.25852825208143754,
    0.2584914608435197,
    0.2573911983858455,
    0.2563188487833196,
    0.25498069308020854,
    0.25366402972828256,
    0.24958110397512262,
    0.2469026440923864,
    0.24602352814240888,
    0.24604415216229178,
    0.24615442536093973,
    0.24486951502886686,
    0.24474757503379474,
    0.24644458212635734,
    0.24781725352460687,
    0.24743209752169523,
    0.24716867912899365,
    0.2466635064645247,
    0.24558531641960143,
    0.24520078816197136,
    0.24348968944766305,
    0.2461938811974092,
    0.24515315917405214,
    0.24315128109671852,
    0.24238234541632914,
    0.2451438315890052,
    0.2443839739669453,
    0.2441290709105405,
    0.241622025587342,
    0.24312068765813655,
    0.24199236252091147
  ],
  "val_loss": [
    0.3252077419310808,
    0.3112432640045881,
    0.292102019302547,
    0.2893184134736657,
    0.31792175862938166,
    0.29638100415468216,
    0.29973444528877735,
    0.3118142643943429,
    0.29228584468364716,
    0.30901576299220324,
    0.28325886093080044,
    0.28366628661751747,
    0.28256652876734734,
    0.28103973250836134,
    0.28377427998930216,
    0.28169233072549105,
    0.2840161379426718,
    0.28413052298128605,
    0.2813634853810072,
    0.2804549252614379,
    0.2816953659057617,
    0.2820843914523721,
    0.2824089089408517,
    0.28207383770495653,
    0.2811468932777643,
    0.28106313943862915,
    0.2804712951183319,
    0.28068698477,
    0.2807915285229683,
    0.2806058395653963,
    0.28122767340391874,
    0.2812727177515626,
    0.28124417923390865,
    0.2812305837869644,
    0.281100201420486
  ],
  "epochs": [
    0,
    1,
    2,
    3,
    4,
    5,
    6,
    7,
    8,
    9,
    10,
    11,
    12,
    13,
    14,
    15,
    16,
    17,
    18,
    19,
    20,
    21,
    22,
    23,
    24,
    25,
    26,
    27,
    28,
    29,
    30,
    31,
    32,
    33,
    34
  ]
}