{
  "train_loss": [
    0.47187500541860405,
    0.2830212181264704,
    0.2674592245708812,
    0.2707994878292084,
    0.2605764795433391,
    0.2597719062458385,
    0.2606701054356315,
    0.2566212058067322,
    0.25626026852564376,
    0.25656681006604976,
    0.2504039626229893,
    0.2484554117376154,
    0.2514445632696152,
    0.2521736453879963,
    0.25051422390070827,
    0.2523980232802304,
    0.24836256856268102,
    0.25095326575365934,
    0.24821325188333337,
    0.24807434407147494,
    0.24792439260266044,
    0.24844328625635667,
    0.24931946803223004,
    0.24783677865158427,
    0.24789141850038007,
    0.24771761406551707,
    0.24802069447257302,
    0.24830356782132929,
    0.24675956070423127,
    0.24611827568574385,
    0.24763772704384543,
    0.24786958044225518,
    0.2481058971448378,
    0.2468256270343607,
    0.24773547703569584,
    0.24376447444612329,
    0.24909001344984227,
    0.2463936526666988,
    0.24745349260893734
  ],
  "val_loss": [
    0.3031148314476013,
    0.31610583513975143,
    0.2974437940865755,
    0.29383433796465397,
    0.3099283669143915,
    0.2983088493347168,
    0.29831765219569206,
    0.3009147047996521,
    0.29453418869525194,
    0.30259106308221817,
    0.2849829224869609,
    0.2864006971940398,
    0.28655952867120504,
    0.2864621337503195,
    0.28476367238909006,
    0.28515799716115,
    0.2863232856616378,
    0.28382292203605175,
    0.28820351231843233,
    0.2853373223915696,
    0.2847959566861391,
    0.28487782645970583,
    0.2840523300692439,
    0.2830862747505307,
    0.2864302434027195,
    0.28435339126735926,
    0.2868148759007454,
    0.28330273926258087,
    0.2888487745076418,
    0.28516481164842844,
    0.2841795487329364,
    0.28459954261779785,
    0.2852056147530675,
    0.2849846091121435,
    0.2842137413099408,
    0.2843767460435629,
    0.28495748341083527,
    0.2843244979158044,
    0.2843054998666048
  ],
  "epochs": [
    0,
    1,
    2,
    3,
    4,
    5,
    6,
    7,
    8,
    9,
    10,
    11,
    12,
    13,
    14,
    15,
    16,
    17,
    18,
    19,
    20,
    21,
    22,
    23,
    24,
    25,
    26,
    27,
    28,
    29,
    30,
    31,
    32,
    33,
    34,
    35,
    36,
    37,
    38
  ]
}