{
  "train_loss": [
    0.4079300427978689,
    0.2532196754759008,
    0.2487032164226879,
    0.2465730293230577,
    0.24469929527152667,
    0.24495387429540808,
    0.24019849571314725,
    0.24070620780641383,
    0.23966381387277083,
    0.24039129289713773,
    0.2437335033308376,
    0.2393499171191996,
    0.24080826315012846,
    0.23781172199682757,
    0.24349988482215187,
    0.23710222948681225,
    0.23798267462036826,
    0.23773287453434683,
    0.23660330853678962,
    0.23524555889042942,
    0.23747203783555465,
    0.2366210533813997,
    0.23607826341282237,
    0.2370020392266187,
    0.2339863641695543,
    0.2319130458615043,
    0.23189399404959246,
    0.2311209285801107,
    0.23290103999051182,
    0.23062127340923655,
    0.23051831342957235,
    0.23062451129609887,
    0.22847831764004448,
    0.2294917727058584,
    0.23161486224694686,
    0.23289770267226478,
    0.2300847606225447,
    0.2311663340438496,
    0.22946262576363302,
    0.22910922061313282,
    0.22865490208972583,
    0.22964781793681058,
    0.22903226451440292,
    0.2294165250929919,
    0.22835940474813635
  ],
  "val_loss": [
    0.2866514250636101,
    0.28802977222949266,
    0.2833844032138586,
    0.32007328793406487,
    0.279923427850008,
    0.2821254935115576,
    0.28356704767793417,
    0.2815481284633279,
    0.29925981163978577,
    0.332616756670177,
    0.27470021788030863,
    0.2853765208274126,
    0.2785126846283674,
    0.2773966221138835,
    0.27594681084156036,
    0.27391372714191675,
    0.2763783438131213,
    0.27363898046314716,
    0.29150070901960135,
    0.2913153199478984,
    0.27705592662096024,
    0.3068245965987444,
    0.33143753558397293,
    0.2981332140043378,
    0.2737571280449629,
    0.2730722548440099,
    0.27442324068397284,
    0.2734935386106372,
    0.2759835012257099,
    0.271530082449317,
    0.27473757695406675,
    0.27356567420065403,
    0.2739160433411598,
    0.27425242215394974,
    0.27335070446133614,
    0.2730362918227911,
    0.2728203311562538,
    0.2728629494085908,
    0.2727277744561434,
    0.27241236064583063,
    0.2721665184944868,
    0.2728052968159318,
    0.2727963523939252,
    0.2725416775792837,
    0.2726447256281972
  ],
  "epochs": [
    0,
    1,
    2,
    3,
    4,
    5,
    6,
    7,
    8,
    9,
    10,
    11,
    12,
    13,
    14,
    15,
    16,
    17,
    18,
    19,
    20,
    21,
    22,
    23,
    24,
    25,
    26,
    27,
    28,
    29,
    30,
    31,
    32,
    33,
    34,
    35,
    36,
    37,
    38,
    39,
    40,
    41,
    42,
    43,
    44
  ]
}