{
  "train_loss": [
    0.3952778474851088,
    0.24373674419793215,
    0.23657617216760463,
    0.22874022234569896,
    0.22671545906500382,
    0.22637737501751293,
    0.22432850030335513,
    0.226969084685499,
    0.22525253133340314,
    0.22627948305823586,
    0.22045048556544564,
    0.22051498293876648,
    0.21919674954631113,
    0.21829619922421195,
    0.21889328441836617,
    0.2178906031630256,
    0.21722982878034766,
    0.21718834665688602,
    0.2165812305428765,
    0.21496403163129632,
    0.2185788103125312,
    0.21810109561139887,
    0.21774389310316605,
    0.2174595765092156,
    0.21610920293764635,
    0.2173260737549175,
    0.21471807983788577,
    0.2172451211647554,
    0.21668317886916075,
    0.21520815952257677,
    0.2168714474547993,
    0.21778136871077797,
    0.21595415608449417,
    0.2171755251559344,
    0.2160147320140492,
    0.21371063833886927,
    0.216496603326364
  ],
  "val_loss": [
    0.2557968236505985,
    0.26586911734193563,
    0.2416086858138442,
    0.2521144263446331,
    0.23748397454619408,
    0.23696404416114092,
    0.23914746288210154,
    0.24684216175228357,
    0.24335077498108149,
    0.25690025091171265,
    0.24735086504369974,
    0.24686591513454914,
    0.2345363963395357,
    0.2362771574407816,
    0.23568435199558735,
    0.23451142851263285,
    0.23475973308086395,
    0.23655812349170446,
    0.23710509482771158,
    0.23509197775274515,
    0.2364047160372138,
    0.23427609354257584,
    0.23443036898970604,
    0.23467160295695066,
    0.23680884670466185,
    0.23469411116093397,
    0.23468109127134085,
    0.23624547757208347,
    0.23480588104575872,
    0.2347752545028925,
    0.2352094054222107,
    0.23519189842045307,
    0.2351271938532591,
    0.23509758058935404,
    0.2352978978306055,
    0.2349816868081689,
    0.2350033624097705
  ],
  "epochs": [
    0,
    1,
    2,
    3,
    4,
    5,
    6,
    7,
    8,
    9,
    10,
    11,
    12,
    13,
    14,
    15,
    16,
    17,
    18,
    19,
    20,
    21,
    22,
    23,
    24,
    25,
    26,
    27,
    28,
    29,
    30,
    31,
    32,
    33,
    34,
    35,
    36
  ]
}