{
  "train_loss": [
    0.40069501914761285,
    0.2145738802172921,
    0.2062146243723956,
    0.20294053906744178,
    0.20119230124083431,
    0.1978081009604714,
    0.19556150829250163,
    0.19643771269104698,
    0.19673681286248293,
    0.19697397405450995,
    0.19453726546330885,
    0.19417847069826993,
    0.1906883109699596,
    0.18977923691272736,
    0.1903516866944053,
    0.18965036408467725,
    0.19053082696416163,
    0.18971890807151795,
    0.1897341319105842,
    0.18914629356427626,
    0.190910773656585,
    0.18850416094064712
  ],
  "val_loss": [
    0.23850007448345423,
    0.23972383048385382,
    0.22876932751387358,
    0.22722983127459884,
    0.23545080702751875,
    0.2289375104010105,
    0.2194894729182124,
    0.22424298664554954,
    0.23628083849325776,
    0.2288434151560068,
    0.2199998740106821,
    0.21951305400580168,
    0.22317553032189608,
    0.22204288467764854,
    0.22059015650302172,
    0.21957183023914695,
    0.22013675654307008,
    0.22061136504635215,
    0.21993511635810137,
    0.2198655130341649,
    0.21990641206502914,
    0.21959304623305798
  ],
  "epochs": [
    0,
    1,
    2,
    3,
    4,
    5,
    6,
    7,
    8,
    9,
    10,
    11,
    12,
    13,
    14,
    15,
    16,
    17,
    18,
    19,
    20,
    21
  ]
}