{
  "train_loss": [
    0.4895296275615692,
    0.32262927916916934,
    0.31743060810999435,
    0.3129348459568891,
    0.31148336177522484,
    0.3099344191226092,
    0.31041836521842264,
    0.3059872421351346,
    0.3068172953345559,
    0.3060512548143213,
    0.302759925885634,
    0.30973344553600657,
    0.30476283485239203,
    0.30504173175855115,
    0.3001615890047767,
    0.29930387356064536,
    0.2989329354329543,
    0.29826940650289707,
    0.29644616679711777,
    0.2972806193611839,
    0.29759579517624596,
    0.29668067476966165,
    0.2984201366251165,
    0.297424410960891,
    0.29615646465258166,
    0.2976135272871364,
    0.2978174987164411,
    0.29537507864561946,
    0.2955267952247099,
    0.2952510882507671,
    0.2966009955514561,
    0.29787740842862565,
    0.29454837468537415,
    0.29709146212447773,
    0.2950512799349698,
    0.2952467709779739,
    0.2949670442126014,
    0.29542023512450133,
    0.29531750218434766,
    0.2963624127886512,
    0.2966527564959093,
    0.2954115724021738,
    0.2979261422699148,
    0.2968395333398472,
    0.29644370349970733,
    0.2957495323636315
  ],
  "val_loss": [
    0.34507216699421406,
    0.3387964516878128,
    0.34377280063927174,
    0.33866740576922894,
    0.3494146503508091,
    0.33165148086845875,
    0.3350818529725075,
    0.33133294992148876,
    0.3293916117399931,
    0.3298672027885914,
    0.34031417965888977,
    0.3342039939016104,
    0.33084640838205814,
    0.33139510080218315,
    0.3444002438336611,
    0.32351952232420444,
    0.32423253916203976,
    0.3226638175547123,
    0.3224467933177948,
    0.3239343389868736,
    0.3231120612472296,
    0.3215783666819334,
    0.32217136956751347,
    0.3221959210932255,
    0.3223158251494169,
    0.322004571557045,
    0.3223522026091814,
    0.3216379415243864,
    0.3219474274665117,
    0.3220765832811594,
    0.32145985774695873,
    0.3219052813947201,
    0.32169653102755547,
    0.3216887339949608,
    0.3218880370259285,
    0.3219819460064173,
    0.32182529382407665,
    0.32157791778445244,
    0.3217376936227083,
    0.32167297042906284,
    0.3218617681413889,
    0.3216836880892515,
    0.32166688703000546,
    0.32178219221532345,
    0.3215384669601917,
    0.3217471446841955
  ],
  "epochs": [
    0,
    1,
    2,
    3,
    4,
    5,
    6,
    7,
    8,
    9,
    10,
    11,
    12,
    13,
    14,
    15,
    16,
    17,
    18,
    19,
    20,
    21,
    22,
    23,
    24,
    25,
    26,
    27,
    28,
    29,
    30,
    31,
    32,
    33,
    34,
    35,
    36,
    37,
    38,
    39,
    40,
    41,
    42,
    43,
    44,
    45
  ]
}