{
  "train_loss": [
    0.4213413728909059,
    0.2723284875804728,
    0.2646013175899332,
    0.2600504544648257,
    0.25425745899027047,
    0.25111934325911783,
    0.2519061486829411,
    0.2538398512385108,
    0.25416834056377413,
    0.25028296438130465,
    0.2497547000646591,
    0.2475381241603331,
    0.2460702275687998,
    0.2453558312221007,
    0.24477103921500118,
    0.24415878382596104,
    0.2466907490383495,
    0.24630471847274088,
    0.24512825824997642,
    0.24588628059083764,
    0.2452180109240792,
    0.24598708098584957,
    0.24324871437116102,
    0.2445807001807473,
    0.245694915543903,
    0.24408031458204443,
    0.2445535592057488,
    0.24574969654733483
  ],
  "val_loss": [
    0.32959254924207926,
    0.297795251943171,
    0.32018724270164967,
    0.29560711700469255,
    0.2907920004799962,
    0.29151780623942614,
    0.30010706931352615,
    0.29840869829058647,
    0.2954645399004221,
    0.300755912438035,
    0.30174911953508854,
    0.28962795436382294,
    0.28904280811548233,
    0.2912706909701228,
    0.2920410353690386,
    0.2919375617057085,
    0.2907275315374136,
    0.29026482719928026,
    0.2890535667538643,
    0.2897259555757046,
    0.2898586103692651,
    0.2893714038655162,
    0.2893481170758605,
    0.28924384620040655,
    0.2892789673060179,
    0.2895852355286479,
    0.28922033589333296,
    0.28943469375371933
  ],
  "epochs": [
    0,
    1,
    2,
    3,
    4,
    5,
    6,
    7,
    8,
    9,
    10,
    11,
    12,
    13,
    14,
    15,
    16,
    17,
    18,
    19,
    20,
    21,
    22,
    23,
    24,
    25,
    26,
    27
  ]
}