{
  "summary": {
    "norm_name": "robust_normalized",
    "num_chips_requested": 10,
    "num_chips_processed": 10,
    "num_chips_with_metrics": 10,
    "generated_at": "2025-11-18T12:28:15.691984"
  },
  "averages": {
    "train": {
      "accuracy": 0.9097999999999999,
      "accuracy_std": 0.010293389993147085,
      "precision": 0.9098805679628649,
      "precision_std": 0.010371220707913752,
      "recall": 0.9097999999999999,
      "recall_std": 0.010293389993147085,
      "f1": 0.9097577685867577,
      "f1_std": 0.010380350462293514,
      "num_chips": 10
    },
    "val": {
      "accuracy": 0.8912543728135931,
      "accuracy_std": 0.011939113113730526,
      "precision": 0.8913059582654137,
      "precision_std": 0.012137726382401843,
      "recall": 0.8912543728135931,
      "recall_std": 0.011939113113730526,
      "f1": 0.8912096236501071,
      "f1_std": 0.012042888717350642,
      "num_chips": 10
    },
    "test": {
      "accuracy": 0.8907907907907908,
      "accuracy_std": 0.012069847420422834,
      "precision": 0.8906070450229489,
      "precision_std": 0.012073096585571456,
      "recall": 0.8907907907907908,
      "recall_std": 0.012069847420422834,
      "f1": 0.8905321318938153,
      "f1_std": 0.012135531218125922,
      "num_chips": 10
    }
  },
  "per_chip": {
    "1": {
      "train": {
        "accuracy": 0.9187857142857143,
        "precision": 0.9185846612236905,
        "recall": 0.9187857142857143,
        "f1": 0.9186628094206639
      },
      "val": {
        "accuracy": 0.8963018490754623,
        "precision": 0.8966660540999258,
        "recall": 0.8963018490754623,
        "f1": 0.8964307695513055
      },
      "test": {
        "accuracy": 0.9034034034034034,
        "precision": 0.9034017925130676,
        "recall": 0.9034034034034034,
        "f1": 0.9033696579782037
      }
    },
    "2": {
      "train": {
        "accuracy": 0.9047857142857143,
        "precision": 0.9042841357674378,
        "recall": 0.9047857142857143,
        "f1": 0.9044693001290216
      },
      "val": {
        "accuracy": 0.892303848075962,
        "precision": 0.8918159234538818,
        "recall": 0.892303848075962,
        "f1": 0.8920116531675638
      },
      "test": {
        "accuracy": 0.8873873873873874,
        "precision": 0.8864310218929068,
        "recall": 0.8873873873873874,
        "f1": 0.886724035543321
      }
    },
    "3": {
      "train": {
        "accuracy": 0.9260714285714285,
        "precision": 0.926557040340454,
        "recall": 0.9260714285714285,
        "f1": 0.9262631717522811
      },
      "val": {
        "accuracy": 0.9067966016991504,
        "precision": 0.906703824478043,
        "recall": 0.9067966016991504,
        "f1": 0.9067461247343588
      },
      "test": {
        "accuracy": 0.9079079079079079,
        "precision": 0.9073945330731489,
        "recall": 0.9079079079079079,
        "f1": 0.9075772237794969
      }
    },
    "4": {
      "train": {
        "accuracy": 0.9181428571428571,
        "precision": 0.9176075121097017,
        "recall": 0.9181428571428571,
        "f1": 0.9178071940505931
      },
      "val": {
        "accuracy": 0.9030484757621189,
        "precision": 0.9023157024268288,
        "recall": 0.9030484757621189,
        "f1": 0.9025195825667541
      },
      "test": {
        "accuracy": 0.9004004004004004,
        "precision": 0.8998374559152826,
        "recall": 0.9004004004004004,
        "f1": 0.89975809860725
      }
    },
    "5": {
      "train": {
        "accuracy": 0.8977857142857143,
        "precision": 0.8974705202498057,
        "recall": 0.8977857142857143,
        "f1": 0.8974768715816255
      },
      "val": {
        "accuracy": 0.8718140929535232,
        "precision": 0.8719948332742148,
        "recall": 0.8718140929535232,
        "f1": 0.8717586545004016
      },
      "test": {
        "accuracy": 0.8718718718718719,
        "precision": 0.8712699043922526,
        "recall": 0.8718718718718719,
        "f1": 0.871295366667675
      }
    },
    "6": {
      "train": {
        "accuracy": 0.914,
        "precision": 0.9139581097311298,
        "recall": 0.914,
        "f1": 0.9139777073908811
      },
      "val": {
        "accuracy": 0.896551724137931,
        "precision": 0.8972587129749112,
        "recall": 0.896551724137931,
        "f1": 0.8968391065837145
      },
      "test": {
        "accuracy": 0.8963963963963963,
        "precision": 0.8964782928410996,
        "recall": 0.8963963963963963,
        "f1": 0.8964315080672401
      }
    },
    "7": {
      "train": {
        "accuracy": 0.9085,
        "precision": 0.9088161055704347,
        "recall": 0.9085,
        "f1": 0.9086482014596804
      },
      "val": {
        "accuracy": 0.8968015992003998,
        "precision": 0.8973448985482936,
        "recall": 0.8968015992003998,
        "f1": 0.8970510765855111
      },
      "test": {
        "accuracy": 0.8883883883883884,
        "precision": 0.8880389894099752,
        "recall": 0.8883883883883884,
        "f1": 0.8882040124489223
      }
    },
    "8": {
      "train": {
        "accuracy": 0.8885,
        "precision": 0.8885813454724761,
        "recall": 0.8885,
        "f1": 0.8883067440387895
      },
      "val": {
        "accuracy": 0.8673163418290855,
        "precision": 0.8662636993793317,
        "recall": 0.8673163418290855,
        "f1": 0.866739787405139
      },
      "test": {
        "accuracy": 0.8713713713713713,
        "precision": 0.8706338445035454,
        "recall": 0.8713713713713713,
        "f1": 0.8706532600493919
      }
    },
    "9": {
      "train": {
        "accuracy": 0.9110714285714285,
        "precision": 0.9111322162792065,
        "recall": 0.9110714285714285,
        "f1": 0.9110828417518826
      },
      "val": {
        "accuracy": 0.8888055972013993,
        "precision": 0.8887019625964636,
        "recall": 0.8888055972013993,
        "f1": 0.888753054792566
      },
      "test": {
        "accuracy": 0.8983983983983984,
        "precision": 0.8981687990005267,
        "recall": 0.8983983983983984,
        "f1": 0.8981466970424037
      }
    },
    "10": {
      "train": {
        "accuracy": 0.9103571428571429,
        "precision": 0.9118140328843116,
        "recall": 0.9103571428571429,
        "f1": 0.910882844292158
      },
      "val": {
        "accuracy": 0.8928035982008995,
        "precision": 0.8939939714222421,
        "recall": 0.8928035982008995,
        "f1": 0.893246426613758
      },
      "test": {
        "accuracy": 0.8823823823823824,
        "precision": 0.8844158166876829,
        "recall": 0.8823823823823824,
        "f1": 0.8831614587542473
      }
    }
  }
}