{
  "overall_statistics": {
    "mean": [
      1.0,
      0.7451474669999998,
      0.650780976,
      0.5892804859999999,
      0.649683177,
      0.5702630879999999,
      0.6297842259999998,
      0.6045932770000001,
      0.5816125870000002,
      0.5718680020000002,
      0.5600430369999999,
      0.527202666,
      0.5210328100000001,
      0.5917973520000002,
      0.4849535820000002,
      0.4513922040000002,
      0.47169744999999996,
      0.5373320579999997,
      0.43487223999999974,
      0.4754906300000002,
      0.4828604459999999,
      0.4135701660000001,
      0.41416159300000027,
      0.45373064300000004,
      0.5173311229999998,
      0.3935172560000001,
      0.4611992239999998,
      0.4584602420000001,
      0.43412500600000015,
      0.5006431339999999,
      0.41689232000000004,
      0.44724971099999977
    ],
    "std": [
      1.0,
      2.2316322462394835e-16,
      1.0,
      1.1158161231197418e-16,
      1.0,
      1.1158161231197418e-16,
      1.1158161231197418e-16,
      1.1158161231197418e-16,
      2.2316322462394835e-16,
      2.2316322462394835e-16,
      1.1158161231197418e-16,
      1.0,
      1.1158161231197418e-16,
      1.1158161231197418e-16,
      2.2316322462394835e-16,
      1.6737241846796128e-16,
      5.579080615598709e-17,
      2.2316322462394835e-16,
      2.7895403077993543e-16,
      1.6737241846796128e-16,
      1.1158161231197418e-16,
      5.579080615598709e-17,
      2.7895403077993543e-16,
      5.579080615598709e-17,
      1.1158161231197418e-16,
      1.1158161231197418e-16,
      2.2316322462394835e-16,
      5.579080615598709e-17,
      1.6737241846796128e-16,
      1.1158161231197418e-16,
      5.579080615598709e-17,
      2.2316322462394835e-16
    ],
    "feature_names": [
      "match_Peak 1",
      "match_Peak 2",
      "match_Peak 3",
      "match_Peak 4",
      "match_Peak 5",
      "match_Peak 6",
      "match_Peak 7",
      "match_Peak 8",
      "match_Peak 9",
      "match_Peak 10",
      "match_Peak 11",
      "match_Peak 12",
      "match_Peak 13",
      "match_Peak 14",
      "match_Peak 15",
      "match_Peak 16",
      "match_Peak 17",
      "match_Peak 18",
      "match_Peak 19",
      "match_Peak 20",
      "match_Peak 21",
      "match_Peak 22",
      "match_Peak 23",
      "match_Peak 24",
      "match_Peak 25",
      "match_Peak 26",
      "match_Peak 27",
      "match_Peak 28",
      "match_Peak 29",
      "match_Peak 30",
      "match_Peak 31",
      "match_Peak 32"
    ],
    "target_class": 4,
    "excluded_chip": 5
  },
  "per_chip_statistics": [
    {
      "chip": 1,
      "features": {
        "match_Peak 1": 1.0,
        "match_Peak 2": 0.7451474669999998,
        "match_Peak 3": 0.650780976,
        "match_Peak 4": 0.5892804859999999,
        "match_Peak 5": 0.649683177,
        "match_Peak 6": 0.5702630879999999,
        "match_Peak 7": 0.6297842259999998,
        "match_Peak 8": 0.6045932770000001,
        "match_Peak 9": 0.5816125870000002,
        "match_Peak 10": 0.5718680020000002,
        "match_Peak 11": 0.5600430369999999,
        "match_Peak 12": 0.527202666,
        "match_Peak 13": 0.5210328100000001,
        "match_Peak 14": 0.5917973520000002,
        "match_Peak 15": 0.4849535820000002,
        "match_Peak 16": 0.4513922040000002,
        "match_Peak 17": 0.47169744999999996,
        "match_Peak 18": 0.5373320579999997,
        "match_Peak 19": 0.43487223999999974,
        "match_Peak 20": 0.4754906300000002,
        "match_Peak 21": 0.4828604459999999,
        "match_Peak 22": 0.4135701660000001,
        "match_Peak 23": 0.41416159300000027,
        "match_Peak 24": 0.45373064300000004,
        "match_Peak 25": 0.5173311229999998,
        "match_Peak 26": 0.3935172560000001,
        "match_Peak 27": 0.4611992239999998,
        "match_Peak 28": 0.4584602420000001,
        "match_Peak 29": 0.43412500600000015,
        "match_Peak 30": 0.5006431339999999,
        "match_Peak 31": 0.41689232000000004,
        "match_Peak 32": 0.44724971099999977
      },
      "std_values": {
        "match_Peak 1": 1.0,
        "match_Peak 2": 2.2316322462394835e-16,
        "match_Peak 3": 1.0,
        "match_Peak 4": 1.1158161231197418e-16,
        "match_Peak 5": 1.0,
        "match_Peak 6": 1.1158161231197418e-16,
        "match_Peak 7": 1.1158161231197418e-16,
        "match_Peak 8": 1.1158161231197418e-16,
        "match_Peak 9": 2.2316322462394835e-16,
        "match_Peak 10": 2.2316322462394835e-16,
        "match_Peak 11": 1.1158161231197418e-16,
        "match_Peak 12": 1.0,
        "match_Peak 13": 1.1158161231197418e-16,
        "match_Peak 14": 1.1158161231197418e-16,
        "match_Peak 15": 2.2316322462394835e-16,
        "match_Peak 16": 1.6737241846796128e-16,
        "match_Peak 17": 5.579080615598709e-17,
        "match_Peak 18": 2.2316322462394835e-16,
        "match_Peak 19": 2.7895403077993543e-16,
        "match_Peak 20": 1.6737241846796128e-16,
        "match_Peak 21": 1.1158161231197418e-16,
        "match_Peak 22": 5.579080615598709e-17,
        "match_Peak 23": 2.7895403077993543e-16,
        "match_Peak 24": 5.579080615598709e-17,
        "match_Peak 25": 1.1158161231197418e-16,
        "match_Peak 26": 1.1158161231197418e-16,
        "match_Peak 27": 2.2316322462394835e-16,
        "match_Peak 28": 5.579080615598709e-17,
        "match_Peak 29": 1.6737241846796128e-16,
        "match_Peak 30": 1.1158161231197418e-16,
        "match_Peak 31": 5.579080615598709e-17,
        "match_Peak 32": 2.2316322462394835e-16
      }
    }
  ],
  "metadata": {
    "creation_date": "2025-09-17T13:34:30.168679",
    "total_chips_processed": 1,
    "feature_count": 32
  }
}