{
  "overall_statistics": {
    "mean": [
      0.7124498418324999,
      0.8445682537450001,
      0.7672472722775001,
      0.7467648300624999,
      0.7551758530875,
      0.7290456748125,
      0.7205008281875,
      0.7019021178549999,
      0.68087752283,
      0.6639389589325001,
      0.6585416170774999,
      0.6224435661874999,
      0.6494109986925001,
      0.6602429190524999,
      0.5832490163899999,
      0.585676863945,
      0.593974521915,
      0.5901457643475,
      0.5700773680275001,
      0.555877512145,
      0.5509147983,
      0.5576796390275,
      0.561140969005,
      0.5603419800049999,
      0.5342615741525,
      0.5005073046649999,
      0.5438225919824999,
      0.5184143880875001,
      0.46636709212500005,
      0.5362930253375,
      0.4960729798125,
      0.52797269353,
      24.95
    ],
    "std": [
      0.11353356944277138,
      0.06344069560832485,
      0.03748072074567474,
      0.06031030974804456,
      0.014783440147949306,
      0.03185778607403902,
      0.026418373645362783,
      0.011588521426601803,
      0.02441980413147887,
      0.014019382515133698,
      0.011075210544656537,
      0.015890467557722367,
      0.01078095763415294,
      0.013720989473760815,
      0.013435282865161642,
      0.010456476444642083,
      0.011816107995465765,
      0.007756439700109233,
      0.009338830274393112,
      0.009226880285310907,
      0.009094206575175935,
      0.007947661107223523,
      0.007143329400840889,
      0.007818586831973784,
      0.0062890695493031945,
      0.006625943371196021,
      0.006927881022296368,
      0.006168674080577323,
      0.006009836018105976,
      0.006114425426025035,
      0.00595197664155397,
      0.006055231550673689,
      2.9011491975882016
    ],
    "feature_names": [
      "Peak 1",
      "Peak 2",
      "Peak 3",
      "Peak 4",
      "Peak 5",
      "Peak 6",
      "Peak 7",
      "Peak 8",
      "Peak 9",
      "Peak 10",
      "Peak 11",
      "Peak 12",
      "Peak 13",
      "Peak 14",
      "Peak 15",
      "Peak 16",
      "Peak 17",
      "Peak 18",
      "Peak 19",
      "Peak 20",
      "Peak 21",
      "Peak 22",
      "Peak 23",
      "Peak 24",
      "Peak 25",
      "Peak 26",
      "Peak 27",
      "Peak 28",
      "Peak 29",
      "Peak 30",
      "Peak 31",
      "Peak 32",
      "Temperature"
    ],
    "target_class": 4,
    "excluded_chip": 5
  },
  "per_chip_statistics": [
    {
      "chip": 1,
      "features": {
        "Peak 1": 0.95432371314,
        "Peak 2": 0.7082483696700002,
        "Peak 3": 0.64578550751,
        "Peak 4": 0.6293214392800001,
        "Peak 5": 0.6504868400399999,
        "Peak 6": 0.6077844775399999,
        "Peak 7": 0.6370668780800001,
        "Peak 8": 0.60802895007,
        "Peak 9": 0.56182346462,
        "Peak 10": 0.55337668713,
        "Peak 11": 0.5556432908500001,
        "Peak 12": 0.52186160026,
        "Peak 13": 0.53108470142,
        "Peak 14": 0.59720116918,
        "Peak 15": 0.47470273309,
        "Peak 16": 0.45770058096999994,
        "Peak 17": 0.47530154647999995,
        "Peak 18": 0.5313211881800001,
        "Peak 19": 0.44565037195,
        "Peak 20": 0.47441755442,
        "Peak 21": 0.47226106849000005,
        "Peak 22": 0.4045950031899999,
        "Peak 23": 0.4317558416299999,
        "Peak 24": 0.44720257762999993,
        "Peak 25": 0.5145017104999998,
        "Peak 26": 0.39551526306,
        "Peak 27": 0.4644437402999999,
        "Peak 28": 0.45839419156999994,
        "Peak 29": 0.43059741733,
        "Peak 30": 0.5043127942700001,
        "Peak 31": 0.41503671050999996,
        "Peak 32": 0.4398545584,
        "Temperature": 24.95
      },
      "std_values": {
        "Peak 1": 0.03451033108952435,
        "Peak 2": 0.03334296500849493,
        "Peak 3": 0.04028965467766258,
        "Peak 4": 0.05131449007848771,
        "Peak 5": 0.005244005295152827,
        "Peak 6": 0.030449286550410938,
        "Peak 7": 0.023732692385216393,
        "Peak 8": 0.006626042054163664,
        "Peak 9": 0.018900441764533826,
        "Peak 10": 0.01201637878304655,
        "Peak 11": 0.005573889741065664,
        "Peak 12": 0.013450475724505466,
        "Peak 13": 0.011995529186174522,
        "Peak 14": 0.01245024735412266,
        "Peak 15": 0.011492103441840816,
        "Peak 16": 0.0057808478544190784,
        "Peak 17": 0.009803555724908937,
        "Peak 18": 0.0054342145355157,
        "Peak 19": 0.008807768592868455,
        "Peak 20": 0.006522265713657277,
        "Peak 21": 0.00807390591312005,
        "Peak 22": 0.007416360745479619,
        "Peak 23": 0.008253551244467985,
        "Peak 24": 0.006363780903754175,
        "Peak 25": 0.004437789664910176,
        "Peak 26": 0.006247156491260818,
        "Peak 27": 0.0052007782667011365,
        "Peak 28": 0.00473794040025115,
        "Peak 29": 0.0058628060596382005,
        "Peak 30": 0.004721021699193927,
        "Peak 31": 0.005227918983454847,
        "Peak 32": 0.005179116539718377,
        "Temperature": 2.9011491975882016
      }
    },
    {
      "chip": 2,
      "features": {
        "Peak 1": 0.6776647007099998,
        "Peak 2": 0.88928156142,
        "Peak 3": 0.7728936833200001,
        "Peak 4": 0.7605617833399999,
        "Peak 5": 0.77149005529,
        "Peak 6": 0.7381882357800003,
        "Peak 7": 0.7317588007400001,
        "Peak 8": 0.6969681584799998,
        "Peak 9": 0.7160090339500002,
        "Peak 10": 0.65797245562,
        "Peak 11": 0.6996528363099997,
        "Peak 12": 0.64348275546,
        "Peak 13": 0.6698334420100001,
        "Peak 14": 0.6778087193399999,
        "Peak 15": 0.59155544343,
        "Peak 16": 0.6342803252,
        "Peak 17": 0.5730024284199999,
        "Peak 18": 0.58673674644,
        "Peak 19": 0.53297601582,
        "Peak 20": 0.5883565669899999,
        "Peak 21": 0.55018694168,
        "Peak 22": 0.59386185409,
        "Peak 23": 0.56124941765,
        "Peak 24": 0.53425230919,
        "Peak 25": 0.53826433359,
        "Peak 26": 0.50779423358,
        "Peak 27": 0.6180544275200001,
        "Peak 28": 0.4850145203200001,
        "Peak 29": 0.48167783141000003,
        "Peak 30": 0.54433866803,
        "Peak 31": 0.63535863881,
        "Peak 32": 0.61807710948,
        "Temperature": 24.95
      },
      "std_values": {
        "Peak 1": 0.17881429234700286,
        "Peak 2": 0.0504750210440036,
        "Peak 3": 0.04349604559342731,
        "Peak 4": 0.06285173629085324,
        "Peak 5": 0.011964112314294886,
        "Peak 6": 0.037963472159131324,
        "Peak 7": 0.033103368959957066,
        "Peak 8": 0.010267800851696665,
        "Peak 9": 0.026134004642557697,
        "Peak 10": 0.01894039972728375,
        "Peak 11": 0.009511440426652659,
        "Peak 12": 0.0159506919124428,
        "Peak 13": 0.008312032042295102,
        "Peak 14": 0.015846237545372188,
        "Peak 15": 0.01411584418362968,
        "Peak 16": 0.010151009805547234,
        "Peak 17": 0.013305592602809418,
        "Peak 18": 0.011907936023669068,
        "Peak 19": 0.01117923627965514,
        "Peak 20": 0.010323162583577818,
        "Peak 21": 0.008749564227030776,
        "Peak 22": 0.009204515707509185,
        "Peak 23": 0.006101440274729202,
        "Peak 24": 0.008756048481767162,
        "Peak 25": 0.007804280347333299,
        "Peak 26": 0.006465290843509818,
        "Peak 27": 0.007050357197101106,
        "Peak 28": 0.005322395022827898,
        "Peak 29": 0.005845036295055568,
        "Peak 30": 0.00630480985343563,
        "Peak 31": 0.00548740967803839,
        "Peak 32": 0.006175924747035401,
        "Temperature": 2.9011491975882016
      }
    },
    {
      "chip": 3,
      "features": {
        "Peak 1": 0.52734092144,
        "Peak 2": 0.8972716146200002,
        "Peak 3": 0.8390068692,
        "Peak 4": 0.80844180346,
        "Peak 5": 0.83132880212,
        "Peak 6": 0.8092619395299998,
        "Peak 7": 0.7571846795099999,
        "Peak 8": 0.7637492471399999,