{
  "overall_statistics": {
    "mean": [
      0.9543237131400001,
      0.7082483696699999,
      0.64578550751,
      0.6293214392800001,
      0.6504868400400001,
      0.6077844775399999,
      0.63706687808,
      0.60802895007,
      0.5618234646200001,
      0.55337668713,
      0.5556432908500001,
      0.5218616002600001,
      0.53108470142,
      0.59720116918,
      0.47470273309,
      0.45770058097000005,
      0.47530154648,
      0.5313211881800001,
      0.44565037195,
      0.4744175544200001,
      0.47226106849,
      0.40459500319,
      0.43175584163,
      0.44720257762999993,
      0.5145017105,
      0.39551526306000007,
      0.46444374029999996,
      0.4583941915699999,
      0.43059741733,
      0.50431279427,
      0.4150367105100001,
      0.4398545584
    ],
    "std": [
      0.03451033108952435,
      0.03334296500849492,
      0.04028965467766258,
      0.0513144900784877,
      0.005244005295152827,
      0.030449286550410938,
      0.023732692385216393,
      0.0066260420541636635,
      0.01890044176453383,
      0.012016378783046549,
      0.005573889741065663,
      0.013450475724505466,
      0.011995529186174522,
      0.01245024735412266,
      0.011492103441840816,
      0.0057808478544190784,
      0.009803555724908937,
      0.0054342145355157,
      0.008807768592868455,
      0.006522265713657277,
      0.00807390591312005,
      0.007416360745479619,
      0.008253551244467984,
      0.006363780903754175,
      0.004437789664910176,
      0.006247156491260817,
      0.0052007782667011365,
      0.0047379404002511494,
      0.0058628060596382005,
      0.004721021699193927,
      0.005227918983454846,
      0.005179116539718377
    ],
    "feature_names": [
      "train_Peak 1",
      "train_Peak 2",
      "train_Peak 3",
      "train_Peak 4",
      "train_Peak 5",
      "train_Peak 6",
      "train_Peak 7",
      "train_Peak 8",
      "train_Peak 9",
      "train_Peak 10",
      "train_Peak 11",
      "train_Peak 12",
      "train_Peak 13",
      "train_Peak 14",
      "train_Peak 15",
      "train_Peak 16",
      "train_Peak 17",
      "train_Peak 18",
      "train_Peak 19",
      "train_Peak 20",
      "train_Peak 21",
      "train_Peak 22",
      "train_Peak 23",
      "train_Peak 24",
      "train_Peak 25",
      "train_Peak 26",
      "train_Peak 27",
      "train_Peak 28",
      "train_Peak 29",
      "train_Peak 30",
      "train_Peak 31",
      "train_Peak 32"
    ],
    "target_class": 4,
    "excluded_chip": 5
  },
  "per_chip_statistics": [
    {
      "chip": 1,
      "features": {
        "train_Peak 1": 0.9543237131400001,
        "train_Peak 2": 0.7082483696699999,
        "train_Peak 3": 0.64578550751,
        "train_Peak 4": 0.6293214392800001,
        "train_Peak 5": 0.6504868400400001,
        "train_Peak 6": 0.6077844775399999,
        "train_Peak 7": 0.63706687808,
        "train_Peak 8": 0.60802895007,
        "train_Peak 9": 0.5618234646200001,
        "train_Peak 10": 0.55337668713,
        "train_Peak 11": 0.5556432908500001,
        "train_Peak 12": 0.5218616002600001,
        "train_Peak 13": 0.53108470142,
        "train_Peak 14": 0.59720116918,
        "train_Peak 15": 0.47470273309,
        "train_Peak 16": 0.45770058097000005,
        "train_Peak 17": 0.47530154648,
        "train_Peak 18": 0.5313211881800001,
        "train_Peak 19": 0.44565037195,
        "train_Peak 20": 0.4744175544200001,
        "train_Peak 21": 0.47226106849,
        "train_Peak 22": 0.40459500319,
        "train_Peak 23": 0.43175584163,
        "train_Peak 24": 0.44720257762999993,
        "train_Peak 25": 0.5145017105,
        "train_Peak 26": 0.39551526306000007,
        "train_Peak 27": 0.46444374029999996,
        "train_Peak 28": 0.4583941915699999,
        "train_Peak 29": 0.43059741733,
        "train_Peak 30": 0.50431279427,
        "train_Peak 31": 0.4150367105100001,
        "train_Peak 32": 0.4398545584
      },
      "std_values": {
        "train_Peak 1": 0.03451033108952435,
        "train_Peak 2": 0.03334296500849492,
        "train_Peak 3": 0.04028965467766258,
        "train_Peak 4": 0.0513144900784877,
        "train_Peak 5": 0.005244005295152827,
        "train_Peak 6": 0.030449286550410938,
        "train_Peak 7": 0.023732692385216393,
        "train_Peak 8": 0.0066260420541636635,
        "train_Peak 9": 0.01890044176453383,
        "train_Peak 10": 0.012016378783046549,
        "train_Peak 11": 0.005573889741065663,
        "train_Peak 12": 0.013450475724505466,
        "train_Peak 13": 0.011995529186174522,
        "train_Peak 14": 0.01245024735412266,
        "train_Peak 15": 0.011492103441840816,
        "train_Peak 16": 0.0057808478544190784,
        "train_Peak 17": 0.009803555724908937,
        "train_Peak 18": 0.0054342145355157,
        "train_Peak 19": 0.008807768592868455,
        "train_Peak 20": 0.006522265713657277,
        "train_Peak 21": 0.00807390591312005,
        "train_Peak 22": 0.007416360745479619,
        "train_Peak 23": 0.008253551244467984,
        "train_Peak 24": 0.006363780903754175,
        "train_Peak 25": 0.004437789664910176,
        "train_Peak 26": 0.006247156491260817,
        "train_Peak 27": 0.0052007782667011365,
        "train_Peak 28": 0.0047379404002511494,
        "train_Peak 29": 0.0058628060596382005,
        "train_Peak 30": 0.004721021699193927,
        "train_Peak 31": 0.005227918983454846,
        "train_Peak 32": 0.005179116539718377
      }
    }
  ],
  "metadata": {
    "creation_date": "2025-09-17T13:34:24.550952",
    "total_chips_processed": 1,
    "feature_count": 32
  }
}