{
  "train_loss": [
    0.7159307313919068,
    0.6459602032525199,
    0.623052352987017,
    0.6118373950140816,
    0.6015612226894924,
    0.595916986996787,
    0.589133276953016,
    0.5842866404124669,
    0.579305966758728,
    0.5787327458245414,
    0.5733320123672485,
    0.5672486818586077,
    0.5652685797691345,
    0.5676864451135908,
    0.5603451316288539,
    0.5603097685541425,
    0.5556977207320077,
    0.5596899632045201,
    0.5541920820236206,
    0.5524240390368871,
    0.5508056392533438,
    0.5496619590078081,
    0.5481530088015965,
    0.5472163798604692,
    0.5414338956696646,
    0.5415119527816773,
    0.540989002759116,
    0.5405582757472992,
    0.541254773071834,
    0.5337933925492423,
    0.5398681756155832,
    0.533719964000157,
    0.5344609629903521,
    0.5322060140609741,
    0.5344623038155693,
    0.5315374785695757,
    0.5350216624532427,
    0.5316281170300075,
    0.5317044469424657,
    0.5278595376832145,
    0.5283895367486137,
    0.5283144796575818,
    0.523711525440216,
    0.5260871737207685,
    0.5187359632492066,
    0.5231563735825675,
    0.5253760210445949,
    0.5216020841189793,
    0.523125484602792,
    0.5182657499994551,
    0.5249558238710675,
    0.5210320235524859,
    0.5228564535958427,
    0.5206055700915201,
    0.5165573120117187,
    0.5175961928776333,
    0.5182288148062569,
    0.5158607141835349,
    0.5143768835953304,
    0.5129152343681881,
    0.5123866467067174,
    0.5165457953929901,
    0.5132533578804561,
    0.5137052565983363,
    0.5137758152280535,
    0.5107651446751186,
    0.5108304646764483,
    0.5088270940780639,
    0.5107407607351031,
    0.5112602102143424,
    0.5081126079831805
  ],
  "val_loss": [
    0.42508694705963135,
    0.39876662521362305,
    0.3836252872467041,
    0.38071160502433776,
    0.38974399814605715,
    0.3824777795791626,
    0.3778572506904602,
    0.38655069003105164,
    0.3928518374443054,
    0.37942958726882936,
    0.3794645836830139,
    0.3819835082054138,
    0.37740730247497556,
    0.3642504592895508,
    0.36723357677459717,
    0.36696731576919556,
    0.371496834564209,
    0.38672484588623046,
    0.36372208409309387,
    0.369522034072876,
    0.36360557293891904,
    0.37735811548233034,
    0.37809285221099853,
    0.36162856035232543,
    0.3713339715003967,
    0.3662814947605133,
    0.3681570598602295,
    0.3617276900291443,
    0.366479385471344,
    0.36178590617179873,
    0.36174375829696653,
    0.3624989869117737,
    0.3691545932769775,
    0.3691903233528137,
    0.36122029142379763,
    0.37153904914855956,
    0.3608462571144104,
    0.3716231147766113,
    0.36086298966407776,
    0.3569910680770874,
    0.3595674884796143,
    0.3586084041595459,
    0.3622815490722656,
    0.35356148681640626,
    0.35500503215789797,
    0.3560072299003601,
    0.3666465202331543,
    0.3497138144493103,
    0.3656391166687012,
    0.3565235628128052,
    0.36123648777008055,
    0.3598334652900696,
    0.3626676646232605,
    0.3517126998901367,
    0.35127761402130125,
    0.3499978087425232,
    0.35738347773551943,
    0.35794157514572145,
    0.3496966247558594,
    0.3527933840751648,
    0.3619531002998352,
    0.3604545549869537,
    0.35407872524261474,
    0.35802289590835573,
    0.352204261302948,
    0.35774579792022704,
    0.35865485382080076,
    0.3546681435585022,
    0.35391961460113525,
    0.36131875619888304,
    0.3508621452331543
  ],
  "epochs": [
    0,
    1,
    2,
    3,
    4,
    5,
    6,
    7,
    8,
    9,
    10,
    11,
    12,
    13,
    14,
    15,
    16,
    17,
    18,
    19,
    20,
    21,
    22,
    23,
    24,
    25,
    26,
    27,
    28,
    29,
    30,
    31,
    32,
    33,
    34,
    35,
    36,
    37,
    38,
    39,
    40,
    41,
    42,
    43,
    44,
    45,
    46,
    47,
    48,
    49,
    50,
    51,
    52,
    53,
    54,
    55,
    56,
    57,
    58,
    59,
    60,
    61,
    62,
    63,
    64,
    65,
    66,
    67,
    68,
    69,
    70
  ]
}