{
    "dataset": "train",
    "accuracy": 0.8807428571428572,
    "macro_precision": 0.8794693451002122,
    "macro_recall": 0.880742857142857,
    "macro_f1": 0.8792273737527552,
    "weighted_precision": 0.8794693451002121,
    "weighted_recall": 0.8807428571428572,
    "weighted_f1": 0.8792273737527553,
    "per_class_metrics": {
        "class_0": {
            "precision": 0.842530212074344,
            "recall": 0.9182857142857143,
            "f1_score": 0.8787783504449943,
            "support": 35000
        },
        "class_1": {
            "precision": 0.7916074642417353,
            "recall": 0.7163142857142857,
            "f1_score": 0.7520811147275427,
            "support": 35000
        },
        "class_2": {
            "precision": 0.886453447050462,
            "recall": 0.8908857142857143,
            "f1_score": 0.8886640541503384,
            "support": 35000
        },
        "class_3": {
            "precision": 0.9972862570343074,
            "recall": 0.9974857142857143,
            "f1_score": 0.9973859756881455,
            "support": 35000
        }
    },
    "confusion_matrix": [
        [
            32140,
            2812,
            11,
            37
        ],
        [
            5965,
            25071,
            3951,
            13
        ],
        [
            12,
            3762,
            31181,
            45
        ],
        [
            30,
            26,
            32,
            34912
        ]
    ]
}