{
  "summary": {
    "norm_name": "robust_normalized",
    "num_chips_requested": 10,
    "num_chips_processed": 10,
    "num_chips_with_metrics": 10,
    "generated_at": "2025-11-17T21:57:57.609014"
  },
  "averages": {
    "train": {
      "accuracy": 0.9078714285714286,
      "accuracy_std": 0.012116938725669654,
      "precision": 0.9079220147839537,
      "precision_std": 0.012008237890205145,
      "recall": 0.9078714285714286,
      "recall_std": 0.012116938725669654,
      "f1": 0.907831521426681,
      "f1_std": 0.012037349202631543,
      "num_chips": 10
    },
    "val": {
      "accuracy": 0.8890804597701149,
      "accuracy_std": 0.011934745545642046,
      "precision": 0.8891966251198303,
      "precision_std": 0.01147645216857596,
      "recall": 0.8890804597701149,
      "recall_std": 0.011934745545642046,
      "f1": 0.8890810782063522,
      "f1_std": 0.011711389656507774,
      "num_chips": 10
    },
    "test": {
      "accuracy": 0.8928928928928928,
      "accuracy_std": 0.01234928569632924,
      "precision": 0.8928721987223126,
      "precision_std": 0.012098392912752824,
      "recall": 0.8928928928928928,
      "recall_std": 0.01234928569632924,
      "f1": 0.8927302507800257,
      "f1_std": 0.012197387784427085,
      "num_chips": 10
    }
  },
  "per_chip": {
    "1": {
      "train": {
        "accuracy": 0.9157142857142857,
        "precision": 0.9169792630796826,
        "recall": 0.9157142857142857,
        "f1": 0.916170588431814
      },
      "val": {
        "accuracy": 0.889055472263868,
        "precision": 0.8890623023024004,
        "recall": 0.889055472263868,
        "f1": 0.8890548903799987
      },
      "test": {
        "accuracy": 0.9024024024024024,
        "precision": 0.9034984806934111,
        "recall": 0.9024024024024024,
        "f1": 0.9028045645600621
      }
    },
    "2": {
      "train": {
        "accuracy": 0.8968571428571429,
        "precision": 0.8974379224710428,
        "recall": 0.8968571428571429,
        "f1": 0.8971012278683914
      },
      "val": {
        "accuracy": 0.876311844077961,
        "precision": 0.8775176136541774,
        "recall": 0.876311844077961,
        "f1": 0.8768253654788732
      },
      "test": {
        "accuracy": 0.8793793793793794,
        "precision": 0.8786167163555563,
        "recall": 0.8793793793793794,
        "f1": 0.8788322037680949
      }
    },
    "3": {
      "train": {
        "accuracy": 0.9225714285714286,
        "precision": 0.9222576123023273,
        "recall": 0.9225714285714286,
        "f1": 0.9223774830914823
      },
      "val": {
        "accuracy": 0.9102948525737131,
        "precision": 0.9103019876617261,
        "recall": 0.9102948525737131,
        "f1": 0.9102587392926574
      },
      "test": {
        "accuracy": 0.9079079079079079,
        "precision": 0.9076367903918997,
        "recall": 0.9079079079079079,
        "f1": 0.9076869881834255
      }
    },
    "4": {
      "train": {
        "accuracy": 0.9147142857142857,
        "precision": 0.9141750924408373,
        "recall": 0.9147142857142857,
        "f1": 0.9142597448841772
      },
      "val": {
        "accuracy": 0.8940529735132434,
        "precision": 0.8929148869103134,
        "recall": 0.8940529735132434,
        "f1": 0.8933073302933441
      },
      "test": {
        "accuracy": 0.8998998998998999,
        "precision": 0.8994096659381773,
        "recall": 0.8998998998998999,
        "f1": 0.8992389616825516
      }
    },
    "5": {
      "train": {
        "accuracy": 0.9070714285714285,
        "precision": 0.9065339729974979,
        "recall": 0.9070714285714285,
        "f1": 0.9067391627658717
      },
      "val": {
        "accuracy": 0.8878060969515242,
        "precision": 0.8874385875085921,
        "recall": 0.8878060969515242,
        "f1": 0.8876091694774743
      },
      "test": {
        "accuracy": 0.8963963963963963,
        "precision": 0.8952755476870573,
        "recall": 0.8963963963963963,
        "f1": 0.8956393982561368
      }
    },
    "6": {
      "train": {
        "accuracy": 0.9048571428571428,
        "precision": 0.9046392143679347,
        "recall": 0.9048571428571428,
        "f1": 0.9047365281689076
      },
      "val": {
        "accuracy": 0.8863068465767117,
        "precision": 0.886291551960145,
        "recall": 0.8863068465767117,
        "f1": 0.8862935043466454
      },
      "test": {
        "accuracy": 0.8833833833833834,
        "precision": 0.8830796020901636,
        "recall": 0.8833833833833834,
        "f1": 0.8831553168115089
      }
    },
    "7": {
      "train": {
        "accuracy": 0.9157857142857143,
        "precision": 0.9156863919074462,
        "recall": 0.9157857142857143,
        "f1": 0.9157343725913538
      },
      "val": {
        "accuracy": 0.8985507246376812,
        "precision": 0.8990457258050455,
        "recall": 0.8985507246376812,
        "f1": 0.8987203855313851
      },
      "test": {
        "accuracy": 0.8963963963963963,
        "precision": 0.8968676876076785,
        "recall": 0.8963963963963963,
        "f1": 0.8965593915311281
      }
    },
    "8": {
      "train": {
        "accuracy": 0.8777142857142857,
        "precision": 0.8781194211208382,
        "recall": 0.8777142857142857,
        "f1": 0.8779082926788375
      },
      "val": {
        "accuracy": 0.8640679660169915,
        "precision": 0.8655203862729081,
        "recall": 0.8640679660169915,
        "f1": 0.864688386385837
      },
      "test": {
        "accuracy": 0.8663663663663663,
        "precision": 0.867757562444232,
        "recall": 0.8663663663663663,
        "f1": 0.8669437606814736
      }
    },
    "9": {
      "train": {
        "accuracy": 0.9093571428571429,
        "precision": 0.90888906522106,
        "recall": 0.9093571428571429,
        "f1": 0.9090270394430834
      },
      "val": {
        "accuracy": 0.8968015992003998,
        "precision": 0.8962549492873948,
        "recall": 0.8968015992003998,
        "f1": 0.8964874994067916
      },
      "test": {
        "accuracy": 0.9054054054054054,
        "precision": 0.9046049678651168,
        "recall": 0.9054054054054054,
        "f1": 0.9048165724436981
      }
    },
    "10": {
      "train": {
        "accuracy": 0.9140714285714285,
        "precision": 0.9145021919308696,
        "recall": 0.9140714285714285,
        "f1": 0.9142607743428925
      },
      "val": {
        "accuracy": 0.8875562218890555,
        "precision": 0.8876182598355995,
        "recall": 0.8875562218890555,
        "f1": 0.8875655114705151
      },
      "test": {
        "accuracy": 0.8913913913913913,
        "precision": 0.891974966149834,
        "recall": 0.8913913913913913,
        "f1": 0.891625349882176
      }
    }
  }
}