{
  "summary": {
    "norm_name": "robust_normalized",
    "num_chips_requested": 10,
    "num_chips_processed": 10,
    "num_chips_with_metrics": 10,
    "generated_at": "2025-11-18T15:23:53.147194"
  },
  "averages": {
    "train": {
      "accuracy": 0.8957714285714286,
      "precision": 0.89453737061298,
      "recall": 0.8957714285714286,
      "f1": 0.8946286362552532,
      "num_chips": 10
    },
    "val": {
      "accuracy": 0.8793853073463268,
      "precision": 0.8778229157558467,
      "recall": 0.8793853073463268,
      "f1": 0.8778442666021273,
      "num_chips": 10
    },
    "test": {
      "accuracy": 0.8822322322322321,
      "precision": 0.8807179405697647,
      "recall": 0.8822322322322321,
      "f1": 0.8806203930437917,
      "num_chips": 10
    }
  },
  "per_chip": {
    "1": {
      "train": {
        "accuracy": 0.8877857142857143,
        "precision": 0.8864122355983549,
        "recall": 0.8877857142857143,
        "f1": 0.8864259039648604
      },
      "val": {
        "accuracy": 0.8738130934532734,
        "precision": 0.8719970965383775,
        "recall": 0.8738130934532734,
        "f1": 0.8718272850054762
      },
      "test": {
        "accuracy": 0.8778778778778779,
        "precision": 0.8761564417766357,
        "recall": 0.8778778778778779,
        "f1": 0.8759552975076521
      }
    },
    "2": {
      "train": {
        "accuracy": 0.8796428571428572,
        "precision": 0.8782049299090038,
        "recall": 0.8796428571428572,
        "f1": 0.8784910446296382
      },
      "val": {
        "accuracy": 0.8725637181409296,
        "precision": 0.8707930850666303,
        "recall": 0.8725637181409296,
        "f1": 0.8711945607819452
      },
      "test": {
        "accuracy": 0.8593593593593594,
        "precision": 0.8570134895812137,
        "recall": 0.8593593593593594,
        "f1": 0.8567562758000833
      }
    },
    "3": {
      "train": {
        "accuracy": 0.9200714285714285,
        "precision": 0.9194653295939667,
        "recall": 0.9200714285714285,
        "f1": 0.9195797752553296
      },
      "val": {
        "accuracy": 0.9015492253873063,
        "precision": 0.9004563216225396,
        "recall": 0.9015492253873063,
        "f1": 0.9002624985231127
      },
      "test": {
        "accuracy": 0.913913913913914,
        "precision": 0.9134996849245103,
        "recall": 0.913913913913914,
        "f1": 0.9133475845126608
      }
    },
    "4": {
      "train": {
        "accuracy": 0.913,
        "precision": 0.9122004323697193,
        "recall": 0.913,
        "f1": 0.9122721090534243
      },
      "val": {
        "accuracy": 0.8913043478260869,
        "precision": 0.89026331271751,
        "recall": 0.8913043478260869,
        "f1": 0.8905420289774504
      },
      "test": {
        "accuracy": 0.8848848848848849,
        "precision": 0.8837427666007539,
        "recall": 0.8848848848848849,
        "f1": 0.883977382211885
      }
    },
    "5": {
      "train": {
        "accuracy": 0.8852857142857142,
        "precision": 0.8837074281612144,
        "recall": 0.8852857142857142,
        "f1": 0.8836216002025106
      },
      "val": {
        "accuracy": 0.8668165917041479,
        "precision": 0.8646729594569278,
        "recall": 0.8668165917041479,
        "f1": 0.8637653879564648
      },
      "test": {
        "accuracy": 0.8698698698698699,
        "precision": 0.8676242928282325,
        "recall": 0.8698698698698699,
        "f1": 0.8666233856519424
      }
    },
    "6": {
      "train": {
        "accuracy": 0.9012857142857142,
        "precision": 0.9002886971641995,
        "recall": 0.9012857142857142,
        "f1": 0.9005006026828775
      },
      "val": {
        "accuracy": 0.8698150924537731,
        "precision": 0.8681600188536164,
        "recall": 0.8698150924537731,
        "f1": 0.8686343950785171
      },
      "test": {
        "accuracy": 0.8868868868868869,
        "precision": 0.8854207786542748,
        "recall": 0.8868868868868869,
        "f1": 0.8856151893451666
      }
    },
    "7": {
      "train": {
        "accuracy": 0.8995,
        "precision": 0.8984184470604794,
        "recall": 0.8995,
        "f1": 0.8985940551746522
      },
      "val": {
        "accuracy": 0.8905547226386806,
        "precision": 0.8901388551225552,
        "recall": 0.8905547226386806,
        "f1": 0.8903043955085139
      },
      "test": {
        "accuracy": 0.8798798798798799,
        "precision": 0.8788258100334876,
        "recall": 0.8798798798798799,
        "f1": 0.8792032139909758
      }
    },
    "8": {
      "train": {
        "accuracy": 0.872,
        "precision": 0.869836182633322,
        "recall": 0.872,
        "f1": 0.8698096810286783
      },
      "val": {
        "accuracy": 0.86031984007996,
        "precision": 0.85761670329992,
        "recall": 0.86031984007996,
        "f1": 0.8574530657574508
      },
      "test": {
        "accuracy": 0.8608608608608609,
        "precision": 0.8585964522577009,
        "recall": 0.8608608608608609,
        "f1": 0.858767776654506
      }
    },
    "9": {
      "train": {
        "accuracy": 0.8975714285714286,
        "precision": 0.8963692975343445,
        "recall": 0.8975714285714286,
        "f1": 0.896445749328447
      },
      "val": {
        "accuracy": 0.8773113443278361,
        "precision": 0.8753933907007311,
        "recall": 0.8773113443278361,
        "f1": 0.8754448098666885
      },
      "test": {
        "accuracy": 0.8963963963963963,
        "precision": 0.8951385611074831,
        "recall": 0.8963963963963963,
        "f1": 0.8945260852196903
      }
    },
    "10": {
      "train": {
        "accuracy": 0.9015714285714286,
        "precision": 0.9004707261051959,
        "recall": 0.9015714285714286,
        "f1": 0.9005458412321158
      },
      "val": {
        "accuracy": 0.8898050974512743,
        "precision": 0.8887374141796602,
        "recall": 0.8898050974512743,
        "f1": 0.8890142385656541
      },
      "test": {
        "accuracy": 0.8923923923923924,
        "precision": 0.8911611279333541,
        "recall": 0.8923923923923924,
        "f1": 0.8914317395433544
      }
    }
  }
}