{
  "train_loss": [
    0.8038299441337585,
    0.5122929329221899,
    0.43992639129812067,
    0.4150649921460585,
    0.39605831503868105,
    0.3759149052880027,
    0.35641711191697556,
    0.341985008391467,
    0.3377600366419012,
    0.33279301632534375,
    0.3275096752426841,
    0.32511791586875916,
    0.318591723929752,
    0.31042092442512514,
    0.3036361415277828,
    0.3040426557714289,
    0.3056868997487155,
    0.2983954104510221,
    0.3009862726384943,
    0.2965058015151457,
    0.26943795762278816,
    0.263728449290449,
    0.2590700639919801,
    0.2606551934372295,
    0.26034041020003235,
    0.26105434704910624,
    0.25936214436184274,
    0.25587585162032733,
    0.2600403571670706,
    0.25845728299834514,
    0.2552222777496685,
    0.2557236281308261,
    0.25573148158463566,
    0.255627213824879,
    0.2514447756788947,
    0.24806198288093914,
    0.24950091703371569,
    0.2520498508756811,
    0.24700656722892414,
    0.2443643878806721,
    0.24652172814715992,
    0.24607847441326489,
    0.24875669154253874,
    0.24499218518083746,
    0.24964188581163232,
    0.248333155837926,
    0.2451285877011039,
    0.24332162981683558,
    0.245664981007576,
    0.24432834495197642,
    0.24596578641371294,
    0.24763535532084377,
    0.24602126506241886,
    0.24712006530978464,
    0.24591403007507323,
    0.2454180438410152,
    0.2473868808963082,
    0.24870065396482294,
    0.2450272486968474,
    0.24682606106454677,
    0.2455814938653599,
    0.24530230543830178,
    0.2459031646901911,
    0.24654657488519496,
    0.24722987603057514,
    0.24696995507587086,
    0.2473825544118881,
    0.24669913161884655,
    0.24616797999902204,
    0.24409212144938383,
    0.25009395696900105,
    0.24849922196431593,
    0.2474646281112324,
    0.24592263319275595,
    0.24778025339950216
  ],
  "val_loss": [
    0.5998379103839397,
    0.5013752225786448,
    0.5157115217298269,
    0.40580928698182106,
    0.5018300861120224,
    0.35612581111490726,
    0.33055941574275494,
    0.39312917180359364,
    0.9652257449924946,
    0.39717822894454,
    0.402754845097661,
    0.4168051462620497,
    0.3257976174354553,
    0.30728897266089916,
    0.31544436141848564,
    0.3399143982678652,
    0.331673507578671,
    0.32217249646782875,
    0.3704020958393812,
    0.35107024013996124,
    0.2900367071852088,
    0.27574625238776207,
    0.2740183584392071,
    0.2734294654801488,
    0.2853440083563328,
    0.279544266872108,
    0.27333303540945053,
    0.27268517948687077,
    0.27779962960630655,
    0.31618879549205303,
    0.2752234237268567,
    0.27561471331864595,
    0.2816043086349964,
    0.31890966184437275,
    0.2682754257693887,
    0.2663624882698059,
    0.26602098904550076,
    0.2667790949344635,
    0.26627334114164114,
    0.2658412018790841,
    0.2660721791908145,
    0.26652688533067703,
    0.26667635701596737,
    0.2665668027475476,
    0.26604813896119595,
    0.26767883636057377,
    0.2660025507211685,
    0.26639682706445456,
    0.2655504569411278,
    0.26659686118364334,
    0.2679890478029847,
    0.26616925094276667,
    0.26600255724042654,
    0.2658940302208066,
    0.266066275537014,
    0.26621314231306314,
    0.2659130645915866,
    0.2660336568951607,
    0.26579521130770445,
    0.26549841184169054,
    0.26590235345065594,
    0.26660354621708393,
    0.26705326046794653,
    0.2664124332368374,
    0.26578586641699076,
    0.26575459353625774,
    0.26589176431298256,
    0.2663115384057164,
    0.2657009642571211,
    0.26588921807706356,
    0.2661944208666682,
    0.2657260028645396,
    0.26613115333020687,
    0.26581041142344475,
    0.2656450215727091
  ],
  "epochs": [
    0,
    1,
    2,
    3,
    4,
    5,
    6,
    7,
    8,
    9,
    10,
    11,
    12,
    13,
    14,
    15,
    16,
    17,
    18,
    19,
    20,
    21,
    22,
    23,
    24,
    25,
    26,
    27,
    28,
    29,
    30,
    31,
    32,
    33,
    34,
    35,
    36,
    37,
    38,
    39,
    40,
    41,
    42,
    43,
    44,
    45,
    46,
    47,
    48,
    49,
    50,
    51,
    52,
    53,
    54,
    55,
    56,
    57,
    58,
    59,
    60,
    61,
    62,
    63,
    64,
    65,
    66,
    67,
    68,
    69,
    70,
    71,
    72,
    73,
    74
  ]
}