{
  "train_loss": [
    0.863229880549691,
    0.6816675348715349,
    0.5219341050494801,
    0.4414372595873746,
    0.42605202414772725,
    0.4020237397063862,
    0.40431386720050466,
    0.380377089435404,
    0.35448265617544,
    0.3668920917944475,
    0.3674509752880443,
    0.34308259758082305,
    0.3438656292178414,
    0.33450870947404343,
    0.3625091704455289,
    0.33703427639874545,
    0.33727786432613027,
    0.33058142282746056,
    0.3234971209005876,
    0.3059142451394688,
    0.2937244193120436,
    0.2940517246723175,
    0.2891486306082119,
    0.2912708510052074,
    0.28877617879347367,
    0.28776112469759857,
    0.295821885900064,
    0.2889677489345724,
    0.2905036360025406,
    0.2876659932461652,
    0.2822983202609149,
    0.2827726743438027,
    0.2827206110412424,
    0.28418794789097523,
    0.2831089290705594,
    0.2803485325791619,
    0.2842550749128515,
    0.281526749513366,
    0.28271584727547383,
    0.28220732537182897,
    0.2823155611753464,
    0.2833309357816523,
    0.27875129038637336,
    0.283271155574105,
    0.2814134080301632,
    0.2839362924749201,
    0.2791021216999401,
    0.28352412445978686,
    0.2828817061402581,
    0.2839235148646615,
    0.28293722407384353,
    0.2803146470676769,
    0.2810115085406737,
    0.27830591824921697,
    0.27787676101381126,
    0.2807673671028831,
    0.28079567551612855,
    0.27902286892587486,
    0.278248192505403
  ],
  "val_loss": [
    0.7960373796522617,
    0.6891629844903946,
    0.6915671788156033,
    0.5484507754445076,
    0.6285543628036976,
    0.5181963555514812,
    0.42408005334436893,
    0.3780837655067444,
    0.6727795749902725,
    0.5482184030115604,
    0.3981188088655472,
    0.41016142442822456,
    0.36235959455370903,
    0.3888715021312237,
    0.5981427188962698,
    0.4546702764928341,
    0.6395348273217678,
    0.6196501888334751,
    1.1408464014530182,
    0.3234794922173023,
    0.319725239649415,
    0.3160575795918703,
    0.31381314247846603,
    0.3170763701200485,
    0.31809017807245255,
    0.32532551884651184,
    0.35764112137258053,
    0.34580822475254536,
    0.3166148317977786,
    0.31488298811018467,
    0.31226881593465805,
    0.3131020739674568,
    0.31207715906202793,
    0.31425297632813454,
    0.3144178632646799,
    0.3129680808633566,
    0.3118413342162967,
    0.31180695816874504,
    0.31157927867025137,
    0.3118632435798645,
    0.31284073553979397,
    0.31563411466777325,
    0.31243511009961367,
    0.3113833675161004,
    0.31335774809122086,
    0.3117019534111023,
    0.3131450917571783,
    0.31154616735875607,
    0.3150606546550989,
    0.3127095103263855,
    0.31204077787697315,
    0.3117589596658945,
    0.31222327426075935,
    0.3122112490236759,
    0.31154709961265326,
    0.31185839883983135,
    0.3116132849827409,
    0.31223398726433516,
    0.3114674650132656
  ],
  "epochs": [
    0,
    1,
    2,
    3,
    4,
    5,
    6,
    7,
    8,
    9,
    10,
    11,
    12,
    13,
    14,
    15,
    16,
    17,
    18,
    19,
    20,
    21,
    22,
    23,
    24,
    25,
    26,
    27,
    28,
    29,
    30,
    31,
    32,
    33,
    34,
    35,
    36,
    37,
    38,
    39,
    40,
    41,
    42,
    43,
    44,
    45,
    46,
    47,
    48,
    49,
    50,
    51,
    52,
    53,
    54,
    55,
    56,
    57,
    58
  ]
}