{
  "train_loss": [
    0.8896407268264077,
    0.6856366959485141,
    0.5085915337909351,
    0.44442686926234853,
    0.39417754899371754,
    0.3807497734373266,
    0.36948048905892805,
    0.34906348260966213,
    0.3541283748366616,
    0.3584346278147264,
    0.3378405061635104,
    0.33627573224631224,
    0.31879135885021903,
    0.29381175203756854,
    0.28997506716034627,
    0.29146386141126807,
    0.2915564407001842,
    0.2899174151095477,
    0.28915720500729303,
    0.28391091877763924,
    0.2842428334734657,
    0.28844589265910064,
    0.2822726385159926,
    0.2778058236295527,
    0.2819470784880898,
    0.2816087072545832,
    0.2825573669238524,
    0.2814210143956271,
    0.2763866457072171,
    0.27949227501045576,
    0.2781918067823757,
    0.2764864872802388,
    0.27649856941266493,
    0.2765329767357219,
    0.2763811382380399,
    0.2811357763680545,
    0.27601063712076707,
    0.27520622529766775,
    0.28321396031162954,
    0.27647502693262965,
    0.2760077089071274,
    0.279387844692577,
    0.2790542716329748,
    0.2782559411092238,
    0.2806361360983415,
    0.2771537710319866,
    0.2802012625065717,
    0.2741289285096255,
    0.2789353069933978,
    0.2770069964907386
  ],
  "val_loss": [
    0.8585896864533424,
    0.5566194579005241,
    1.0775285810232162,
    0.38558898866176605,
    1.2673347666859627,
    0.4119990337640047,
    0.3710279855877161,
    0.39740373380482197,
    0.38874816708266735,
    1.1223851181566715,
    0.37233731895685196,
    0.9490692354738712,
    0.37153035774827003,
    0.3250251244753599,
    0.3389760870486498,
    0.30964576825499535,
    0.3114215675741434,
    0.3995074424892664,
    0.3232041522860527,
    0.3230658285319805,
    0.31105518713593483,
    0.3663515541702509,
    0.3082450795918703,
    0.30731345899403095,
    0.307635311037302,
    0.30695209093391895,
    0.30779561772942543,
    0.30704514030367136,
    0.30743984691798687,
    0.30714711360633373,
    0.306934610940516,
    0.3069219598546624,
    0.30668638087809086,
    0.30705850198864937,
    0.30667211953550577,
    0.3071538945659995,
    0.3072465192526579,
    0.30675676465034485,
    0.3073746133595705,
    0.30757905915379524,
    0.3071690760552883,
    0.30701233074069023,
    0.3085138499736786,
    0.3068227060139179,
    0.30733799561858177,
    0.30843848176300526,
    0.30675373412668705,
    0.30681626312434673,
    0.30709959380328655,
    0.3076157905161381
  ],
  "epochs": [
    0,
    1,
    2,
    3,
    4,
    5,
    6,
    7,
    8,
    9,
    10,
    11,
    12,
    13,
    14,
    15,
    16,
    17,
    18,
    19,
    20,
    21,
    22,
    23,
    24,
    25,
    26,
    27,
    28,
    29,
    30,
    31,
    32,
    33,
    34,
    35,
    36,
    37,
    38,
    39,
    40,
    41,
    42,
    43,
    44,
    45,
    46,
    47,
    48,
    49
  ]
}