{
  "train_loss": [
    0.8880397081375122,
    0.7287014202638106,
    0.5888292675668543,
    0.5410712697289207,
    0.5127372958443381,
    0.47946627681905574,
    0.4558339942585338,
    0.4584066596898166,
    0.45862098065289586,
    0.45593698674982247,
    0.44599844867532906,
    0.44075851982290093,
    0.4280443093993447,
    0.41952788829803467,
    0.41545270843939347,
    0.415022270787846,
    0.4194268421693282,
    0.37944825941866095,
    0.37163276293061,
    0.36136723214929756,
    0.3622439276088368,
    0.35666219158606094,
    0.3582908511161804,
    0.354372947324406,
    0.36092196106910707,
    0.3569938746365634,
    0.36184890053488994,
    0.3581764746796001,
    0.3539672228423032,
    0.35491677522659304,
    0.3464869640090249,
    0.34872181144627656,
    0.34946383508768947,
    0.34807837984778667,
    0.34363814809105614,
    0.3493747201832858,
    0.34799916581674056,
    0.34032046849077396,
    0.3425184878436002,
    0.3449850629676472,
    0.3442234039306641,
    0.34507928544824773,
    0.34455873966217043,
    0.335692082751881,
    0.33648223064162514,
    0.33264963518489493,
    0.33238365216688676,
    0.334821553663774,
    0.3378470334139737,
    0.3365609868006273,
    0.32841969457539644,
    0.3347214167768305,
    0.3338411022316326,
    0.33275683522224425,
    0.33168559941378506,
    0.33200142600319604,
    0.3306869344277815,
    0.3322571039199829,
    0.33314392241564666,
    0.33210294625975867,
    0.33070005070079456,
    0.3324821710586548,
    0.3302486159584739,
    0.33111897734078494,
    0.32759571183811537,
    0.3303902869874781,
    0.33244312676516447,
    0.33432596705176615,
    0.3315219440243461,
    0.33273507681759923,
    0.3330932264978235,
    0.3282334105534987,
    0.3298133931376717,
    0.32855658422816886,
    0.33386736078695817,
    0.33230310651389033,
    0.3313951042565432,
    0.33268183198842133,
    0.33070223927497866,
    0.330343467539007,
    0.32983580177480526,
    0.3321365491910414,
    0.33232509277083655,
    0.33396589214151556,
    0.3286814364519986,
    0.3306774784218181,
    0.32904533554207194,
    0.32944947318597273,
    0.33469058762897147,
    0.329894083738327,
    0.3283755605871027,
    0.3306075004014102,
    0.3289677403189919
  ],
  "val_loss": [
    0.8026925139129162,
    0.7085043825209141,
    0.9240612015128136,
    0.8536289893090725,
    0.7599272429943085,
    0.6022238992154598,
    0.8479412086308002,
    0.45669141970574856,
    0.998456072062254,
    0.8944892585277557,
    0.3966542072594166,
    0.566522616893053,
    0.4733842220157385,
    0.4280450064688921,
    0.4109316039830446,
    0.671341810375452,
    0.45523094572126865,
    0.36881444603204727,
    0.3552430532872677,
    0.3557235337793827,
    0.3577202018350363,
    0.3473983444273472,
    0.4119653310626745,
    0.40933414176106453,
    0.3679311256855726,
    0.3410468865185976,
    0.3823825940489769,
    0.38183407112956047,
    0.35192076303064823,
    0.3419411666691303,
    0.34679408371448517,
    0.33749276772141457,
    0.39071821607649326,
    0.34353470616042614,
    0.34586566127836704,
    0.3550325632095337,
    0.33311366103589535,
    0.333440525457263,
    0.33382389694452286,
    0.3615409564226866,
    0.3391863238066435,
    0.33380526304244995,
    0.43651480972766876,
    0.32935503497719765,
    0.3286362886428833,
    0.32848131097853184,
    0.32799080573022366,
    0.32749126479029655,
    0.32948788814246655,
    0.3275835160166025,
    0.3271392062306404,
    0.32718756422400475,
    0.3280656561255455,
    0.32757885940372944,
    0.32970876805484295,
    0.32711449451744556,
    0.3310110103338957,
    0.32678153179585934,
    0.32661311887204647,
    0.327086228877306,
    0.3263021893799305,
    0.3267881292849779,
    0.3260598164051771,
    0.32678662426769733,
    0.32638756558299065,
    0.32665812969207764,
    0.3263296913355589,
    0.3264107033610344,
    0.32615888863801956,
    0.3284200932830572,
    0.327312046661973,
    0.3264884930104017,
    0.3268856219947338,
    0.32664617896080017,
    0.3261720333248377,
    0.326214250177145,
    0.3263850901275873,
    0.32597936131060123,
    0.32650922797620296,
    0.32689256221055984,
    0.3263737764209509,
    0.32683420553803444,
    0.32676083967089653,
    0.32615379616618156,
    0.3266254235059023,
    0.32701071724295616,
    0.32611330412328243,
    0.32677295058965683,
    0.3262458276003599,
    0.3267180286347866,
    0.32627095468342304,
    0.3265360854566097,
    0.3260522987693548
  ],
  "epochs": [
    0,
    1,
    2,
    3,
    4,
    5,
    6,
    7,
    8,
    9,
    10,
    11,
    12,
    13,
    14,
    15,
    16,
    17,
    18,
    19,
    20,
    21,
    22,
    23,
    24,
    25,
    26,
    27,
    28,
    29,
    30,
    31,
    32,
    33,
    34,
    35,
    36,
    37,
    38,
    39,
    40,
    41,
    42,
    43,
    44,
    45,
    46,
    47,
    48,
    49,
    50,
    51,
    52,
    53,
    54,
    55,
    56,
    57,
    58,
    59,
    60,
    61,
    62,
    63,
    64,
    65,
    66,
    67,
    68,
    69,
    70,
    71,
    72,
    73,
    74,
    75,
    76,
    77,
    78,
    79,
    80,
    81,
    82,
    83,
    84,
    85,
    86,
    87,
    88,
    89,
    90,
    91,
    92
  ]
}