{
  "train_loss": [
    0.8658700942993164,
    0.6460664597424594,
    0.5272324551235545,
    0.46870425018397244,
    0.43480995297431946,
    0.415848095850511,
    0.41790040352127766,
    0.40505768819288773,
    0.39384411519223994,
    0.3815785586833954,
    0.37600176713683386,
    0.37402192408388313,
    0.376271641254425,
    0.3816325458613309,
    0.3655672609806061,
    0.36885316209359603,
    0.3634412705898285,
    0.3656060587276112,
    0.3346606720577587,
    0.32949270822785115,
    0.3282888976010409,
    0.32771609750660985,
    0.3301697779785503,
    0.3258900311860171,
    0.32330168783664703,
    0.3196205659346147,
    0.3217952148480849,
    0.32299997969107197,
    0.3213341089812192,
    0.3191770315170288,
    0.32261830243197354,
    0.3193123763257807,
    0.3203902401707389,
    0.3209867054765875,
    0.3199935506690632,
    0.31971913847056305,
    0.32193506522612136,
    0.31902127861976626,
    0.3193502334031192,
    0.31984570730816236,
    0.3212671789256009,
    0.3165242075920105,
    0.3145945061336864,
    0.32036826989867473,
    0.3214242312041196,
    0.3220853198658336,
    0.3238216627727855,
    0.3172664710066535,
    0.32018525329503145,
    0.32099791385910725,
    0.31850474910302595,
    0.31872993870214983,
    0.31921630068258805,
    0.3193004575642672,
    0.3181996854868802,
    0.3182315772229975,
    0.3184746888550845,
    0.322772106257352,
    0.3169068778103048,
    0.3194770168174397,
    0.3194827800447291,
    0.3171274187889966,
    0.31767347021536396,
    0.3163501368327574,
    0.3150782828981226,
    0.3173552467064424,
    0.3171276561238549,
    0.31899167786945,
    0.316598639163104,
    0.3144245025786487,
    0.3185565712777051,
    0.31994368975812737,
    0.31660491011359476,
    0.319757323644378,
    0.31988983316854996,
    0.3204735956408761,
    0.31945926276120273,
    0.3167716752399098,
    0.3193700072440234,
    0.319331958619031,
    0.31931611082770606,
    0.3158011135729876
  ],
  "val_loss": [
    0.7798275426030159,
    0.6934599354863167,
    0.5179647821933031,
    0.5303956754505634,
    0.42603635787963867,
    0.477607075124979,
    1.5452442988753319,
    1.830415517091751,
    0.41904197819530964,
    0.8627741038799286,
    0.5752310790121555,
    0.40367562882602215,
    0.7823430225253105,
    0.5014338679611683,
    0.45916266553103924,
    0.4105472229421139,
    0.5582969225943089,
    0.7128299884498119,
    0.3620432000607252,
    0.36633120849728584,
    0.365187618881464,
    0.44277229718863964,
    0.41039993055164814,
    0.3763569686561823,
    0.3771032951772213,
    0.36093325540423393,
    0.35895650647580624,
    0.3587987497448921,
    0.36166463792324066,
    0.35980525612831116,
    0.3587456978857517,
    0.35981712862849236,
    0.35992793925106525,
    0.3595151510089636,
    0.35869282111525536,
    0.3591616116464138,
    0.35914822667837143,
    0.3582287859171629,
    0.36092745140194893,
    0.35889155976474285,
    0.35831264592707157,
    0.3586574662476778,
    0.3580662664026022,
    0.35884768329560757,
    0.35892076417803764,
    0.3578759115189314,
    0.36844636872410774,
    0.35878988169133663,
    0.3578462768346071,
    0.3593149371445179,
    0.3590151723474264,
    0.35879577696323395,
    0.35735623724758625,
    0.3576532956212759,
    0.35898539423942566,
    0.3588970936834812,
    0.3585943691432476,
    0.35819230042397976,
    0.358217092230916,
    0.3570356145501137,
    0.3583347015082836,
    0.35772573202848434,
    0.35814475268125534,
    0.35752387903630733,
    0.3575455751270056,
    0.35804218612611294,
    0.35699300467967987,
    0.35818052291870117,
    0.3583472669124603,
    0.3575813341885805,
    0.35854790918529034,
    0.35852148570120335,
    0.3620763309299946,
    0.3589604329317808,
    0.3577527068555355,
    0.35812462121248245,
    0.35825218446552753,
    0.3579987995326519,
    0.357751814648509,
    0.35812031477689743,
    0.35703993774950504,
    0.3570640031248331
  ],
  "epochs": [
    0,
    1,
    2,
    3,
    4,
    5,
    6,
    7,
    8,
    9,
    10,
    11,
    12,
    13,
    14,
    15,
    16,
    17,
    18,
    19,
    20,
    21,
    22,
    23,
    24,
    25,
    26,
    27,
    28,
    29,
    30,
    31,
    32,
    33,
    34,
    35,
    36,
    37,
    38,
    39,
    40,
    41,
    42,
    43,
    44,
    45,
    46,
    47,
    48,
    49,
    50,
    51,
    52,
    53,
    54,
    55,
    56,
    57,
    58,
    59,
    60,
    61,
    62,
    63,
    64,
    65,
    66,
    67,
    68,
    69,
    70,
    71,
    72,
    73,
    74,
    75,
    76,
    77,
    78,
    79,
    80,
    81
  ]
}