{
  "train_loss": [
    0.8826687639409846,
    0.7275011376901106,
    0.5711081905798479,
    0.48798092116009106,
    0.4446219552646984,
    0.41305215738036416,
    0.40639075961979954,
    0.3841358157721433,
    0.37929763793945315,
    0.3608301601626656,
    0.37185295549306,
    0.35422777479345147,
    0.34658641923557626,
    0.3452692747116089,
    0.34494315494190564,
    0.3315691108053381,
    0.3381980299949646,
    0.3438761461864818,
    0.3370670822533694,
    0.32399595325643366,
    0.3307052097537301,
    0.2993497358127074,
    0.29164747487414966,
    0.2870332839814099,
    0.2862953795628114,
    0.28439228534698485,
    0.28818595707416533,
    0.2881782447749918,
    0.29122356420213524,
    0.2811052143573761,
    0.2768341955813495,
    0.28048241436481475,
    0.2772910399870439,
    0.28252956081520425,
    0.27617674009366466,
    0.2759447617964311,
    0.2826617417010394,
    0.2780850117856806,
    0.28068824058229275,
    0.27642056698148904,
    0.2805071158842607,
    0.27787097015164114,
    0.28010396713560276,
    0.2786167624321851,
    0.2761425885287198,
    0.2764897116205909,
    0.2770149680701169,
    0.27946082272312855,
    0.2778504748236049,
    0.2782861666245894,
    0.27923940989104185,
    0.2764871819452806,
    0.27745585333217276,
    0.274586730111729,
    0.2779488929293372,
    0.2764718833294782,
    0.2761116016994823,
    0.27929274385625663,
    0.2795787375081669,
    0.27794780026782645,
    0.27478779825297267,
    0.2798450711098584
  ],
  "val_loss": [
    0.8008125200867653,
    0.8136397711932659,
    0.49406690523028374,
    0.5760506875813007,
    0.43994458578526974,
    0.5596545543521643,
    0.44333011470735073,
    0.3725313749164343,
    0.4695086069405079,
    0.8149399496614933,
    0.34422227554023266,
    1.0433227643370628,
    0.5297254715114832,
    0.9596983343362808,
    0.3411606550216675,
    0.9751195684075356,
    0.4536773059517145,
    0.4175438657402992,
    0.3464286644011736,
    0.381895462051034,
    0.671866524964571,
    0.3269543554633856,
    0.29811522644013166,
    0.29246745351701975,
    0.29267340525984764,
    0.29718363005667925,
    0.3360504265874624,
    0.3250384293496609,
    0.3318527042865753,
    0.30124535597860813,
    0.2871223362162709,
    0.28730580769479275,
    0.28818596061319113,
    0.28797900304198265,
    0.286844733171165,
    0.28728037793189287,
    0.28720320016145706,
    0.2892028708010912,
    0.28837186843156815,
    0.28737306129187346,
    0.2899786001071334,
    0.2867858847603202,
    0.2876074267551303,
    0.2865474298596382,
    0.28650718927383423,
    0.28693617414683104,
    0.2862470503896475,
    0.2891591126099229,
    0.28649803902953863,
    0.2863603252917528,
    0.28663630224764347,
    0.2863935586065054,
    0.2874180655926466,
    0.28821602929383516,
    0.28750214725732803,
    0.2869881633669138,
    0.2868408318608999,
    0.2869395986199379,
    0.2872580075636506,
    0.28751056734472513,
    0.28842197358608246,
    0.2874085186049342
  ],
  "epochs": [
    0,
    1,
    2,
    3,
    4,
    5,
    6,
    7,
    8,
    9,
    10,
    11,
    12,
    13,
    14,
    15,
    16,
    17,
    18,
    19,
    20,
    21,
    22,
    23,
    24,
    25,
    26,
    27,
    28,
    29,
    30,
    31,
    32,
    33,
    34,
    35,
    36,
    37,
    38,
    39,
    40,
    41,
    42,
    43,
    44,
    45,
    46,
    47,
    48,
    49,
    50,
    51,
    52,
    53,
    54,
    55,
    56,
    57,
    58,
    59,
    60,
    61
  ]
}