{
  "train_loss": [
    0.8524837190454656,
    0.5801687744530765,
    0.42609443989667023,
    0.3643177688121796,
    0.34120516072620044,
    0.33906451680443506,
    0.3257058089429682,
    0.30899067250165074,
    0.30949334610592233,
    0.3155982572924007,
    0.29368780770085073,
    0.26958037154241044,
    0.267547438361428,
    0.25407382331111217,
    0.25544966594739393,
    0.25861473002217034,
    0.2562244558876211,
    0.2549719363451004,
    0.2581614410335367,
    0.2543742716312408,
    0.25226787572557274,
    0.25498161153359844,
    0.25075743848627263,
    0.25390552282333373,
    0.250851676680825,
    0.24600837962193922,
    0.24796218248930843,
    0.2483919303525578,
    0.2458882922475988,
    0.2476911273869601,
    0.24440261613238942,
    0.25021073845299807,
    0.24803440950133585,
    0.24757300263101403,
    0.2432657916437496,
    0.24698021872477097,
    0.24838823052969847,
    0.24562805918130007,
    0.2461168481545015,
    0.24903265752575615,
    0.2460308253765106,
    0.24162886278195814,
    0.2442283887754787,
    0.2489457152106545,
    0.2478663141077215,
    0.24593850347128782,
    0.24593017426404087,
    0.24766452610492706,
    0.2429516927762465,
    0.24439748823642732
  ],
  "val_loss": [
    0.7307094819843769,
    0.5059234369546175,
    0.4483659863471985,
    1.7110263630747795,
    0.2977139316499233,
    0.5756841450929642,
    0.30203116312623024,
    0.661459356546402,
    0.39484172873198986,
    0.6868244260549545,
    0.32236120104789734,
    0.26603901851922274,
    0.261670483276248,
    0.25923523772507906,
    0.28451873920857906,
    0.27502666879445314,
    0.2621628437191248,
    0.29999945871531963,
    0.2586502870544791,
    0.26445575524121523,
    0.25974390376359224,
    0.2601362308487296,
    0.2982457783073187,
    0.2723312182351947,
    0.26282895635813475,
    0.25644861441105604,
    0.25504381489008665,
    0.2549787173047662,
    0.25648921728134155,
    0.2551852259784937,
    0.2553838761523366,
    0.25706284027546644,
    0.25600505992770195,
    0.2567157130688429,
    0.2548586381599307,
    0.2562111793085933,
    0.25554515700787306,
    0.2561702514067292,
    0.25574227422475815,
    0.25602836813777685,
    0.2554748021066189,
    0.2555792946368456,
    0.25557313207536936,
    0.25508905854076147,
    0.25539449509233236,
    0.2559824390336871,
    0.2556368624791503,
    0.25573626160621643,
    0.25549781881272793,
    0.2562358444556594
  ],
  "epochs": [
    0,
    1,
    2,
    3,
    4,
    5,
    6,
    7,
    8,
    9,
    10,
    11,
    12,
    13,
    14,
    15,
    16,
    17,
    18,
    19,
    20,
    21,
    22,
    23,
    24,
    25,
    26,
    27,
    28,
    29,
    30,
    31,
    32,
    33,
    34,
    35,
    36,
    37,
    38,
    39,
    40,
    41,
    42,
    43,
    44,
    45,
    46,
    47,
    48,
    49
  ]
}