{
  "train_loss": [
    0.884543624791232,
    0.6877295916730707,
    0.4809743588620966,
    0.4035303527658636,
    0.3971633829853751,
    0.369913372668353,
    0.3468437059359117,
    0.3428251884200356,
    0.33347884633324365,
    0.3448725787076083,
    0.32300828993320463,
    0.328591359203512,
    0.3224232153459029,
    0.3170250540429896,
    0.3174719450148669,
    0.3215137134898793,
    0.3130739060315219,
    0.31361347789114175,
    0.3108799928968603,
    0.27421734631061556,
    0.2747493399815126,
    0.27134578146717764,
    0.26898848902095446,
    0.2737535222010179,
    0.27092507508668034,
    0.2720229652794925,
    0.268355252255093,
    0.26811835088513114,
    0.26498992415991696,
    0.26706610078161414,
    0.2685355286706578,
    0.2655652672052383,
    0.26755512004548854,
    0.2693971726027402,
    0.2675726592540741,
    0.26325884325937793,
    0.2638524190946059,
    0.26756409785964275,
    0.26534112204204907,
    0.26286686577580193,
    0.261190647428686,
    0.26411038853905416,
    0.2595118463039398,
    0.257968654144894,
    0.25897863100875507,
    0.2573528758504174,
    0.26007134345444766,
    0.2592331572012468,
    0.259263908050277,
    0.2558848134495995,
    0.2588687620379708,
    0.25837308032946155,
    0.26021667231212964,
    0.2567131627689708,
    0.2574596884575757,
    0.25735706090927124,
    0.2573976197025993,
    0.25550705167380244,
    0.2553478969769044,
    0.2550964902747761,
    0.25642973292957655,
    0.25875764922662214,
    0.25565440356731417,
    0.2575238525867462,
    0.2577377723021941,
    0.2548521575602618,
    0.2592032687230544,
    0.2533820602026853,
    0.2566234388134696,
    0.25654273520816456,
    0.255027823285623,
    0.25634036497636276,
    0.25620335611430084,
    0.25507743304426017,
    0.25717510987411846,
    0.2562818410721692,
    0.2577218854969198,
    0.25740083212202247,
    0.25347357311032037,
    0.25586854923855173,
    0.2574060486121611,
    0.2595647405494343,
    0.25473404824733736,
    0.25522664135152645,
    0.25625193335793234,
    0.25836660916155035,
    0.2582877465269782,
    0.25406008064746854,
    0.2569437146186829,
    0.2567277263511311,
    0.2596003629944541,
    0.2543722185221585
  ],
  "val_loss": [
    0.8146576061844826,
    0.6041681878268719,
    0.4180364329367876,
    0.6852447912096977,
    0.369556101039052,
    1.0082954727113247,
    0.36745445989072323,
    0.8536830879747868,
    0.3806068282574415,
    0.35365220345556736,
    0.45732933282852173,
    0.7780310250818729,
    0.3312507402151823,
    0.4444830846041441,
    0.48445251025259495,
    0.7105169370770454,
    0.3758728578686714,
    0.7540906965732574,
    0.364852761849761,
    0.3046094533056021,
    0.3028079243376851,
    0.356837036088109,
    0.2995185498148203,
    0.31093838904052973,
    0.3112448360770941,
    0.30182984564453363,
    0.3490614462643862,
    0.2965003736317158,
    0.3122237240895629,
    0.29517556726932526,
    0.3030043663457036,
    0.30089065805077553,
    0.30355888418853283,
    0.3240300789475441,
    0.31311209872365,
    0.2938887905329466,
    0.36849719658493996,
    0.2997405892238021,
    0.34427107870578766,
    0.36315446346998215,
    0.34391489438712597,
    0.32672432344406843,
    0.2935732454061508,
    0.29248790442943573,
    0.29330106545239687,
    0.29255390353500843,
    0.2930634170770645,
    0.2923377361148596,
    0.2924546655267477,
    0.2928400980308652,
    0.2930915988981724,
    0.2932433458045125,
    0.2928454661741853,
    0.2950327591970563,
    0.29306975565850735,
    0.2919691242277622,
    0.2926445072516799,
    0.29203034937381744,
    0.29251965694129467,
    0.2921944875270128,
    0.29201323352754116,
    0.292001286521554,
    0.29203019943088293,
    0.2921499274671078,
    0.29195942636579275,
    0.2924349932000041,
    0.2924268003553152,
    0.29310961812734604,
    0.2924259314313531,
    0.29210333060473204,
    0.29227489605546,
    0.29207081627100706,
    0.29196138866245747,
    0.2922373153269291,
    0.29216320160776377,
    0.29258735198527575,
    0.2918668780475855,
    0.2923113713040948,
    0.2919483967125416,
    0.2923387950286269,
    0.2920380234718323,
    0.29230954498052597,
    0.2921349722892046,
    0.29238464683294296,
    0.2924982076510787,
    0.29247606359422207,
    0.2921014241874218,
    0.29249825794249773,
    0.2922377148643136,
    0.2920000869780779,
    0.291988936252892,
    0.2925907401368022
  ],
  "epochs": [
    0,
    1,
    2,
    3,
    4,
    5,
    6,
    7,
    8,
    9,
    10,
    11,
    12,
    13,
    14,
    15,
    16,
    17,
    18,
    19,
    20,
    21,
    22,
    23,
    24,
    25,
    26,
    27,
    28,
    29,
    30,
    31,
    32,
    33,
    34,
    35,
    36,
    37,
    38,
    39,
    40,
    41,
    42,
    43,
    44,
    45,
    46,
    47,
    48,
    49,
    50,
    51,
    52,
    53,
    54,
    55,
    56,
    57,
    58,
    59,
    60,
    61,
    62,
    63,
    64,
    65,
    66,
    67,
    68,
    69,
    70,
    71,
    72,
    73,
    74,
    75,
    76,
    77,
    78,
    79,
    80,
    81,
    82,
    83,
    84,
    85,
    86,
    87,
    88,
    89,
    90,
    91
  ]
}