{
  "train_loss": [
    0.8598532123999162,
    0.6799373485825279,
    0.5623439431190491,
    0.5200054038654675,
    0.46603401845151726,
    0.4255928597667,
    0.41303592703559183,
    0.39097772457382896,
    0.376922164180062,
    0.37438141270117326,
    0.36552016680890864,
    0.34792147820646113,
    0.35948167605833575,
    0.3432226901704615,
    0.34252221909436315,
    0.34319119453430175,
    0.3258225126699968,
    0.3004384295506911,
    0.294450490583073,
    0.29057394455779684,
    0.2938457841222936,
    0.29169537045738914,
    0.2863307411020452,
    0.2857300249013034,
    0.28677746951580046,
    0.2857921611179005,
    0.2905164496465163,
    0.28613906773653897,
    0.28804199424656957,
    0.2813481414859945,
    0.27859644402157174,
    0.2762510730461641,
    0.2825167401270433,
    0.27752389176325365,
    0.2779377804561095,
    0.27800148806788705,
    0.27703326425769115,
    0.2810967515815388,
    0.2769547145475041,
    0.2794288402253931,
    0.28028563315218147,
    0.27591144876046614,
    0.27785043147477234,
    0.27596099403771485,
    0.2767101696946404,
    0.2797648559917103,
    0.2753712862730026,
    0.27919442274353723,
    0.2776317677714608,
    0.27752213803204623,
    0.281138603253798,
    0.2765564680099487,
    0.27906691973859615,
    0.2789669868620959,
    0.27669341618364507,
    0.28033848242326215,
    0.27630311033942484,
    0.27829538014802063,
    0.27557186538522893,
    0.274973694302819,
    0.2782274666157636,
    0.27769369184970855,
    0.2806549841707403,
    0.27641445886005056,
    0.2798935659907081,
    0.2787006771022623,
    0.2767730894413861,
    0.27933694205500864,
    0.27598858882080424,
    0.2786546587944031,
    0.2775607477534901,
    0.2774567146192897,
    0.2778281005946073,
    0.2772308720783754,
    0.27796238714998417,
    0.2765561307018453,
    0.2766007415272973,
    0.27411491979252206,
    0.27984191883694043,
    0.2783700872551311,
    0.2742974300276149
  ],
  "val_loss": [
    0.7414223551750183,
    0.9472419694066048,
    0.5579734183847904,
    0.48566780239343643,
    0.7768793776631355,
    1.1604606658220291,
    0.6761511564254761,
    0.4009924568235874,
    0.5084194988012314,
    0.5539060980081558,
    0.35871382988989353,
    0.35907191410660744,
    0.5278147235512733,
    0.47396403178572655,
    0.7760677374899387,
    0.4925009235739708,
    0.7139337807893753,
    0.30422302428632975,
    0.32201014272868633,
    0.3437801003456116,
    0.3128307769075036,
    0.4475387390702963,
    0.2991256481036544,
    0.30949608888477087,
    0.3249068455770612,
    0.7321040965616703,
    0.40161025524139404,
    0.3170451233163476,
    0.3425478134304285,
    0.2921482976526022,
    0.29259002674371004,
    0.29238269105553627,
    0.29267117008566856,
    0.2920947512611747,
    0.2929863752797246,
    0.2924593100324273,
    0.29263647366315126,
    0.29246920719742775,
    0.2945146784186363,
    0.29495312739163637,
    0.29301903024315834,
    0.2916540093719959,
    0.2916504945605993,
    0.2917484864592552,
    0.2916910396888852,
    0.2916926881298423,
    0.29181017726659775,
    0.29179592058062553,
    0.2916874149814248,
    0.2917827032506466,
    0.29158594366163015,
    0.291769047267735,
    0.29187011905014515,
    0.2916830023750663,
    0.29257258400321007,
    0.29162552393972874,
    0.2918478846549988,
    0.2916378499940038,
    0.2920746197924018,
    0.29169630724936724,
    0.29183646477758884,
    0.2917545475065708,
    0.29184333328157663,
    0.29181940387934446,
    0.2921319520100951,
    0.29149945359677076,
    0.29165666177868843,
    0.29183767456561327,
    0.2916275914758444,
    0.29171753488481045,
    0.2917003044858575,
    0.29178864881396294,
    0.29168677888810635,
    0.2916172379627824,
    0.29186705499887466,
    0.2916950872167945,
    0.29174043238162994,
    0.29155521653592587,
    0.29176032170653343,
    0.2916017100214958,
    0.2918566204607487
  ],
  "epochs": [
    0,
    1,
    2,
    3,
    4,
    5,
    6,
    7,
    8,
    9,
    10,
    11,
    12,
    13,
    14,
    15,
    16,
    17,
    18,
    19,
    20,
    21,
    22,
    23,
    24,
    25,
    26,
    27,
    28,
    29,
    30,
    31,
    32,
    33,
    34,
    35,
    36,
    37,
    38,
    39,
    40,
    41,
    42,
    43,
    44,
    45,
    46,
    47,
    48,
    49,
    50,
    51,
    52,
    53,
    54,
    55,
    56,
    57,
    58,
    59,
    60,
    61,
    62,
    63,
    64,
    65,
    66,
    67,
    68,
    69,
    70,
    71,
    72,
    73,
    74,
    75,
    76,
    77,
    78,
    79,
    80
  ]
}