{
  "train_loss": [
    0.8163906682621349,
    0.5254463694312356,
    0.4333101061257449,
    0.38365259766578674,
    0.3581622242927551,
    0.35032503496516837,
    0.33599005124785686,
    0.3248675194653598,
    0.3225368450988423,
    0.32334102446382695,
    0.3014530133117329,
    0.3122096920555288,
    0.300440299781886,
    0.3062609764662656,
    0.29582432318817486,
    0.29555522501468656,
    0.284285111318935,
    0.26508059989322313,
    0.25930060121146115,
    0.2599569721655412,
    0.2544272620569576,
    0.2578432730653069,
    0.25366304435513237,
    0.2536498993635178,
    0.25069306005131115,
    0.25355206294493243,
    0.25237975283102554,
    0.2562849315730008,
    0.25885197737000204,
    0.252505146373402,
    0.2529417382045226,
    0.2485947384075685,
    0.2498714027079669,
    0.2551989828998392,
    0.24532259621403435,
    0.24758753668178213,
    0.24722039293159137,
    0.24793952324173668,
    0.2480902203104713,
    0.2450873618776148,
    0.2468901515007019,
    0.24473457444797864,
    0.246265493739735,
    0.24840286455371163,
    0.243307088450952,
    0.2469467341899872,
    0.24340771463784305,
    0.2440593654459173,
    0.24384242296218872,
    0.24349414028904653,
    0.2437060461802916,
    0.24431710947643626,
    0.24592121893709357,
    0.2464187809012153,
    0.24523787850683385
  ],
  "val_loss": [
    0.6824706569314003,
    0.4401760995388031,
    0.40003279596567154,
    0.38034456968307495,
    0.4069713093340397,
    0.38474766723811626,
    0.4354395121335983,
    0.6756099984049797,
    0.36444895528256893,
    0.35686651803553104,
    0.3165097199380398,
    0.39766175858676434,
    0.3287899289280176,
    0.5429235231131315,
    0.699812225997448,
    0.43712659925222397,
    0.32351616956293583,
    0.2796299997717142,
    0.2820635577663779,
    0.2813108889386058,
    0.2848587706685066,
    0.2757580652832985,
    0.28019735496491194,
    0.2782664317637682,
    0.2917487621307373,
    0.2808744227513671,
    0.28495238814502954,
    0.2743244906887412,
    0.2776269055902958,
    0.28292963467538357,
    0.2842714274302125,
    0.27633353043347597,
    0.27602787502110004,
    0.2760744299739599,
    0.2716260338202119,
    0.27118214685469866,
    0.270743178203702,
    0.27118660509586334,
    0.27109714411199093,
    0.2703866194933653,
    0.2709338730201125,
    0.2707194061949849,
    0.27175978384912014,
    0.27065668627619743,
    0.2710551116615534,
    0.27070386800915003,
    0.270513036288321,
    0.27127209305763245,
    0.2713181423023343,
    0.27095150016248226,
    0.2706200936809182,
    0.2711395174264908,
    0.2708196332678199,
    0.27126992121338844,
    0.27054254803806543
  ],
  "epochs": [
    0,
    1,
    2,
    3,
    4,
    5,
    6,
    7,
    8,
    9,
    10,
    11,
    12,
    13,
    14,
    15,
    16,
    17,
    18,
    19,
    20,
    21,
    22,
    23,
    24,
    25,
    26,
    27,
    28,
    29,
    30,
    31,
    32,
    33,
    34,
    35,
    36,
    37,
    38,
    39,
    40,
    41,
    42,
    43,
    44,
    45,
    46,
    47,
    48,
    49,
    50,
    51,
    52,
    53,
    54
  ]
}