{
  "train_loss": [
    0.31848356194116856,
    0.12921999287876215,
    0.10274525412781674,
    0.08697156448933212,
    0.0787771362811327,
    0.07213683510368521,
    0.0669551600211046,
    0.06467623466795142,
    0.06273810980333523,
    0.059180907190523366,
    0.05809761739251289,
    0.05561274739490314,
    0.054653300863098025,
    0.052239150252531875,
    0.05228116996416991,
    0.05157228558408944,
    0.05081246004524556,
    0.04882894413376397,
    0.04759005943990567,
    0.04622835093939846,
    0.04517915078692816,
    0.045696776785295115,
    0.04579390367323702,
    0.04406379323960705,
    0.042795602775771505,
    0.044742282488468024,
    0.04355856691910462,
    0.04379557554356077,
    0.04308740612966093,
    0.04202438760379498,
    0.042841773862865834,
    0.041841371108523824,
    0.0412794328362427,
    0.040680263066156346,
    0.040815917703915724,
    0.039962279410524805,
    0.04017017752948132,
    0.040439988820051606,
    0.039701575244014915,
    0.036810272313993087,
    0.0369945767623457,
    0.03794850781221282,
    0.03701698331670328,
    0.03666910046372901,
    0.037268625523217705,
    0.03665446814149618,
    0.03695622654970397,
    0.03698182329535485,
    0.03664476401257244,
    0.03769875265996565,
    0.035953735719350254,
    0.03631804836067287,
    0.036209454209628435,
    0.03613510177724741,
    0.035764282918111845,
    0.035516013279557224,
    0.03560683269900355,
    0.03607121824202213
  ],
  "val_loss": [
    0.11795302031096072,
    0.08163446707185358,
    0.069903180655092,
    0.06329484647721983,
    0.0562758760584984,
    0.05073672856669874,
    0.049714755004970364,
    0.050227500841720035,
    0.04899830525973812,
    0.048305297928163786,
    0.051556519686710094,
    0.043287390796467665,
    0.042177690722746776,
    0.04811009311815724,
    0.04358019459759817,
    0.05064578674500808,
    0.0509455437771976,
    0.051368743923376314,
    0.05015213435108308,
    0.0446754881326342,
    0.04132692632556428,
    0.045226671171258205,
    0.05354772320715711,
    0.054924387234495956,
    0.061885428702225916,
    0.045083052213885824,
    0.04534884247404989,
    0.0405272528034402,
    0.05333775880862959,
    0.049191979435272516,
    0.04947580820007716,
    0.04749243744590786,
    0.05276580992212985,
    0.04624788387736772,
    0.0458737905457383,
    0.04759648481267505,
    0.05292227460013237,
    0.04758650226285681,
    0.04953671168186702,
    0.04804806313477457,
    0.053521169422310784,
    0.04904719622863922,
    0.05176520181994419,
    0.052667781189666134,
    0.05040037159051281,
    0.05372851390275173,
    0.0515916303585982,
    0.05257542350445874,
    0.048352033880655655,
    0.052028644227539195,
    0.049398139381082735,
    0.05183173785917461,
    0.04857443504733965,
    0.05113528953515925,
    0.051064945702091795,
    0.05318430503248238,
    0.05517002792330459,
    0.05310998269706034
  ],
  "epochs": [
    0,
    1,
    2,
    3,
    4,
    5,
    6,
    7,
    8,
    9,
    10,
    11,
    12,
    13,
    14,
    15,
    16,
    17,
    18,
    19,
    20,
    21,
    22,
    23,
    24,
    25,
    26,
    27,
    28,
    29,
    30,
    31,
    32,
    33,
    34,
    35,
    36,
    37,
    38,
    39,
    40,
    41,
    42,
    43,
    44,
    45,
    46,
    47,
    48,
    49,
    50,
    51,
    52,
    53,
    54,
    55,
    56,
    57
  ]
}