{
  "train_loss": [
    0.3062028536606919,
    0.15022835265506396,
    0.1276777616414157,
    0.10870942001993006,
    0.09514556922018529,
    0.08755288074301047,
    0.08085983616384593,
    0.07574595606462523,
    0.072265093177557,
    0.07000675920735706,
    0.06676122926514258,
    0.06462579363787717,
    0.06287603796883064,
    0.06294967257163742,
    0.05956451323899356,
    0.057286333475600595,
    0.05920037998733196,
    0.05706844445995309,
    0.055989347946914764,
    0.05493927760049701,
    0.05493842792273923,
    0.05318909636613997,
    0.053912204124710775,
    0.0526889613931152,
    0.052942130741747945,
    0.051469663036140534,
    0.05113722872327675,
    0.05075437673282895,
    0.05053807765922763,
    0.05067348937588659,
    0.0487686933847991,
    0.04938413680277087,
    0.04838101676072587,
    0.04865074584937909,
    0.0483197092789818,
    0.047869585506956684,
    0.047420437034558165,
    0.04753965411504561,
    0.04682377128099854,
    0.04645950931039723,
    0.04733993558551778,
    0.04565488627688452,
    0.04680800408802249,
    0.04642877169292081,
    0.0453477028300139,
    0.04615593817931685,
    0.04459535533731634,
    0.04551539166745815,
    0.04461098443886096,
    0.043828899860382076,
    0.04407907262783159,
    0.043724747422066605,
    0.044047604589299724,
    0.04383497179062529,
    0.04377819766375152,
    0.04423878900706768,
    0.0437923906320198,
    0.043566190541129216,
    0.04422275831922889,
    0.04379539880054918,
    0.0430068775892935,
    0.04295524660328573,
    0.043384795275262816,
    0.04311667049303651,
    0.04316981012170965,
    0.042954331795600334,
    0.04236091918566011
  ],
  "val_loss": [
    0.13397060777060688,
    0.1154172029113397,
    0.10042283706134185,
    0.07844693548977376,
    0.07162688218522817,
    0.06465388822834939,
    0.05838939069071785,
    0.06066694764886052,
    0.05596364953089506,
    0.051891142054228116,
    0.048066844022832816,
    0.05573284357087687,
    0.047142169123981156,
    0.055550005979603155,
    0.05125545998453163,
    0.051090262434445324,
    0.04539614235982299,
    0.051795687782578176,
    0.04910805294639431,
    0.06360505998600274,
    0.04808751480304636,
    0.047866965888533744,
    0.04816312624025159,
    0.04598922489676625,
    0.044259911385597664,
    0.05209923352813349,
    0.055405155132757504,
    0.055368381366133694,
    0.048764502909034495,
    0.05157559519284405,
    0.05444741399842314,
    0.04503494664095342,
    0.047433652105974035,
    0.04492226709262468,
    0.042777168710017584,
    0.050855304975993935,
    0.040469783282605934,
    0.047337742033414544,
    0.04680752345593646,
    0.044234968820819634,
    0.046846228366484874,
    0.044157036079559474,
    0.047790064290165905,
    0.045736034464789556,
    0.046693727909587326,
    0.0467903528129682,
    0.04809161393204704,
    0.041956015082541855,
    0.04691459337482229,
    0.04971671320963651,
    0.041497183687170036,
    0.04483867238741368,
    0.04704503139364533,
    0.04828207865939476,
    0.0425456227036193,
    0.04502383924263995,
    0.04582885737763718,
    0.04492990262224339,
    0.048309536941815175,
    0.046409949660301215,
    0.04630645060387906,
    0.048224993847543376,
    0.045948463230160996,
    0.04570344157982618,
    0.04781357563915663,
    0.0485127026156988,
    0.04615989983431064
  ],
  "epochs": [
    0,
    1,
    2,
    3,
    4,
    5,
    6,
    7,
    8,
    9,
    10,
    11,
    12,
    13,
    14,
    15,
    16,
    17,
    18,
    19,
    20,
    21,
    22,
    23,
    24,
    25,
    26,
    27,
    28,
    29,
    30,
    31,
    32,
    33,
    34,
    35,
    36,
    37,
    38,
    39,
    40,
    41,
    42,
    43,
    44,
    45,
    46,
    47,
    48,
    49,
    50,
    51,
    52,
    53,
    54,
    55,
    56,
    57,
    58,
    59,
    60,
    61,
    62,
    63,
    64,
    65,
    66
  ]
}