{
  "train_loss": [
    0.33021639840169387,
    0.1645579666034742,
    0.13048076292330568,
    0.10813064074651761,
    0.0952392203360796,
    0.08519595054740256,
    0.07763881219381635,
    0.07352308612994173,
    0.0691911523247307,
    0.06685747752812776,
    0.06292722482234239,
    0.06156230631538413,
    0.059346706027334384,
    0.05758204490623692,
    0.055865318809043274,
    0.05536076059056955,
    0.05456485642966899,
    0.05305535423823378,
    0.05181754140691324,
    0.05208428470587188,
    0.050824221396310765,
    0.0499611258151179,
    0.04868746933103962,
    0.04830977238037369,
    0.04767814321782102,
    0.047827887403016744,
    0.04674466157332062,
    0.04660200971940702,
    0.04556967389346524,
    0.04609589630229907,
    0.04621293519538912,
    0.04505864136090333,
    0.04497834727845409,
    0.044774657057767564,
    0.04413509311323816,
    0.04461771378293633,
    0.043437656716189606,
    0.04329468082805926,
    0.043148016885600306,
    0.04317955098538236,
    0.04275980484587225,
    0.041767326359721746,
    0.043070121603933254,
    0.04150565126741474,
    0.04138506989418106,
    0.0414929385855794,
    0.041287057396363125,
    0.041642061238261786,
    0.041037524948743256,
    0.040422689940103076,
    0.040231441196731554,
    0.0401152660494501,
    0.04020252545956861,
    0.040105243291367186,
    0.04021446873687885,
    0.039487937126647346,
    0.03836124514652924,
    0.0386482942900197,
    0.03839899532327598,
    0.03808532548560337,
    0.0385131472620097,
    0.03825445855375041,
    0.038976608162576504,
    0.0382424771040678,
    0.03758522088724105,
    0.037077306172048505,
    0.038140942823480475,
    0.037933757530355994,
    0.03733978836712512,
    0.0384633740562607,
    0.03789205748757178,
    0.03708205900916999,
    0.03707394374534488,
    0.0372482040676881,
    0.036944839979775934,
    0.0370276527970352,
    0.037409123846075754,
    0.03655893689360131,
    0.03680251534520225,
    0.03698275546458635,
    0.03745410904288292,
    0.03615528863770041,
    0.036493311143395574,
    0.03745818272910335,
    0.03688450252298604,
    0.03674500504847278,
    0.036737487766553056,
    0.03663310001350262,
    0.037284510604698555,
    0.036782214626331224,
    0.03649104183370416
  ],
  "val_loss": [
    0.16562997130677104,
    0.11788465410936624,
    0.08539884234778583,
    0.0697905294247903,
    0.0628218512632884,
    0.05441858487320133,
    0.05158563571167178,
    0.049054078274639326,
    0.0479096754163038,
    0.0450191374111455,
    0.04534519491135143,
    0.04267806531861425,
    0.0420494218764361,
    0.04180565834394656,
    0.04208131456980482,
    0.040608620143029836,
    0.04148683804669418,
    0.03800910281133838,
    0.042932121962076054,
    0.03800811509136111,
    0.0387143312196713,
    0.036089529917808255,
    0.03816572282812558,
    0.039140393416164446,
    0.036486246576532724,
    0.0350159929599613,
    0.0369234274228802,
    0.03712089104519692,
    0.03941216433595401,
    0.038164670029073026,
    0.035557137979776596,
    0.03455148580833338,
    0.03689740204135887,
    0.03646350780909416,
    0.03271984538587276,
    0.03459964045323431,
    0.03476472851180006,
    0.03506397027813364,
    0.03427865532576107,
    0.03841392690083012,
    0.03402901248191484,
    0.032790423507685774,
    0.033993898573680785,
    0.03227561379608233,
    0.032556349885999224,
    0.03460788961383514,
    0.033751398153253835,
    0.03446953810343985,
    0.036125602151150814,
    0.0336580041795969,
    0.033646956286975185,
    0.03286577913968358,
    0.03516693724086508,
    0.03323941310227383,
    0.033065304695628586,
    0.03278059213189408,
    0.032796957579557785,
    0.0329358602873981,
    0.03205991757276934,
    0.032956286039552654,
    0.03104334598465357,
    0.0323304202844156,
    0.03156239478557837,
    0.032560965954326095,
    0.03282365431659855,
    0.032140304043423384,
    0.03298781291232444,
    0.033015774306841196,
    0.032575175681267866,
    0.03251223100232892,
    0.03326714772847481,
    0.032171596938860604,
    0.032097415468888356,
    0.03222060631378554,
    0.03157321789476555,
    0.032132257413468326,
    0.031936103620682846,
    0.03134805231238715,
    0.031675996593548916,
    0.03199659369711299,
    0.03203907491988503,
    0.03199646190041676,
    0.0323199434496928,
    0.03176271937554702,
    0.03216531584912445,
    0.031703012905200015,
    0.03169770134554711,
    0.03166269988578279,
    0.03191156425746158,
    0.03152576935535763,
    0.03182889106392395
  ],
  "epochs": [
    0,
    1,
    2,
    3,
    4,
    5,
    6,
    7,
    8,
    9,
    10,
    11,
    12,
    13,
    14,
    15,
    16,
    17,
    18,
    19,
    20,
    21,
    22,
    23,
    24,
    25,
    26,
    27,
    28,
    29,
    30,
    31,
    32,
    33,
    34,
    35,
    36,
    37,
    38,
    39,
    40,
    41,
    42,
    43,
    44,
    45,
    46,
    47,
    48,
    49,
    50,
    51,
    52,
    53,
    54,
    55,
    56,
    57,
    58,
    59,
    60,
    61,
    62,
    63,
    64,
    65,
    66,
    67,
    68,
    69,
    70,
    71,
    72,
    73,
    74,
    75,
    76,
    77,
    78,
    79,
    80,
    81,
    82,
    83,
    84,
    85,
    86,
    87,
    88,
    89,
    90
  ]
}