{
  "train_loss": [
    0.31417415437373253,
    0.15833144148642367,
    0.1324493423442949,
    0.11170913357626308,
    0.09749155593189326,
    0.0892416264116764,
    0.08488585322756659,
    0.08001677794212644,
    0.07546662558547476,
    0.07374912731010805,
    0.07173383587463336,
    0.0697643349624493,
    0.06799112021923065,
    0.06656473206186837,
    0.0657559207962318,
    0.06368114114823667,
    0.06237854671749202,
    0.06182576547292146,
    0.06024750038304112,
    0.05988019003448161,
    0.05897294180975719,
    0.058934552107344974,
    0.0579332416572354,
    0.056814362989230593,
    0.05622922729023479,
    0.05554865293712779,
    0.05617678198794073,
    0.05513730621642687,
    0.05430903585627675,
    0.054331479238515556,
    0.054685107075016615,
    0.05326332079415971,
    0.05346496315842325,
    0.0532472175359726,
    0.052386696513064886,
    0.05211511705578728,
    0.05219726566394621,
    0.052576278332959525,
    0.051705617286603556,
    0.05085495039312678,
    0.05149827174503695,
    0.05082001729106361,
    0.050231510410931976,
    0.05037554571913048,
    0.04994153565303846,
    0.049445134248923175,
    0.04957228061827747,
    0.0496571515923874,
    0.04972617077217861,
    0.0496180494400588,
    0.049997719538144095,
    0.049449583469805394,
    0.0489962126805701,
    0.048788129181008444,
    0.04890842617912726,
    0.048574000424282116,
    0.047462620262733915,
    0.04814375054429878,
    0.04676444616846063,
    0.046583382465283985,
    0.04580736312507229,
    0.04614552243528042,
    0.045387101762674076,
    0.045644352204081695,
    0.04692536127838222,
    0.045513755611398005,
    0.04553508899597959,
    0.04586153332313353,
    0.04662783727557822,
    0.045211992829360746,
    0.04470774065364491,
    0.04503286832604896,
    0.045666402971202676,
    0.0458827094107189,
    0.0453713757544756,
    0.04440196233378216,
    0.044987533214417376
  ],
  "val_loss": [
    0.15615663132630292,
    0.1155866957269609,
    0.09809332713484764,
    0.07785816804971546,
    0.06829610841814429,
    0.06425099805928768,
    0.058901960030198104,
    0.05967349876882509,
    0.059562158415792515,
    0.058625546953408054,
    0.056400253926403826,
    0.05222692026873119,
    0.04984897104441188,
    0.049911881954176354,
    0.05888779077795334,
    0.0530746123928111,
    0.0582108173170127,
    0.05041376660228707,
    0.05600773874903098,
    0.05029395321616903,
    0.049280262528918685,
    0.05376495986129158,
    0.04832793461391703,
    0.04889977453276516,
    0.04576875771745108,
    0.04734590324223973,
    0.04951379018020816,
    0.04663768582395278,
    0.05205644715460949,
    0.04661874145967886,
    0.046184064843691884,
    0.04868246859987267,
    0.0453174143913202,
    0.04491492761881091,
    0.04714161143056118,
    0.05223427609307692,
    0.04834851354244166,
    0.04240779949468561,
    0.04895718702464365,
    0.04590602337266318,
    0.04166446977760643,
    0.04957893630489707,
    0.044466648480738516,
    0.048359497013734654,
    0.049439340873504996,
    0.041043186941533354,
    0.04085191343619954,
    0.04111156523867976,
    0.04666701523237862,
    0.04526252025680151,
    0.04160521483863704,
    0.04197288444265723,
    0.043383728974731646,
    0.04637133645883296,
    0.042907971932436346,
    0.04199672965623904,
    0.04504764672892634,
    0.04449837591673714,
    0.042345910740550614,
    0.043153989521670155,
    0.04500647567037959,
    0.044416601990815256,
    0.04446912101411726,
    0.04352918710501399,
    0.04419137972290628,
    0.043489843016141096,
    0.043276943563250826,
    0.042194284504512326,
    0.04170363020093646,
    0.042707013702602124,
    0.04304865740705282,
    0.04394782092131209,
    0.04304381136025768,
    0.042859910576953555,
    0.044003474421333524,
    0.042169079888844864,
    0.0419175396906212
  ],
  "epochs": [
    0,
    1,
    2,
    3,
    4,
    5,
    6,
    7,
    8,
    9,
    10,
    11,
    12,
    13,
    14,
    15,
    16,
    17,
    18,
    19,
    20,
    21,
    22,
    23,
    24,
    25,
    26,
    27,
    28,
    29,
    30,
    31,
    32,
    33,
    34,
    35,
    36,
    37,
    38,
    39,
    40,
    41,
    42,
    43,
    44,
    45,
    46,
    47,
    48,
    49,
    50,
    51,
    52,
    53,
    54,
    55,
    56,
    57,
    58,
    59,
    60,
    61,
    62,
    63,
    64,
    65,
    66,
    67,
    68,
    69,
    70,
    71,
    72,
    73,
    74,
    75,
    76
  ]
}