{
  "train_loss": [
    0.27399215383963155,
    0.1388252769004215,
    0.11133855346928943,
    0.09380487422374162,
    0.08323667343705893,
    0.07767585448582064,
    0.07081525286151605,
    0.06824216340075841,
    0.06362232590602203,
    0.06091704742813653,
    0.05984502154656432,
    0.05638408995826137,
    0.05612798792733388,
    0.05388673572208394,
    0.053879497059705586,
    0.05133386763998053,
    0.05025388145819307,
    0.05012589959597046,
    0.048616898481480104,
    0.04867525491524827,
    0.0481441067531705,
    0.04702116332101551,
    0.04669353641908277,
    0.04636967477642678,
    0.04595691105350853,
    0.04537266242063858,
    0.045456328537653794,
    0.04342517098411918,
    0.0445186452889307,
    0.04382364381274039,
    0.04403498865494674,
    0.04226013150066137,
    0.042044000486758625,
    0.04092114393514666,
    0.04218453708189455,
    0.04113885602321137,
    0.04156661097637632,
    0.041046245944770895,
    0.040740277982232245,
    0.04066830180246722,
    0.04103025111793117,
    0.040657322012226695,
    0.041594073650511834,
    0.04062540171498602,
    0.04068474275483326,
    0.040889051661572674,
    0.04005686138671908,
    0.040017268777909606,
    0.040285088487646795,
    0.04038695190271194,
    0.0397162078558044,
    0.03987059621140361,
    0.03982424625788223,
    0.0405217336456884,
    0.039073849552395665,
    0.04011682508174669,
    0.03972772824831985,
    0.03949821487915787,
    0.03978912972929803,
    0.04094811132516374,
    0.03799061627211896,
    0.038675183164463806,
    0.03863226353444836,
    0.039188004330816595,
    0.037645607534796004,
    0.03803441718220711,
    0.03823939596218141,
    0.03912337639284405,
    0.038762059591033245,
    0.03849566763266921,
    0.03888795031742616,
    0.03804778083650903,
    0.03840233600444415,
    0.0384814855676483,
    0.038940476937727495,
    0.03821206869049506,
    0.037798474947498606,
    0.037848977278918026,
    0.03908510090105913
  ],
  "val_loss": [
    0.12739523816853762,
    0.10099687814945356,
    0.0739083252265118,
    0.06875019834842533,
    0.05881549486657605,
    0.057219235040247445,
    0.05279717704397627,
    0.053133780712960293,
    0.051180352759547534,
    0.04650693509029225,
    0.047742449946235874,
    0.0472506802296266,
    0.04396002828143537,
    0.043588054436258974,
    0.0425368344236631,
    0.04534816322848201,
    0.04606512809405104,
    0.06840349554549903,
    0.04536007400020026,
    0.04155554325552657,
    0.04752567515533883,
    0.047138144518248735,
    0.04525397218530998,
    0.04263413110747934,
    0.04961276984540746,
    0.041906771092908454,
    0.04726191169174854,
    0.044121247480507005,
    0.04648246828583069,
    0.052207734872354195,
    0.04341435030801222,
    0.04343173421220854,
    0.04409534744045232,
    0.04179743475106079,
    0.0442503639147617,
    0.046229203496477564,
    0.044660602742806074,
    0.04257019302458503,
    0.04283146297675558,
    0.04485505181364716,
    0.04054349532234482,
    0.04367620260454714,
    0.04500787954311818,
    0.04387631166609935,
    0.0519858958752593,
    0.04020808555651456,
    0.047444329707650466,
    0.041942126816138625,
    0.03917593413498253,
    0.044664956806809646,
    0.04165430523862597,
    0.047012887356686406,
    0.03982682380010374,
    0.044031502984580584,
    0.044065985322231424,
    0.04554102612601128,
    0.041416913334978746,
    0.04089704286889173,
    0.03966362537466921,
    0.04369867662899196,
    0.041234034768422134,
    0.042661789004341706,
    0.044027393360738645,
    0.04346586829051376,
    0.043928778101690116,
    0.04598262098443229,
    0.042571547144325456,
    0.04203947970236186,
    0.04288249958772212,
    0.043031929273274726,
    0.04186729695647955,
    0.042892418353585524,
    0.04530180579749868,
    0.04315168427710887,
    0.04437094078457449,
    0.04292394236836117,
    0.0438024859467987,
    0.04226577639637981,
    0.04353068025375251
  ],
  "epochs": [
    0,
    1,
    2,
    3,
    4,
    5,
    6,
    7,
    8,
    9,
    10,
    11,
    12,
    13,
    14,
    15,
    16,
    17,
    18,
    19,
    20,
    21,
    22,
    23,
    24,
    25,
    26,
    27,
    28,
    29,
    30,
    31,
    32,
    33,
    34,
    35,
    36,
    37,
    38,
    39,
    40,
    41,
    42,
    43,
    44,
    45,
    46,
    47,
    48,
    49,
    50,
    51,
    52,
    53,
    54,
    55,
    56,
    57,
    58,
    59,
    60,
    61,
    62,
    63,
    64,
    65,
    66,
    67,
    68,
    69,
    70,
    71,
    72,
    73,
    74,
    75,
    76,
    77,
    78
  ]
}