{
  "train_loss": [
    0.3014533501457084,
    0.15536354018883272,
    0.12497216597876765,
    0.10534311406314373,
    0.09417687848210335,
    0.0851906870644201,
    0.08115615192462099,
    0.0774357878450643,
    0.07312537654218348,
    0.07007701227272099,
    0.06741099984808402,
    0.06548475303094495,
    0.06310024578124285,
    0.06282584497197108,
    0.061395752016793606,
    0.05913859449665655,
    0.05922427887266333,
    0.05725725761191412,
    0.056831857226789004,
    0.056112888274206366,
    0.055225474035198036,
    0.05501046250320294,
    0.054335121641104864,
    0.053604981936514376,
    0.052389620185237046,
    0.05189801840450276,
    0.051777431890368465,
    0.050381432107903745,
    0.049816411330618635,
    0.05062592070211064,
    0.049044236347756606,
    0.05001805526289073,
    0.04922217916527932,
    0.04882975132289258,
    0.04933838490735401,
    0.04826381298967383,
    0.04844130857932297,
    0.047445027472620666,
    0.04827388664876873,
    0.047935825247656216,
    0.047596422305161305,
    0.047684998735785494,
    0.047699756368317386,
    0.046478961247273465,
    0.04629135490310463,
    0.04662327998741106,
    0.04664140119640665,
    0.045795770346779716,
    0.044925172709944575,
    0.0457811838879504,
    0.045745568233118816,
    0.0450457629155029,
    0.04523327244953676,
    0.044978607422248885,
    0.0451351873441176,
    0.04475396339696917,
    0.04494690433821895,
    0.0442177495800636,
    0.043833989279175346,
    0.04284931249239228,
    0.042458278115161445,
    0.042395419774746354,
    0.042601263724606146,
    0.042573184653777976,
    0.042899584890427916,
    0.042324099439111626,
    0.04267646818845109,
    0.04234006766568531,
    0.04163574969734658,
    0.04167406383563172,
    0.04184740034694021,
    0.04138478116386316,
    0.0417125869627026,
    0.04170920877971432,
    0.04138558329337023,
    0.04254215032200922,
    0.040891524505886165
  ],
  "val_loss": [
    0.1528442593291402,
    0.11354644920211285,
    0.08595327938674018,
    0.07202429416356608,
    0.06726453395094723,
    0.06362347048707306,
    0.06250628774869256,
    0.060850983590353284,
    0.057050378643907614,
    0.056307059526443486,
    0.05736505969543941,
    0.05520236882730388,
    0.05655720306676813,
    0.052519359724828976,
    0.050384958053473386,
    0.050463439442683014,
    0.05063644745969214,
    0.05146033592172899,
    0.04677733010612428,
    0.04883583307382651,
    0.05482483134837822,
    0.04431010861881078,
    0.04886711398721673,
    0.046780682471580806,
    0.05398435184033588,
    0.045520339260110634,
    0.05101813066285104,
    0.051211122603854166,
    0.04195123200188391,
    0.04649348898092285,
    0.05024864609586075,
    0.047741550602950156,
    0.04931176991667599,
    0.049781622533919295,
    0.04798887635697611,
    0.040228770521935076,
    0.045819720916915684,
    0.04614858161658049,
    0.04926005907473155,
    0.0470799912349321,
    0.04511686452315189,
    0.04556815769756213,
    0.051886596949771054,
    0.04280147348763421,
    0.044073238532291725,
    0.046575643372489144,
    0.03998976976727136,
    0.04472952198120766,
    0.046412549354135996,
    0.04679224853171036,
    0.04509602482430637,
    0.04092134571983479,
    0.04661693527596072,
    0.05262789481203072,
    0.04504471266409382,
    0.04402212183340453,
    0.04520387023221702,
    0.04640973883797415,
    0.04786633556359448,
    0.04333622134290636,
    0.042286143515957525,
    0.041257930226856844,
    0.043614532303763554,
    0.043308531341608614,
    0.04421603636001237,
    0.04269179115653969,
    0.04486350511433557,
    0.044344765116693455,
    0.045643805799772966,
    0.045270268799504264,
    0.04473996588494629,
    0.04414587264182047,
    0.04324399754405022,
    0.043648796423804016,
    0.043118841294199226,
    0.043030240508960566,
    0.04422662458964624
  ],
  "epochs": [
    0,
    1,
    2,
    3,
    4,
    5,
    6,
    7,
    8,
    9,
    10,
    11,
    12,
    13,
    14,
    15,
    16,
    17,
    18,
    19,
    20,
    21,
    22,
    23,
    24,
    25,
    26,
    27,
    28,
    29,
    30,
    31,
    32,
    33,
    34,
    35,
    36,
    37,
    38,
    39,
    40,
    41,
    42,
    43,
    44,
    45,
    46,
    47,
    48,
    49,
    50,
    51,
    52,
    53,
    54,
    55,
    56,
    57,
    58,
    59,
    60,
    61,
    62,
    63,
    64,
    65,
    66,
    67,
    68,
    69,
    70,
    71,
    72,
    73,
    74,
    75,
    76
  ]
}