{
  "train_loss": [
    0.4700442991473458,
    0.30414954721927645,
    0.3035952473228628,
    0.29370401880957864,
    0.29550277048891244,
    0.29467995817011056,
    0.2909022575074976,
    0.28949022889137266,
    0.29225629568099976,
    0.2897575332359834,
    0.2915962262587114,
    0.28776903504675083,
    0.2878229479898106,
    0.2828270438042554,
    0.2850419058041139,
    0.2880785974589261,
    0.287906924161044,
    0.2839065218513662,
    0.284780351953073,
    0.2879025318405845,
    0.28587549355897035,
    0.28374374237927524,
    0.2847318256443197,
    0.28705707571723243,
    0.28375851159745996,
    0.2809175122867931,
    0.27952534718946975,
    0.2790058187463067,
    0.2803142160177231,
    0.2797118568962271,
    0.280624401027506,
    0.28042020174590027,
    0.27663492939688944,
    0.27860564454035325,
    0.2794815269383517,
    0.27825751196254384,
    0.2794158623977141,
    0.28051662417975337,
    0.2779479454864155,
    0.27855895730582153,
    0.27929808009754525
  ],
  "val_loss": [
    0.35393769107759,
    0.3332193624228239,
    0.313300309702754,
    0.31862805783748627,
    0.3072341438382864,
    0.3007460404187441,
    0.30692458525300026,
    0.30980904400348663,
    0.30777131114155054,
    0.2993711121380329,
    0.30590072460472584,
    0.303731475956738,
    0.3057301752269268,
    0.29939297679811716,
    0.2958337999880314,
    0.32109143678098917,
    0.30011667031794786,
    0.2949597155675292,
    0.2962282169610262,
    0.3225214555859566,
    0.29743613488972187,
    0.3195653911679983,
    0.3043356742709875,
    0.3015612717717886,
    0.29659810848534107,
    0.2944460418075323,
    0.2964512314647436,
    0.2954692915081978,
    0.29452523589134216,
    0.295161715708673,
    0.29567858949303627,
    0.29458427615463734,
    0.29499913193285465,
    0.29481703508645296,
    0.2956861415877938,
    0.29550766944885254,
    0.29537463188171387,
    0.2951973918825388,
    0.29536249209195375,
    0.2954818941652775,
    0.29525857884436846
  ],
  "epochs": [
    0,
    1,
    2,
    3,
    4,
    5,
    6,
    7,
    8,
    9,
    10,
    11,
    12,
    13,
    14,
    15,
    16,
    17,
    18,
    19,
    20,
    21,
    22,
    23,
    24,
    25,
    26,
    27,
    28,
    29,
    30,
    31,
    32,
    33,
    34,
    35,
    36,
    37,
    38,
    39,
    40
  ]
}