{
  "train_loss": [
    0.4257166800173846,
    0.2747630084102804,
    0.26961723159659995,
    0.26285428486087103,
    0.2653714020143856,
    0.26003046902743254,
    0.25635291798548265,
    0.25960140092806383,
    0.2604289642789147,
    0.26119799370115454,
    0.25943824648857117,
    0.2541564903476021,
    0.2547434172847054,
    0.2536420654166828,
    0.25412763275883415,
    0.25450482043352995,
    0.2552547750147906,
    0.2538372581655329,
    0.25448076264424757,
    0.2526703457940708,
    0.25468834801153706,
    0.25429295084693215,
    0.2543284844268452,
    0.2534760754216801,
    0.2541691476648504,
    0.25555639483711934,
    0.25461496819149365,
    0.2554959822784771,
    0.2534002575007352,
    0.2548309534788132,
    0.2538745655254884,
    0.25421972410245375,
    0.2529652324589816,
    0.2538445480845191,
    0.25398639657280664,
    0.25339509546756744,
    0.25485020036047157,
    0.25468671294775874,
    0.2535637931390242,
    0.2543716335838491
  ],
  "val_loss": [
    0.2772517064586282,
    0.2832934521138668,
    0.2701591271907091,
    0.27332259994000196,
    0.26438009552657604,
    0.2683456065133214,
    0.268085059709847,
    0.2643769746646285,
    0.269743287935853,
    0.27075653057545424,
    0.26633958239108324,
    0.2637641606852412,
    0.26421944983303547,
    0.26372375898063183,
    0.2644024817273021,
    0.2635685447603464,
    0.26397827733308077,
    0.264391852542758,
    0.2636399008333683,
    0.2650673659518361,
    0.2640371769666672,
    0.26423773262649775,
    0.2638018811121583,
    0.2640514550730586,
    0.26345433201640844,
    0.26363467425107956,
    0.26370122469961643,
    0.2636736761778593,
    0.26359313912689686,
    0.26367728877812624,
    0.2636439884081483,
    0.2634842451661825,
    0.26372780092060566,
    0.26350865699350834,
    0.2637051874771714,
    0.2636699937283993,
    0.26369404327124357,
    0.263717794790864,
    0.26357601396739483,
    0.263540867716074
  ],
  "epochs": [
    0,
    1,
    2,
    3,
    4,
    5,
    6,
    7,
    8,
    9,
    10,
    11,
    12,
    13,
    14,
    15,
    16,
    17,
    18,
    19,
    20,
    21,
    22,
    23,
    24,
    25,
    26,
    27,
    28,
    29,
    30,
    31,
    32,
    33,
    34,
    35,
    36,
    37,
    38,
    39
  ]
}