{
  "train_loss": [
    0.4243452421643517,
    0.24408869228579783,
    0.23571846268393776,
    0.22978508418256585,
    0.23112859509207986,
    0.22792666446078907,
    0.2282473848624663,
    0.22371266673911702,
    0.22539643889123742,
    0.22805455435406077,
    0.22660519995472647,
    0.22646065327254208,
    0.22803589376536282,
    0.2236947709863836,
    0.22182500633326444,
    0.2215939922766252,
    0.2219589959491383,
    0.22148360203612935,
    0.22076280171220952,
    0.2203969492153688,
    0.22012470012361354,
    0.21962948522784492
  ],
  "val_loss": [
    0.26372049283236265,
    0.26764372922480106,
    0.2589303506538272,
    0.2893825974315405,
    0.31170691177248955,
    0.27035694662481546,
    0.2563533717766404,
    0.27337097376585007,
    0.26020088605582714,
    0.2671260153874755,
    0.26432782132178545,
    0.26848612911999226,
    0.2759392661973834,
    0.2578161247074604,
    0.258151289075613,
    0.25781639851629734,
    0.2581355981528759,
    0.25872579775750637,
    0.25771841034293175,
    0.2574362847954035,
    0.2571647884324193,
    0.2575191045179963
  ],
  "epochs": [
    0,
    1,
    2,
    3,
    4,
    5,
    6,
    7,
    8,
    9,
    10,
    11,
    12,
    13,
    14,
    15,
    16,
    17,
    18,
    19,
    20,
    21
  ]
}