{
  "train_loss": [
    0.4069545244628733,
    0.24411602914333344,
    0.2329153375192122,
    0.2309761881828308,
    0.2292186604304747,
    0.22725596807219767,
    0.2257843098857186,
    0.2236987812952562,
    0.22929402914914218,
    0.22532789002765308,
    0.22418909668922424,
    0.22353643774986268,
    0.22567985247481953,
    0.22366930463097312,
    0.22768176198005677,
    0.22158434689044954,
    0.22185818444598804,
    0.21963919238610702,
    0.2186439580538056,
    0.22073762606490743,
    0.21875956112688238,
    0.219877966967496,
    0.21929803030057388,
    0.22031853117726066
  ],
  "val_loss": [
    0.2643683198839426,
    0.24112169817090034,
    0.23613965045660734,
    0.2476600632071495,
    0.24103205930441618,
    0.24107386823743582,
    0.24252531677484512,
    0.2373316679149866,
    0.23405072558671236,
    0.23560065869241953,
    0.2474048500880599,
    0.239855176769197,
    0.23587327916175127,
    0.2395188668742776,
    0.2432136870920658,
    0.23537383787333965,
    0.23539895191788673,
    0.23723410069942474,
    0.235743491910398,
    0.2351593365892768,
    0.2356904335319996,
    0.23551856633275747,
    0.23551587481051683,
    0.23542512115091085
  ],
  "epochs": [
    0,
    1,
    2,
    3,
    4,
    5,
    6,
    7,
    8,
    9,
    10,
    11,
    12,
    13,
    14,
    15,
    16,
    17,
    18,
    19,
    20,
    21,
    22,
    23
  ]
}