{
  "train_loss": [
    0.405881620537151,
    0.2528522477908568,
    0.2426253007216887,
    0.24062913358211518,
    0.2326909590851177,
    0.23110015934163874,
    0.23294758742505853,
    0.2295120041478764,
    0.23497803563421424,
    0.22974703203548086,
    0.22686050832271576,
    0.22496201585639608,
    0.22551454143090682,
    0.2254454425790093,
    0.22469158199700442,
    0.22298148843375118,
    0.22418575313958256,
    0.22540224655108018,
    0.22389097620140422,
    0.22495923665436832,
    0.22306132993914865,
    0.22310746555978603,
    0.2221163340590217,
    0.22368026782165873,
    0.22273712998086756,
    0.2233499684117057,
    0.22326188493858684,
    0.22344996983354742,
    0.2229241135445508,
    0.2221501502123746,
    0.2211532262238589,
    0.2218894747170535,
    0.22249098907817494,
    0.22308488894592632,
    0.22296995358033614
  ],
  "val_loss": [
    0.25680386926978827,
    0.2586565315723419,
    0.24754444975405931,
    0.23503181338310242,
    0.23623332846909761,
    0.2532962393015623,
    0.2503568800166249,
    0.25731194764375687,
    0.2504960773512721,
    0.23737862892448902,
    0.2310203080996871,
    0.23081691283732653,
    0.23070162441581488,
    0.2308189431205392,
    0.2311485344544053,
    0.23150668013840914,
    0.23098960146307945,
    0.23165601771324873,
    0.23068176861852407,
    0.2302920939400792,
    0.2304223207756877,
    0.23065085709095,
    0.23044738452881575,
    0.2306601507589221,
    0.230450757779181,
    0.2304061884060502,
    0.23061268776655197,
    0.23055203538388014,
    0.23045781161636114,
    0.2303453776985407,
    0.2304133465513587,
    0.23049964010715485,
    0.23051377478986979,
    0.23059491626918316,
    0.2306354371830821
  ],
  "epochs": [
    0,
    1,
    2,
    3,
    4,
    5,
    6,
    7,
    8,
    9,
    10,
    11,
    12,
    13,
    14,
    15,
    16,
    17,
    18,
    19,
    20,
    21,
    22,
    23,
    24,
    25,
    26,
    27,
    28,
    29,
    30,
    31,
    32,
    33,
    34
  ]
}