{
  "train_loss": [
    0.3596426340666684,
    0.2050810311328281,
    0.19616405042735013,
    0.19199858565222133,
    0.19104141755537554,
    0.1925565861842849,
    0.1921047045425935,
    0.18936923918398943,
    0.1875816524028778,
    0.1891110360622406,
    0.18706524737856606,
    0.19001414315267043,
    0.1891292769800533,
    0.18552215722474186,
    0.1871128266507929,
    0.18715180998498743,
    0.18621417785232716,
    0.18853141624819147,
    0.18755217492580414,
    0.1844787521795793,
    0.18524630882523277,
    0.18384510034864598,
    0.18437168056314643,
    0.18229718045754867,
    0.18215638615868307,
    0.1816526849161495,
    0.18379984240640293,
    0.1832728318192742,
    0.18362757197835228,
    0.18261273367838426,
    0.18275632478974083,
    0.18264753263105046,
    0.1820211100307378,
    0.18369593850590965,
    0.182099364427003,
    0.18150021054527976,
    0.18389273475516926,
    0.18310082879933445,
    0.18300633186643775,
    0.18321501287547023,
    0.18470795520327307,
    0.18073400868610903,
    0.18220769627527758,
    0.18222281011668118,
    0.18113862777298148,
    0.18187409476800398,
    0.18082470351999455,
    0.18195089074698362,
    0.18121693242679943,
    0.1817870088598945,
    0.1822400667450645,
    0.18187355236573652
  ],
  "val_loss": [
    0.2443101480603218,
    0.2613845085725188,
    0.2379832724109292,
    0.2416670061647892,
    0.23671392165124416,
    0.238247855566442,
    0.2371891885995865,
    0.2453310266137123,
    0.23658268433064222,
    0.24789056461304426,
    0.2364006983116269,
    0.24043437093496323,
    0.23411479033529758,
    0.23544437065720558,
    0.23886627610772848,
    0.23953111842274666,
    0.23702890425920486,
    0.24672741629183292,
    0.24197411816567183,
    0.23348466400057077,
    0.2328232554718852,
    0.23482705652713776,
    0.2325076749548316,
    0.23225455358624458,
    0.23235798627138138,
    0.23429775517433882,
    0.2324580056592822,
    0.23183298390358686,
    0.23439350724220276,
    0.23227057605981827,
    0.2331202495843172,
    0.2321559600532055,
    0.23244819324463606,
    0.23158204089850187,
    0.2316567851230502,
    0.23280815221369267,
    0.23085455130785704,
    0.23252502363175154,
    0.2315078442916274,
    0.23227570950984955,
    0.2315397998318076,
    0.23240530490875244,
    0.2310390304774046,
    0.23170436918735504,
    0.23131533712148666,
    0.23155771382153034,
    0.23122579045593739,
    0.23171397112309933,
    0.23196279909461737,
    0.23158021364361048,
    0.23176318872720003,
    0.23159430921077728
  ],
  "epochs": [
    0,
    1,
    2,
    3,
    4,
    5,
    6,
    7,
    8,
    9,
    10,
    11,
    12,
    13,
    14,
    15,
    16,
    17,
    18,
    19,
    20,
    21,
    22,
    23,
    24,
    25,
    26,
    27,
    28,
    29,
    30,
    31,
    32,
    33,
    34,
    35,
    36,
    37,
    38,
    39,
    40,
    41,
    42,
    43,
    44,
    45,
    46,
    47,
    48,
    49,
    50,
    51
  ]
}