{
  "train_loss": [
    0.3922938341444189,
    0.24040044275197117,
    0.22940814630551773,
    0.2244843217459592,
    0.22308406017043375,
    0.22322715954347092,
    0.222275940396569,
    0.21870007948441939,
    0.21687266555699436,
    0.2160604653033343,
    0.21764912659471686,
    0.217224275523966,
    0.216558852520856,
    0.2156559865583073,
    0.2177955372767015,
    0.21388060477646914,
    0.21584438004276968,
    0.21358419440009377
  ],
  "val_loss": [
    0.2801693696528673,
    0.25971133448183537,
    0.2474886141717434,
    0.2525345841422677,
    0.26652269158512354,
    0.26189823169261217,
    0.24844631925225258,
    0.2582962969318032,
    0.25063752196729183,
    0.25096127949655056,
    0.24824486672878265,
    0.24978568777441978,
    0.2486605290323496,
    0.24764986708760262,
    0.2498470190912485,
    0.24896910693496466,
    0.24889088980853558,
    0.24900627974420786
  ],
  "epochs": [
    0,
    1,
    2,
    3,
    4,
    5,
    6,
    7,
    8,
    9,
    10,
    11,
    12,
    13,
    14,
    15,
    16,
    17
  ]
}