{
  "train_loss": [
    0.3971418570388447,
    0.2341173223473809,
    0.2269003236835653,
    0.22177252281795848,
    0.22038268311457201,
    0.22296893461184067,
    0.2199407474561171,
    0.21840829307382756,
    0.21848875934427434,
    0.2170969467271458,
    0.2194796700369228,
    0.21541559994220733,
    0.21423424292694437,
    0.21738465157422152,
    0.21896259784698485,
    0.21240044154904106,
    0.21024363230575216,
    0.21161833893169057,
    0.2097915224053643,
    0.21097456487742336,
    0.2127673168074001,
    0.21170105148445476,
    0.21322030208327553,
    0.21081142262978989,
    0.21037485599517822,
    0.21035820787603204,
    0.20990042930299585,
    0.21016620614311912,
    0.21157463937997817,
    0.20938293554566123,
    0.21109215264970607,
    0.20893643254583533,
    0.20998322665691377,
    0.2111754376779903,
    0.21016919125210154,
    0.21193913925777783,
    0.21000835651701147,
    0.20815293165770443,
    0.21154307587580248,
    0.21064768623222005,
    0.2119495605880564,
    0.20848041637377304,
    0.21086341305212541,
    0.20955401875756002,
    0.20817334990609776,
    0.20935071354562587
  ],
  "val_loss": [
    0.2767937518656254,
    0.252410757355392,
    0.275442136451602,
    0.2529336232692003,
    0.26129849441349506,
    0.26882191747426987,
    0.2561234561726451,
    0.25045105814933777,
    0.25017578806728125,
    0.25416389759629965,
    0.2998986430466175,
    0.2956761149689555,
    0.2511798422783613,
    0.2845306284725666,
    0.28655432164669037,
    0.24786699283868074,
    0.25105479545891285,
    0.24784839525818825,
    0.24871507659554482,
    0.25071398727595806,
    0.24911549873650074,
    0.24722348526120186,
    0.24784373864531517,
    0.25097096897661686,
    0.2471868423745036,
    0.24760034494102,
    0.2508949199691415,
    0.24622480478137732,
    0.24779481533914804,
    0.24739786330610514,
    0.24616431072354317,
    0.2466797986999154,
    0.24928864650428295,
    0.24662360362708569,
    0.2502198712900281,
    0.2488885587081313,
    0.24785262066870928,
    0.24755433946847916,
    0.24758293479681015,
    0.24793242290616035,
    0.24765681754797697,
    0.24738903436809778,
    0.2474818816408515,
    0.24756147805601358,
    0.24793898034840822,
    0.24768943805247545
  ],
  "epochs": [
    0,
    1,
    2,
    3,
    4,
    5,
    6,
    7,
    8,
    9,
    10,
    11,
    12,
    13,
    14,
    15,
    16,
    17,
    18,
    19,
    20,
    21,
    22,
    23,
    24,
    25,
    26,
    27,
    28,
    29,
    30,
    31,
    32,
    33,
    34,
    35,
    36,
    37,
    38,
    39,
    40,
    41,
    42,
    43,
    44,
    45
  ]
}