{
  "train_loss": [
    0.4379762839187275,
    0.2660232365131378,
    0.2585194457661022,
    0.25663991489193655,
    0.2554274615916339,
    0.2527883077209646,
    0.2554889892989939,
    0.2543935206803409,
    0.25743368538943207,
    0.2520733548836275,
    0.2503107802434401,
    0.25050497949123385,
    0.2503574249419299,
    0.24844297170639038,
    0.24981980648907748,
    0.251593998616392,
    0.2517618249763142,
    0.24881799004294655,
    0.24664920324629003,
    0.24500843611630527,
    0.24483712234280325,
    0.24469728415662592,
    0.24733607443896208,
    0.24556677070530977,
    0.2453540634025227,
    0.2445789944041859,
    0.2456161932511763,
    0.2459529540755532,
    0.24407167624343526,
    0.2437030632387508,
    0.24420527273958378,
    0.24409272128885443,
    0.2450318076393821,
    0.24411502345041794,
    0.243686552752148,
    0.24393317184664987,
    0.24434851624748924,
    0.24495403116399592,
    0.24454407827420668,
    0.24613289480859582
  ],
  "val_loss": [
    0.2984281238168478,
    0.29775192588567734,
    0.30045631527900696,
    0.297314265742898,
    0.29269719682633877,
    0.2987602408975363,
    0.29924573842436075,
    0.29808196891099215,
    0.28813551273196936,
    0.2939148172736168,
    0.2899639131501317,
    0.2870495431125164,
    0.2979347687214613,
    0.2877586707472801,
    0.30273754708468914,
    0.2964910650625825,
    0.3179788077250123,
    0.28987481351941824,
    0.2880658898502588,
    0.2878841878846288,
    0.28707008343189955,
    0.28950318694114685,
    0.2879651254042983,
    0.2871954767033458,
    0.2868471732363105,
    0.28776953648775816,
    0.2874290691688657,
    0.2874218514189124,
    0.28781916946172714,
    0.28778851591050625,
    0.28754874877631664,
    0.2876905919983983,
    0.2880098754540086,
    0.28786075860261917,
    0.2874922947958112,
    0.28777705878019333,
    0.2873673290014267,
    0.2877331022173166,
    0.28744190745055676,
    0.28806974925100803
  ],
  "epochs": [
    0,
    1,
    2,
    3,
    4,
    5,
    6,
    7,
    8,
    9,
    10,
    11,
    12,
    13,
    14,
    15,
    16,
    17,
    18,
    19,
    20,
    21,
    22,
    23,
    24,
    25,
    26,
    27,
    28,
    29,
    30,
    31,
    32,
    33,
    34,
    35,
    36,
    37,
    38,
    39
  ]
}