{
  "train_loss": [
    0.43117686726830223,
    0.24171593568541788,
    0.2297731884501197,
    0.2249802280556072,
    0.22598998140205037,
    0.22346597909927368,
    0.22373995970595967,
    0.22087639082561838,
    0.2211345212026076,
    0.22217350249940698,
    0.21918845501813022,
    0.2227546141906218,
    0.21813002066178755,
    0.2179293851960789,
    0.21750500446016138,
    0.21437283212488348,
    0.2135842661965977,
    0.21557819247245788,
    0.21559209308841012,
    0.21469493914734233,
    0.2137802462686192,
    0.2133134654977105,
    0.21295167234810916,
    0.21324531869454819,
    0.21140741543336347,
    0.21244457391175356,
    0.2130094208500602,
    0.21290176537903874,
    0.21372669691389257,
    0.21267876516688955
  ],
  "val_loss": [
    0.2879783110693097,
    0.266109824180603,
    0.2729699471965432,
    0.26978600956499577,
    0.2714841468259692,
    0.267497755587101,
    0.26177058927714825,
    0.254761409945786,
    0.2587443133816123,
    0.28730381093919277,
    0.2652004947885871,
    0.26749334018677473,
    0.30102970357984304,
    0.28195626102387905,
    0.25416784454137087,
    0.25712800957262516,
    0.25583587773144245,
    0.2555915480479598,
    0.25522284116595984,
    0.25599086843430996,
    0.2567936033010483,
    0.2566641913726926,
    0.2558501157909632,
    0.25509382877498865,
    0.2551266485825181,
    0.2551457416266203,
    0.25519864447414875,
    0.25500871799886227,
    0.25528155639767647,
    0.2558812629431486
  ],
  "epochs": [
    0,
    1,
    2,
    3,
    4,
    5,
    6,
    7,
    8,
    9,
    10,
    11,
    12,
    13,
    14,
    15,
    16,
    17,
    18,
    19,
    20,
    21,
    22,
    23,
    24,
    25,
    26,
    27,
    28,
    29
  ]
}