{
  "train_loss": [
    0.7109638596534729,
    0.6477492441041129,
    0.6198255685261318,
    0.6095464450563703,
    0.597606987285614,
    0.5908974333490644,
    0.5882678197179522,
    0.5839795683860779,
    0.5825903022221156,
    0.5762728862898691,
    0.5701986644063677,
    0.5690376359803336,
    0.5696372204099382,
    0.5688221611840384,
    0.5623244008609227,
    0.5584136351040432,
    0.5620896074431283,
    0.5563134366580418
  ],
  "val_loss": [
    0.398750243473053,
    0.38773371291160585,
    0.3869058216571808,
    0.3897060326099396,
    0.3832084095001221,
    0.37873825182914733,
    0.3884944148540497,
    0.3755405356884003,
    0.37838626642227174,
    0.3866872980117798,
    0.3769080157279968,
    0.37453532009124757,
    0.37651284060478213,
    0.3764549675941467,
    0.37434339089393615,
    0.3698838306427002,
    0.3632723916053772,
    0.37925264863967895
  ],
  "epochs": [
    0,
    1,
    2,
    3,
    4,
    5,
    6,
    7,
    8,
    9,
    10,
    11,
    12,
    13,
    14,
    15,
    16,
    17
  ]
}