{
    "dataset": "train",
    "accuracy": 0.8718357142857143,
    "macro_precision": 0.8697432696295896,
    "macro_recall": 0.8718357142857143,
    "macro_f1": 0.8698348341555802,
    "weighted_precision": 0.8697432696295896,
    "weighted_recall": 0.8718357142857143,
    "weighted_f1": 0.86983483415558,
    "per_class_metrics": {
        "class_0": {
            "precision": 0.8425428261272472,
            "recall": 0.9092,
            "f1_score": 0.8746031964160563,
            "support": 35000
        },
        "class_1": {
            "precision": 0.7780982597827132,
            "recall": 0.6936857142857142,
            "f1_score": 0.7334712928417141,
            "support": 35000
        },
        "class_2": {
            "precision": 0.8660044088511873,
            "recall": 0.8867142857142857,
            "f1_score": 0.8762369947908579,
            "support": 35000
        },
        "class_3": {
            "precision": 0.9923275837572106,
            "recall": 0.9977428571428572,
            "f1_score": 0.9950278525736918,
            "support": 35000
        }
    },
    "confusion_matrix": [
        [
            31822,
            3061,
            27,
            90
        ],
        [
            5888,
            24279,
            4748,
            85
        ],
        [
            21,
            3849,
            31035,
            95
        ],
        [
            38,
            14,
            27,
            34921
        ]
    ]
}