{
  "summary": {
    "norm_name": "robust_normalized",
    "num_chips_requested": 10,
    "num_chips_processed": 10,
    "num_chips_with_metrics": 10,
    "generated_at": "2025-10-22T12:20:27.845628"
  },
  "averages": {
    "train": {
      "accuracy": 0.8989857142857142,
      "precision": 0.8980872251674125,
      "recall": 0.8989857142857142,
      "f1": 0.8983273468815453,
      "num_chips": 10
    },
    "val": {
      "accuracy": 0.8883058470764617,
      "precision": 0.887230710468294,
      "recall": 0.8883058470764617,
      "f1": 0.8874880235337624,
      "num_chips": 10
    },
    "test": {
      "accuracy": 0.8871871871871873,
      "precision": 0.8863853916270653,
      "recall": 0.8871871871871873,
      "f1": 0.8864829412887193,
      "num_chips": 10
    }
  },
  "per_chip": {
    "1": {
      "train": {
        "accuracy": 0.919,
        "precision": 0.9188692677593839,
        "recall": 0.919,
        "f1": 0.9189296838922902
      },
      "val": {
        "accuracy": 0.912543728135932,
        "precision": 0.9124172706676327,
        "recall": 0.912543728135932,
        "f1": 0.9124776114082894
      },
      "test": {
        "accuracy": 0.9164164164164165,
        "precision": 0.9157792444163587,
        "recall": 0.9164164164164165,
        "f1": 0.9159437330673348
      }
    },
    "2": {
      "train": {
        "accuracy": 0.907,
        "precision": 0.9062373546533113,
        "recall": 0.907,
        "f1": 0.9064491936598892
      },
      "val": {
        "accuracy": 0.8935532233883059,
        "precision": 0.8924554937438267,
        "recall": 0.8935532233883059,
        "f1": 0.892685539473236
      },
      "test": {
        "accuracy": 0.8938938938938938,
        "precision": 0.8925962657448696,
        "recall": 0.8938938938938938,
        "f1": 0.8925219145429779
      }
    },
    "3": {
      "train": {
        "accuracy": 0.9335714285714286,
        "precision": 0.9333036095781881,
        "recall": 0.9335714285714286,
        "f1": 0.9334037515719792
      },
      "val": {
        "accuracy": 0.9230384807596201,
        "precision": 0.9224097004247683,
        "recall": 0.9230384807596201,
        "f1": 0.9223772401339976
      },
      "test": {
        "accuracy": 0.9219219219219219,
        "precision": 0.9225356200748713,
        "recall": 0.9219219219219219,
        "f1": 0.9221344166402329
      }
    },
    "4": {
      "train": {
        "accuracy": 0.9164285714285715,
        "precision": 0.9159175048801409,
        "recall": 0.9164285714285715,
        "f1": 0.9160821600392458
      },
      "val": {
        "accuracy": 0.9035482258870565,
        "precision": 0.9030020145790969,
        "recall": 0.9035482258870565,
        "f1": 0.9031756825309942
      },
      "test": {
        "accuracy": 0.8968968968968969,
        "precision": 0.8972064858901099,
        "recall": 0.8968968968968969,
        "f1": 0.8970404489493986
      }
    },
    "5": {
      "train": {
        "accuracy": 0.9141428571428571,
        "precision": 0.9137520601730128,
        "recall": 0.9141428571428571,
        "f1": 0.9138586930420964
      },
      "val": {
        "accuracy": 0.8985507246376812,
        "precision": 0.8979882914790621,
        "recall": 0.8985507246376812,
        "f1": 0.8980047414017941
      },
      "test": {
        "accuracy": 0.8958958958958959,
        "precision": 0.8953241577195146,
        "recall": 0.8958958958958959,
        "f1": 0.895257708258267
      }
    },
    "6": {
      "train": {
        "accuracy": 0.9039285714285714,
        "precision": 0.9032526451169232,
        "recall": 0.9039285714285714,
        "f1": 0.9034259163146029
      },
      "val": {
        "accuracy": 0.8860569715142429,
        "precision": 0.8854463985738442,
        "recall": 0.8860569715142429,
        "f1": 0.8856948270730377
      },
      "test": {
        "accuracy": 0.8988988988988988,
        "precision": 0.898100511733809,
        "recall": 0.8988988988988988,
        "f1": 0.8983570540340704
      }
    },
    "7": {
      "train": {
        "accuracy": 0.9100714285714285,
        "precision": 0.9095222961484385,
        "recall": 0.9100714285714285,
        "f1": 0.9097164883327997
      },
      "val": {
        "accuracy": 0.9097951024487756,
        "precision": 0.9093695117001377,
        "recall": 0.9097951024487756,
        "f1": 0.9095224853388956
      },
      "test": {
        "accuracy": 0.8878878878878879,
        "precision": 0.8885273203495809,
        "recall": 0.8878878878878879,
        "f1": 0.8881764216250845
      }
    },
    "8": {
      "train": {
        "accuracy": 0.8614285714285714,
        "precision": 0.8596089606299073,
        "recall": 0.8614285714285714,
        "f1": 0.8599689593641808
      },
      "val": {
        "accuracy": 0.8555722138930535,
        "precision": 0.8531652285896757,
        "recall": 0.8555722138930535,
        "f1": 0.8535772942463716
      },
      "test": {
        "accuracy": 0.8463463463463463,
        "precision": 0.8440702226992643,
        "recall": 0.8463463463463463,
        "f1": 0.8448111718363358
      }
    },
    "9": {
      "train": {
        "accuracy": 0.9180714285714285,
        "precision": 0.9175461329241695,
        "recall": 0.9180714285714285,
        "f1": 0.9177005665747753
      },
      "val": {
        "accuracy": 0.9022988505747126,
        "precision": 0.901273169831669,
        "recall": 0.9022988505747126,
        "f1": 0.9015484964675944
      },
      "test": {
        "accuracy": 0.9079079079079079,
        "precision": 0.9070492357057679,
        "recall": 0.9079079079079079,
        "f1": 0.9073562014833526
      }
    },
    "10": {
      "train": {
        "accuracy": 0.8062142857142857,
        "precision": 0.8028624198106497,
        "recall": 0.8062142857142857,
        "f1": 0.8037380560235937
      },
      "val": {
        "accuracy": 0.7981009495252374,
        "precision": 0.7947800250932275,
        "recall": 0.7981009495252374,
        "f1": 0.7958163172634141
      },
      "test": {
        "accuracy": 0.8058058058058059,
        "precision": 0.8026648519365065,
        "recall": 0.8058058058058059,
        "f1": 0.8032303424501381
      }
    }
  }
}