{
  "train_loss": [
    0.6536278447423662,
    0.5759427981512887,
    0.5467106958253043,
    0.5328098614965167,
    0.5251183739525931,
    0.5104406413350786,
    0.502736774621691,
    0.5010734765189034,
    0.4947959567342486,
    0.494019048840659,
    0.4862512896060944,
    0.4829062109129769,
    0.4780640429019928,
    0.47420290119307384,
    0.471018834059579,
    0.46953953732763015,
    0.46711511667796546,
    0.4618323189803532,
    0.4604736968449184,
    0.45367591475759234,
    0.454026679788317,
    0.4555799563680376,
    0.44911998732430597,
    0.4474655631882804,
    0.4494754295144762,
    0.4482428671496255,
    0.44488318239620755,
    0.44393563068253655,
    0.44385731322424754,
    0.4422264888082232,
    0.43725345376559666,
    0.4359878161566598,
    0.4365943518979209,
    0.4338014471735273,
    0.43455339212417604,
    0.43495153366497585,
    0.4312195808478764,
    0.42953727744647435,
    0.43093669791221617,
    0.4278506875038147,
    0.42684118439810614,
    0.42712738842282977,
    0.4284480240685599,
    0.4244131921700069,
    0.4284053874356406
  ],
  "val_loss": [
    0.37911605496406553,
    0.3680202525615692,
    0.35466086883544923,
    0.3612249779701233,
    0.34663018589019773,
    0.3282701316833496,
    0.332598298740387,
    0.3408523118019104,
    0.3299176064491272,
    0.3367980459690094,
    0.32832612652778626,
    0.3237258104801178,
    0.3192298149108887,
    0.3117148330688477,
    0.32900992493629455,
    0.32889016647338865,
    0.3105797831058502,
    0.3115805183887482,
    0.31495474305152893,
    0.3079861295223236,
    0.3194417004585266,
    0.30782144870758055,
    0.3095335313796997,
    0.3095002309799194,
    0.3041385644435883,
    0.3069563235759735,
    0.2978037134170532,
    0.30574715180397033,
    0.29795731840133666,
    0.29769966459274294,
    0.2913898560523987,
    0.30299856300354006,
    0.2959043820381165,
    0.2999043516635895,
    0.30248651695251466,
    0.2954491609573364,
    0.29186019973754884,
    0.297238853931427,
    0.2887883584499359,
    0.2945916916370392,
    0.29624027047157286,
    0.3044264859199524,
    0.3058029565811157,
    0.2937531187057495,
    0.2945404869556427
  ],
  "epochs": [
    0,
    1,
    2,
    3,
    4,
    5,
    6,
    7,
    8,
    9,
    10,
    11,
    12,
    13,
    14,
    15,
    16,
    17,
    18,
    19,
    20,
    21,
    22,
    23,
    24,
    25,
    26,
    27,
    28,
    29,
    30,
    31,
    32,
    33,
    34,
    35,
    36,
    37,
    38,
    39,
    40,
    41,
    42,
    43,
    44
  ]
}