{
    "dataset": "train",
    "accuracy": 0.9031714285714286,
    "macro_precision": 0.9024693122238967,
    "macro_recall": 0.9031714285714286,
    "macro_f1": 0.9027017132744571,
    "weighted_precision": 0.9024693122238967,
    "weighted_recall": 0.9031714285714286,
    "weighted_f1": 0.9027017132744571,
    "per_class_metrics": {
        "class_0": {
            "precision": 0.8895499152094744,
            "recall": 0.9142285714285714,
            "f1_score": 0.9017204210170351,
            "support": 35000
        },
        "class_1": {
            "precision": 0.8195441865986112,
            "recall": 0.7890571428571429,
            "f1_score": 0.8040117616233369,
            "support": 35000
        },
        "class_2": {
            "precision": 0.9028100390912697,
            "recall": 0.9106,
            "f1_score": 0.9066882876731814,
            "support": 35000
        },
        "class_3": {
            "precision": 0.9979731079962317,
            "recall": 0.9988,
            "f1_score": 0.998386382784275,
            "support": 35000
        }
    },
    "confusion_matrix": [
        [
            31998,
            2958,
            5,
            39
        ],
        [
            3960,
            27617,
            3406,
            17
        ],
        [
            1,
            3113,
            31871,
            15
        ],
        [
            12,
            10,
            20,
            34958
        ]
    ]
}