{
  "train_loss": [
    0.43489152897487987,
    0.26890019340948623,
    0.26154151829806244,
    0.2563614319671284,
    0.2543556373227726,
    0.2508708417415619,
    0.25030926330523057,
    0.24901501373811202,
    0.24929583424871618,
    0.25028553334149445,
    0.24989745210517536,
    0.24733672385865993,
    0.24680112383582375,
    0.24527389000762592,
    0.24681069092317062,
    0.24577495645393024,
    0.24541458352045578,
    0.24582116143269972,
    0.2434377667578784,
    0.2445488910783421,
    0.24495893852277237,
    0.24382649551738392,
    0.2439053855159066,
    0.24265897274017334,
    0.24258472160859543,
    0.24491674439473585,
    0.2444844132119959,
    0.2450537310405211,
    0.24390457760203968
  ],
  "val_loss": [
    0.31640184856951237,
    0.30438548047095537,
    0.3231312846764922,
    0.31128960009664297,
    0.3042100081220269,
    0.29587080143392086,
    0.31624714750796556,
    0.3024185923859477,
    0.30662812665104866,
    0.2978806896135211,
    0.29685345478355885,
    0.29842726327478886,
    0.2933533079922199,
    0.2925339676439762,
    0.29389423597604036,
    0.29472669027745724,
    0.29423997923731804,
    0.2944859014824033,
    0.29374631494283676,
    0.29473962262272835,
    0.29381290543824434,
    0.29412567149847746,
    0.293448768556118,
    0.2937217513099313,
    0.29366395622491837,
    0.2934155287221074,
    0.2935684397816658,
    0.29352046735584736,
    0.293386934325099
  ],
  "epochs": [
    0,
    1,
    2,
    3,
    4,
    5,
    6,
    7,
    8,
    9,
    10,
    11,
    12,
    13,
    14,
    15,
    16,
    17,
    18,
    19,
    20,
    21,
    22,
    23,
    24,
    25,
    26,
    27,
    28
  ]
}