{
  "train_loss": [
    0.4593965251337398,
    0.28518701629205184,
    0.279480164159428,
    0.27722869705070147,
    0.2768496201796965,
    0.27555505308237943,
    0.2742184403267774,
    0.2777302319353277,
    0.27344141954725437,
    0.271965860507705,
    0.2707390229810368,
    0.2705568419261412,
    0.270569061962041,
    0.266875512491573,
    0.2684386984868483,
    0.2665150832046162,
    0.2672596162015742,
    0.2655104940587824,
    0.2661518619819121,
    0.2667436028068716,
    0.2662687263705514,
    0.2656855285167694,
    0.2660406280647625,
    0.2672708186236295,
    0.2659438818693161,
    0.2681885475462133,
    0.2647257300940427,
    0.2674710588021712,
    0.26492470529946416,
    0.26460397893732246,
    0.2643571528521451,
    0.2662929984656247,
    0.26743245693770323,
    0.26495434533465995,
    0.2664211712100289,
    0.26391927952116184
  ],
  "val_loss": [
    0.3131466982886195,
    0.3069950882345438,
    0.303100717253983,
    0.30637530609965324,
    0.3108820877969265,
    0.31369706615805626,
    0.3019201112911105,
    0.31909635849297047,
    0.322518203407526,
    0.30953205190598965,
    0.305185885168612,
    0.30591421853750944,
    0.30302550084888935,
    0.29972639586776495,
    0.29815131425857544,
    0.30034686252474785,
    0.3004290023818612,
    0.30001431331038475,
    0.2996513359248638,
    0.3002127958461642,
    0.2974958950653672,
    0.2998827453702688,
    0.2983911093324423,
    0.29828484170138836,
    0.29933357890695333,
    0.2982968548312783,
    0.30065124947577715,
    0.2995310025289655,
    0.2993340967223048,
    0.2992511196061969,
    0.2992328004911542,
    0.2983907302841544,
    0.2987866457551718,
    0.29829489160329103,
    0.29899814166128635,
    0.2988851508125663
  ],
  "epochs": [
    0,
    1,
    2,
    3,
    4,
    5,
    6,
    7,
    8,
    9,
    10,
    11,
    12,
    13,
    14,
    15,
    16,
    17,
    18,
    19,
    20,
    21,
    22,
    23,
    24,
    25,
    26,
    27,
    28,
    29,
    30,
    31,
    32,
    33,
    34,
    35
  ]
}