{
  "train_loss": [
    0.41810446842150256,
    0.2626422873952172,
    0.25217957523736084,
    0.254641331596808,
    0.25121640129522843,
    0.2444295563481071,
    0.24294180788777092,
    0.24327453103932467,
    0.24552054892886768,
    0.24496256952936,
    0.23999882963570682,
    0.24163734425197947,
    0.23826143633235586,
    0.2357008297335018,
    0.2355054952881553,
    0.2358212408694354,
    0.23627159622582522,
    0.2358865889635953,
    0.23364266780289736,
    0.23279602446339348,
    0.2362180864269083,
    0.23228492032397877,
    0.2331203357739882,
    0.23529376035386865,
    0.2353966257788918,
    0.23332819207148117,
    0.23253256570209158,
    0.23481299091469157,
    0.23463523089885713,
    0.2317503035068512,
    0.23377720632336357,
    0.23203502134843307,
    0.23287315991791813,
    0.23454842973839152,
    0.235260225426067
  ],
  "val_loss": [
    0.28648825269192457,
    0.280297358520329,
    0.2917936546728015,
    0.28971743304282427,
    0.27745933551341295,
    0.2715392392128706,
    0.2842329917475581,
    0.28734119795262814,
    0.30405677761882544,
    0.3276775609701872,
    0.2731577502563596,
    0.2871181033551693,
    0.2693774541839957,
    0.27017443161457777,
    0.2686249166727066,
    0.2670158902183175,
    0.2663513347506523,
    0.2687743790447712,
    0.2664123196154833,
    0.2655397905036807,
    0.2705903332680464,
    0.26775612495839596,
    0.26747618149966,
    0.2675589695572853,
    0.2667273264378309,
    0.26687729358673096,
    0.26648861076682806,
    0.26638564094901085,
    0.2660090383142233,
    0.26599800307303667,
    0.2659547049552202,
    0.2666423376649618,
    0.26650513894855976,
    0.26628927141427994,
    0.2658435720950365
  ],
  "epochs": [
    0,
    1,
    2,
    3,
    4,
    5,
    6,
    7,
    8,
    9,
    10,
    11,
    12,
    13,
    14,
    15,
    16,
    17,
    18,
    19,
    20,
    21,
    22,
    23,
    24,
    25,
    26,
    27,
    28,
    29,
    30,
    31,
    32,
    33,
    34
  ]
}