{
  "train_loss": [
    0.4280737351287495,
    0.24875217188488352,
    0.24007749557495117,
    0.23422796834598889,
    0.23446752564473586,
    0.2294925938953053,
    0.23442279235883193,
    0.23050395900552922,
    0.22765488543293694,
    0.23048931441523812,
    0.2268396095796065,
    0.22510880394415422,
    0.2270545016635548,
    0.22503126683560284,
    0.22257688641548157,
    0.2234039157629013,
    0.22314169081774624,
    0.21843886321241204,
    0.21865651553327387,
    0.22004551697861063,
    0.2194640641862696,
    0.21984638544646176,
    0.21777939010750164,
    0.2180393855680119,
    0.2194351304661144,
    0.21870491856878455,
    0.21861907243728637,
    0.2178136034445329,
    0.21942509764974769,
    0.21756364594806324,
    0.2196384698152542,
    0.21814811798659237
  ],
  "val_loss": [
    0.3195359706878662,
    0.26763598900288343,
    0.27743073645979166,
    0.26810598094016314,
    0.2731379233300686,
    0.2836183235049248,
    0.27694754488766193,
    0.26610588654875755,
    0.28610927145928144,
    0.26116600167006254,
    0.26803747471421957,
    0.27487074956297874,
    0.26222413033246994,
    0.28025484923273325,
    0.2653105417266488,
    0.26240721344947815,
    0.26016905158758163,
    0.2611592635512352,
    0.26052907947450876,
    0.26121392101049423,
    0.26166885532438755,
    0.26227047108113766,
    0.26133955363184214,
    0.26106985192745924,
    0.2612826516851783,
    0.26149339880794287,
    0.261165420524776,
    0.2609213571995497,
    0.26128986943513155,
    0.2609493304044008,
    0.26101886853575706,
    0.2612126665189862
  ],
  "epochs": [
    0,
    1,
    2,
    3,
    4,
    5,
    6,
    7,
    8,
    9,
    10,
    11,
    12,
    13,
    14,
    15,
    16,
    17,
    18,
    19,
    20,
    21,
    22,
    23,
    24,
    25,
    26,
    27,
    28,
    29,
    30,
    31
  ]
}