{
  "train_loss": [
    0.39548605870116843,
    0.21724662618203597,
    0.209768131646243,
    0.20328902561556209,
    0.20092516920783304,
    0.19611127837137743,
    0.1986928327517076,
    0.19341856918551706,
    0.19795553332025353,
    0.1968242737379941,
    0.19215295301242308,
    0.19418971213427458,
    0.19392584426836534,
    0.19228082908825442,
    0.1888800329782746,
    0.18902145542881704,
    0.19099415215578947,
    0.18809044577858663,
    0.19022942280227487,
    0.18821006552739578,
    0.18808135092258454,
    0.18729865740646015,
    0.18929262323813004,
    0.18837454481558366,
    0.18747428195043045,
    0.19008133980360897,
    0.18872266926548698,
    0.18742230263623325,
    0.1899159535765648,
    0.18904793560504912
  ],
  "val_loss": [
    0.2270328551530838,
    0.22007599379867315,
    0.22312116995453835,
    0.21978999208658934,
    0.22840762045234442,
    0.24177287705242634,
    0.2156594879925251,
    0.22162830363959074,
    0.2261215876787901,
    0.22236629389226437,
    0.22373346611857414,
    0.21909844875335693,
    0.2226238907314837,
    0.21538429707288742,
    0.21431827265769243,
    0.21527713909745216,
    0.2143352935090661,
    0.21457906253635883,
    0.21466755587607622,
    0.21498925145715475,
    0.21496198233217,
    0.21489521767944098,
    0.2145940251648426,
    0.21460201870650053,
    0.21466935984790325,
    0.21470955200493336,
    0.21475807018578053,
    0.21470627561211586,
    0.21479074005037546,
    0.21477366890758276
  ],
  "epochs": [
    0,
    1,
    2,
    3,
    4,
    5,
    6,
    7,
    8,
    9,
    10,
    11,
    12,
    13,
    14,
    15,
    16,
    17,
    18,
    19,
    20,
    21,
    22,
    23,
    24,
    25,
    26,
    27,
    28,
    29
  ]
}