{
  "train_loss": [
    0.44231749935583636,
    0.2696780733086846,
    0.265058174458417,
    0.2586224008690227,
    0.2567234377969395,
    0.25536259114742277,
    0.2532850739630786,
    0.2515369417992505,
    0.2521919700232419,
    0.24866934039375999,
    0.2496894738890908,
    0.24790891110897065,
    0.2509046708995646,
    0.2528491510586305,
    0.24747781536795876,
    0.24762029403989966,
    0.24850627400658348,
    0.24358355755155736,
    0.24323924400589683,
    0.24509557404301383,
    0.24400660666552457,
    0.24308592487465253,
    0.24272903149778194,
    0.24487013491717252,
    0.24376647824590855,
    0.24300478588451038,
    0.24380515976385636,
    0.24414159493012863,
    0.24407620917667042,
    0.24305284023284912,
    0.24300057535821742,
    0.24198390624739907,
    0.24174764210527594,
    0.24122247099876404,
    0.24158885045485062,
    0.24302688213911924,
    0.2407043519345197,
    0.2419494081627239,
    0.24238293441859157,
    0.23964996175332504,
    0.24364912645383316,
    0.24301518364386124,
    0.24357387884096665
  ],
  "val_loss": [
    0.3005648907274008,
    0.30500773154199123,
    0.3026755666360259,
    0.29354181978851557,
    0.29432190023362637,
    0.2886057011783123,
    0.28903243131935596,
    0.29312739707529545,
    0.29511063545942307,
    0.2919611129909754,
    0.2857740456238389,
    0.2942853104323149,
    0.30935292690992355,
    0.31475501134991646,
    0.2979927184060216,
    0.293178241699934,
    0.2949042860418558,
    0.28655393328517675,
    0.2835050718858838,
    0.28495951276272535,
    0.2827775301411748,
    0.28343016374856234,
    0.28242106921970844,
    0.28391903452575207,
    0.2828947948291898,
    0.2819824870675802,
    0.28289806190878153,
    0.2813598336651921,
    0.284826235845685,
    0.2818582160398364,
    0.282644996419549,
    0.28530608490109444,
    0.2858100524172187,
    0.28360992297530174,
    0.2833288889378309,
    0.2839683797210455,
    0.2834594054147601,
    0.2831346467137337,
    0.2831743601709604,
    0.28287307266145945,
    0.28369010146707296,
    0.28293132316321135,
    0.28342005982995033
  ],
  "epochs": [
    0,
    1,
    2,
    3,
    4,
    5,
    6,
    7,
    8,
    9,
    10,
    11,
    12,
    13,
    14,
    15,
    16,
    17,
    18,
    19,
    20,
    21,
    22,
    23,
    24,
    25,
    26,
    27,
    28,
    29,
    30,
    31,
    32,
    33,
    34,
    35,
    36,
    37,
    38,
    39,
    40,
    41,
    42
  ]
}