{
  "train_loss": [
    0.4695457789030942,
    0.26766610497778115,
    0.2603307854045521,
    0.2534399834546176,
    0.24911151121963154,
    0.24897987354885448,
    0.24866199385036122,
    0.24906028373674913,
    0.24476225023919887,
    0.24667387089946052,
    0.2447230181910775,
    0.24230853806842456,
    0.24090169614011592,
    0.24223713116212325,
    0.24501757486300035,
    0.24140947434035215,
    0.24315422529524022,
    0.2416928600181233,
    0.24280818186023018,
    0.24110067893158305,
    0.24338960972699253,
    0.2407947383143685,
    0.24362399794838646,
    0.24065369990738955,
    0.23946217759089036,
    0.2414198187264529,
    0.24054972285574133,
    0.23722179369492966,
    0.23750461394136602,
    0.23584712852131237,
    0.2355984771793539,
    0.236487754908475,
    0.2339082828976891,
    0.23589283688501878,
    0.23516559492457997,
    0.23524073497815565
  ],
  "val_loss": [
    0.3002997860312462,
    0.34260247368365526,
    0.31734272092580795,
    0.30218099150806665,
    0.2992300484329462,
    0.2848683865740895,
    0.3065863214433193,
    0.2799484822899103,
    0.28914717957377434,
    0.2892470005899668,
    0.3553726151585579,
    0.3440288556739688,
    0.2772313905879855,
    0.2882316168397665,
    0.2800665898248553,
    0.27699475083500147,
    0.2878138069063425,
    0.2889887895435095,
    0.2839080998674035,
    0.29719563014805317,
    0.2723507843911648,
    0.2787987170740962,
    0.2780470922589302,
    0.28445871267467737,
    0.2842988269403577,
    0.2741282433271408,
    0.31107807345688343,
    0.2742451326921582,
    0.2736213142052293,
    0.2757843807339668,
    0.27383482176810503,
    0.2737548742443323,
    0.2738155769184232,
    0.2744040163233876,
    0.2740192785859108,
    0.27404213417321444
  ],
  "epochs": [
    0,
    1,
    2,
    3,
    4,
    5,
    6,
    7,
    8,
    9,
    10,
    11,
    12,
    13,
    14,
    15,
    16,
    17,
    18,
    19,
    20,
    21,
    22,
    23,
    24,
    25,
    26,
    27,
    28,
    29,
    30,
    31,
    32,
    33,
    34,
    35
  ]
}