{
  "train_loss": [
    0.4603951248255643,
    0.30085654881867496,
    0.2958549280058254,
    0.2905082434415817,
    0.28951177299022673,
    0.2867209366776726,
    0.2865512173284184,
    0.2844033262946389,
    0.28203798180276696,
    0.2832184764471921,
    0.2807344398715279,
    0.27922654856335033,
    0.2793531705032695,
    0.27960949025370857,
    0.2793558911843733,
    0.28095605942335994,
    0.2793712003664537,
    0.27991325394673783,
    0.2805714352564378,
    0.27744285301728683,
    0.2760961803522977,
    0.27267254834825344,
    0.27524603361433203,
    0.2755871810696342,
    0.2725050620057366,
    0.27504760406234047,
    0.27333263809030706,
    0.27445635280825875,
    0.2740234843709252,
    0.27432490993629804,
    0.27339182062582534,
    0.27225119308991863,
    0.2740018749778921,
    0.2729485988616943,
    0.27481293976306914,
    0.2722519866444848,
    0.2704922386191108,
    0.27440662031823937,
    0.27221880771897056,
    0.2723785245960409
  ],
  "val_loss": [
    0.3165438864380121,
    0.3266464155167341,
    0.33653001859784126,
    0.3199063614010811,
    0.3137225117534399,
    0.3844101317226887,
    0.316213171929121,
    0.3219751752912998,
    0.31109055038541555,
    0.31902058608829975,
    0.32770193554461,
    0.30924217496067286,
    0.3081942666321993,
    0.32269566506147385,
    0.31233866792172194,
    0.3145156567916274,
    0.3213750384747982,
    0.3104779105633497,
    0.34942261688411236,
    0.3083332907408476,
    0.30768235493451357,
    0.3081616461277008,
    0.30615563690662384,
    0.30750060360878706,
    0.3055286658927798,
    0.3070829827338457,
    0.3071967177093029,
    0.308101624250412,
    0.3067621812224388,
    0.3068167921155691,
    0.30743763223290443,
    0.306825352832675,
    0.30702175572514534,
    0.3069743365049362,
    0.3067530943080783,
    0.3068128051236272,
    0.3064324473962188,
    0.30626888386905193,
    0.3066788986325264,
    0.30658130440860987
  ],
  "epochs": [
    0,
    1,
    2,
    3,
    4,
    5,
    6,
    7,
    8,
    9,
    10,
    11,
    12,
    13,
    14,
    15,
    16,
    17,
    18,
    19,
    20,
    21,
    22,
    23,
    24,
    25,
    26,
    27,
    28,
    29,
    30,
    31,
    32,
    33,
    34,
    35,
    36,
    37,
    38,
    39
  ]
}