{
  "train_loss": [
    0.4119093670086427,
    0.25355872322212564,
    0.24375708211552014,
    0.23605355620384216,
    0.2370264625007456,
    0.2349903694607995,
    0.23718217367475683,
    0.2322348564863205,
    0.234106660972942,
    0.23039494319395584,
    0.22953086468306455,
    0.23332745351574638,
    0.2294835483486002,
    0.2237433363090862,
    0.22684600190682844,
    0.22975355115803806,
    0.22725442051887512,
    0.22651489078998566,
    0.22514164014296098,
    0.22414038262583993,
    0.22516811760989103,
    0.2260307870127938,
    0.2255454047159715,
    0.2238682833584872,
    0.2249104694886641,
    0.2260043821551583,
    0.22367299659685655,
    0.22542623173106802,
    0.22455746992067857,
    0.22606652839617294,
    0.22393977479501204,
    0.22524698105725374,
    0.2261788083748384,
    0.22563461363315582,
    0.22547512352466584,
    0.22438022683967243,
    0.22277232869104904,
    0.2260335542938926,
    0.22539000565355474,
    0.22674056806347587,
    0.22538447027856653,
    0.22537453824823553,
    0.22504395761273124,
    0.2236256805333224,
    0.22583458992567929,
    0.22504933476448058,
    0.2254365173253146,
    0.22570556104183198,
    0.2242357289249247,
    0.2248327442190864,
    0.22411708560856905,
    0.2257035659118132,
    0.2262155299836939
  ],
  "val_loss": [
    0.27238296065479517,
    0.29435002245008945,
    0.26305174455046654,
    0.2751059252768755,
    0.2688117465004325,
    0.2610054239630699,
    0.2613467564806342,
    0.2715481808409095,
    0.2616597078740597,
    0.28424623142927885,
    0.2768305968493223,
    0.26160809118300676,
    0.2577687054872513,
    0.25828512851148844,
    0.25893911719322205,
    0.25997379422187805,
    0.25778489653021097,
    0.2578649250790477,
    0.25824060942977667,
    0.2579478342086077,
    0.2577721904963255,
    0.2575981989502907,
    0.2574198180809617,
    0.25776071194559336,
    0.2575650615617633,
    0.2577408021315932,
    0.2574810767546296,
    0.2579712113365531,
    0.25746490713208914,
    0.25725211296230555,
    0.2574900109320879,
    0.25734792929142714,
    0.2576915267854929,
    0.2574050556868315,
    0.257677411660552,
    0.25737524684518576,
    0.25777996331453323,
    0.2572459578514099,
    0.25741506181657314,
    0.25738047901540995,
    0.2574473125860095,
    0.2575387666001916,
    0.25772407185286283,
    0.25727674178779125,
    0.25757036730647087,
    0.25737416092306376,
    0.25744855869561434,
    0.2574802404269576,
    0.25746872555464506,
    0.2574443621560931,
    0.25736103020608425,
    0.25740459375083447,
    0.25727994088083506
  ],
  "epochs": [
    0,
    1,
    2,
    3,
    4,
    5,
    6,
    7,
    8,
    9,
    10,
    11,
    12,
    13,
    14,
    15,
    16,
    17,
    18,
    19,
    20,
    21,
    22,
    23,
    24,
    25,
    26,
    27,
    28,
    29,
    30,
    31,
    32,
    33,
    34,
    35,
    36,
    37,
    38,
    39,
    40,
    41,
    42,
    43,
    44,
    45,
    46,
    47,
    48,
    49,
    50,
    51,
    52
  ]
}