{
  "train_loss": [
    0.6648500558989389,
    0.5827944185529437,
    0.5520919470787048,
    0.5370380807876587,
    0.5235080233437674,
    0.5183226351329259,
    0.5096394036020552,
    0.5023167261259897,
    0.49780602722849165,
    0.49257146298544746,
    0.48747959344046454,
    0.48423634582247055,
    0.47918510920660834,
    0.4720290691239493,
    0.47195277535574776,
    0.46963247265815733,
    0.4651498022215707,
    0.46167650567463464,
    0.45893206896100724,
    0.4591990632738386,
    0.4553742582116808,
    0.4548967867783138,
    0.4534418553284236,
    0.4509397691454206,
    0.44957601630347116,
    0.4474614781924656,
    0.44867331868580407,
    0.44581973374911715,
    0.4433127074786595,
    0.44160673693248204,
    0.4422427608013153,
    0.4433112290927342,
    0.43933330882617405,
    0.43729951391220095,
    0.43407770743370055,
    0.43423497993605475,
    0.434739506312779,
    0.432278378037044,
    0.4293130302837917,
    0.43138645468439374,
    0.42582276955332077,
    0.4292421360697065,
    0.4265529497419085,
    0.42697395015444073,
    0.4243284584454128,
    0.4250707252570561,
    0.4242598782471248,
    0.4217329920700618,
    0.41951214888436456,
    0.4213274256638118,
    0.42255714255060467,
    0.42192133915764946,
    0.41734163646016803,
    0.42004287287848335,
    0.41817413504464285,
    0.4185527611528124,
    0.4135960928780692,
    0.41214324924605233,
    0.4178541448048183,
    0.4155160692691803,
    0.41406517736571175,
    0.41546032329286847,
    0.4153900853497641,
    0.41223926611627854,
    0.41224040563447134,
    0.4101867420060294,
    0.4101860172680446,
    0.4097044715813228,
    0.40971381279400415,
    0.4083452022007533,
    0.4077368566649301,
    0.4088855558191027,
    0.4087072254249028,
    0.40825943786757335,
    0.4082149968419756,
    0.4059987726484026,
    0.40651201534952436,
    0.4055166782242911,
    0.4027179804325104,
    0.4074019290174757,
    0.40349364861079623,
    0.40395961909294126,
    0.40271201134409224,
    0.40577679964474267,
    0.40321890383447917,
    0.40003640476635527,
    0.4014566442012787,
    0.4040613892487117,
    0.4005084221090589,
    0.39915258362633843,
    0.4016882184641702,
    0.3999152424471719,
    0.3976659205845424,
    0.40235302629470826,
    0.39918225870132445,
    0.39992990467888967,
    0.39977955595425196,
    0.39802175968033926,
    0.3946361918245043
  ],
  "val_loss": [
    0.37198205971717835,
    0.3736742323875427,
    0.3669780161380768,
    0.3624342119216919,
    0.3549061897277832,
    0.35445379467010496,
    0.3614732343673706,
    0.34463620338439943,
    0.34871730394363404,
    0.33656206707954406,
    0.3315382420539856,
    0.340452777671814,
    0.3309360041618347,
    0.33503027062416074,
    0.31929135012626647,
    0.32288014850616453,
    0.3213255482673645,
    0.3259010416507721,
    0.3291358898639679,
    0.31816970834732056,
    0.315323157787323,
    0.31429688625335694,
    0.3109245388507843,
    0.31652055878639224,
    0.3170244610786438,
    0.3035769643783569,
    0.31755732917785645,
    0.30866339960098266,
    0.3012377571105957,
    0.3078464772224426,
    0.30864539127349855,
    0.31068864607810975,
    0.30580429344177246,
    0.31234212050437926,
    0.30224466724395754,
    0.30060109596252443,
    0.3100548812866211,
    0.31077347488403323,
    0.2974242812156677,
    0.2996794958114624,
    0.2979151143550873,
    0.30084075326919557,
    0.3002778406620026,
    0.29724199533462525,
    0.30490266246795655,
    0.29130436849594116,
    0.293781391954422,
    0.29436177916526796,
    0.29830545206069947,
    0.29685960302352904,
    0.298717707824707,
    0.29787549991607665,
    0.29392392387390137,
    0.29794077467918395,
    0.29305584664344786,
    0.293708513879776,
    0.29715415658950806,
    0.28720278367996216,
    0.29535199790000916,
    0.29159886317253114,
    0.29634066343307497,
    0.2879120434761047,
    0.30054426465034484,
    0.29080717067718503,
    0.29499816851615906,
    0.29278398942947387,
    0.29371886835098265,
    0.28516111936569216,
    0.28731848430633544,
    0.2954669835090637,
    0.28396427850723266,
    0.2801374596595764,
    0.28696797671318053,
    0.28854293780326845,
    0.2847593000411987,
    0.28410482387542724,
    0.2925088173866272,
    0.2838934512615204,
    0.28051617550849917,
    0.29058337230682374,
    0.28462823882102967,
    0.28863459987640383,
    0.29214729690551755,
    0.28164307036399844,
    0.28026709604263306,
    0.2833027147769928,
    0.2828407466888428,
    0.2822659281253815,
    0.28502798686027525,
    0.281896789932251,
    0.2893098485946655,
    0.2821267999649048,
    0.2910200206756592,
    0.2884331573486328,
    0.28227159910202027,
    0.28951148443222047,
    0.28136446390151976,
    0.27781413078308104,
    0.2778065282344818
  ],
  "epochs": [
    0,
    1,
    2,
    3,
    4,
    5,
    6,
    7,
    8,
    9,
    10,
    11,
    12,
    13,
    14,
    15,
    16,
    17,
    18,
    19,
    20,
    21,
    22,
    23,
    24,
    25,
    26,
    27,
    28,
    29,
    30,
    31,
    32,
    33,
    34,
    35,
    36,
    37,
    38,
    39,
    40,
    41,
    42,
    43,
    44,
    45,
    46,
    47,
    48,
    49,
    50,
    51,
    52,
    53,
    54,
    55,
    56,
    57,
    58,
    59,
    60,
    61,
    62,
    63,
    64,
    65,
    66,
    67,
    68,
    69,
    70,
    71,
    72,
    73,
    74,
    75,
    76,
    77,
    78,
    79,
    80,
    81,
    82,
    83,
    84,
    85,
    86,
    87,
    88,
    89,
    90,
    91,
    92,
    93,
    94,
    95,
    96,
    97,
    98
  ]
}