{
    "dataset": "train",
    "accuracy": 0.9098071428571428,
    "macro_precision": 0.909238660574399,
    "macro_recall": 0.9098071428571429,
    "macro_f1": 0.909331930288587,
    "weighted_precision": 0.9092386605743991,
    "weighted_recall": 0.9098071428571428,
    "weighted_f1": 0.909331930288587,
    "per_class_metrics": {
        "class_0": {
            "precision": 0.9105735332053083,
            "recall": 0.9076857142857143,
            "f1_score": 0.9091273304811917,
            "support": 35000
        },
        "class_1": {
            "precision": 0.8339931537431166,
            "recall": 0.8005142857142857,
            "f1_score": 0.8169108535607552,
            "support": 35000
        },
        "class_2": {
            "precision": 0.8932169057264864,
            "recall": 0.9323142857142858,
            "f1_score": 0.91234692165744,
            "support": 35000
        },
        "class_3": {
            "precision": 0.9991710496226847,
            "recall": 0.9987142857142857,
            "f1_score": 0.9989426154549611,
            "support": 35000
        }
    },
    "confusion_matrix": [
        [
            31769,
            3217,
            5,
            9
        ],
        [
            3111,
            28018,
            3863,
            8
        ],
        [
            4,
            2353,
            32631,
            12
        ],
        [
            5,
            7,
            33,
            34955
        ]
    ]
}