{
  "train_loss": [
    0.6606252675873893,
    0.5827602186884199,
    0.553272385937827,
    0.5423950667517525,
    0.5276077851363591,
    0.5174315573419843,
    0.5063415992464338,
    0.5021934205327715,
    0.49959835223470417,
    0.4930615780898503,
    0.48865379458836145,
    0.48214487098966324,
    0.4796283980369568,
    0.47545408644676207,
    0.4731138137953622,
    0.466420882156917,
    0.4660671437876565,
    0.46322062027794975,
    0.45971130605425153,
    0.4575379078047616,
    0.4550473389421191,
    0.45791884089878626,
    0.455596677330562,
    0.4514277614934104,
    0.44927231498445785,
    0.4453161067485809,
    0.44362867817197527,
    0.4430360535349165,
    0.4429729449953352,
    0.44003631111553737,
    0.44247052545547483,
    0.4384963502747672,
    0.43579834416253227,
    0.4354672782012394,
    0.43605579714775083,
    0.4341753988606589,
    0.4334592879499708,
    0.431667905991418,
    0.4303472940104348,
    0.4275954304899488,
    0.42936800721713475,
    0.42596020473071505,
    0.4250406494344984,
    0.42873792577471054,
    0.42579000915118626,
    0.4216187306540353,
    0.4210064027445657,
    0.4223298828942435,
    0.421104992716653,
    0.42351900420188904,
    0.4242494418280465,
    0.4195024516105652,
    0.4170222578389304,
    0.4189536386966705,
    0.4138419881071363,
    0.4156645161628723,
    0.4163001811640603,
    0.415040826184409,
    0.4146060420240675,
    0.4167531830719539,
    0.41572952383586337,
    0.41134115844454083,
    0.4120236686365945,
    0.4134792132854462,
    0.41212193946157183,
    0.4089986649581364,
    0.4094903802667345,
    0.4110453459875924,
    0.40853843162400383,
    0.40912059970583237,
    0.4110577585697174,
    0.4087532496179853,
    0.40902636104311263,
    0.4058871529034206,
    0.4065464303697858,
    0.40535175659997125,
    0.40754274622372216,
    0.40504544665472847,
    0.40617956389018467,
    0.4066356664180756,
    0.40372745864731924,
    0.40337457437515256,
    0.40043424612454004,
    0.4027552707195282,
    0.4009453112125397,
    0.39958889976228984,
    0.40130603028024947,
    0.40219386162757875,
    0.40082770003591267,
    0.3993000493730818,
    0.4018578011717115,
    0.3964316948413849,
    0.4026360428742,
    0.4007426044395992,
    0.4016612865379878,
    0.39851305580820356,
    0.4006655117988586,
    0.4012286108153207,
    0.3998446975231171,
    0.39648399340765816
  ],
  "val_loss": [
    0.3904372078895569,
    0.3734666838169098,
    0.36482758865356446,
    0.3521285964012146,
    0.359931699180603,
    0.36615503187179566,
    0.3408157568454742,
    0.35217934684753416,
    0.3388066342353821,
    0.34040465059280395,
    0.32850441732406616,
    0.329788308429718,
    0.32756381764411924,
    0.32501859216690066,
    0.32709263834953306,
    0.311651980304718,
    0.32068652520179747,
    0.3121392713069916,
    0.3149942484855652,
    0.3200687017440796,
    0.3117017622947693,
    0.31411910572052004,
    0.3131743847846985,
    0.3037451676368713,
    0.30918284130096435,
    0.3145403607845306,
    0.30018467721939085,
    0.30570847001075746,
    0.302497353553772,
    0.3092454748153686,
    0.30360316491127015,
    0.30232529859542845,
    0.2949128312110901,
    0.3027933768749237,
    0.2996698525905609,
    0.3071638910770416,
    0.3031641288757324,
    0.3074726369857788,
    0.30004684886932376,
    0.29712079916000367,
    0.29869886016845704,
    0.29692549777030947,
    0.2986503007888794,
    0.3018264163017273,
    0.2951337707042694,
    0.2945825368881226,
    0.29468255043029784,
    0.29661452164649965,
    0.2971030924797058,
    0.28704618067741394,
    0.3002324951171875,
    0.28399401965141297,
    0.29035381360054013,
    0.2860925575256348,
    0.2924139163017273,
    0.2889013373374939,
    0.28794561004638675,
    0.2902542860031128,
    0.2957238326072693,
    0.2911356425285339,
    0.2911221288204193,
    0.29375018658638,
    0.2912561206817627,
    0.2912782989501953,
    0.29069743971824646,
    0.28834244728088376,
    0.2919745321273804,
    0.2887432459831238,
    0.2819156125068665,
    0.280620010137558,
    0.29117234354019167,
    0.28093111610412597,
    0.28675180983543397,
    0.28212992696762085,
    0.28428854112625124,
    0.28535259561538695,
    0.28289106941223147,
    0.28789136810302735,
    0.290575980758667,
    0.2864822046756744,
    0.2784924466133118,
    0.287715308713913,
    0.28324421520233156,
    0.2828613519668579,
    0.28696655550003053,
    0.27836941275596616,
    0.2823327377796173,
    0.28478120312690736,
    0.27658456106185914,
    0.2842373944282532,
    0.28729931931495667,
    0.2785904964923859,
    0.2793662078857422,
    0.2778639030456543,
    0.28784444251060487,
    0.2896908006668091,
    0.28438419551849364,
    0.2833729633331299,
    0.28003636989593506,
    0.2743114460945129
  ],
  "epochs": [
    0,
    1,
    2,
    3,
    4,
    5,
    6,
    7,
    8,
    9,
    10,
    11,
    12,
    13,
    14,
    15,
    16,
    17,
    18,
    19,
    20,
    21,
    22,
    23,
    24,
    25,
    26,
    27,
    28,
    29,
    30,
    31,
    32,
    33,
    34,
    35,
    36,
    37,
    38,
    39,
    40,
    41,
    42,
    43,
    44,
    45,
    46,
    47,
    48,
    49,
    50,
    51,
    52,
    53,
    54,
    55,
    56,
    57,
    58,
    59,
    60,
    61,
    62,
    63,
    64,
    65,
    66,
    67,
    68,
    69,
    70,
    71,
    72,
    73,
    74,
    75,
    76,
    77,
    78,
    79,
    80,
    81,
    82,
    83,
    84,
    85,
    86,
    87,
    88,
    89,
    90,
    91,
    92,
    93,
    94,
    95,
    96,
    97,
    98,
    99
  ]
}