{
    "dataset": "train",
    "accuracy": 0.9115571428571428,
    "macro_precision": 0.9115683205527718,
    "macro_recall": 0.911557142857143,
    "macro_f1": 0.9115570112401905,
    "weighted_precision": 0.9115683205527719,
    "weighted_recall": 0.9115571428571428,
    "weighted_f1": 0.9115570112401904,
    "per_class_metrics": {
        "class_0": {
            "precision": 0.90690222323049,
            "recall": 0.9137428571428572,
            "f1_score": 0.9103096891722646,
            "support": 35000
        },
        "class_1": {
            "precision": 0.8240944566740044,
            "recall": 0.8236,
            "f1_score": 0.8238471541462439,
            "support": 35000
        },
        "class_2": {
            "precision": 0.9160483175150992,
            "recall": 0.9100285714285714,
            "f1_score": 0.9130285222875161,
            "support": 35000
        },
        "class_3": {
            "precision": 0.999228284791494,
            "recall": 0.9988571428571429,
            "f1_score": 0.9990426793547373,
            "support": 35000
        }
    },
    "confusion_matrix": [
        [
            31981,
            3007,
            2,
            10
        ],
        [
            3264,
            28826,
            2903,
            7
        ],
        [
            1,
            3138,
            31851,
            10
        ],
        [
            18,
            8,
            14,
            34960
        ]
    ]
}