{
  "train_loss": [
    0.8243726714270455,
    0.642491089289529,
    0.5904999725069319,
    0.5712515862328665,
    0.5485981649262565,
    0.538816191632407,
    0.5261527776173183,
    0.5197820831843785,
    0.5150539822033473,
    0.5085919620377677,
    0.5002089451994215,
    0.49265331867762974,
    0.48954222551073345,
    0.48249086483546666,
    0.48424400356156483,
    0.4794202628680638,
    0.4761723048210144,
    0.4708108278955732,
    0.47011749905177525,
    0.4682261327130454,
    0.46728253299168176,
    0.4642328165463039,
    0.4613637028966631,
    0.4575731580189296,
    0.45697759499549867,
    0.45559929805483135,
    0.4547779183932713,
    0.450851261479514,
    0.4500685148307255,
    0.449339254958289,
    0.44438900397845676,
    0.4482732250417982,
    0.44208290547643386,
    0.44259378239086694,
    0.4394412120955331,
    0.43740004333768573,
    0.4386371473108019,
    0.43652402086257935,
    0.4321513226713453,
    0.4342193400996072,
    0.4335799582549504,
    0.43169092307771956,
    0.429970967572076,
    0.43016993921824864,
    0.4282646148341043,
    0.4312346613883972,
    0.42836278555733814,
    0.42703218222345624,
    0.4217976669379643,
    0.4254471831594195,
    0.4272914086341858,
    0.42466728145735605,
    0.42368155190604073,
    0.4198868087359837,
    0.42363761478151596,
    0.4208110726969583,
    0.41820475242478505,
    0.41314988718032836,
    0.4189867760385786,
    0.4190281518186842,
    0.41912029621941704,
    0.4187435500758035,
    0.4161175504071372,
    0.4162728351524898,
    0.41460998174122404,
    0.4126810126032148,
    0.4147489677633558,
    0.4111044971261706,
    0.40978659266063144,
    0.4123829217706408,
    0.40975433217457363,
    0.4114681018829346,
    0.4135532891750336,
    0.41091256949560984,
    0.4056197412627084,
    0.40684230657305037,
    0.40940001188686914,
    0.40897625683375766,
    0.40572641993250164,
    0.40869451771463666,
    0.4079293821675437,
    0.40885578427995956,
    0.4050798029082162,
    0.4074364182949066,
    0.4053797091143472,
    0.4020781896182469,
    0.4026097100257873,
    0.4035137823513576,
    0.4026300890173231,
    0.40291404861722674,
    0.4026777766227722,
    0.4026769555296217,
    0.40251001915250506,
    0.40403794404438564,
    0.39971253160749165,
    0.4045982547896249,
    0.3997052376474653,
    0.3999101809501648,
    0.4019391831534249,
    0.3979382201944079
  ],
  "val_loss": [
    0.4680358835220337,
    0.4171477177619934,
    0.38211440258026125,
    0.36812404980659486,
    0.37315450019836427,
    0.36908335332870484,
    0.3593769034385681,
    0.35248421745300296,
    0.3578632483482361,
    0.34402564649581907,
    0.34231997661590574,
    0.33420124206542967,
    0.3313790364265442,
    0.3317601511001587,
    0.3239838320732117,
    0.3264534014225006,
    0.3276435306549072,
    0.3220700021743774,
    0.32191274003982545,
    0.3173356391906738,
    0.3247906716823578,
    0.3162938018798828,
    0.3069963318824768,
    0.32319637303352355,
    0.3146734053134918,
    0.3131318685531616,
    0.3103782187461853,
    0.30332880058288575,
    0.30243495893478395,
    0.30158802371025084,
    0.29697566204071046,
    0.3050538129806519,
    0.3089412437915802,
    0.3056126307487488,
    0.29987202734947205,
    0.3064841379165649,
    0.29817531065940855,
    0.3069706539154053,
    0.29203112468719483,
    0.29374036531448366,
    0.2969302641391754,
    0.29658327693939207,
    0.30028698501586915,
    0.2927590017318726,
    0.30392397327423093,
    0.2903119306087494,
    0.290173854970932,
    0.28649404168128967,
    0.29290075302124025,
    0.28726600341796876,
    0.2961969484329224,
    0.294136602973938,
    0.29229916443824766,
    0.29876292762756346,
    0.29154559812545777,
    0.294573357963562,
    0.2887365584373474,
    0.2816826117515564,
    0.2909782063484192,
    0.28302231602668765,
    0.2884659613609314,
    0.2884877066135407,
    0.2946750933647156,
    0.28969720196723936,
    0.2881965860843658,
    0.28157852954864504,
    0.2856450410366058,
    0.2788065645694733,
    0.2829893088579178,
    0.29112151226997374,
    0.2839342472076416,
    0.2841698473930359,
    0.28963726196289064,
    0.27931263370513915,
    0.2822041532993317,
    0.2898755252838135,
    0.2842252393245697,
    0.2839626705169678,
    0.2839057313919067,
    0.28513757083415986,
    0.2825217786312103,
    0.28326549224853514,
    0.28403154582977297,
    0.2831170079231262,
    0.2793105481147766,
    0.28419441738128665,
    0.28018656458854674,
    0.27631977405548097,
    0.2812226595401764,
    0.27664260869026186,
    0.27796661071777345,
    0.28074611473083494,
    0.28343880038261415,
    0.2869804709434509,
    0.2746524135112762,
    0.28424653434753416,
    0.2778896537303925,
    0.279346040058136,
    0.2808949147224426,
    0.2759672912597656
  ],
  "epochs": [
    0,
    1,
    2,
    3,
    4,
    5,
    6,
    7,
    8,
    9,
    10,
    11,
    12,
    13,
    14,
    15,
    16,
    17,
    18,
    19,
    20,
    21,
    22,
    23,
    24,
    25,
    26,
    27,
    28,
    29,
    30,
    31,
    32,
    33,
    34,
    35,
    36,
    37,
    38,
    39,
    40,
    41,
    42,
    43,
    44,
    45,
    46,
    47,
    48,
    49,
    50,
    51,
    52,
    53,
    54,
    55,
    56,
    57,
    58,
    59,
    60,
    61,
    62,
    63,
    64,
    65,
    66,
    67,
    68,
    69,
    70,
    71,
    72,
    73,
    74,
    75,
    76,
    77,
    78,
    79,
    80,
    81,
    82,
    83,
    84,
    85,
    86,
    87,
    88,
    89,
    90,
    91,
    92,
    93,
    94,
    95,
    96,
    97,
    98,
    99
  ]
}