{
    "dataset": "train",
    "accuracy": 0.9082857142857143,
    "macro_precision": 0.9074870468018236,
    "macro_recall": 0.9082857142857143,
    "macro_f1": 0.9074123463538862,
    "weighted_precision": 0.9074870468018236,
    "weighted_recall": 0.9082857142857143,
    "weighted_f1": 0.9074123463538862,
    "per_class_metrics": {
        "class_0": {
            "precision": 0.8815878424055597,
            "recall": 0.9314857142857143,
            "f1_score": 0.9058501549019881,
            "support": 35000
        },
        "class_1": {
            "precision": 0.8424927607664346,
            "recall": 0.7814,
            "f1_score": 0.81079718952892,
            "support": 35000
        },
        "class_2": {
            "precision": 0.9068394568914626,
            "recall": 0.9216857142857143,
            "f1_score": 0.9142023153330594,
            "support": 35000
        },
        "class_3": {
            "precision": 0.9990281271438372,
            "recall": 0.9985714285714286,
            "f1_score": 0.9987997256515775,
            "support": 35000
        }
    },
    "confusion_matrix": [
        [
            32602,
            2385,
            4,
            9
        ],
        [
            4341,
            27349,
            3299,
            11
        ],
        [
            7,
            2720,
            32259,
            14
        ],
        [
            31,
            8,
            11,
            34950
        ]
    ]
}