{
  "train_loss": [
    0.31012269285592164,
    0.1438824447650801,
    0.1253975297239694,
    0.10532078415832737,
    0.0890450476651842,
    0.08046554236926817,
    0.07298955617980524,
    0.06866218971935187,
    0.06586773953993212,
    0.0637044625187462,
    0.06181984342296015,
    0.05891780024563724,
    0.05715201789343899,
    0.05548197798938914,
    0.055096340822902594,
    0.05328263578597796,
    0.05205913991751997,
    0.05074028428135948,
    0.04970306731083177,
    0.04937175137075511,
    0.04864586548879743,
    0.04861028175293045,
    0.04718061667105014,
    0.046776842490177266,
    0.04696642083200542,
    0.0462517597526312,
    0.0457084880921651,
    0.04526214322752573,
    0.04488110070540147,
    0.04377414519475265,
    0.044606244260953234,
    0.04414231884716587,
    0.04476058246398514,
    0.04328341613608328,
    0.042441727392036804,
    0.04267536769197746,
    0.04287527500228448,
    0.0426456020264463,
    0.041364069274542004,
    0.04255472003228285,
    0.041793601194565946,
    0.04186527841470458,
    0.04135236302898689,
    0.041000614479522815,
    0.03993237414651296,
    0.04071596438234503,
    0.04078142998570746,
    0.03989299972456965,
    0.039683003749021076,
    0.03945278466425159,
    0.03833713444119151,
    0.03930427489294247,
    0.03880526555194096,
    0.038925747233019635,
    0.037926677598363975,
    0.038748628287152816,
    0.038086512772874406,
    0.03909637496383353,
    0.03857724992389029,
    0.03857954314655879,
    0.03791573636911132,
    0.03906848963688721,
    0.03794894974170761,
    0.03771974228153175,
    0.03787977408787067,
    0.038336591331118886
  ],
  "val_loss": [
    0.13474922704044728,
    0.11472671222873032,
    0.09496677990537138,
    0.07114815139211715,
    0.06441584613057785,
    0.050287839793600145,
    0.04798497883602977,
    0.051808113226434215,
    0.046847883402369915,
    0.045867968327365824,
    0.04623937601572834,
    0.046250088134547694,
    0.046415336785139524,
    0.04327044124947861,
    0.04260597908578348,
    0.04484043089032639,
    0.04162074613559526,
    0.04023453015252017,
    0.041018361446913336,
    0.040408945383387615,
    0.046559050655923785,
    0.039211343548959124,
    0.049649915011832496,
    0.04576223220210523,
    0.03875070482026786,
    0.039233074194635266,
    0.044366431326488966,
    0.04335017141711432,
    0.04046993539959658,
    0.041181427406263536,
    0.0445380828488851,
    0.03937913179397583,
    0.04227632731199265,
    0.041528621839825065,
    0.04104785478848498,
    0.03569384426227771,
    0.04324647751345765,
    0.04477991616004147,
    0.04313128789071925,
    0.038463716011028735,
    0.043820441261050294,
    0.04184024674177635,
    0.04654171989823226,
    0.041601487377192825,
    0.037734544175327754,
    0.03876355011598207,
    0.04056191656854935,
    0.03932915946061258,
    0.041565818624803796,
    0.04036943277460523,
    0.04849056524981279,
    0.04368262432108168,
    0.0407332303468138,
    0.039521851562312804,
    0.04055048865266144,
    0.042945234876242466,
    0.038872465811436996,
    0.04284023812797386,
    0.04378297194780316,
    0.04048540476942435,
    0.041929418759536936,
    0.04176320353290067,
    0.042174070401233624,
    0.042776002152822915,
    0.045972841876209716,
    0.04248591698997189
  ],
  "epochs": [
    0,
    1,
    2,
    3,
    4,
    5,
    6,
    7,
    8,
    9,
    10,
    11,
    12,
    13,
    14,
    15,
    16,
    17,
    18,
    19,
    20,
    21,
    22,
    23,
    24,
    25,
    26,
    27,
    28,
    29,
    30,
    31,
    32,
    33,
    34,
    35,
    36,
    37,
    38,
    39,
    40,
    41,
    42,
    43,
    44,
    45,
    46,
    47,
    48,
    49,
    50,
    51,
    52,
    53,
    54,
    55,
    56,
    57,
    58,
    59,
    60,
    61,
    62,
    63,
    64,
    65
  ]
}