{
  "train_loss": [
    0.8587208097631281,
    0.6404931046745994,
    0.4857828942212192,
    0.44409882588820027,
    0.39806948629292577,
    0.3745446882464669,
    0.37700203873894433,
    0.362991924719377,
    0.34451548836447976,
    0.34299130114642057,
    0.33600277494300496,
    0.33963701264424756,
    0.3450870389288122,
    0.32927906188097866,
    0.3353092301975597,
    0.31724808649583297,
    0.32093648531220176,
    0.2941463028842753,
    0.2895512805743651,
    0.2852480652657422,
    0.2854328914122148,
    0.28519027151844717,
    0.28106750574978917,
    0.2813016029921445,
    0.27980934516950084,
    0.28046536797826943,
    0.27837316448038274,
    0.2774456652727994,
    0.27581096264449034,
    0.2814379889856685,
    0.27931696582924237,
    0.27398986762220207,
    0.27262539728121327,
    0.2720024130561135,
    0.270295084064657,
    0.26933853978460487,
    0.27285458418455993,
    0.26934559724547646,
    0.27333959666165436,
    0.27177859490567985,
    0.27170869274572895,
    0.26782009276476776,
    0.27228680659424176,
    0.26807813265106895,
    0.27057756591926924,
    0.2702364314686168,
    0.2699333117766814,
    0.2711507818915627,
    0.2719991998238997,
    0.2732111310417002,
    0.27152484194798904,
    0.27021014094352724,
    0.26953704248775134,
    0.2708051399751143,
    0.2702358747070486,
    0.27027999514883216,
    0.27331597073511643
  ],
  "val_loss": [
    0.8110863752663136,
    0.600005753338337,
    0.841351855546236,
    0.42971231415867805,
    0.37149698100984097,
    0.38717510737478733,
    0.3695325870066881,
    0.41629580222070217,
    0.5527828764170408,
    0.3604877721518278,
    0.3366805240511894,
    0.41610514745116234,
    0.46663307771086693,
    0.34691324457526207,
    0.8664403408765793,
    0.3939288351684809,
    0.3614191319793463,
    0.3104711603373289,
    0.31499622389674187,
    0.30388188920915127,
    0.31218355521559715,
    0.3084156848490238,
    0.3091501723974943,
    0.30239081382751465,
    0.3012607544660568,
    0.30848869401961565,
    0.3028721548616886,
    0.3018741989508271,
    0.3098610797896981,
    0.303489301353693,
    0.306278008967638,
    0.29949280247092247,
    0.29809826985001564,
    0.29998259991407394,
    0.2984959864988923,
    0.2988230576738715,
    0.29864927381277084,
    0.2983427932485938,
    0.29836949054151773,
    0.29841481149196625,
    0.29919325560331345,
    0.2979017151519656,
    0.29917435348033905,
    0.2991431038826704,
    0.2984514720737934,
    0.2981526702642441,
    0.29862578492611647,
    0.29853484965860844,
    0.2986789047718048,
    0.2981298426166177,
    0.2985831256955862,
    0.29896485805511475,
    0.29863994382321835,
    0.2999072326347232,
    0.29852697905153036,
    0.29866268299520016,
    0.2985703246667981
  ],
  "epochs": [
    0,
    1,
    2,
    3,
    4,
    5,
    6,
    7,
    8,
    9,
    10,
    11,
    12,
    13,
    14,
    15,
    16,
    17,
    18,
    19,
    20,
    21,
    22,
    23,
    24,
    25,
    26,
    27,
    28,
    29,
    30,
    31,
    32,
    33,
    34,
    35,
    36,
    37,
    38,
    39,
    40,
    41,
    42,
    43,
    44,
    45,
    46,
    47,
    48,
    49,
    50,
    51,
    52,
    53,
    54,
    55,
    56
  ]
}