{
  "train_loss": [
    0.8697784055363048,
    0.7171327536756342,
    0.5930855198339983,
    0.5194204352118752,
    0.4707766429944472,
    0.4520518969405781,
    0.4389238547195088,
    0.41958455226638103,
    0.42976757125421006,
    0.41401498209346427,
    0.41158965067429976,
    0.39260542121800507,
    0.38952855955470694,
    0.38586485440080814,
    0.38629168651320717,
    0.3872815885327079,
    0.3890251490202817,
    0.388512921333313,
    0.3787485485727137,
    0.3825052597305991,
    0.3815488663586703,
    0.36809312050992793,
    0.37053689685734836,
    0.3504995107650757,
    0.34170718355612323,
    0.3399494016712362,
    0.34129235310987993,
    0.33732280839573253,
    0.3359577951106158,
    0.3386596208268946,
    0.33521931117231196,
    0.33752680691805753,
    0.33422826636921277,
    0.33761046095327896,
    0.33485542373223737,
    0.3359194896437905,
    0.3327625258402391,
    0.33068721294403075,
    0.3327903167767958,
    0.3325282037258148,
    0.33240213204513896,
    0.33044956272298637,
    0.3374389870600267,
    0.3314707761461085,
    0.3268094065514478,
    0.33274608037688513,
    0.32956555133516136,
    0.3327189402146773,
    0.3286932403391058,
    0.3289841608567671,
    0.325022294846448,
    0.3258310014551336,
    0.3238528018647974,
    0.323546640439467,
    0.3214169534769925,
    0.3231170762668956,
    0.3264029410752383,
    0.32439906976439736,
    0.3219452381134033,
    0.32377679402177983,
    0.324756920337677,
    0.32266969193111766,
    0.32124336063861847,
    0.32296944639899516,
    0.32319278906692156,
    0.3243558932434429,
    0.3221877341920679,
    0.3242183045907454,
    0.3221206339922818,
    0.3224334183064374,
    0.3238459803841331,
    0.3249097536910664,
    0.3226703250950033,
    0.3221143809231845,
    0.32375513911247256,
    0.32217184251005,
    0.32250247299671175,
    0.32579254562204535
  ],
  "val_loss": [
    0.822521585971117,
    0.7415083087980747,
    0.5592658817768097,
    0.522131709381938,
    0.6315050162374973,
    0.5533112268894911,
    0.42275250889360905,
    0.6050546057522297,
    0.6901362650096416,
    0.43044219724833965,
    0.4387568961828947,
    0.4118909612298012,
    0.5804132800549269,
    0.448105052113533,
    0.4157366696745157,
    0.4114974979311228,
    0.3820739481598139,
    0.3923480808734894,
    0.5847347527742386,
    0.6035357601940632,
    0.46654838509857655,
    0.40310730040073395,
    0.43993476405739784,
    0.3674623668193817,
    0.38070342130959034,
    0.3636551070958376,
    0.36910098791122437,
    0.37893342785537243,
    0.36657693423330784,
    0.3631641510874033,
    0.36381673626601696,
    0.37504287250339985,
    0.36167701333761215,
    0.3850701656192541,
    0.4395305812358856,
    0.40471210703253746,
    0.3958087284117937,
    0.3612477518618107,
    0.36139408499002457,
    0.3819531034678221,
    0.37186484038829803,
    0.3610798344016075,
    0.3705167565494776,
    0.35988321155309677,
    0.36292054131627083,
    0.36156900227069855,
    0.38014927692711353,
    0.37394714169204235,
    0.36216454952955246,
    0.3648987468332052,
    0.35702180303633213,
    0.3587442748248577,
    0.3575048204511404,
    0.35760325379669666,
    0.35732235573232174,
    0.3562306147068739,
    0.35622922889888287,
    0.3564499784260988,
    0.35612002946436405,
    0.3571686875075102,
    0.35640690848231316,
    0.3566634748131037,
    0.3555527236312628,
    0.3556832764297724,
    0.3555663265287876,
    0.35690705105662346,
    0.35652955807745457,
    0.3575370069593191,
    0.356052216142416,
    0.3558172192424536,
    0.35662106797099113,
    0.3558200038969517,
    0.3557781036943197,
    0.3558057639747858,
    0.356318099424243,
    0.35591421462595463,
    0.35604886151850224,
    0.3560340330004692
  ],
  "epochs": [
    0,
    1,
    2,
    3,
    4,
    5,
    6,
    7,
    8,
    9,
    10,
    11,
    12,
    13,
    14,
    15,
    16,
    17,
    18,
    19,
    20,
    21,
    22,
    23,
    24,
    25,
    26,
    27,
    28,
    29,
    30,
    31,
    32,
    33,
    34,
    35,
    36,
    37,
    38,
    39,
    40,
    41,
    42,
    43,
    44,
    45,
    46,
    47,
    48,
    49,
    50,
    51,
    52,
    53,
    54,
    55,
    56,
    57,
    58,
    59,
    60,
    61,
    62,
    63,
    64,
    65,
    66,
    67,
    68,
    69,
    70,
    71,
    72,
    73,
    74,
    75,
    76,
    77
  ]
}