{
  "train_loss": [
    0.8873998165130615,
    0.6656121719967235,
    0.46580334414135327,
    0.40812753601507706,
    0.3502107793634588,
    0.3432513784278523,
    0.3565836565061049,
    0.3392361218279058,
    0.32230626994913275,
    0.29579400691119107,
    0.28272117430513555,
    0.2758325519886884,
    0.28022753406654705,
    0.2798592391339215,
    0.27913017083298075,
    0.2776759846643968,
    0.27082223973490976,
    0.2725721687078476,
    0.27352161542935804,
    0.2718852533535524,
    0.27092289355668153,
    0.27453715719959954,
    0.26708492365750397,
    0.26370303630828856,
    0.2639212031256069,
    0.26097029257904397,
    0.26427671367471867,
    0.26436141566796734,
    0.26402715878053146,
    0.2654668247157877,
    0.26565868041732094,
    0.26580026610331103,
    0.26728027625517414,
    0.2664036886258559,
    0.261137655377388,
    0.2665126464583657,
    0.26386874318122866,
    0.26594471823085436,
    0.26444399654865264,
    0.2636560296470469,
    0.26195372261784294,
    0.2625350854613564,
    0.26492018699645997,
    0.2626377582550049,
    0.2636420889334245,
    0.2647515142505819,
    0.26262775307351893,
    0.2611201153560118,
    0.26259094070304523,
    0.2601404471830888,
    0.2671575898473913,
    0.26013137020848015,
    0.26287012181498787,
    0.26225987049666316,
    0.26236595186320216,
    0.2624302089214325,
    0.26183083843101157,
    0.2615150662985715,
    0.26181754794987766,
    0.2636173798279329,
    0.2631613712419163,
    0.26282878030430185,
    0.262915715304288,
    0.26183606738393955,
    0.26156799007545817,
    0.2653155741366473,
    0.25821258317340506,
    0.2631986994634975,
    0.25961476374756204
  ],
  "val_loss": [
    0.8050520084798336,
    0.5060323923826218,
    0.3906351439654827,
    0.46593175269663334,
    0.48115767538547516,
    0.5150354336947203,
    0.5092334058135748,
    0.4324997905641794,
    0.5821551438421011,
    0.3097730381414294,
    0.3120769336819649,
    0.3174526337534189,
    0.3185588698834181,
    0.33966722525656223,
    0.30406462121754885,
    0.3020299253985286,
    0.3034639908000827,
    0.3038303470239043,
    0.3036083020269871,
    0.3158672573044896,
    0.3155055548995733,
    0.31174753326922655,
    0.29784578178077936,
    0.29711008723825216,
    0.29669848922640085,
    0.29638385865837336,
    0.2983555644750595,
    0.29811416007578373,
    0.2996324598789215,
    0.296088389120996,
    0.29593463614583015,
    0.29596670158207417,
    0.29708618484437466,
    0.29578041657805443,
    0.2963704336434603,
    0.2988614300265908,
    0.2955956878140569,
    0.2966960687190294,
    0.2957619493827224,
    0.29582573752850294,
    0.29662661999464035,
    0.29597225692123175,
    0.2954726507887244,
    0.29810319282114506,
    0.29609723296016455,
    0.2975478386506438,
    0.296591367572546,
    0.2964088972657919,
    0.2954602539539337,
    0.29537466634064913,
    0.29561646934598684,
    0.29594884626567364,
    0.2967659058049321,
    0.29528184700757265,
    0.2953198328614235,
    0.29532336350530386,
    0.29540620651096106,
    0.2953538317233324,
    0.295426681637764,
    0.2961633438244462,
    0.2960457019507885,
    0.29531049355864525,
    0.29584549367427826,
    0.29687937442213297,
    0.29581390507519245,
    0.2954057212918997,
    0.29556589759886265,
    0.2962302668020129,
    0.29544664174318314
  ],
  "epochs": [
    0,
    1,
    2,
    3,
    4,
    5,
    6,
    7,
    8,
    9,
    10,
    11,
    12,
    13,
    14,
    15,
    16,
    17,
    18,
    19,
    20,
    21,
    22,
    23,
    24,
    25,
    26,
    27,
    28,
    29,
    30,
    31,
    32,
    33,
    34,
    35,
    36,
    37,
    38,
    39,
    40,
    41,
    42,
    43,
    44,
    45,
    46,
    47,
    48,
    49,
    50,
    51,
    52,
    53,
    54,
    55,
    56,
    57,
    58,
    59,
    60,
    61,
    62,
    63,
    64,
    65,
    66,
    67,
    68
  ]
}