{
  "train_loss": [
    0.8710323788902976,
    0.6402980755675923,
    0.4733836748383262,
    0.4028716276992451,
    0.38948735974051735,
    0.3651479894464666,
    0.3566766066984697,
    0.34458923448215834,
    0.33726317611607637,
    0.33386851928450845,
    0.33512689579616894,
    0.3278738046234304,
    0.3305247155102817,
    0.31812031025236304,
    0.3306449909101833,
    0.3128446327014403,
    0.28355181163007565,
    0.2767105489969254,
    0.2743599460883574,
    0.2749051318927245,
    0.2734029786153273,
    0.2756650762124495,
    0.27520637620579114,
    0.2738452529365366,
    0.27235692035068165,
    0.26999471864917063,
    0.27633731067180634,
    0.27227515957572246,
    0.27169991541992533,
    0.27040391889485443,
    0.2671666148034009,
    0.26725086027925665,
    0.2624080097133463,
    0.26354929262941534,
    0.2674617870287462,
    0.2636385728012432,
    0.26425151337276803,
    0.263857745311477,
    0.2642467379570007,
    0.2623945027589798,
    0.26626717963001945,
    0.26340811929919505,
    0.2644348147240552,
    0.2619419805028222,
    0.26448050141334534,
    0.2647418284958059,
    0.26558252600106325,
    0.26528189940886066,
    0.2664518876509233,
    0.26455514430999755,
    0.26254502697424453,
    0.26493135284293784,
    0.26462066065181383,
    0.26252794563770293,
    0.2635121689601378,
    0.2601337722756646,
    0.2613255712119016,
    0.26171403771097007,
    0.26163733520291066,
    0.26480272222648965,
    0.26366241303357213,
    0.25877738811753015
  ],
  "val_loss": [
    0.7762901894748211,
    0.8490825109183788,
    0.4070258364081383,
    0.5737343281507492,
    0.5061429291963577,
    0.782950758934021,
    0.5757088214159012,
    0.37170890904963017,
    0.8187084905803204,
    0.30999452248215675,
    1.265660211443901,
    1.4015661776065826,
    0.5830944310873747,
    0.3395324591547251,
    0.512637872248888,
    0.3263965491205454,
    0.30950061324983835,
    0.2993907555937767,
    0.29479516483843327,
    0.29428166151046753,
    0.3011898063123226,
    0.287260252982378,
    0.29844362661242485,
    0.28708431776612997,
    0.28738611191511154,
    0.34457966312766075,
    0.3507241103798151,
    0.3009098833426833,
    0.2943888707086444,
    0.3245956730097532,
    0.28305499255657196,
    0.28272876515984535,
    0.2827243125066161,
    0.282759727910161,
    0.28191768378019333,
    0.2840018440037966,
    0.28240898344665766,
    0.28167734760791063,
    0.2840092033147812,
    0.2818787032738328,
    0.2816483750939369,
    0.2822339115664363,
    0.2821467835456133,
    0.28373999893665314,
    0.2819965910166502,
    0.2826209645718336,
    0.2811444504186511,
    0.2812674595043063,
    0.28223100677132607,
    0.2812961181625724,
    0.2822093525901437,
    0.28179807122796774,
    0.2812595088034868,
    0.2818830730393529,
    0.28119685035198927,
    0.2815089011564851,
    0.28176560904830694,
    0.2816028231754899,
    0.281717037782073,
    0.28125894349068403,
    0.2813112372532487,
    0.2813376635313034
  ],
  "epochs": [
    0,
    1,
    2,
    3,
    4,
    5,
    6,
    7,
    8,
    9,
    10,
    11,
    12,
    13,
    14,
    15,
    16,
    17,
    18,
    19,
    20,
    21,
    22,
    23,
    24,
    25,
    26,
    27,
    28,
    29,
    30,
    31,
    32,
    33,
    34,
    35,
    36,
    37,
    38,
    39,
    40,
    41,
    42,
    43,
    44,
    45,
    46,
    47,
    48,
    49,
    50,
    51,
    52,
    53,
    54,
    55,
    56,
    57,
    58,
    59,
    60,
    61
  ]
}