{
  "train_loss": [
    0.8933944387869401,
    0.7356484228914434,
    0.6105604410171509,
    0.5259834311225198,
    0.5043375031514601,
    0.4792467247356068,
    0.4645677994598042,
    0.44471931565891615,
    0.44272442243315957,
    0.4244754959236492,
    0.41749001741409303,
    0.4202003213492307,
    0.40827659043398773,
    0.4047480214725841,
    0.39902897368777884,
    0.3982941231944344,
    0.3919862248680808,
    0.40249880064617505,
    0.38691337325356223,
    0.375931377844377,
    0.3816588347608393,
    0.3844317186962474,
    0.3847447790882804,
    0.3857636652209542,
    0.3838597698645158,
    0.37602406360886315,
    0.34925376827066595,
    0.3479939644986933,
    0.33519872318614613,
    0.3340962147170847,
    0.3310793692415411,
    0.3301621220328591,
    0.32820837010036813,
    0.3251564741134644,
    0.33306242606856606,
    0.32941994016820736,
    0.33139745864001185,
    0.3239808665080504,
    0.32770289941267533,
    0.3270363661375913,
    0.3236438897523013,
    0.32328457019545814,
    0.32062539106065574,
    0.32181555953892793,
    0.32211279598149384,
    0.32422664815729313,
    0.3217933112924749,
    0.3225051901557229,
    0.32266990759155967,
    0.32954552661288866,
    0.3215839526870034,
    0.31642061526125126,
    0.3187181497162039,
    0.3176349249753085,
    0.3149880653077906,
    0.316546941074458,
    0.3176415671001781,
    0.31583599692041225,
    0.31803678165782584,
    0.315527295795354,
    0.3157458018172871,
    0.31549578932198613,
    0.31476970260793513,
    0.31689252392812206,
    0.3181832275607369,
    0.3173119734634053,
    0.31298455731435254,
    0.31511109390042047,
    0.312636230208657,
    0.3186852793801915,
    0.3163951873779297,
    0.3168387914245779,
    0.31563048471104016,
    0.3143611802296205,
    0.31484091010960663,
    0.3166176833889701,
    0.3180731242353266,
    0.31718748889186166,
    0.31383011395281013,
    0.3160269222476266,
    0.3161959328434684,
    0.31584443287415936,
    0.3132174258882349,
    0.31506554646925494,
    0.3168086526068774,
    0.31443238312547855,
    0.31367226622321387,
    0.31594062853943217,
    0.3133812435648658,
    0.31935256096449766,
    0.31569102867083115
  ],
  "val_loss": [
    0.8087224066257477,
    0.688983004540205,
    0.6970585957169533,
    0.4932175297290087,
    0.4729208331555128,
    1.4020308181643486,
    0.47085732594132423,
    0.5350719504058361,
    0.46425180695950985,
    0.5050528775900602,
    1.2048144564032555,
    0.4703200180083513,
    0.5165563654154539,
    0.4790991395711899,
    0.46129399724304676,
    0.39469691552221775,
    0.4637751020491123,
    0.7134111039340496,
    0.7213651724159718,
    0.3916032984852791,
    1.4552208557724953,
    0.3974803648889065,
    0.8961683437228203,
    0.6150853410363197,
    0.4411314260214567,
    0.4796207305043936,
    0.349786963313818,
    0.3451586253941059,
    0.3529197368770838,
    0.349742878228426,
    0.3490127418190241,
    0.3475343529134989,
    0.341587508097291,
    0.35488075390458107,
    0.3407752700150013,
    0.3424606993794441,
    0.35413264110684395,
    0.34177180007100105,
    0.3354811370372772,
    0.36255125142633915,
    0.34686724469065666,
    0.3381168358027935,
    0.3511114753782749,
    0.43150555342435837,
    0.3296677526086569,
    0.39709740690886974,
    0.33116734214127064,
    0.3741375971585512,
    0.3521587457507849,
    0.367927061393857,
    0.33265233412384987,
    0.328242227435112,
    0.32855438254773617,
    0.3280780762434006,
    0.3299631457775831,
    0.3288915790617466,
    0.3305597770959139,
    0.3287722524255514,
    0.3292453773319721,
    0.32805596478283405,
    0.32891614735126495,
    0.3299441933631897,
    0.32804106920957565,
    0.32808603905141354,
    0.3285925257951021,
    0.32813229970633984,
    0.32751721143722534,
    0.32812871411442757,
    0.3286668714135885,
    0.32822779566049576,
    0.32850464805960655,
    0.32795528322458267,
    0.32775286212563515,
    0.3286606892943382,
    0.3280324526131153,
    0.3273644894361496,
    0.32866979762911797,
    0.3284160941839218,
    0.32777179777622223,
    0.3283622097223997,
    0.32900718972086906,
    0.32855034433305264,
    0.3281819522380829,
    0.328020928427577,
    0.32802502252161503,
    0.3281535468995571,
    0.32807790115475655,
    0.32771540619432926,
    0.32750925049185753,
    0.32809060625731945,
    0.3280871417373419
  ],
  "epochs": [
    0,
    1,
    2,
    3,
    4,
    5,
    6,
    7,
    8,
    9,
    10,
    11,
    12,
    13,
    14,
    15,
    16,
    17,
    18,
    19,
    20,
    21,
    22,
    23,
    24,
    25,
    26,
    27,
    28,
    29,
    30,
    31,
    32,
    33,
    34,
    35,
    36,
    37,
    38,
    39,
    40,
    41,
    42,
    43,
    44,
    45,
    46,
    47,
    48,
    49,
    50,
    51,
    52,
    53,
    54,
    55,
    56,
    57,
    58,
    59,
    60,
    61,
    62,
    63,
    64,
    65,
    66,
    67,
    68,
    69,
    70,
    71,
    72,
    73,
    74,
    75,
    76,
    77,
    78,
    79,
    80,
    81,
    82,
    83,
    84,
    85,
    86,
    87,
    88,
    89,
    90
  ]
}