{
  "train_loss": [
    0.892316974293102,
    0.6877583146095276,
    0.5576659977436066,
    0.5119824561205777,
    0.46169146299362185,
    0.4385299698873,
    0.42706768783656035,
    0.41187240969051014,
    0.4008144514127211,
    0.3928251429037614,
    0.39517072330821645,
    0.38765212189067494,
    0.37269299680536444,
    0.3755439958789132,
    0.3687192759730599,
    0.3610899269580841,
    0.36473797126249835,
    0.3365832675587047,
    0.32646315612576227,
    0.32742738750847905,
    0.32027608372948385,
    0.32820480845191263,
    0.32184584086591544,
    0.3187475957653739,
    0.3223829524083571,
    0.3241373761133714,
    0.32058941450985995,
    0.3148553818464279,
    0.31321479217572645,
    0.31557359261946244,
    0.3142777757211165,
    0.31360446810722353,
    0.3127663373947144,
    0.3122660306367007,
    0.3174705830487338,
    0.312042390758341,
    0.31353377428921786,
    0.31603033380074935,
    0.3127734433520924,
    0.3149888125332919,
    0.3131586998701096,
    0.3149980341846293,
    0.31347335956313394,
    0.31352473280646587,
    0.31112521263686094,
    0.3106946809725328,
    0.3104271105744622,
    0.3134554743766785,
    0.31429527320645073,
    0.31217070059342816,
    0.3115156352519989,
    0.31231420175595714,
    0.3112145759842613,
    0.3145836605267091,
    0.3123421018773859,
    0.31338874426755037,
    0.3115676673975858,
    0.3137044893069701,
    0.30999864421107554,
    0.30985339229757136,
    0.31406991698525166,
    0.30925183540040796,
    0.3142721780321815,
    0.31574483838948336,
    0.3142379481684078,
    0.31153198372234,
    0.30978666814890776,
    0.3152410008690574,
    0.3115543685176156,
    0.3117878959937529,
    0.31385635381395166,
    0.31434160335497424
  ],
  "val_loss": [
    0.8043246120214462,
    0.7139229737222195,
    0.7883007675409317,
    0.8398346863687038,
    0.5958303697407246,
    0.5451366081833839,
    0.4149057697504759,
    0.5731960274279118,
    0.86781270429492,
    1.6067021787166595,
    0.3910971414297819,
    0.7027499713003635,
    1.006198089569807,
    0.6167221702635288,
    0.47639133036136627,
    0.6669988352805376,
    0.4379424471408129,
    0.337806798517704,
    0.3373426217585802,
    0.33295545540750027,
    0.3836910557001829,
    0.4644459020346403,
    0.33378455229103565,
    0.3347201980650425,
    0.3397581707686186,
    0.3857609983533621,
    0.3276486862450838,
    0.32798977568745613,
    0.3300761189311743,
    0.3313633780926466,
    0.3271842934191227,
    0.32748967595398426,
    0.3268107585608959,
    0.32753689028322697,
    0.3310406506061554,
    0.3262261897325516,
    0.3275758419185877,
    0.3269794210791588,
    0.32635882310569286,
    0.33563610538840294,
    0.3279081955552101,
    0.3263653237372637,
    0.328081039711833,
    0.32726836018264294,
    0.3261357881128788,
    0.32687521167099476,
    0.3264094144105911,
    0.32690056785941124,
    0.3278358615934849,
    0.3276739902794361,
    0.3269144631922245,
    0.32655688375234604,
    0.3266350068151951,
    0.3261293936520815,
    0.32725678756833076,
    0.3264189548790455,
    0.3260904848575592,
    0.3267781250178814,
    0.3270679283887148,
    0.3262840900570154,
    0.3269258067011833,
    0.32651422917842865,
    0.3268946837633848,
    0.3272730614989996,
    0.32928179763257504,
    0.32701184414327145,
    0.3278488777577877,
    0.32681916654109955,
    0.32788106612861156,
    0.32659258879721165,
    0.32715077325701714,
    0.32894173823297024
  ],
  "epochs": [
    0,
    1,
    2,
    3,
    4,
    5,
    6,
    7,
    8,
    9,
    10,
    11,
    12,
    13,
    14,
    15,
    16,
    17,
    18,
    19,
    20,
    21,
    22,
    23,
    24,
    25,
    26,
    27,
    28,
    29,
    30,
    31,
    32,
    33,
    34,
    35,
    36,
    37,
    38,
    39,
    40,
    41,
    42,
    43,
    44,
    45,
    46,
    47,
    48,
    49,
    50,
    51,
    52,
    53,
    54,
    55,
    56,
    57,
    58,
    59,
    60,
    61,
    62,
    63,
    64,
    65,
    66,
    67,
    68,
    69,
    70,
    71
  ]
}