{
  "train_loss": [
    0.868328186598691,
    0.6474223868413405,
    0.5060253230008211,
    0.44273309219967233,
    0.42110976360060953,
    0.39580067829652266,
    0.3834191766652194,
    0.3708083147352392,
    0.3688070936636491,
    0.3645986491983587,
    0.32449644099582325,
    0.31351485252380373,
    0.30856095335700295,
    0.30357483219016684,
    0.3079779316078533,
    0.30504833243109963,
    0.29666458422487435,
    0.3045079792087728,
    0.2974516299637881,
    0.2956015792759982,
    0.2937976585193114,
    0.2932322613217614,
    0.2906088582494042,
    0.29580398987640033,
    0.2911242528395219,
    0.28962738513946534,
    0.2898323048244823,
    0.28992140889167783,
    0.29254105226560073,
    0.29043051573363216,
    0.2931608275933699,
    0.2917473023588007,
    0.29082263924858787,
    0.2937169671058655,
    0.2911353639580987,
    0.2873175111683932,
    0.2889564912427555,
    0.28919488245790653,
    0.2900068545883352,
    0.2865820808844133,
    0.2909746308218349,
    0.29092677208510315,
    0.2889020722020756,
    0.2902186166156422,
    0.2882257331501354,
    0.28775045871734617,
    0.2910465890711004,
    0.28433877663178875,
    0.28837181600657374,
    0.2878108487887816,
    0.29086543863469905,
    0.28783270716667175,
    0.29027954041957854,
    0.2844674337993969,
    0.28528431572697377,
    0.2871904825622385,
    0.28841251920570027,
    0.288231715018099,
    0.28826526240869,
    0.2879240409894423,
    0.29019599258899687,
    0.28812694522467525,
    0.2865783396092328,
    0.2869346865198829,
    0.2931276188655333,
    0.2899922714992003
  ],
  "val_loss": [
    0.7594265304505825,
    0.5860611498355865,
    0.5578795745968819,
    0.41975528188049793,
    0.44801775738596916,
    0.6279844120144844,
    0.770903967320919,
    0.48937467858195305,
    1.1313625201582909,
    0.8643897362053394,
    0.32801638543605804,
    0.3808928932994604,
    0.319924458861351,
    0.4026978686451912,
    0.38398350216448307,
    0.3212443497031927,
    0.376791681163013,
    0.3393613323569298,
    0.3582497024908662,
    0.31889996863901615,
    0.3142160940915346,
    0.3142939629033208,
    0.31707595754414797,
    0.31897351797670126,
    0.31398038659244776,
    0.3139080535620451,
    0.3145131282508373,
    0.31396309658885,
    0.31366795115172863,
    0.3154682694002986,
    0.3163336832076311,
    0.3141401745378971,
    0.3144012847915292,
    0.3141585849225521,
    0.31363278068602085,
    0.31298688519746065,
    0.3161555491387844,
    0.3147243084385991,
    0.3158710217103362,
    0.3134919535368681,
    0.31248437985777855,
    0.3145895302295685,
    0.31349325366318226,
    0.31234381534159184,
    0.3124171048402786,
    0.3137745773419738,
    0.3137167487293482,
    0.3124655829742551,
    0.31254346296191216,
    0.3173631113022566,
    0.3118633674457669,
    0.3123455746099353,
    0.3125840239226818,
    0.31237690802663565,
    0.3123032385483384,
    0.312146233394742,
    0.31195536255836487,
    0.3120032660663128,
    0.31287876330316067,
    0.31205088924616575,
    0.31314349826425314,
    0.3120930837467313,
    0.3119315868243575,
    0.3122504558414221,
    0.3120052982121706,
    0.3132447749376297
  ],
  "epochs": [
    0,
    1,
    2,
    3,
    4,
    5,
    6,
    7,
    8,
    9,
    10,
    11,
    12,
    13,
    14,
    15,
    16,
    17,
    18,
    19,
    20,
    21,
    22,
    23,
    24,
    25,
    26,
    27,
    28,
    29,
    30,
    31,
    32,
    33,
    34,
    35,
    36,
    37,
    38,
    39,
    40,
    41,
    42,
    43,
    44,
    45,
    46,
    47,
    48,
    49,
    50,
    51,
    52,
    53,
    54,
    55,
    56,
    57,
    58,
    59,
    60,
    61,
    62,
    63,
    64,
    65
  ]
}