{
  "train_loss": [
    0.8637750094587152,
    0.6388237714767456,
    0.5027645669200204,
    0.45015153180469164,
    0.42741195180199365,
    0.409908296845176,
    0.3994170308113098,
    0.39147183353250675,
    0.3898592087355527,
    0.3885961332104423,
    0.3729868910529397,
    0.3636182584545829,
    0.35892455035989934,
    0.3479426010088487,
    0.3528127231381156,
    0.32661031457510864,
    0.3202663486654108,
    0.3195163493806666,
    0.31813763650980864,
    0.3151228129863739,
    0.31952194544402035,
    0.3192963946949352,
    0.31423682570457456,
    0.31417664885520935,
    0.3167034788565202,
    0.3219424697485837,
    0.3122773373668844,
    0.31461789120327344,
    0.3111570249904286,
    0.3097241940823468,
    0.3106229532848705,
    0.30884706648913296,
    0.30922321595928887,
    0.3068493125113574,
    0.3065668675032529,
    0.30772675546732814,
    0.3053549853238193,
    0.3048049823804335,
    0.3046808576042002,
    0.30334640524604106,
    0.30473561043089087,
    0.302770733833313,
    0.30279944566163147,
    0.30506712740117853,
    0.30543177859349685,
    0.3039215223355727,
    0.30592108368873594,
    0.3066554857925935,
    0.3037927383726293,
    0.30605529817667876,
    0.30029563280669125,
    0.30333893515846944,
    0.30463359112089333,
    0.30492521957917645,
    0.30379600877111607,
    0.3035785734653473,
    0.3029096137393605,
    0.30240951586853376,
    0.30360719588669866,
    0.30519905523820356,
    0.305846998908303,
    0.3031161698428067,
    0.30163098140196365,
    0.3064159561287273,
    0.3006918508898128,
    0.3021163666790182,
    0.3025711235674945,
    0.3096927380019968,
    0.3032396844842217,
    0.3043792106888511,
    0.30561589950864965,
    0.30055248872800305,
    0.3005063062364405,
    0.30032364455136384,
    0.3044431523843245,
    0.30531972565434196,
    0.3022505524483594,
    0.3048302263021469,
    0.30208211026408455,
    0.3018163326111707,
    0.30333117111162705,
    0.30011225722052837,
    0.3003027634187178,
    0.30233135358853774,
    0.3061939163641496,
    0.3000015545975078,
    0.30209572288123043,
    0.3052587471225045,
    0.30526278669183904,
    0.3028759279034354,
    0.3035866469144821,
    0.30370949317108503,
    0.3031396421519193,
    0.3060763949697668,
    0.30413653498346155,
    0.303220519694415,
    0.30467523634433746,
    0.30502239953387866,
    0.30408305634151805
  ],
  "val_loss": [
    0.7859622277319431,
    0.818790290504694,
    0.8090044856071472,
    0.9302580878138542,
    0.4284683782607317,
    0.39579477347433567,
    1.0012764744460583,
    1.035031158477068,
    0.3913604412227869,
    0.5136533305048943,
    0.447960427030921,
    0.7853108160197735,
    0.665331520140171,
    0.502670593559742,
    0.40351484902203083,
    0.3315824419260025,
    0.32497705705463886,
    0.3456508070230484,
    0.32565129175782204,
    0.3374445494264364,
    0.332338597625494,
    0.34077517315745354,
    0.3213974293321371,
    0.3452038187533617,
    0.3408963717520237,
    0.32035018876194954,
    0.3708615805953741,
    0.32772647216916084,
    0.3369971979409456,
    0.3413518015295267,
    0.32511007599532604,
    0.3217329513281584,
    0.3169763423502445,
    0.3170953541994095,
    0.3166993632912636,
    0.31716903299093246,
    0.3163494523614645,
    0.3182211313396692,
    0.31627780571579933,
    0.3166247848421335,
    0.31624661944806576,
    0.31611295975744724,
    0.3161644469946623,
    0.31593034602701664,
    0.3170207105576992,
    0.3160547986626625,
    0.3160319495946169,
    0.31548895686864853,
    0.3154734391719103,
    0.31654738262295723,
    0.315633786842227,
    0.3157039061188698,
    0.31695943884551525,
    0.3159881364554167,
    0.3154840338975191,
    0.3157078009098768,
    0.31569804809987545,
    0.3154045641422272,
    0.3159582782536745,
    0.3153831399977207,
    0.3152434602379799,
    0.31540084816515446,
    0.3152952753007412,
    0.3151374664157629,
    0.3153173644095659,
    0.3158402759581804,
    0.31510173715651035,
    0.31512899696826935,
    0.3154169525951147,
    0.316287973895669,
    0.3156607262790203,
    0.3152276650071144,
    0.3159532379359007,
    0.31513089686632156,
    0.3156675025820732,
    0.31813239865005016,
    0.31512587517499924,
    0.3150765746831894,
    0.31520186737179756,
    0.3182497136294842,
    0.3154015224426985,
    0.31580360420048237,
    0.31644989736378193,
    0.31498477794229984,
    0.3152383416891098,
    0.31564201787114143,
    0.3151737041771412,
    0.3153963256627321,
    0.31517707370221615,
    0.3155906945466995,
    0.3151449915021658,
    0.31564691103994846,
    0.3151601254940033,
    0.31587559916079044,
    0.3151783738285303,
    0.3154346514493227,
    0.31546688452363014,
    0.3157219886779785,
    0.3151621762663126
  ],
  "epochs": [
    0,
    1,
    2,
    3,
    4,
    5,
    6,
    7,
    8,
    9,
    10,
    11,
    12,
    13,
    14,
    15,
    16,
    17,
    18,
    19,
    20,
    21,
    22,
    23,
    24,
    25,
    26,
    27,
    28,
    29,
    30,
    31,
    32,
    33,
    34,
    35,
    36,
    37,
    38,
    39,
    40,
    41,
    42,
    43,
    44,
    45,
    46,
    47,
    48,
    49,
    50,
    51,
    52,
    53,
    54,
    55,
    56,
    57,
    58,
    59,
    60,
    61,
    62,
    63,
    64,
    65,
    66,
    67,
    68,
    69,
    70,
    71,
    72,
    73,
    74,
    75,
    76,
    77,
    78,
    79,
    80,
    81,
    82,
    83,
    84,
    85,
    86,
    87,
    88,
    89,
    90,
    91,
    92,
    93,
    94,
    95,
    96,
    97,
    98
  ]
}