{
  "train_loss": [
    0.8604406833648681,
    0.615549064766277,
    0.4578775346279144,
    0.41261904510584746,
    0.3709099834615534,
    0.3482616354118694,
    0.3477154482494701,
    0.33904982696879993,
    0.31905581788583237,
    0.3212775135582144,
    0.33019394088875165,
    0.3193328125910325,
    0.3112067859281193,
    0.3088285221294923,
    0.3015371731736443,
    0.30447709126905964,
    0.31688730608333243,
    0.31626999324018307,
    0.3068748704411767,
    0.30196739299730824,
    0.2774332802404057,
    0.26748157956383445,
    0.26766358830712056,
    0.2673369586467743,
    0.26556375812400473,
    0.2659578212282874,
    0.26777142557230865,
    0.2673795415596528,
    0.2631991822611202,
    0.26230554391037336,
    0.26038931201804766,
    0.2627162004059011,
    0.2610111537304792,
    0.25864513516426085,
    0.2594751634381034,
    0.26125747046687386,
    0.2591790686954151,
    0.2596805838021365,
    0.25987690605900504,
    0.2581641034646468,
    0.2608831459825689,
    0.2581775795329701,
    0.25871491648934103,
    0.2594055991281163,
    0.2606402559713884,
    0.2590555784377185,
    0.260357773845846,
    0.2603019605983387,
    0.2619820239869031,
    0.2591258471662348,
    0.25794082527810874,
    0.2596551534804431,
    0.2631404023278843,
    0.26137984097003936,
    0.2595811637965116,
    0.2588603022423657,
    0.25848923190073536,
    0.2590744988484816,
    0.25770476866852154
  ],
  "val_loss": [
    0.7451020553708076,
    0.4739527255296707,
    0.5491706393659115,
    0.4144953116774559,
    0.4441519156098366,
    0.40475623309612274,
    1.0538779683411121,
    0.3831735420972109,
    0.3268216382712126,
    0.36099940352141857,
    0.37386385165154934,
    0.3484598323702812,
    0.35535922832787037,
    0.31739099882543087,
    0.4555471260100603,
    0.33002692833542824,
    0.4301434699445963,
    0.3275087922811508,
    0.9186254218220711,
    0.32006162591278553,
    0.29138755798339844,
    0.2872905433177948,
    0.29185582883656025,
    0.2942842887714505,
    0.28795589320361614,
    0.3035237081348896,
    0.29355551302433014,
    0.2948295548558235,
    0.28581838496029377,
    0.2863745857030153,
    0.2847992479801178,
    0.28546405024826527,
    0.2850249446928501,
    0.28472045063972473,
    0.28476911690086126,
    0.2855765810236335,
    0.284760108217597,
    0.284762229770422,
    0.28537819534540176,
    0.2846946343779564,
    0.28458581771701574,
    0.2851617652922869,
    0.2847475865855813,
    0.28452217672020197,
    0.2845705719664693,
    0.2848589802160859,
    0.2846859749406576,
    0.2848017457872629,
    0.2847227845340967,
    0.2845517285168171,
    0.2846079897135496,
    0.2850879468023777,
    0.284591494128108,
    0.2848567273467779,
    0.28468255046755075,
    0.2852417463436723,
    0.2850450463593006,
    0.2846731450408697,
    0.28468983620405197
  ],
  "epochs": [
    0,
    1,
    2,
    3,
    4,
    5,
    6,
    7,
    8,
    9,
    10,
    11,
    12,
    13,
    14,
    15,
    16,
    17,
    18,
    19,
    20,
    21,
    22,
    23,
    24,
    25,
    26,
    27,
    28,
    29,
    30,
    31,
    32,
    33,
    34,
    35,
    36,
    37,
    38,
    39,
    40,
    41,
    42,
    43,
    44,
    45,
    46,
    47,
    48,
    49,
    50,
    51,
    52,
    53,
    54,
    55,
    56,
    57,
    58
  ]
}