{
  "train_loss": [
    0.8806932297619906,
    0.7408509926362471,
    0.5935146223415028,
    0.509800234707919,
    0.4711497447707436,
    0.4515070205385035,
    0.4287674513730136,
    0.40903732072223314,
    0.39691680453040384,
    0.3930052437565543,
    0.37887700958685444,
    0.3802895562215285,
    0.3761728763580322,
    0.37926482287320223,
    0.36986966241489755,
    0.33582676540721546,
    0.3234069130637429,
    0.31932006559588694,
    0.31461051567034287,
    0.317608414996754,
    0.3169577877629887,
    0.314349767294797,
    0.3108860021287745,
    0.3124124359000813,
    0.311373123255643,
    0.3109250242059881,
    0.31405588523908096,
    0.3109500549056313,
    0.31186387864026155,
    0.3082206449725411,
    0.30613382214849644,
    0.30482726042920893,
    0.3082035693255338,
    0.3106261822310361,
    0.3048112305727872,
    0.3040857889435508,
    0.305026762322946,
    0.3025209313089197,
    0.2999521629376845,
    0.3046266092495485,
    0.29876288419420066,
    0.30237236456437544,
    0.2954483590342782,
    0.2973852813243866,
    0.30188396085392344,
    0.2988047635013407,
    0.3019396050409837,
    0.30221356478604405,
    0.29273509112271395,
    0.2913232605565678,
    0.29029806310480294,
    0.289779100634835,
    0.28901472416791046,
    0.29226475818590686,
    0.29187487932768735,
    0.29175173369320956,
    0.29569773159243845,
    0.2916254910555753,
    0.288706808198582,
    0.29038013003089214,
    0.29131568074226377,
    0.2871365807273171,
    0.28764400671828877,
    0.2882775152271444,
    0.29152780717069454,
    0.2893080773678693,
    0.29150841425765645,
    0.2883135801011866,
    0.28973130068995734,
    0.2904437460682609,
    0.29208134466951546,
    0.2886738985776901,
    0.28935552645813334,
    0.2921259731054306,
    0.2874439624222842,
    0.28849529353055087,
    0.290061202916232,
    0.2914983852343126,
    0.2882963372902437,
    0.2906683450395411,
    0.2886564449830489,
    0.288895444707437,
    0.28919851427728477,
    0.28870427906513213,
    0.28821879408576273
  ],
  "val_loss": [
    0.8014123104512691,
    0.8327165246009827,
    0.5225039813667536,
    0.5174994077533484,
    0.9208844006061554,
    1.1681423783302307,
    0.5429064556956291,
    0.38240461610257626,
    0.3805273771286011,
    0.6741234548389912,
    0.38807339034974575,
    0.39500460401177406,
    0.45845138281583786,
    0.9881819933652878,
    0.45459140837192535,
    0.3506373669952154,
    0.3353328052908182,
    0.34549179300665855,
    0.33492187038064003,
    0.338147584348917,
    0.39367283321917057,
    0.3370747622102499,
    0.32921698689460754,
    0.4977625235915184,
    0.35068011097609997,
    0.3819063939154148,
    0.32661835104227066,
    0.35302287340164185,
    0.5592464618384838,
    0.32538516260683537,
    0.3245057500898838,
    0.4040901307016611,
    0.34406942687928677,
    0.3429912142455578,
    0.32291062362492085,
    0.3474928196519613,
    0.32761778868734837,
    0.3233883250504732,
    0.3256933465600014,
    0.35975214652717113,
    0.32211354933679104,
    0.3142519909888506,
    0.3340258449316025,
    0.3399414289742708,
    0.3158355765044689,
    0.356963774189353,
    0.33331848308444023,
    0.33403259329497814,
    0.31262942776083946,
    0.3148154588416219,
    0.31228771805763245,
    0.3113888157531619,
    0.31240458227694035,
    0.3128967424854636,
    0.3111070692539215,
    0.3135090284049511,
    0.31162629276514053,
    0.31133025605231524,
    0.31170438416302204,
    0.31167665496468544,
    0.3111690580844879,
    0.3115508873015642,
    0.31096345093101263,
    0.31144398637115955,
    0.3113832101225853,
    0.31124256923794746,
    0.31196281500160694,
    0.3109564036130905,
    0.3109463043510914,
    0.31083338242024183,
    0.3110314626246691,
    0.31091178581118584,
    0.31100252736359835,
    0.31127288937568665,
    0.3110881354659796,
    0.31108460761606693,
    0.3110377863049507,
    0.31143847666680813,
    0.3111320910975337,
    0.31119405664503574,
    0.31131370924413204,
    0.3111741691827774,
    0.31096463464200497,
    0.31121631897985935,
    0.31143426708877087
  ],
  "epochs": [
    0,
    1,
    2,
    3,
    4,
    5,
    6,
    7,
    8,
    9,
    10,
    11,
    12,
    13,
    14,
    15,
    16,
    17,
    18,
    19,
    20,
    21,
    22,
    23,
    24,
    25,
    26,
    27,
    28,
    29,
    30,
    31,
    32,
    33,
    34,
    35,
    36,
    37,
    38,
    39,
    40,
    41,
    42,
    43,
    44,
    45,
    46,
    47,
    48,
    49,
    50,
    51,
    52,
    53,
    54,
    55,
    56,
    57,
    58,
    59,
    60,
    61,
    62,
    63,
    64,
    65,
    66,
    67,
    68,
    69,
    70,
    71,
    72,
    73,
    74,
    75,
    76,
    77,
    78,
    79,
    80,
    81,
    82,
    83,
    84
  ]
}