{
  "train_loss": [
    0.8390597072514621,
    0.5387593551115556,
    0.42550053921612824,
    0.38227269595319574,
    0.36031041091138666,
    0.36388560696081684,
    0.3485633600841869,
    0.32750861590558833,
    0.3269070852886547,
    0.3263324434107,
    0.3271295314485377,
    0.3136711367151954,
    0.3166299922899766,
    0.30335191054777666,
    0.3178009114482186,
    0.3112825605002317,
    0.3064143015579744,
    0.30386368253014306,
    0.2818677073175257,
    0.2769193370233883,
    0.2699420368129557,
    0.27136962522159924,
    0.2706438357179815,
    0.2706081520427357,
    0.26483110893856393,
    0.2699361944740469,
    0.26809225705536927,
    0.26565920358354395,
    0.2695293150164864,
    0.2677764589136297,
    0.26275663050738246,
    0.26082185913215983,
    0.26048098152334037,
    0.26261093806136737,
    0.2616887022148479,
    0.2621707967736504,
    0.26242424845695494,
    0.2596431596712633,
    0.26171937639063053,
    0.26033166403120217,
    0.2636328615925529,
    0.2615746197375384,
    0.25997416404160584,
    0.2608191148801283,
    0.26031436811793934,
    0.25912567485462534,
    0.26287549192255194,
    0.2622193125161258,
    0.2616166445341977,
    0.2604240815747868,
    0.2608229853890159,
    0.26037015535614705,
    0.25963441160592166,
    0.25975723456252703,
    0.26147617480971597,
    0.2597184037620371,
    0.2612946038896387
  ],
  "val_loss": [
    0.6598754189908504,
    0.4207541272044182,
    0.7136699222028255,
    0.33835183270275593,
    0.7289431467652321,
    0.36421538330614567,
    0.40518252924084663,
    0.3792183455079794,
    0.3231423068791628,
    1.6358242332935333,
    0.3468191269785166,
    0.3080130647867918,
    0.33571548759937286,
    0.41699711233377457,
    0.5655826106667519,
    0.3080459851771593,
    0.316504230722785,
    0.327428475022316,
    0.2910790201276541,
    0.2883404837921262,
    0.28294873889535666,
    0.2892234744504094,
    0.29821269400417805,
    0.2815846037119627,
    0.28286698181182146,
    0.28773549385368824,
    0.3038665857166052,
    0.2946545695886016,
    0.291502364911139,
    0.30360516998916864,
    0.28037011716514826,
    0.28044795989990234,
    0.2802068907767534,
    0.28246784023940563,
    0.28053023759275675,
    0.2803386449813843,
    0.2804735517129302,
    0.2802721597254276,
    0.28078126069158316,
    0.28022312093526125,
    0.2803297694772482,
    0.2801972711458802,
    0.28030091151595116,
    0.28026505187153816,
    0.2808394832536578,
    0.2806636141613126,
    0.2802637740969658,
    0.28093556873500347,
    0.2809054236859083,
    0.28034017980098724,
    0.28024917654693127,
    0.2803218625485897,
    0.280429202131927,
    0.2803795263171196,
    0.2803104976192117,
    0.28047490306198597,
    0.28024350106716156
  ],
  "epochs": [
    0,
    1,
    2,
    3,
    4,
    5,
    6,
    7,
    8,
    9,
    10,
    11,
    12,
    13,
    14,
    15,
    16,
    17,
    18,
    19,
    20,
    21,
    22,
    23,
    24,
    25,
    26,
    27,
    28,
    29,
    30,
    31,
    32,
    33,
    34,
    35,
    36,
    37,
    38,
    39,
    40,
    41,
    42,
    43,
    44,
    45,
    46,
    47,
    48,
    49,
    50,
    51,
    52,
    53,
    54,
    55,
    56
  ]
}