{
  "train_loss": [
    0.8376202735033902,
    0.5693900661035017,
    0.45162142786112697,
    0.42520672678947447,
    0.4038167357444763,
    0.386131594397805,
    0.37249887910756196,
    0.361176676641811,
    0.3584446430206299,
    0.3592082272876393,
    0.3584727921269157,
    0.34047781879251654,
    0.3214710753072392,
    0.31869750889864834,
    0.3224393075162714,
    0.3156806715510108,
    0.33830416039987043,
    0.3172747148708864,
    0.31794582334431737,
    0.304167581688274,
    0.3120773128487847,
    0.3136351850899783,
    0.2852454109625383,
    0.2756760320880196,
    0.273218879645521,
    0.27854573862119153,
    0.2706588793884624,
    0.2683551555330103,
    0.27298660440878436,
    0.27274581275203014,
    0.27298666536808014,
    0.2711392939090729,
    0.26734097681262275,
    0.2630606003782966,
    0.2648651518604972,
    0.2658627995035865,
    0.26643705042925747,
    0.26702879829840226,
    0.2662624047561125,
    0.2675640024922111,
    0.26623044339093294,
    0.2664377824826674,
    0.26597422605211085,
    0.26513542668385937,
    0.26345230720259927,
    0.2662184216759422,
    0.2655679729851809,
    0.2652681502428922,
    0.26644338315183463,
    0.2625366191972386,
    0.26489103653214197,
    0.264017222144387,
    0.2648086388002742,
    0.2653410808606581,
    0.2651687188581987,
    0.26273405822840606,
    0.26401625031774695,
    0.26315541700883344,
    0.2635765398090536,
    0.2635012296113101,
    0.2632950793613087,
    0.2642982683398507,
    0.2632988477295095
  ],
  "val_loss": [
    0.7686160691082478,
    0.49437966756522655,
    0.4421495757997036,
    0.49068966694176197,
    0.597848691046238,
    0.4806382283568382,
    0.39131395518779755,
    0.7538271956145763,
    0.5886261109262705,
    0.5381594691425562,
    0.3410743735730648,
    0.470108550041914,
    0.40356090664863586,
    0.5401380341500044,
    0.3368423283100128,
    0.32284209970384836,
    0.44132088124752045,
    0.5977947302162647,
    0.44234765134751797,
    0.6252443343400955,
    0.334784634411335,
    0.33230140805244446,
    0.29692399874329567,
    0.29679127130657434,
    0.29366829991340637,
    0.29082467313855886,
    0.29500778298825026,
    0.2917575417086482,
    0.3260249150916934,
    0.3065265202894807,
    0.3049131827428937,
    0.2937504844740033,
    0.2888576863333583,
    0.28832697682082653,
    0.28902266547083855,
    0.28932636696845293,
    0.29226140677928925,
    0.28866260685026646,
    0.28901174664497375,
    0.28850079607218504,
    0.28874136228114367,
    0.288943974301219,
    0.2885963208973408,
    0.28876171447336674,
    0.2884015738964081,
    0.2887347564101219,
    0.2889496171846986,
    0.2882672958076,
    0.2883129585534334,
    0.28835675213485956,
    0.2885866239666939,
    0.28836712054908276,
    0.288305732421577,
    0.2887114491313696,
    0.28866212721914053,
    0.2882986767217517,
    0.2883340697735548,
    0.2883356027305126,
    0.2883247686550021,
    0.28911597188562155,
    0.288773687556386,
    0.28853683173656464,
    0.28847297839820385
  ],
  "epochs": [
    0,
    1,
    2,
    3,
    4,
    5,
    6,
    7,
    8,
    9,
    10,
    11,
    12,
    13,
    14,
    15,
    16,
    17,
    18,
    19,
    20,
    21,
    22,
    23,
    24,
    25,
    26,
    27,
    28,
    29,
    30,
    31,
    32,
    33,
    34,
    35,
    36,
    37,
    38,
    39,
    40,
    41,
    42,
    43,
    44,
    45,
    46,
    47,
    48,
    49,
    50,
    51,
    52,
    53,
    54,
    55,
    56,
    57,
    58,
    59,
    60,
    61,
    62
  ]
}