{
  "train_loss": [
    0.8780038866129789,
    0.613159133087505,
    0.44176785945892333,
    0.40752886425365104,
    0.3784166000106118,
    0.3495517606084997,
    0.34604195844043384,
    0.3274369554086165,
    0.3291081815958023,
    0.3240876522931186,
    0.32470476085489447,
    0.3230692424557426,
    0.3191302250732075,
    0.3137794705954465,
    0.3139996653253382,
    0.3158255761319941,
    0.2896544315598228,
    0.27773288678039204,
    0.27725595100359485,
    0.2766553358598189,
    0.27491996857252987,
    0.2742426460439509,
    0.27370380623774093,
    0.27404355921528556,
    0.2731308563189073,
    0.27055668478662315,
    0.26917885054241525,
    0.270634187893434,
    0.2717870303175666,
    0.26983918303793125,
    0.265907299247655,
    0.2669190607287667,
    0.2652683274312453,
    0.2682707496664741,
    0.2646035955710845,
    0.26414764686064285,
    0.26568049165335567,
    0.2671733319759369,
    0.2639223543080417,
    0.2656323795968836,
    0.26829724474386735,
    0.26682121699506584,
    0.26357813775539396,
    0.2653580830855803,
    0.2633906437592073,
    0.2663797616958618,
    0.26612619974396445,
    0.2655701217326251,
    0.2643956119363958,
    0.26573129513046956,
    0.26483898108655757,
    0.2646422269669446,
    0.26352247379042887,
    0.263458898934451,
    0.2617641221393238,
    0.2623530932448127,
    0.26520983983169905
  ],
  "val_loss": [
    0.77167097479105,
    0.4985910300165415,
    0.5203173607587814,
    0.4320064876228571,
    0.7404803447425365,
    0.36268212273716927,
    0.36849652975797653,
    0.3502171877771616,
    0.3520997241139412,
    0.31408214569091797,
    0.4650337025523186,
    0.3792493902146816,
    0.3216336304321885,
    0.4478325694799423,
    0.3427223116159439,
    0.5695995315909386,
    0.2924541989341378,
    0.2956893751397729,
    0.28478993754833937,
    0.3009285628795624,
    0.2971284044906497,
    0.28163209930062294,
    0.2791547253727913,
    0.28320731222629547,
    0.3021003780886531,
    0.28074281848967075,
    0.2797931870445609,
    0.28023688960820436,
    0.29831806756556034,
    0.2776485960930586,
    0.277401190251112,
    0.27730187494307756,
    0.27693883422762156,
    0.2765841158106923,
    0.2775834798812866,
    0.27762195095419884,
    0.27700973581522703,
    0.2772961650043726,
    0.2764312541112304,
    0.27657749876379967,
    0.27660365030169487,
    0.2759148357436061,
    0.276583063416183,
    0.2769115613773465,
    0.27624018676579,
    0.2765732705593109,
    0.2769995918497443,
    0.27664085011929274,
    0.2767541157081723,
    0.2762956963852048,
    0.27617413736879826,
    0.2762627387419343,
    0.27676807530224323,
    0.27633298374712467,
    0.2759800888597965,
    0.2760590948164463,
    0.27631969656795263
  ],
  "epochs": [
    0,
    1,
    2,
    3,
    4,
    5,
    6,
    7,
    8,
    9,
    10,
    11,
    12,
    13,
    14,
    15,
    16,
    17,
    18,
    19,
    20,
    21,
    22,
    23,
    24,
    25,
    26,
    27,
    28,
    29,
    30,
    31,
    32,
    33,
    34,
    35,
    36,
    37,
    38,
    39,
    40,
    41,
    42,
    43,
    44,
    45,
    46,
    47,
    48,
    49,
    50,
    51,
    52,
    53,
    54,
    55,
    56
  ]
}