{
  "train_loss": [
    0.8711827516555786,
    0.6630289467898283,
    0.5048932926221328,
    0.4337760410525582,
    0.3920530622655695,
    0.3754489616914229,
    0.3606473229148171,
    0.3493314060297879,
    0.33793793591586024,
    0.34512783614071935,
    0.332431237264113,
    0.31648791811682964,
    0.3230267719788985,
    0.31849599155512726,
    0.313274945454164,
    0.3136347873644395,
    0.3032867572524331,
    0.2972534236582843,
    0.33376004181124946,
    0.3162823108109561,
    0.3052476080981168,
    0.29673297215591776,
    0.3002248319712552,
    0.2710635737939314,
    0.2631719079884616,
    0.26092433766885237,
    0.26043388003652745,
    0.2592713017355312,
    0.2579986176707528,
    0.26211750371889636,
    0.26396630352193656,
    0.26114203550598836,
    0.263701088049195,
    0.2527560193430294,
    0.2519771172241731,
    0.25216660743409935,
    0.25208727338097314,
    0.25338021435520863,
    0.2518936376680027,
    0.25232257490808313,
    0.25450719730420546,
    0.2514639610593969,
    0.25424452559514477,
    0.2554153084754944,
    0.2563959845087745,
    0.25128798268058083,
    0.25410414419390936,
    0.25398739874362947,
    0.25125945860689336,
    0.2541418178515001,
    0.2512948122891513,
    0.25081945007497614,
    0.24946132789958608,
    0.2526631742715836,
    0.25115961838852274,
    0.2507541938261552,
    0.2531493587927385,
    0.2535622415217486,
    0.2518057565797459,
    0.2513091046701778,
    0.2505688176913695,
    0.2518917411565781,
    0.2517156007615003,
    0.24931302693757143,
    0.24722929000854493,
    0.24917270785028284,
    0.24835236804051833,
    0.2535248415036635,
    0.2520731763406233,
    0.2518275745890357,
    0.24938698573545975,
    0.24956303320147774,
    0.25369777489792217
  ],
  "val_loss": [
    0.7731116116046906,
    0.8129663355648518,
    0.46526169776916504,
    0.45316410437226295,
    0.48100294172763824,
    0.925965677946806,
    0.42986864410340786,
    0.6191316321492195,
    0.3680643383413553,
    0.5121735613793135,
    0.4179073069244623,
    0.5749578680843115,
    0.3400016166269779,
    0.31335858814418316,
    0.5660187546163797,
    0.5626592114567757,
    0.3093263544142246,
    0.6026927381753922,
    0.5664561185985804,
    0.32782764732837677,
    0.3842645715922117,
    0.5726821962743998,
    0.38098577596247196,
    0.2820683214813471,
    0.28667059540748596,
    0.2902227882295847,
    0.27867242507636547,
    0.2899647057056427,
    0.30638835206627846,
    0.33482232689857483,
    0.34174075350165367,
    0.32857527397572994,
    0.2938185725361109,
    0.2757434230297804,
    0.2754710679873824,
    0.2761779511347413,
    0.27480368316173553,
    0.27570653334259987,
    0.2746475338935852,
    0.2756025781854987,
    0.27558272518217564,
    0.2746036648750305,
    0.2744295848533511,
    0.27764205262064934,
    0.2749685402959585,
    0.274675571359694,
    0.2744983034208417,
    0.2743737194687128,
    0.2747340463101864,
    0.27621714025735855,
    0.2741928109899163,
    0.2747254939749837,
    0.2742231097072363,
    0.2742047319188714,
    0.27408001758158207,
    0.27446729224175215,
    0.2750520510599017,
    0.2738933367654681,
    0.27477830182760954,
    0.2749907625839114,
    0.27426005620509386,
    0.2743296632543206,
    0.27421002369374037,
    0.27533352468162775,
    0.27441107854247093,
    0.27436431031674147,
    0.27413001377135515,
    0.2748917182907462,
    0.2740519819781184,
    0.27398253604769707,
    0.27419827971607447,
    0.274168998003006,
    0.2740879934281111
  ],
  "epochs": [
    0,
    1,
    2,
    3,
    4,
    5,
    6,
    7,
    8,
    9,
    10,
    11,
    12,
    13,
    14,
    15,
    16,
    17,
    18,
    19,
    20,
    21,
    22,
    23,
    24,
    25,
    26,
    27,
    28,
    29,
    30,
    31,
    32,
    33,
    34,
    35,
    36,
    37,
    38,
    39,
    40,
    41,
    42,
    43,
    44,
    45,
    46,
    47,
    48,
    49,
    50,
    51,
    52,
    53,
    54,
    55,
    56,
    57,
    58,
    59,
    60,
    61,
    62,
    63,
    64,
    65,
    66,
    67,
    68,
    69,
    70,
    71,
    72
  ]
}