{
  "train_loss": [
    0.8679639144377275,
    0.6422009787776254,
    0.4727885528044267,
    0.4298931929198178,
    0.41373069557276637,
    0.37715056376023726,
    0.36603361043063076,
    0.3533049702644348,
    0.3640565438704057,
    0.35406977751038293,
    0.3356374247507615,
    0.3465355707840486,
    0.33080363490364767,
    0.3097876632755453,
    0.3021575692025098,
    0.2987336267124523,
    0.3009899683974006,
    0.29493498720906,
    0.2977848624641245,
    0.29638447111303157,
    0.2947233124212785,
    0.3007048685442318,
    0.2996566577391191,
    0.29690463895147495,
    0.29232942407781426,
    0.2964341369542209,
    0.2944408191875978,
    0.2948117378083142,
    0.2951615450057116,
    0.2905002878470854,
    0.29133067618716846,
    0.2920089293609966,
    0.29216866222294896,
    0.2952661032026464,
    0.2974067452279004,
    0.2935315126722509,
    0.28659953502091495,
    0.2854660643772645,
    0.2865436694838784,
    0.2865418775515123,
    0.28745735775340686,
    0.2869050754742189,
    0.2846514422785152,
    0.2847192859107798,
    0.281806832281026,
    0.28163280297409404,
    0.2805660572918979,
    0.285228139703924,
    0.28615956089713357,
    0.28500768759033895,
    0.2812688421119343,
    0.28475413024425505,
    0.2852076148444956,
    0.28365460363301365,
    0.2817769066853957,
    0.28624507053331893,
    0.28487085591663014,
    0.2808770540085706,
    0.28399618809873406,
    0.2852922044017098,
    0.28097269128669394,
    0.28317630263892085,
    0.28435287231748757,
    0.28452385663986207,
    0.28459993682124396,
    0.28262287920171564,
    0.2846990677443418,
    0.2840527203950015,
    0.28264212797988547,
    0.28079324527220295,
    0.28323401591994546,
    0.28397955162958666,
    0.2843361342495138,
    0.2818447232246399,
    0.2862651900811629,
    0.28410588611255994,
    0.28277635763991965,
    0.28381877541542055,
    0.28274663280357015,
    0.28598100515929137,
    0.28169621310450815,
    0.2823091404004531,
    0.2851514149795879,
    0.28566489680246876
  ],
  "val_loss": [
    0.7798378765583038,
    0.641565028578043,
    0.7556130774319172,
    0.5207764413207769,
    0.41467435844242573,
    0.6860490590333939,
    0.35784379951655865,
    0.3977353163063526,
    0.615011241286993,
    0.3933941852301359,
    0.36116246320307255,
    0.4876594040542841,
    0.41096201352775097,
    0.33496042154729366,
    0.3295021764934063,
    0.331833534874022,
    0.37711677327752113,
    0.3823836650699377,
    0.37944237142801285,
    0.36286837235093117,
    0.32763745822012424,
    0.3283019009977579,
    0.36626300401985645,
    0.3607545904815197,
    0.32717306166887283,
    0.3307847436517477,
    0.34663388319313526,
    0.33565709460526705,
    0.3264020401984453,
    0.3243045089766383,
    0.34427214227616787,
    0.33648011926561594,
    0.3352731019258499,
    0.3358305674046278,
    0.3359805401414633,
    0.3577242251485586,
    0.3227216834202409,
    0.3218029420822859,
    0.32170272525399923,
    0.3210542928427458,
    0.32125136256217957,
    0.32135278172791004,
    0.32083478569984436,
    0.321135395206511,
    0.32100062165409327,
    0.32121936324983835,
    0.3210146762430668,
    0.3215820547193289,
    0.3210930088534951,
    0.3210658971220255,
    0.3208532901480794,
    0.32086471281945705,
    0.3208476286381483,
    0.32082083355635405,
    0.32150943018496037,
    0.3209419921040535,
    0.32095570117235184,
    0.3211236884817481,
    0.3208684269338846,
    0.3213169379159808,
    0.3210810050368309,
    0.3227277733385563,
    0.32145329378545284,
    0.3218009052798152,
    0.32076554372906685,
    0.3208812475204468,
    0.32089761923998594,
    0.32086588721722364,
    0.32071956526488066,
    0.32082435116171837,
    0.32072380091995,
    0.32088351622223854,
    0.32236063946038485,
    0.32073189970105886,
    0.3210759246721864,
    0.32091331016272306,
    0.3209683671593666,
    0.32092268019914627,
    0.32124074921011925,
    0.320789135992527,
    0.3208223935216665,
    0.3221566118299961,
    0.3217115215957165,
    0.3230812754482031
  ],
  "epochs": [
    0,
    1,
    2,
    3,
    4,
    5,
    6,
    7,
    8,
    9,
    10,
    11,
    12,
    13,
    14,
    15,
    16,
    17,
    18,
    19,
    20,
    21,
    22,
    23,
    24,
    25,
    26,
    27,
    28,
    29,
    30,
    31,
    32,
    33,
    34,
    35,
    36,
    37,
    38,
    39,
    40,
    41,
    42,
    43,
    44,
    45,
    46,
    47,
    48,
    49,
    50,
    51,
    52,
    53,
    54,
    55,
    56,
    57,
    58,
    59,
    60,
    61,
    62,
    63,
    64,
    65,
    66,
    67,
    68,
    69,
    70,
    71,
    72,
    73,
    74,
    75,
    76,
    77,
    78,
    79,
    80,
    81,
    82,
    83
  ]
}