{
  "train_loss": [
    0.8857484318993308,
    0.7695042155005715,
    0.6308523860844699,
    0.527023813941262,
    0.48012472066012296,
    0.4640419147231362,
    0.43869915116917,
    0.43123649629679595,
    0.4197551646015861,
    0.41308197812600567,
    0.4177576785737818,
    0.3808296485380693,
    0.3687825300476768,
    0.36490644270723516,
    0.36307228966192767,
    0.36242250312458385,
    0.36461516510356556,
    0.36184913678602737,
    0.3641432160680944,
    0.3590681883421811,
    0.35505679737437856,
    0.3587089847434651,
    0.3575749418952248,
    0.3504545872861689,
    0.35514807972041046,
    0.35192817883058025,
    0.3508850471539931,
    0.35252015102993356,
    0.3505461817437952,
    0.3507471984083002,
    0.3504650023850528,
    0.34953231486407194,
    0.3514023255218159,
    0.35137932788241993,
    0.3508230518211018,
    0.3516470058397813,
    0.3504843836480921,
    0.3500572963194414,
    0.34818666848269375,
    0.34972009333697235,
    0.35214301618662747,
    0.3503123467618769,
    0.35069696686484597,
    0.34717390808192167,
    0.34987319220196117,
    0.35029880729588597,
    0.3510659076950767,
    0.352313818172975,
    0.3485107801177285,
    0.35159298506650055,
    0.3525005335157568,
    0.349507518789985,
    0.34981197606433523,
    0.34774630719965155,
    0.35049562616781754,
    0.3505674118345434
  ],
  "val_loss": [
    0.808233842253685,
    0.757412027567625,
    0.6097699254751205,
    0.6048903353512287,
    0.4183648694306612,
    1.2108239382505417,
    0.801482941955328,
    0.449146980419755,
    0.6568194963037968,
    0.5075517930090427,
    0.41998908855021,
    0.36400482803583145,
    0.3609822392463684,
    0.3591840863227844,
    0.36412149108946323,
    0.3502718899399042,
    0.3647066745907068,
    0.3764270916581154,
    0.3583766743540764,
    0.36385270208120346,
    0.360348392277956,
    0.43331778049468994,
    0.3464928288012743,
    0.3465098924934864,
    0.3474844768643379,
    0.34623048081994057,
    0.34513972885906696,
    0.34535906836390495,
    0.344859953969717,
    0.3490997925400734,
    0.3457258250564337,
    0.3455388564616442,
    0.3454905264079571,
    0.3457089848816395,
    0.34651555866003036,
    0.3442915342748165,
    0.344905199483037,
    0.3441113010048866,
    0.34449433721601963,
    0.34443509578704834,
    0.34406608901917934,
    0.34410349279642105,
    0.34473760798573494,
    0.34518672339618206,
    0.3442406337708235,
    0.3443292174488306,
    0.34460279159247875,
    0.34463352896273136,
    0.34491939656436443,
    0.34510158747434616,
    0.34412203170359135,
    0.3441156055778265,
    0.3446056339889765,
    0.34426706843078136,
    0.3446017373353243,
    0.3447846285998821
  ],
  "epochs": [
    0,
    1,
    2,
    3,
    4,
    5,
    6,
    7,
    8,
    9,
    10,
    11,
    12,
    13,
    14,
    15,
    16,
    17,
    18,
    19,
    20,
    21,
    22,
    23,
    24,
    25,
    26,
    27,
    28,
    29,
    30,
    31,
    32,
    33,
    34,
    35,
    36,
    37,
    38,
    39,
    40,
    41,
    42,
    43,
    44,
    45,
    46,
    47,
    48,
    49,
    50,
    51,
    52,
    53,
    54,
    55
  ]
}