{
  "train_loss": [
    0.8844701485200361,
    0.7838541583581404,
    0.6683645486831665,
    0.5789619429544969,
    0.5380135151472959,
    0.5028143633495678,
    0.4782894638451663,
    0.47071442116390577,
    0.43624933687123385,
    0.4251258806748824,
    0.41346402818506417,
    0.4019625409082933,
    0.4024424612522125,
    0.4182752658020366,
    0.40015786561098965,
    0.3572646184401079,
    0.3416156974705783,
    0.33808437802574853,
    0.3391214983029799,
    0.33922562436624004,
    0.3342869384722276,
    0.33446781743656506,
    0.3349979980425401,
    0.3312390614639629,
    0.3307059315117923,
    0.32724662612784994,
    0.3324291093782945,
    0.33301506530154834,
    0.3306286996061152,
    0.3254041140729731,
    0.319122961434451,
    0.3308402267369357,
    0.32612651532346554,
    0.31681307608431036,
    0.3185554932464253,
    0.31732617725025525,
    0.31512693166732786,
    0.3171683127229864,
    0.314975828203288,
    0.3196180389686064,
    0.3171322833408009,
    0.3168922798200087,
    0.31272895173593,
    0.31540187868204983,
    0.3150866015390916,
    0.31149491559375414,
    0.3154876026240262,
    0.3148964147676121,
    0.3128816783428192,
    0.31606414914131165,
    0.3145900477062572,
    0.313549297506159,
    0.3112757373939861,
    0.31301237859509207,
    0.31603379466316917,
    0.3140553268519315,
    0.31560908989472825,
    0.31474957845427776,
    0.31328132288022476,
    0.31461923989382656,
    0.3140716249292547,
    0.3155757649378343,
    0.3136356976899234,
    0.3176978333429857,
    0.3161419164050709,
    0.3164221162145788,
    0.31739874915643174,
    0.3164474443955855,
    0.3102832637049935,
    0.3173871945251118,
    0.311197061159394,
    0.31468508785421195,
    0.31434860744259574
  ],
  "val_loss": [
    0.8072794713079929,
    0.7708824314177036,
    0.7028995417058468,
    0.5136634204536676,
    0.4764940571039915,
    0.6288888715207577,
    0.7975412420928478,
    0.5396447815001011,
    0.39862897992134094,
    0.6996358707547188,
    0.5303403865545988,
    0.49558030255138874,
    0.42724889516830444,
    0.5368287935853004,
    0.6645601987838745,
    0.3307057376950979,
    0.339843587949872,
    0.3536052107810974,
    0.3466867934912443,
    0.3563573695719242,
    0.32632603496313095,
    0.3257942218333483,
    0.35293329507112503,
    0.3253229111433029,
    0.31346173770725727,
    0.3947666436433792,
    0.39244781620800495,
    0.31110608018934727,
    0.33625817112624645,
    0.3162812124937773,
    0.3181165475398302,
    0.31572976894676685,
    0.40999834053218365,
    0.31360643170773983,
    0.30888475477695465,
    0.30767759680747986,
    0.3094957862049341,
    0.3090013340115547,
    0.3087366707623005,
    0.3087058048695326,
    0.30765627324581146,
    0.30773599445819855,
    0.30780909210443497,
    0.3076501935720444,
    0.3076197877526283,
    0.3075692281126976,
    0.30795928835868835,
    0.3075068090111017,
    0.30756891146302223,
    0.3075696434825659,
    0.3076803684234619,
    0.30792874842882156,
    0.30869692750275135,
    0.3090837523341179,
    0.3079476170241833,
    0.30751871317625046,
    0.30872745253145695,
    0.3067585602402687,
    0.3078887388110161,
    0.30936675891280174,
    0.3088839203119278,
    0.3088362328708172,
    0.30794829688966274,
    0.30833045579493046,
    0.3091374449431896,
    0.3076654840260744,
    0.3068051803857088,
    0.30847026966512203,
    0.309160927310586,
    0.3074671719223261,
    0.3089341055601835,
    0.3079046942293644,
    0.30727959983050823
  ],
  "epochs": [
    0,
    1,
    2,
    3,
    4,
    5,
    6,
    7,
    8,
    9,
    10,
    11,
    12,
    13,
    14,
    15,
    16,
    17,
    18,
    19,
    20,
    21,
    22,
    23,
    24,
    25,
    26,
    27,
    28,
    29,
    30,
    31,
    32,
    33,
    34,
    35,
    36,
    37,
    38,
    39,
    40,
    41,
    42,
    43,
    44,
    45,
    46,
    47,
    48,
    49,
    50,
    51,
    52,
    53,
    54,
    55,
    56,
    57,
    58,
    59,
    60,
    61,
    62,
    63,
    64,
    65,
    66,
    67,
    68,
    69,
    70,
    71,
    72
  ]
}