{
  "train_loss": [
    0.8786760438572276,
    0.665253758430481,
    0.49314568638801576,
    0.4138800799846649,
    0.38662948500026356,
    0.3683444814248519,
    0.3462277043949474,
    0.3519555655392734,
    0.33050193407318806,
    0.3440345601602034,
    0.34093059518120505,
    0.3257911297408017,
    0.32092696103182705,
    0.3265980942682786,
    0.32100790305571125,
    0.32022996707396073,
    0.32910469472408294,
    0.28632276031104004,
    0.27760558941147545,
    0.2755166693167253,
    0.27503801150755447,
    0.2711969557133588,
    0.27008049217137425,
    0.27282797992229463,
    0.27345632666891273,
    0.27390589334748006,
    0.2734600465406071,
    0.26768945374272085,
    0.2646690785884857,
    0.2670750937678597,
    0.26370710974389855,
    0.2644344053485177,
    0.2675711152228442,
    0.2652554441582073,
    0.2627154442397031,
    0.2648610537702387,
    0.26462797712196,
    0.2633375067602504,
    0.2614442733201114,
    0.26416102051734924,
    0.26553879569877276,
    0.26073801246556366,
    0.26462148346684194,
    0.2628513831983913,
    0.2634763853116469,
    0.26431633342396127
  ],
  "val_loss": [
    0.7889113612473011,
    0.5571013800799847,
    0.6310431025922298,
    0.39980977959930897,
    0.37499898858368397,
    0.41630799509584904,
    1.4604772850871086,
    0.35627284087240696,
    0.35459380596876144,
    0.3863272685557604,
    0.33613421581685543,
    0.36291406862437725,
    0.38503277860581875,
    0.5668975617736578,
    0.49667019955813885,
    0.3838360197842121,
    0.35051954723894596,
    0.2887177560478449,
    0.28442865796387196,
    0.29342793859541416,
    0.291026858612895,
    0.2842944972217083,
    0.28863103687763214,
    0.32801332231611013,
    0.28730399534106255,
    0.3249775478616357,
    0.2984060551971197,
    0.30579405650496483,
    0.28235046099871397,
    0.2813153909519315,
    0.28060151915997267,
    0.2809612713754177,
    0.2842625491321087,
    0.28161069098860025,
    0.28160475939512253,
    0.28104289062321186,
    0.2813075818121433,
    0.2811991451308131,
    0.28070198465138674,
    0.2806450920179486,
    0.2808546405285597,
    0.28120275773108006,
    0.28078123088926077,
    0.28079207614064217,
    0.28081757109612226,
    0.2816305495798588
  ],
  "epochs": [
    0,
    1,
    2,
    3,
    4,
    5,
    6,
    7,
    8,
    9,
    10,
    11,
    12,
    13,
    14,
    15,
    16,
    17,
    18,
    19,
    20,
    21,
    22,
    23,
    24,
    25,
    26,
    27,
    28,
    29,
    30,
    31,
    32,
    33,
    34,
    35,
    36,
    37,
    38,
    39,
    40,
    41,
    42,
    43,
    44,
    45
  ]
}