{
  "summary": {
    "norm_name": "robust_normalized",
    "num_chips_requested": 10,
    "num_chips_processed": 10,
    "num_chips_with_metrics": 10,
    "generated_at": "2025-10-19T23:56:59.475857"
  },
  "averages": {
    "train": {
      "accuracy": 0.9045142857142856,
      "accuracy_std": 0.014208462554522402,
      "precision": 0.9049747068659025,
      "precision_std": 0.013999235232470812,
      "recall": 0.9045142857142856,
      "recall_std": 0.014208462554522402,
      "f1": 0.9046438657164687,
      "f1_std": 0.014141389602579218,
      "num_chips": 10
    },
    "val": {
      "accuracy": 0.8910794602698651,
      "accuracy_std": 0.01511091420751507,
      "precision": 0.8912754227455245,
      "precision_std": 0.015070459068486114,
      "recall": 0.8910794602698651,
      "recall_std": 0.01511091420751507,
      "f1": 0.8911048957421247,
      "f1_std": 0.015124138460931908,
      "num_chips": 10
    },
    "test": {
      "accuracy": 0.8936936936936938,
      "accuracy_std": 0.013261279999793344,
      "precision": 0.8940984476916569,
      "precision_std": 0.013368348514506035,
      "recall": 0.8936936936936938,
      "recall_std": 0.013261279999793344,
      "f1": 0.8937717785727772,
      "f1_std": 0.013307990168230923,
      "num_chips": 10
    }
  },
  "per_chip": {
    "1": {
      "train": {
        "accuracy": 0.9099285714285714,
        "precision": 0.9103841856156761,
        "recall": 0.9099285714285714,
        "f1": 0.9100974488073802
      },
      "val": {
        "accuracy": 0.9077961019490255,
        "precision": 0.9081635697607221,
        "recall": 0.9077961019490255,
        "f1": 0.9079598018513437
      },
      "test": {
        "accuracy": 0.9039039039039038,
        "precision": 0.9043302582486403,
        "recall": 0.9039039039039038,
        "f1": 0.9040965147637462
      }
    },
    "2": {
      "train": {
        "accuracy": 0.9185,
        "precision": 0.9184336920003269,
        "recall": 0.9185,
        "f1": 0.9184621869149324
      },
      "val": {
        "accuracy": 0.8960519740129935,
        "precision": 0.8965062378925628,
        "recall": 0.8960519740129935,
        "f1": 0.8962599323245769
      },
      "test": {
        "accuracy": 0.8998998998998999,
        "precision": 0.9002502345955254,
        "recall": 0.8998998998998999,
        "f1": 0.8999635065166031
      }
    },
    "3": {
      "train": {
        "accuracy": 0.8945714285714286,
        "precision": 0.8941042296459333,
        "recall": 0.8945714285714286,
        "f1": 0.8943062753561474
      },
      "val": {
        "accuracy": 0.8818090954522738,
        "precision": 0.880845568305442,
        "recall": 0.8818090954522738,
        "f1": 0.8811503118233525
      },
      "test": {
        "accuracy": 0.8923923923923924,
        "precision": 0.8917356071395043,
        "recall": 0.8923923923923924,
        "f1": 0.8920057667354251
      }
    },
    "4": {
      "train": {
        "accuracy": 0.9312857142857143,
        "precision": 0.9312546703828056,
        "recall": 0.9312857142857143,
        "f1": 0.9312609341639361
      },
      "val": {
        "accuracy": 0.9197901049475262,
        "precision": 0.9197205961320282,
        "recall": 0.9197901049475262,
        "f1": 0.9197519164328244
      },
      "test": {
        "accuracy": 0.9214214214214215,
        "precision": 0.9220177140009932,
        "recall": 0.9214214214214215,
        "f1": 0.9216301259397957
      }
    },
    "5": {
      "train": {
        "accuracy": 0.8945,
        "precision": 0.8982532297710869,
        "recall": 0.8945,
        "f1": 0.895642591452814
      },
      "val": {
        "accuracy": 0.8830584707646177,
        "precision": 0.8851973510996054,
        "recall": 0.8830584707646177,
        "f1": 0.8838584793408188
      },
      "test": {
        "accuracy": 0.8888888888888888,
        "precision": 0.8927849320619061,
        "recall": 0.8888888888888888,
        "f1": 0.8900222177156678
      }
    },
    "6": {
      "train": {
        "accuracy": 0.8877857142857143,
        "precision": 0.8879698606982058,
        "recall": 0.8877857142857143,
        "f1": 0.8878718635153603
      },
      "val": {
        "accuracy": 0.8748125937031485,
        "precision": 0.8747805792408491,
        "recall": 0.8748125937031485,
        "f1": 0.8747964848160626
      },
      "test": {
        "accuracy": 0.8743743743743744,
        "precision": 0.8742268828797172,
        "recall": 0.8743743743743744,
        "f1": 0.8742952782564698
      }
    },
    "7": {
      "train": {
        "accuracy": 0.8935,
        "precision": 0.8936726078351366,
        "recall": 0.8935,
        "f1": 0.8935815223824959
      },
      "val": {
        "accuracy": 0.879560219890055,
        "precision": 0.8786618542010576,
        "recall": 0.879560219890055,
        "f1": 0.8790094905333244
      },
      "test": {
        "accuracy": 0.8843843843843844,
        "precision": 0.8836111180443724,
        "recall": 0.8843843843843844,
        "f1": 0.8839031716682422
      }
    },
    "8": {
      "train": {
        "accuracy": 0.8985,
        "precision": 0.8995585429743403,
        "recall": 0.8985,
        "f1": 0.8989283690169871
      },
      "val": {
        "accuracy": 0.8878060969515242,
        "precision": 0.8878118766963317,
        "recall": 0.8878060969515242,
        "f1": 0.8878051329167346
      },
      "test": {
        "accuracy": 0.8788788788788788,
        "precision": 0.8795175509836527,
        "recall": 0.8788788788788788,
        "f1": 0.8791631576850958
      }
    },
    "9": {
      "train": {
        "accuracy": 0.9226428571428571,
        "precision": 0.9227233982210366,
        "recall": 0.9226428571428571,
        "f1": 0.9226679168301268
      },
      "val": {
        "accuracy": 0.907296351824088,
        "precision": 0.9072587880145079,
        "recall": 0.907296351824088,
        "f1": 0.9072550118611732
      },
      "test": {
        "accuracy": 0.9044044044044044,
        "precision": 0.9043492630955438,
        "recall": 0.9044044044044044,
        "f1": 0.9043723035088836
      }
    },
    "10": {
      "train": {
        "accuracy": 0.8939285714285714,
        "precision": 0.8933926515144758,
        "recall": 0.8939285714285714,
        "f1": 0.8936195487245077
      },
      "val": {
        "accuracy": 0.8728135932033984,
        "precision": 0.8738078061121389,
        "recall": 0.8728135932033984,
        "f1": 0.8732023955210363
      },
      "test": {
        "accuracy": 0.8883883883883884,
        "precision": 0.8881609158667124,
        "recall": 0.8883883883883884,
        "f1": 0.888265742937842
      }
    }
  }
}