{
  "summary": {
    "norm_name": "robust_normalized",
    "num_chips_requested": 10,
    "num_chips_processed": 10,
    "num_chips_with_metrics": 10,
    "generated_at": "2025-11-17T12:14:06.152009"
  },
  "averages": {
    "train": {
      "accuracy": 0.9089428571428572,
      "accuracy_std": 0.00905317623820502,
      "precision": 0.9090833863955738,
      "precision_std": 0.009356952748710278,
      "recall": 0.9089428571428572,
      "recall_std": 0.00905317623820502,
      "f1": 0.9089308573923429,
      "f1_std": 0.009204300046238652,
      "num_chips": 10
    },
    "val": {
      "accuracy": 0.8910794602698651,
      "accuracy_std": 0.00863458454765929,
      "precision": 0.8911089520710668,
      "precision_std": 0.008743043758631353,
      "recall": 0.8910794602698651,
      "recall_std": 0.00863458454765929,
      "f1": 0.8910174829601922,
      "f1_std": 0.008738653873224783,
      "num_chips": 10
    },
    "test": {
      "accuracy": 0.8922922922922922,
      "accuracy_std": 0.008851362317923248,
      "precision": 0.8925837142256041,
      "precision_std": 0.009017685772755477,
      "recall": 0.8922922922922922,
      "recall_std": 0.008851362317923248,
      "f1": 0.8923330458758347,
      "f1_std": 0.008956853364034756,
      "num_chips": 10
    }
  },
  "per_chip": {
    "1": {
      "train": {
        "accuracy": 0.9102857142857143,
        "precision": 0.9101205936572961,
        "recall": 0.9102857142857143,
        "f1": 0.9101884584759922
      },
      "val": {
        "accuracy": 0.8963018490754623,
        "precision": 0.8961294977568812,
        "recall": 0.8963018490754623,
        "f1": 0.8962116221771104
      },
      "test": {
        "accuracy": 0.8978978978978979,
        "precision": 0.8978032583468306,
        "recall": 0.8978978978978979,
        "f1": 0.8978475406837637
      }
    },
    "2": {
      "train": {
        "accuracy": 0.9029285714285714,
        "precision": 0.9035336568910229,
        "recall": 0.9029285714285714,
        "f1": 0.9031796893436465
      },
      "val": {
        "accuracy": 0.8895552223888056,
        "precision": 0.8905325669718474,
        "recall": 0.8895552223888056,
        "f1": 0.8899740541914426
      },
      "test": {
        "accuracy": 0.8813813813813813,
        "precision": 0.882088476795876,
        "recall": 0.8813813813813813,
        "f1": 0.8816158262658286
      }
    },
    "3": {
      "train": {
        "accuracy": 0.9235714285714286,
        "precision": 0.9235610594378272,
        "recall": 0.9235714285714286,
        "f1": 0.9235652754612177
      },
      "val": {
        "accuracy": 0.9085457271364318,
        "precision": 0.9083956262091458,
        "recall": 0.9085457271364318,
        "f1": 0.9084644983610666
      },
      "test": {
        "accuracy": 0.8958958958958959,
        "precision": 0.8964782514362385,
        "recall": 0.8958958958958959,
        "f1": 0.8961543737557905
      }
    },
    "4": {
      "train": {
        "accuracy": 0.9177142857142857,
        "precision": 0.9174641759148453,
        "recall": 0.9177142857142857,
        "f1": 0.9175809311005338
      },
      "val": {
        "accuracy": 0.8938030984507747,
        "precision": 0.8930141489625197,
        "recall": 0.8938030984507747,
        "f1": 0.8932772068626319
      },
      "test": {
        "accuracy": 0.8983983983983984,
        "precision": 0.8982177195074713,
        "recall": 0.8983983983983984,
        "f1": 0.8982375357767176
      }
    },
    "5": {
      "train": {
        "accuracy": 0.9048571428571428,
        "precision": 0.9044215060511898,
        "recall": 0.9048571428571428,
        "f1": 0.9045968264458479
      },
      "val": {
        "accuracy": 0.8833083458270865,
        "precision": 0.883080191755745,
        "recall": 0.8833083458270865,
        "f1": 0.8831854841105764
      },
      "test": {
        "accuracy": 0.8933933933933934,
        "precision": 0.8934411933249213,
        "recall": 0.8933933933933934,
        "f1": 0.893361848987458
      }
    },
    "6": {
      "train": {
        "accuracy": 0.9083571428571429,
        "precision": 0.908604159367521,
        "recall": 0.9083571428571429,
        "f1": 0.908471152950974
      },
      "val": {
        "accuracy": 0.8950524737631185,
        "precision": 0.8952030542607384,
        "recall": 0.8950524737631185,
        "f1": 0.8951053436876453
      },
      "test": {
        "accuracy": 0.8958958958958959,
        "precision": 0.8957485243674396,
        "recall": 0.8958958958958959,
        "f1": 0.8958101993947521
      }
    },
    "7": {
      "train": {
        "accuracy": 0.9105,
        "precision": 0.911031147044756,
        "recall": 0.9105,
        "f1": 0.9107270112418636
      },
      "val": {
        "accuracy": 0.8930534732633684,
        "precision": 0.8931874634050986,
        "recall": 0.8930534732633684,
        "f1": 0.8931146282422406
      },
      "test": {
        "accuracy": 0.8953953953953954,
        "precision": 0.8950217609044601,
        "recall": 0.8953953953953954,
        "f1": 0.8951461857048326
      }
    },
    "8": {
      "train": {
        "accuracy": 0.888,
        "precision": 0.8871856195563012,
        "recall": 0.888,
        "f1": 0.8874438570424851
      },
      "val": {
        "accuracy": 0.8738130934532734,
        "precision": 0.8728577598738714,
        "recall": 0.8738130934532734,
        "f1": 0.8731139805568005
      },
      "test": {
        "accuracy": 0.8738738738738738,
        "precision": 0.8728946830116,
        "recall": 0.8738738738738738,
        "f1": 0.8731860691219951
      }
    },
    "9": {
      "train": {
        "accuracy": 0.9146428571428571,
        "precision": 0.9166863553421574,
        "recall": 0.9146428571428571,
        "f1": 0.9151998607561181
      },
      "val": {
        "accuracy": 0.8860569715142429,
        "precision": 0.8869428940571755,
        "recall": 0.8860569715142429,
        "f1": 0.8862363609119176
      },
      "test": {
        "accuracy": 0.9054054054054054,
        "precision": 0.9066697428158508,
        "recall": 0.9054054054054054,
        "f1": 0.9058131747540884
      }
    },
    "10": {
      "train": {
        "accuracy": 0.9085714285714286,
        "precision": 0.9082255906928222,
        "recall": 0.9085714285714286,
        "f1": 0.9083555111047503
      },
      "val": {
        "accuracy": 0.8913043478260869,
        "precision": 0.8917463174576461,
        "recall": 0.8913043478260869,
        "f1": 0.8914916505004907
      },
      "test": {
        "accuracy": 0.8853853853853854,
        "precision": 0.8874735317453535,
        "recall": 0.8853853853853854,
        "f1": 0.8861577043131215
      }
    }
  }
}