{
  "train_loss": [
    0.2957451201433485,
    0.1419707227972421,
    0.11479222261092879,
    0.09788661401380194,
    0.08655067260631107,
    0.07964408073574306,
    0.07442608758129857,
    0.06961032091216607,
    0.06609176076948643,
    0.06421156065369195,
    0.06151716345751828,
    0.05985302770340985,
    0.05755746013061567,
    0.05712803219868378,
    0.05459987411106175,
    0.05397265725176443,
    0.053297587142071945,
    0.05215556986968626,
    0.05077417045831681,
    0.05095076591115106,
    0.050152049360966136,
    0.0489049298891967,
    0.04890205025164918,
    0.04861052093688738,
    0.047007759506390856,
    0.046875974918631,
    0.04619159259579399,
    0.047247558303854686,
    0.04519154477864504,
    0.0450386745702814,
    0.044253414102237335,
    0.0439867840571837,
    0.04435816750269044,
    0.04396919182247736,
    0.043735805590721696,
    0.04234183558686213,
    0.042414315093986014,
    0.04246691977435892,
    0.04232029194181616,
    0.04227699685164474,
    0.04150291972200979,
    0.04211537915027955,
    0.041767887732183394,
    0.04089044115082784,
    0.04237211963331158,
    0.04061313334683126,
    0.03896898353811015,
    0.03976260049268603,
    0.04066166446798227,
    0.040163641680370676,
    0.03914247853173451,
    0.04073936515741727,
    0.04112051453780045,
    0.038519639489664276,
    0.03935939697040752,
    0.03898311767896468,
    0.039120177724822,
    0.03884498890658671,
    0.03889554969458417,
    0.03812459313056686,
    0.03852880794046955,
    0.03841371643610976,
    0.03824461327188395,
    0.03836520615287803
  ],
  "val_loss": [
    0.1372418471146375,
    0.10168840035330504,
    0.08839120386401192,
    0.0672814621240832,
    0.057635021622991195,
    0.06276035920600408,
    0.05354759893380106,
    0.054626643622759735,
    0.060676960804266857,
    0.04556485469220207,
    0.04613362432573922,
    0.051696759095648304,
    0.04267781969392672,
    0.0528258852136787,
    0.04956028512096965,
    0.06404076751787216,
    0.058476347522810106,
    0.0449200592644047,
    0.04226327419164591,
    0.04095401048543863,
    0.05335350283421576,
    0.049417620722670114,
    0.05398526102071628,
    0.052368767335428855,
    0.049259621158125814,
    0.05452080996474251,
    0.048280728407553396,
    0.052586271273321473,
    0.03880326526123099,
    0.041144873035955244,
    0.04334375984035432,
    0.042115093342727054,
    0.04316573955002241,
    0.03688988097419497,
    0.047892444330500446,
    0.0451290328608593,
    0.0423530776402913,
    0.04767499234876596,
    0.040458545656292706,
    0.04127075457072351,
    0.04972711869922933,
    0.041304679284803573,
    0.044916524027939886,
    0.049785235791932794,
    0.04646402554644738,
    0.0443400927237235,
    0.048357830682653,
    0.04948328139435035,
    0.045279314237996006,
    0.041755037833354436,
    0.04882422184455209,
    0.045590402570087465,
    0.04578762476448901,
    0.04900353757257108,
    0.04546941541775596,
    0.0462133120832732,
    0.0482076136773685,
    0.04474519000796136,
    0.04413455211906694,
    0.04406305097509176,
    0.04684805150318425,
    0.0466827877186006,
    0.04434180907846894,
    0.04629069419752341
  ],
  "epochs": [
    0,
    1,
    2,
    3,
    4,
    5,
    6,
    7,
    8,
    9,
    10,
    11,
    12,
    13,
    14,
    15,
    16,
    17,
    18,
    19,
    20,
    21,
    22,
    23,
    24,
    25,
    26,
    27,
    28,
    29,
    30,
    31,
    32,
    33,
    34,
    35,
    36,
    37,
    38,
    39,
    40,
    41,
    42,
    43,
    44,
    45,
    46,
    47,
    48,
    49,
    50,
    51,
    52,
    53,
    54,
    55,
    56,
    57,
    58,
    59,
    60,
    61,
    62,
    63
  ]
}