{
  "train_loss": [
    0.3027048068290407,
    0.15952180260961707,
    0.1326252748275345,
    0.11375830023803496,
    0.09974745626476678,
    0.09205618244003166,
    0.08434648127379743,
    0.08004071912982247,
    0.07665119593116371,
    0.07470310584049333,
    0.07188996878198602,
    0.06851376682181251,
    0.06680452016944236,
    0.0665775540098548,
    0.064240059544417,
    0.06263729752126065,
    0.060923208326778625,
    0.06111097310415724,
    0.06061318056827243,
    0.05916050792248412,
    0.05773037240586498,
    0.056621408912945884,
    0.05688237564468926,
    0.05603862968696789,
    0.054719855231656275,
    0.05428019295700572,
    0.05456843341785399,
    0.05404256414114075,
    0.05398522865873846,
    0.05389500931751999,
    0.05224465746263211,
    0.05171926178546115,
    0.05256820944899863,
    0.05182096974585544,
    0.051556895270266315,
    0.05186292757026174,
    0.05108168621632186,
    0.05073542499068109,
    0.04983716010200707,
    0.049936732658269735,
    0.049578816399655556,
    0.04858875147490339,
    0.04903591140935368,
    0.049193925120952456,
    0.0479425219598819,
    0.04925311278551817,
    0.04858455494554205,
    0.0479567456330088,
    0.04741768872365355,
    0.04746335756710984,
    0.04808100350878455,
    0.048466031932356685,
    0.04707007844339718,
    0.04824779056520625,
    0.04715521998364817,
    0.048004827533255925,
    0.04707847599786791,
    0.04672141833569517,
    0.04631381917406212,
    0.04611985641954975,
    0.046332066060805865,
    0.04533528623933142,
    0.044836302513087345,
    0.044247619629922234,
    0.044984099268913266,
    0.04481199745935473,
    0.04378315883434632,
    0.04479984276335347,
    0.043842106945812705,
    0.04395908599888737,
    0.04299209949475798,
    0.043636455129493365,
    0.04356571122326634,
    0.04419434993104501,
    0.04299831227653406,
    0.04331095411018891,
    0.04364019916138866,
    0.04322398060255431,
    0.04363695630465042,
    0.04327833553945477
  ],
  "val_loss": [
    0.15430443091318014,
    0.11600836392026395,
    0.09326607006369159,
    0.07617066878592596,
    0.06637099385261536,
    0.06262333176564425,
    0.05984671362675727,
    0.05652043740265072,
    0.05301877588499338,
    0.0512410162074957,
    0.05538163391174749,
    0.04954638234921731,
    0.055590790364658464,
    0.0525122495891992,
    0.04808151901816018,
    0.05069915118510836,
    0.04819080219021998,
    0.05166706517338753,
    0.04728384460904636,
    0.0462480538932141,
    0.047961064334958795,
    0.0469387186341919,
    0.04367332241963595,
    0.04435247805668041,
    0.043596133840037514,
    0.046290682151447986,
    0.0467275912174955,
    0.045322448894148694,
    0.046532214066246524,
    0.043396490800660104,
    0.04084977325983346,
    0.04656127567286603,
    0.04313947953924071,
    0.04507491966360249,
    0.04182566034724004,
    0.04223732136888429,
    0.04258592819969636,
    0.042166476621059705,
    0.0428528824064415,
    0.04080961262225173,
    0.04303715016576462,
    0.04160042155417614,
    0.040235573239624504,
    0.04208827989059501,
    0.0424415961606428,
    0.03929373792198021,
    0.040270005830097946,
    0.041729035731987094,
    0.043221324559999635,
    0.03798894388601184,
    0.042584959976375104,
    0.04193893559859135,
    0.04456655548710842,
    0.03855927292024717,
    0.0399975174368592,
    0.038039088851655835,
    0.040756400223472156,
    0.04217415272723884,
    0.03814194819424302,
    0.03860199454065878,
    0.03969620503485203,
    0.03849597687658388,
    0.03810862212267239,
    0.03836430160445161,
    0.038098532444564626,
    0.03813712460396346,
    0.03973648448300082,
    0.03835615290445275,
    0.04004064410692081,
    0.03865180237044115,
    0.040052875818219036,
    0.03855426671798341,
    0.03883076635829639,
    0.038447214078041726,
    0.03935733487014659,
    0.038764256011927505,
    0.03876319926348515,
    0.038957007744465956,
    0.038940514303976666,
    0.038303969896514904
  ],
  "epochs": [
    0,
    1,
    2,
    3,
    4,
    5,
    6,
    7,
    8,
    9,
    10,
    11,
    12,
    13,
    14,
    15,
    16,
    17,
    18,
    19,
    20,
    21,
    22,
    23,
    24,
    25,
    26,
    27,
    28,
    29,
    30,
    31,
    32,
    33,
    34,
    35,
    36,
    37,
    38,
    39,
    40,
    41,
    42,
    43,
    44,
    45,
    46,
    47,
    48,
    49,
    50,
    51,
    52,
    53,
    54,
    55,
    56,
    57,
    58,
    59,
    60,
    61,
    62,
    63,
    64,
    65,
    66,
    67,
    68,
    69,
    70,
    71,
    72,
    73,
    74,
    75,
    76,
    77,
    78,
    79
  ]
}