{
  "train_loss": [
    0.3110206733373079,
    0.15241315496238794,
    0.1185931990227916,
    0.10065030230717226,
    0.08852881337431345,
    0.08029322419654239,
    0.07588643772358244,
    0.07037383432754062,
    0.06753118711100384,
    0.065216320221397,
    0.06234680729494854,
    0.061373637589541355,
    0.057731959315186196,
    0.056944441744549705,
    0.05535404907031493,
    0.05500524655323137,
    0.05305142504417083,
    0.052171690552072096,
    0.05186946805566549,
    0.05091450837186792,
    0.050196828545833176,
    0.04899968515573578,
    0.04907166008414193,
    0.04798791191286661,
    0.0476252163506367,
    0.047379075879739094,
    0.046316163279116154,
    0.04581327055157586,
    0.046485961858521815,
    0.046281219228086146,
    0.0449499426138672,
    0.04496232774447311,
    0.04372022703967311,
    0.044195211201228886,
    0.04437988453121348,
    0.04337944387712262,
    0.04341676247898828,
    0.043331217127428816,
    0.04319837622344494,
    0.042836903252384886,
    0.043504588046873155,
    0.041858754764226354,
    0.04114876974882051,
    0.04236370524391532,
    0.042092906170609325,
    0.04187075109983032,
    0.04136010701344772,
    0.041514891638335855,
    0.04180737831714479,
    0.04089439799162475,
    0.039560448739000345,
    0.0393973200598901,
    0.040135682509704076,
    0.03933579822663557,
    0.03850759205323728,
    0.03948165372352709,
    0.03846082957969471,
    0.0385757511515509,
    0.039967849058183756,
    0.038838734968819406,
    0.038111370845951814,
    0.03835413482209498,
    0.03861490979282694,
    0.03836299021982334,
    0.037778118654069576,
    0.03804710666056384,
    0.03852483752268282,
    0.038314425886016
  ],
  "val_loss": [
    0.15250724367797375,
    0.10362555915489793,
    0.0797219116706401,
    0.0677423736313358,
    0.06064898682525382,
    0.0545140230213292,
    0.05465589342056774,
    0.04695760828326457,
    0.04828317267238163,
    0.050371018931036814,
    0.04646436657058075,
    0.052845701971091334,
    0.044648243940901014,
    0.048077716026455164,
    0.04837835084181279,
    0.04474761947058141,
    0.04072289813193493,
    0.04211242370656691,
    0.045429446140769866,
    0.04629004083108157,
    0.04803564958856442,
    0.04397965263342485,
    0.05605969208991155,
    0.04608478040900081,
    0.043164364527910955,
    0.04266524303820916,
    0.04041101934853941,
    0.04647353158798069,
    0.044239162877784115,
    0.04341988777159713,
    0.043735222291434186,
    0.03962653235066682,
    0.04575563532998786,
    0.04453918584913481,
    0.046835336092044606,
    0.043867963406955826,
    0.0431469016999472,
    0.03941660010896158,
    0.049050471547525384,
    0.046498570611584,
    0.048487634252524,
    0.046808758730185224,
    0.053299094885005616,
    0.04668241849867627,
    0.05138331953203305,
    0.045282402914017444,
    0.04764501289173495,
    0.050109413653262894,
    0.04845158896641806,
    0.04497679223131854,
    0.044352501406683585,
    0.04513348851760384,
    0.04356205204676371,
    0.04864054818172008,
    0.044185398452100344,
    0.04628083938732743,
    0.05219372438441497,
    0.049796502804383636,
    0.05044082702079322,
    0.04568500524910633,
    0.04357598046481144,
    0.04789796108962037,
    0.047382871501031334,
    0.04791280521312729,
    0.04761912175454199,
    0.04896100934129209,
    0.04651447080541402,
    0.050329183676512915
  ],
  "epochs": [
    0,
    1,
    2,
    3,
    4,
    5,
    6,
    7,
    8,
    9,
    10,
    11,
    12,
    13,
    14,
    15,
    16,
    17,
    18,
    19,
    20,
    21,
    22,
    23,
    24,
    25,
    26,
    27,
    28,
    29,
    30,
    31,
    32,
    33,
    34,
    35,
    36,
    37,
    38,
    39,
    40,
    41,
    42,
    43,
    44,
    45,
    46,
    47,
    48,
    49,
    50,
    51,
    52,
    53,
    54,
    55,
    56,
    57,
    58,
    59,
    60,
    61,
    62,
    63,
    64,
    65,
    66,
    67
  ]
}