{
  "train_loss": [
    0.26190539410168473,
    0.14558434085412458,
    0.12181533663787626,
    0.10047653956846758,
    0.08641428607769988,
    0.07757506401024081,
    0.07243290044705977,
    0.0675724565407092,
    0.06489235938272694,
    0.06200781285085462,
    0.060143062692474235,
    0.05815283500674097,
    0.0553774687952616,
    0.053788081605664714,
    0.053540375198830266,
    0.052375722425905144,
    0.05172763875431636,
    0.049967939440499654,
    0.049862884940071545,
    0.04928696437992833,
    0.04849722970954397,
    0.047967974377626725,
    0.04625882962210612,
    0.045451573765074665,
    0.04586528404700485,
    0.046364851339974186,
    0.044845249100842255,
    0.04551106636327776,
    0.04453744692558592,
    0.04421533095565709,
    0.04394005173139952,
    0.043232997325672345,
    0.04388933633030816,
    0.0425314163653688,
    0.04271201546049931,
    0.04249807698313486,
    0.04253855046900837,
    0.04132593693042343,
    0.04130425434220921,
    0.04223998046056791,
    0.04109230347147042,
    0.041194623195650905,
    0.041172931634567,
    0.04076225867156278,
    0.04041334719312462,
    0.04004248288714073,
    0.04182354562661865,
    0.04039457022466443,
    0.03967671654779803,
    0.040273042807186195,
    0.03991965162144466,
    0.03946724293584174,
    0.03835150249979713,
    0.038999180939387194,
    0.03798632791435177,
    0.038056479772044856,
    0.03737289355729114,
    0.037740707057104875,
    0.03769941068508408,
    0.037224790881472555,
    0.036959297265857456,
    0.03761298753405837,
    0.03658265224234624,
    0.036647943620654676,
    0.037828732153231445,
    0.03706546646712179,
    0.03703880527226085,
    0.03706947238353843,
    0.03717766224999319,
    0.037301872777329256,
    0.037093198389153585,
    0.03599662496115674,
    0.03653409500098364,
    0.037308349953964356,
    0.035915400115773086,
    0.036380394878373905,
    0.03563989842310548,
    0.036176759896122596,
    0.03603567041626031,
    0.03633937069299546,
    0.03580250345932489,
    0.03645474614406174,
    0.03591193322600289,
    0.0368074903535572,
    0.0369104372642257,
    0.035982523666356105,
    0.03544271407310259,
    0.036421469007195395,
    0.036546989852054554
  ],
  "val_loss": [
    0.14040144993923603,
    0.1169652195647359,
    0.08834645878523589,
    0.06508243870921433,
    0.056040651898365476,
    0.055952060164418074,
    0.04729972431669012,
    0.04561691639828496,
    0.04482603331562132,
    0.04340008178260178,
    0.046288468549028045,
    0.03918283449020237,
    0.04051771137746983,
    0.041822231590049344,
    0.036440355473314416,
    0.039385225219302815,
    0.03708077367919032,
    0.03663785226817708,
    0.036599039277643894,
    0.0367648616200313,
    0.036207597516477105,
    0.036339579039486126,
    0.03803773881227244,
    0.03518408374802675,
    0.03512667824106757,
    0.035191462413058615,
    0.03615993969433475,
    0.03758466580184177,
    0.03603784795559477,
    0.03607752560346853,
    0.03736691846279428,
    0.0341048140602652,
    0.03436734206625261,
    0.03547993699030485,
    0.03866296944615897,
    0.03487684690917377,
    0.03255640583811328,
    0.035562386433593926,
    0.032746470355778004,
    0.03551300759718288,
    0.03202421002206393,
    0.03534279039886314,
    0.03163531777099706,
    0.03350650922220666,
    0.03231911269249395,
    0.032592271958128555,
    0.03168727301235776,
    0.03566135946311988,
    0.03644648273766506,
    0.03289284610946197,
    0.031900633958866824,
    0.03255119744571857,
    0.03388838755199686,
    0.034084266904392285,
    0.032449770253151655,
    0.03282738886482548,
    0.03145814143645111,
    0.030946379809756765,
    0.030913135610171595,
    0.03148043134715408,
    0.03229154738073703,
    0.032942198571981864,
    0.03369048527965788,
    0.033778083304059695,
    0.03102908988366835,
    0.03336607425881084,
    0.03552279983123299,
    0.033866994755226185,
    0.033409517712425445,
    0.034257431881269444,
    0.03247265826794319,
    0.03312621787772514,
    0.032341016212012616,
    0.03277482351404615,
    0.03249833128065802,
    0.032990119211899586,
    0.032010869315126915,
    0.03236362557217945,
    0.03158060818095692,
    0.03199100485944655,
    0.031744068292027805,
    0.03220289924356621,
    0.03243331539124483,
    0.032165752077708026,
    0.032572260903543794,
    0.03302082855079789,
    0.0319955944432877,
    0.031919629113690465,
    0.032864177625742744
  ],
  "epochs": [
    0,
    1,
    2,
    3,
    4,
    5,
    6,
    7,
    8,
    9,
    10,
    11,
    12,
    13,
    14,
    15,
    16,
    17,
    18,
    19,
    20,
    21,
    22,
    23,
    24,
    25,
    26,
    27,
    28,
    29,
    30,
    31,
    32,
    33,
    34,
    35,
    36,
    37,
    38,
    39,
    40,
    41,
    42,
    43,
    44,
    45,
    46,
    47,
    48,
    49,
    50,
    51,
    52,
    53,
    54,
    55,
    56,
    57,
    58,
    59,
    60,
    61,
    62,
    63,
    64,
    65,
    66,
    67,
    68,
    69,
    70,
    71,
    72,
    73,
    74,
    75,
    76,
    77,
    78,
    79,
    80,
    81,
    82,
    83,
    84,
    85,
    86,
    87,
    88
  ]
}