{
  "train_loss": [
    0.24776962505145508,
    0.15565066631544722,
    0.11848280286924406,
    0.09897053641351786,
    0.08699764688583937,
    0.08004049232060259,
    0.07610436535017057,
    0.07048510780049996,
    0.06721339838748629,
    0.06422995020720093,
    0.060828342024575585,
    0.05980229114944285,
    0.05791148088533771,
    0.056157766455276446,
    0.05473126616328955,
    0.05392709392038259,
    0.05238007295030085,
    0.05112612209028819,
    0.05006713547151197,
    0.049627579255876214,
    0.04903923208232631,
    0.04804293573241342,
    0.04695417642932047,
    0.04566546686840328,
    0.044777018106119205,
    0.045115385384044866,
    0.044731255671517416,
    0.04406154515391047,
    0.044280121715908706,
    0.04352961749685082,
    0.04270610323853114,
    0.04293823980810967,
    0.04307348682629791,
    0.04293796031312509,
    0.04175244866785678,
    0.041533078163523564,
    0.04096168727021326,
    0.040754458340392874,
    0.04030888529155743,
    0.03964356802065264,
    0.0403522555987266,
    0.040332332568412475,
    0.03931089792061936,
    0.03882141035388817,
    0.03806233094666492,
    0.03893236798488281,
    0.03797666346823627,
    0.037922022053125226,
    0.03808737071908333,
    0.03850825101137161,
    0.03845488774166866,
    0.037540007516403094,
    0.038449476198716595,
    0.03777293319390579,
    0.037895672385665505,
    0.037815382715991955,
    0.03793170983479782,
    0.036202202764424415,
    0.03739360673522408,
    0.037463032542304556,
    0.036642753884873605,
    0.036863547988574615,
    0.03748668822544543,
    0.03648442049087448,
    0.03725605529987,
    0.03673788301816041,
    0.036920838367871266,
    0.03698219711807641,
    0.03601954625072804,
    0.036904675547372215,
    0.03635686571117152,
    0.03592171217060902,
    0.03676953669129447,
    0.036136447087946263,
    0.03804038198156791
  ],
  "val_loss": [
    0.15420022057369354,
    0.10252725379541516,
    0.08131251122104005,
    0.0737159924581647,
    0.06065771220019087,
    0.05902353192213923,
    0.060167867259588094,
    0.05661512243095786,
    0.048889901366783305,
    0.044817514542955905,
    0.05433991596801207,
    0.04595771335880272,
    0.04715891971136443,
    0.05017546763992869,
    0.04088140441454016,
    0.04089948880136944,
    0.039258542866446075,
    0.04185302825644612,
    0.04843498714617454,
    0.050191423873184246,
    0.04917688645073213,
    0.03710793883656152,
    0.038939624017803,
    0.04182454984984361,
    0.03971590167493559,
    0.037439067964442074,
    0.037813895806903024,
    0.04927293164655566,
    0.04061496730428189,
    0.03600433875108138,
    0.039004004781600085,
    0.051896227052202454,
    0.04046881361864507,
    0.046560925163794314,
    0.04390176395536401,
    0.03882425646588672,
    0.03950327753846068,
    0.040902490547159685,
    0.040205091278767216,
    0.04537847225437872,
    0.040668827859917656,
    0.03887694208242465,
    0.0370748660992831,
    0.03921996075368952,
    0.03589402534707915,
    0.036068538419203836,
    0.0391291325504426,
    0.04082649787887931,
    0.04159671839734074,
    0.04263087569270283,
    0.038498790690209714,
    0.04216497587331105,
    0.04120403626584448,
    0.04254654046089854,
    0.03944753422983922,
    0.040244539492414334,
    0.03892879401682876,
    0.0393644008145202,
    0.04030599918623921,
    0.04120455457014032,
    0.03937165953102522,
    0.0394028249924304,
    0.03931445055059157,
    0.03950776237179525,
    0.03906527053914033,
    0.040209610559395516,
    0.039302815837436354,
    0.04068985887570307,
    0.03850663763296325,
    0.03927907649776898,
    0.03986386310134549,
    0.0398461155797122,
    0.040328461094759405,
    0.0408951821475057,
    0.03797474318998866
  ],
  "epochs": [
    0,
    1,
    2,
    3,
    4,
    5,
    6,
    7,
    8,
    9,
    10,
    11,
    12,
    13,
    14,
    15,
    16,
    17,
    18,
    19,
    20,
    21,
    22,
    23,
    24,
    25,
    26,
    27,
    28,
    29,
    30,
    31,
    32,
    33,
    34,
    35,
    36,
    37,
    38,
    39,
    40,
    41,
    42,
    43,
    44,
    45,
    46,
    47,
    48,
    49,
    50,
    51,
    52,
    53,
    54,
    55,
    56,
    57,
    58,
    59,
    60,
    61,
    62,
    63,
    64,
    65,
    66,
    67,
    68,
    69,
    70,
    71,
    72,
    73,
    74
  ]
}