{
  "train_loss": [
    0.3521013900502162,
    0.1272891955890439,
    0.09924151190302588,
    0.08546049764887853,
    0.07647447330369192,
    0.0719326186213981,
    0.06776618967679414,
    0.06315357780930671,
    0.061349225470965565,
    0.06054781555790793,
    0.05705843253907833,
    0.056122221831570965,
    0.053759370747615,
    0.052667882352728734,
    0.052539722343737424,
    0.05006853803484278,
    0.04923211384733969,
    0.04971741150556641,
    0.04732480788095431,
    0.04753586316481233,
    0.046448099044236274,
    0.04658768204802816,
    0.0446847556497563,
    0.04409390982240439,
    0.04357378241521391,
    0.04356635911051522,
    0.0430572308735414,
    0.04280744288286025,
    0.04194713574918833,
    0.04195666701448235,
    0.041029238435016435,
    0.041310281699353996,
    0.04127487577328628,
    0.04041422937404026,
    0.04038487956774506,
    0.04029500824991952,
    0.04033585235815157,
    0.03864589740098877,
    0.03991801772605289,
    0.03911184895275669,
    0.03848760550503027,
    0.03904991948977113,
    0.038983747754246,
    0.03709738475524567,
    0.03752801191231067,
    0.03669227829372341,
    0.03715716021304781,
    0.03653219627893784,
    0.03674789666790854,
    0.03642520424994555,
    0.03709054402837699,
    0.03598620225082744,
    0.03599807877601548,
    0.035803936973891476,
    0.03485870295796882,
    0.034018502915278075,
    0.03338246888227083,
    0.03333653562109579,
    0.034192381340333006,
    0.03319774855182252,
    0.03337255414575339,
    0.03342227239500393,
    0.03317266273312271,
    0.032314123770391404,
    0.033773922100663184,
    0.03271635895594954,
    0.032766826890239666,
    0.033116851798682054,
    0.03296255032785915,
    0.032852850740098145,
    0.03298229401253841,
    0.03309173490682786,
    0.03203017893839966,
    0.032293127318844206,
    0.03249864657324824,
    0.03272506110878154,
    0.031981988567858936,
    0.032182911566712644,
    0.032004536204886705,
    0.031733630980280314,
    0.03245218104767529,
    0.03178265133872628,
    0.03215740639547056,
    0.032090494984083555,
    0.031181013049049813,
    0.031874183267354965,
    0.03100068431855603
  ],
  "val_loss": [
    0.12362478110007942,
    0.08171230626758189,
    0.06327079600887374,
    0.05891780568053946,
    0.05079193422570825,
    0.05012541220057756,
    0.052101929276250306,
    0.04650821672985331,
    0.04547860579332337,
    0.04455175792681985,
    0.04650807627476752,
    0.04413805375806988,
    0.04602108087856323,
    0.040894795552594586,
    0.04177605194272473,
    0.04368167846696451,
    0.03871234814287163,
    0.03587174006097485,
    0.03834583272400778,
    0.03906989933166188,
    0.03430222547613085,
    0.038429573687608354,
    0.036087562976172195,
    0.03479067489097361,
    0.033641410950804126,
    0.0385488900297787,
    0.03725053887465037,
    0.03394454168737866,
    0.03227735879190732,
    0.03408692252123729,
    0.03356871146534104,
    0.034014311424107296,
    0.038415976020041855,
    0.037956178677268325,
    0.03205583677336108,
    0.03397432030178607,
    0.03257244968262967,
    0.030958950574859045,
    0.033941948879510166,
    0.033306955566513356,
    0.03639952800876927,
    0.031596767733572055,
    0.03264456053439062,
    0.03004122488491703,
    0.03166955679189414,
    0.03194365849776659,
    0.03394990066881292,
    0.035112684630439615,
    0.03125993615249172,
    0.032096711508347656,
    0.035454558691708375,
    0.03180296516220551,
    0.034513975336449225,
    0.032330390883726065,
    0.030586444574873896,
    0.031160883998381905,
    0.0289486206806032,
    0.030978318248526197,
    0.030540950185968543,
    0.03045040712167975,
    0.0313847310928395,
    0.031131884883507155,
    0.030040713149355726,
    0.029066576395416634,
    0.0315931582270423,
    0.030006951256655156,
    0.031859175261342895,
    0.030623277634731494,
    0.031447566783754155,
    0.0308700760564534,
    0.030346038690186105,
    0.03017060228448827,
    0.030425401005777532,
    0.029861168892239224,
    0.02981463101168629,
    0.030019712445209738,
    0.029413200635463002,
    0.029636558593483645,
    0.029871314991032703,
    0.030089108331594616,
    0.030452974524814637,
    0.029598638674360703,
    0.030038762121694162,
    0.029459152466733942,
    0.029756337817525493,
    0.029380155677790756,
    0.02937853853509296
  ],
  "epochs": [
    0,
    1,
    2,
    3,
    4,
    5,
    6,
    7,
    8,
    9,
    10,
    11,
    12,
    13,
    14,
    15,
    16,
    17,
    18,
    19,
    20,
    21,
    22,
    23,
    24,
    25,
    26,
    27,
    28,
    29,
    30,
    31,
    32,
    33,
    34,
    35,
    36,
    37,
    38,
    39,
    40,
    41,
    42,
    43,
    44,
    45,
    46,
    47,
    48,
    49,
    50,
    51,
    52,
    53,
    54,
    55,
    56,
    57,
    58,
    59,
    60,
    61,
    62,
    63,
    64,
    65,
    66,
    67,
    68,
    69,
    70,
    71,
    72,
    73,
    74,
    75,
    76,
    77,
    78,
    79,
    80,
    81,
    82,
    83,
    84,
    85,
    86
  ]
}