{
  "train_loss": [
    0.31072952985763547,
    0.1477500817653808,
    0.12061970945109021,
    0.10150124203752388,
    0.09090008175169881,
    0.08303003862161527,
    0.07840634028342638,
    0.07474150411107323,
    0.07206502584571188,
    0.06903299291025508,
    0.06707163056528026,
    0.06580318736420437,
    0.06325273670256137,
    0.06114743433215403,
    0.06052478257905354,
    0.058713423074646436,
    0.05863601756705479,
    0.056401801383630795,
    0.05566177304834127,
    0.05542860854755749,
    0.05386623238636689,
    0.0539731631021608,
    0.05317700063132427,
    0.05129796298390085,
    0.05153894559226253,
    0.05212494483894923,
    0.0523755684596571,
    0.05008854673498056,
    0.05006784586574543,
    0.0500083794140003,
    0.048976623967967245,
    0.04920363073660569,
    0.048505719429390005,
    0.04693442635238171,
    0.04739707701585509,
    0.04771278094330972,
    0.04669787814671343,
    0.04711316420950673,
    0.0472581983239136,
    0.04789952249858867,
    0.0471513838016174,
    0.04554381978952072,
    0.04586208003827117,
    0.0461732589605857,
    0.04549214245412837,
    0.04558532228524035,
    0.046023395874283536,
    0.04444254144687544,
    0.04488249291750517,
    0.044469069122252146,
    0.04374251434918155,
    0.043639629183506425,
    0.043807413276623595,
    0.043737996699796486,
    0.04457944692366503,
    0.042829121976074844,
    0.04437035322866656,
    0.04301235800608993,
    0.042510734852403406,
    0.04278725802729076,
    0.04381776901131326,
    0.043660357470878146,
    0.04248884234408086,
    0.04377901012755253,
    0.043459539156068455,
    0.04241118907420473,
    0.042282410628077666,
    0.04081545456735925,
    0.04131649395620281,
    0.04118696937168187,
    0.040769517414949163,
    0.040779202898794956,
    0.04053141418505799,
    0.040689663580534136,
    0.03991050705821677,
    0.040333300649442454,
    0.04083030347966335,
    0.04104919506744905,
    0.04071099382232536,
    0.03937643245370551,
    0.039995577655393966,
    0.03856583078137853,
    0.04001168046485294,
    0.03982259443029761,
    0.039666974376887085,
    0.040030080797997386
  ],
  "val_loss": [
    0.1356227579060942,
    0.11033959961496294,
    0.08745353696867823,
    0.06849154053488746,
    0.0641726222122088,
    0.06219929307117128,
    0.054270979645662014,
    0.05299251693650149,
    0.049445161822950466,
    0.05094691331032664,
    0.05089879249571823,
    0.05194765008054674,
    0.04699455953668803,
    0.04573399891960435,
    0.049330976401688535,
    0.04466046109446325,
    0.043698750721523544,
    0.043700620869640265,
    0.0428184986463748,
    0.04289419750566595,
    0.04084390334319323,
    0.04327085403492674,
    0.04515558659331874,
    0.041405908105662095,
    0.04305526221869514,
    0.04000358271005098,
    0.04263394641457126,
    0.04391815175767989,
    0.04071926959150005,
    0.045793386048171666,
    0.04472246334189549,
    0.0502074266638374,
    0.04355137992242817,
    0.045252869473188184,
    0.0442055673658615,
    0.0409903249150375,
    0.039425493881572043,
    0.05063917983788997,
    0.04306210335053038,
    0.04269359042518772,
    0.043503557180520146,
    0.03908971664204728,
    0.043132249591872104,
    0.04158969732816331,
    0.04551105949794874,
    0.04110440866206773,
    0.049893932254053655,
    0.04263845559908077,
    0.049411680328194055,
    0.04390103160403669,
    0.041608057462144646,
    0.038453339590341785,
    0.04570151147199795,
    0.043358918686863035,
    0.04026190940057859,
    0.037665644247317685,
    0.04219719162501861,
    0.04260507269063965,
    0.04252969343215227,
    0.0437574181414675,
    0.04298240008647554,
    0.04301920639409219,
    0.044756341565516784,
    0.03942199424200226,
    0.04070877174090129,
    0.04311346435570158,
    0.042113792616873987,
    0.04195087166444864,
    0.039886620274046436,
    0.039429629355436195,
    0.042005549184978015,
    0.04371788549469784,
    0.04122759714373388,
    0.04309274844126776,
    0.04243364298308734,
    0.042170952263404615,
    0.04178636478609406,
    0.04111297625058796,
    0.043290351744508376,
    0.04161609223228879,
    0.041048642183886846,
    0.04168574024224654,
    0.041619636942050425,
    0.04356800359091721,
    0.039952923668897716,
    0.04300630500074476
  ],
  "epochs": [
    0,
    1,
    2,
    3,
    4,
    5,
    6,
    7,
    8,
    9,
    10,
    11,
    12,
    13,
    14,
    15,
    16,
    17,
    18,
    19,
    20,
    21,
    22,
    23,
    24,
    25,
    26,
    27,
    28,
    29,
    30,
    31,
    32,
    33,
    34,
    35,
    36,
    37,
    38,
    39,
    40,
    41,
    42,
    43,
    44,
    45,
    46,
    47,
    48,
    49,
    50,
    51,
    52,
    53,
    54,
    55,
    56,
    57,
    58,
    59,
    60,
    61,
    62,
    63,
    64,
    65,
    66,
    67,
    68,
    69,
    70,
    71,
    72,
    73,
    74,
    75,
    76,
    77,
    78,
    79,
    80,
    81,
    82,
    83,
    84,
    85
  ]
}