{
  "train_loss": [
    0.3044245834377679,
    0.15534654331478207,
    0.12205584986643359,
    0.10286490575156429,
    0.09232473278587516,
    0.08465983701023189,
    0.07997037577696822,
    0.07626049530099739,
    0.07193495564501394,
    0.06933653529394757,
    0.06792855882509188,
    0.06531162754378536,
    0.06439517140388488,
    0.06225915010679853,
    0.061900024674832826,
    0.05995576044036584,
    0.058786763376133006,
    0.057653550945899704,
    0.055938523093407806,
    0.05603740687058731,
    0.05532788327471777,
    0.054029274074868724,
    0.05455596050416882,
    0.05268151441250335,
    0.052753846631808717,
    0.051812277680093596,
    0.051440264614806934,
    0.051290884393859995,
    0.050296962301839485,
    0.05056573464789174,
    0.05051557448946617,
    0.0500524981150573,
    0.04924153156578541,
    0.04996189885518768,
    0.048344188788059086,
    0.048207200958647514,
    0.04843110874803229,
    0.04746941335668618,
    0.04771772009405223,
    0.04657343455336311,
    0.0475510187921199,
    0.046972905676811935,
    0.04638707316395911,
    0.045932059845125134,
    0.047104616852646525,
    0.046477075622163036,
    0.045481533416631546,
    0.04622002301229672,
    0.04504687776281075,
    0.044946827485480095,
    0.0447887771813707,
    0.04438602405515584,
    0.044642057207159025,
    0.045559862897816036,
    0.044783659584142946,
    0.045063752003691414,
    0.04503691329536113,
    0.04377572135322473,
    0.044110012090002954,
    0.04383401336995038,
    0.04416160326451063,
    0.04209563982588324,
    0.0420497429472479,
    0.042169783432036645,
    0.04162605705586347,
    0.041857062701813205,
    0.041710045513781636,
    0.04203825434669853,
    0.04061457560990345,
    0.04235100261697715,
    0.04245326418429613,
    0.04196114141494036,
    0.04214916223998774,
    0.041824344120581045,
    0.041323775105517026,
    0.04109184535050934,
    0.040900837621566925,
    0.041190573930401694,
    0.04066930887374011,
    0.03993066176094792,
    0.04111870839175853,
    0.04004017944532362,
    0.041132657891986044,
    0.04049519148401239,
    0.040819546524435285,
    0.040683253610675985,
    0.03986240662465042,
    0.0406889338859103,
    0.04109546576711265,
    0.04069651373577389,
    0.04053529970686544,
    0.04023658382621678,
    0.04090451035817916,
    0.0407771580344574,
    0.04003107554871928
  ],
  "val_loss": [
    0.1565336894709617,
    0.10833859774284064,
    0.08213372415630146,
    0.06959023734088987,
    0.06578787630423905,
    0.0649560685036704,
    0.056546114641241735,
    0.054098150110803545,
    0.05217350799357519,
    0.049966495658736676,
    0.05365138514316641,
    0.048418864357518035,
    0.04600983061245643,
    0.047237899119500076,
    0.04412746940506622,
    0.043279512575827545,
    0.04669434606912547,
    0.04257688742945902,
    0.04296999757061713,
    0.04093437268165872,
    0.042298039927845824,
    0.0465189086040482,
    0.04522699372028001,
    0.04080440972466022,
    0.03817443661973812,
    0.039383888029260565,
    0.04068565669585951,
    0.0407514360442292,
    0.040148198985843916,
    0.04007737241336144,
    0.037772335574845786,
    0.0435184790432686,
    0.04185124855430331,
    0.041002531579579234,
    0.04086106045288034,
    0.03814492431411054,
    0.04066910776309669,
    0.040773380271275535,
    0.037909722008043906,
    0.0362623764842283,
    0.04116595674131531,
    0.03873727116442752,
    0.03752927570603788,
    0.03600768265605439,
    0.037225484562804924,
    0.038033172488212585,
    0.04071493830415421,
    0.03675391003489494,
    0.03644707560597453,
    0.03397268422413618,
    0.035050838024471884,
    0.0371735685155727,
    0.03503997238003649,
    0.03662978067295626,
    0.03490279940015171,
    0.03740804259723518,
    0.03805008100462146,
    0.03703513197833672,
    0.03647464913665317,
    0.0386579212412471,
    0.03483488829806447,
    0.034096587690874,
    0.03516246891522314,
    0.035510368208633736,
    0.03335818617779296,
    0.034371249060495754,
    0.03531003168900497,
    0.03437578393495642,
    0.034385712575749496,
    0.035288818730623464,
    0.03358637586934492,
    0.03410171715368051,
    0.035278408919111826,
    0.03344878995267209,
    0.03387972285563592,
    0.03431983599148225,
    0.03426289148628712,
    0.03363943633448799,
    0.03501284909434617,
    0.034354578846250663,
    0.033698265955899843,
    0.03427254491252825,
    0.03443227730458603,
    0.0335886700602714,
    0.03494825619272888,
    0.034109330608043824,
    0.033908210968365896,
    0.03388861854618881,
    0.03496671700268053,
    0.03474580275069457,
    0.034106528756092304,
    0.034331067770835944,
    0.03404336170351599,
    0.034707163029816,
    0.034012473336770196
  ],
  "epochs": [
    0,
    1,
    2,
    3,
    4,
    5,
    6,
    7,
    8,
    9,
    10,
    11,
    12,
    13,
    14,
    15,
    16,
    17,
    18,
    19,
    20,
    21,
    22,
    23,
    24,
    25,
    26,
    27,
    28,
    29,
    30,
    31,
    32,
    33,
    34,
    35,
    36,
    37,
    38,
    39,
    40,
    41,
    42,
    43,
    44,
    45,
    46,
    47,
    48,
    49,
    50,
    51,
    52,
    53,
    54,
    55,
    56,
    57,
    58,
    59,
    60,
    61,
    62,
    63,
    64,
    65,
    66,
    67,
    68,
    69,
    70,
    71,
    72,
    73,
    74,
    75,
    76,
    77,
    78,
    79,
    80,
    81,
    82,
    83,
    84,
    85,
    86,
    87,
    88,
    89,
    90,
    91,
    92,
    93,
    94
  ]
}