{
  "train_loss": [
    0.4430215472524816,
    0.2638337045907974,
    0.2534504256465218,
    0.2536080449819565,
    0.2483494986187328,
    0.24794088764624161,
    0.2479302463206378,
    0.2466153556650335,
    0.24680066217075694,
    0.2462311186573722,
    0.24553950997916135,
    0.24702208665284245,
    0.24552382989363236,
    0.24028089371594516,
    0.24031825580380178,
    0.24172840877012772,
    0.23952970531853762,
    0.23815689086914063,
    0.23958459902893414,
    0.23831279006871312,
    0.23842235180464658,
    0.237194302407178,
    0.2387157144871625,
    0.2383708975531838,
    0.23931207819418474,
    0.23718715445561842,
    0.23745153790170495,
    0.23891781053759836,
    0.23823474483056503,
    0.23957735733552413,
    0.23852596120400862,
    0.23850888826630331,
    0.23735768063501878,
    0.23895079628987745,
    0.23697318651459434,
    0.23872820220210336,
    0.23808671994642777,
    0.23891005245122043,
    0.2366048352284865,
    0.23854380304163153,
    0.23515978889031844,
    0.23759966113350608,
    0.23796217983419246,
    0.23883159323172135,
    0.23535113443027844,
    0.23716877915642479
  ],
  "val_loss": [
    0.29622780438512564,
    0.2812905665487051,
    0.2756574098020792,
    0.3014196930453181,
    0.28150115348398685,
    0.276916591450572,
    0.26629805471748114,
    0.2868530433624983,
    0.28072706889361143,
    0.29614067170768976,
    0.2837647283449769,
    0.2942719329148531,
    0.27125807013362646,
    0.2648346396163106,
    0.2646010797470808,
    0.2641114639118314,
    0.26354475133121014,
    0.26418818440288305,
    0.2639070963487029,
    0.26334383711218834,
    0.2633387353271246,
    0.2633999790996313,
    0.26375850290060043,
    0.2631155764684081,
    0.2642526002600789,
    0.26419898867607117,
    0.26328329276293516,
    0.2644416242837906,
    0.2640916174277663,
    0.2631206102669239,
    0.2630822714418173,
    0.26351145654916763,
    0.2632618974894285,
    0.2632139530032873,
    0.2633468108251691,
    0.2634453512728214,
    0.2632353603839874,
    0.2635249048471451,
    0.2633813936263323,
    0.26314895786345005,
    0.2634996008127928,
    0.26324795093387365,
    0.26326629519462585,
    0.26346383057534695,
    0.2633578907698393,
    0.2633342621847987
  ],
  "epochs": [
    0,
    1,
    2,
    3,
    4,
    5,
    6,
    7,
    8,
    9,
    10,
    11,
    12,
    13,
    14,
    15,
    16,
    17,
    18,
    19,
    20,
    21,
    22,
    23,
    24,
    25,
    26,
    27,
    28,
    29,
    30,
    31,
    32,
    33,
    34,
    35,
    36,
    37,
    38,
    39,
    40,
    41,
    42,
    43,
    44,
    45
  ]
}