{
  "train_loss": [
    0.4021932062777606,
    0.2179157571359114,
    0.21224868974902414,
    0.20846089395609768,
    0.20455377183177254,
    0.20369997918605803,
    0.2002599767663262,
    0.19963118894533677,
    0.2051269685680216,
    0.20092954039573668,
    0.20212019058791073,
    0.19959338199008594,
    0.20106789686463095,
    0.19982730854641306,
    0.19846736057238146,
    0.19648968279361725,
    0.19770941490476782,
    0.19502623081207277,
    0.19671252342787657,
    0.19579786685380068,
    0.19446118514646182,
    0.1950217152183706,
    0.19522322524677624
  ],
  "val_loss": [
    0.2532686246559024,
    0.2365141874179244,
    0.25359354075044394,
    0.23998478055000305,
    0.24009760655462742,
    0.2407469665631652,
    0.23914572224020958,
    0.2327908994629979,
    0.23902106005698442,
    0.24602121580392122,
    0.2350809033960104,
    0.23893772717565298,
    0.23985104821622372,
    0.24558253306895494,
    0.23739667888730764,
    0.23758475854992867,
    0.23680101707577705,
    0.23660925962030888,
    0.23718458507210016,
    0.23797867726534605,
    0.23732664808630943,
    0.23692556843161583,
    0.2370365709066391
  ],
  "epochs": [
    0,
    1,
    2,
    3,
    4,
    5,
    6,
    7,
    8,
    9,
    10,
    11,
    12,
    13,
    14,
    15,
    16,
    17,
    18,
    19,
    20,
    21,
    22
  ]
}