{
  "train_loss": [
    0.4633267313241959,
    0.2906179222193631,
    0.28328686979683965,
    0.277198402448134,
    0.2787602169947191,
    0.2768726825714111,
    0.27392236644571477,
    0.27418684634295376,
    0.2731472221287814,
    0.2779015757820823,
    0.2744651122526689,
    0.27220622544938866,
    0.269896214929494,
    0.2725157092918049,
    0.2738867935809222,
    0.27372469441457226,
    0.27117140916260807,
    0.27419921376488426,
    0.27117615775628523,
    0.26958648752082476,
    0.2710705361583016,
    0.27110750648108395,
    0.26890753507614135,
    0.26991777988997373,
    0.268125887892463,
    0.27168921286409553,
    0.2673026063225486,
    0.2669396890835328,
    0.26642191247506575,
    0.2657218098640442,
    0.2654344100843776,
    0.266257260333408,
    0.26465354480526665,
    0.26585893360051244,
    0.2654167587106878,
    0.2615010990337892,
    0.26342183378609746,
    0.26454433825883,
    0.2641747772693634,
    0.26563989249142733,
    0.26316280419176274,
    0.2644889696077867,
    0.26288717009804463,
    0.26438662599433554,
    0.26572013145143336,
    0.26489255807616496,
    0.26392090022563935,
    0.26529107960787685,
    0.26527231308546934,
    0.26545965265144,
    0.2646176422184164,
    0.26358687850562007,
    0.26429007893258877,
    0.2651577824896032,
    0.264782330122861,
    0.2642868020317771,
    0.26395799355073407,
    0.2653542553836649,
    0.2641624174334786,
    0.264509176124226
  ],
  "val_loss": [
    0.3355185966938734,
    0.30055878311395645,
    0.3180244956165552,
    0.29981952626258135,
    0.30968893971294165,
    0.32113585248589516,
    0.30255407840013504,
    0.29767895489931107,
    0.3010144894942641,
    0.3012936804443598,
    0.30711392872035503,
    0.3004615353420377,
    0.29762844182550907,
    0.2971370704472065,
    0.31992876809090376,
    0.3092813342809677,
    0.3174660708755255,
    0.30311034712940454,
    0.29786907229572535,
    0.29388728365302086,
    0.29439250845462084,
    0.296162529848516,
    0.29646820947527885,
    0.3016390688717365,
    0.3068267358466983,
    0.2988263163715601,
    0.2926311418414116,
    0.291915126144886,
    0.29306101240217686,
    0.29244469944387674,
    0.2921144710853696,
    0.29309977777302265,
    0.2922403998672962,
    0.2931903647258878,
    0.29222359508275986,
    0.2918001404032111,
    0.29209329281002283,
    0.2923931581899524,
    0.2923971936106682,
    0.29263568110764027,
    0.29200907424092293,
    0.29214433394372463,
    0.2924874611198902,
    0.29218839947134256,
    0.291657792404294,
    0.2922089919447899,
    0.2918792115524411,
    0.29237934201955795,
    0.29242802783846855,
    0.29216400627046824,
    0.2917637890204787,
    0.292161219753325,
    0.29233449045568705,
    0.2921291310340166,
    0.29257000144571066,
    0.29255138523876667,
    0.29210363421589136,
    0.2920663896948099,
    0.29228939954191446,
    0.2920492896810174
  ],
  "epochs": [
    0,
    1,
    2,
    3,
    4,
    5,
    6,
    7,
    8,
    9,
    10,
    11,
    12,
    13,
    14,
    15,
    16,
    17,
    18,
    19,
    20,
    21,
    22,
    23,
    24,
    25,
    26,
    27,
    28,
    29,
    30,
    31,
    32,
    33,
    34,
    35,
    36,
    37,
    38,
    39,
    40,
    41,
    42,
    43,
    44,
    45,
    46,
    47,
    48,
    49,
    50,
    51,
    52,
    53,
    54,
    55,
    56,
    57,
    58,
    59
  ]
}