{
  "train_loss": [
    0.4533156541260806,
    0.24348315596580505,
    0.2356387723575939,
    0.2316223591566086,
    0.22833700505169954,
    0.23095654899423773,
    0.22897624969482422,
    0.22548607289791106,
    0.2248494346033443,
    0.2249370642683723,
    0.22703315046700565,
    0.22635688023133713,
    0.22511653304100038,
    0.22202258137139408,
    0.22274732508442618,
    0.2194928448308598,
    0.21973559043624186,
    0.21948660449548202,
    0.21919779614968735,
    0.21620763079686597,
    0.21724571829492395,
    0.21885650943626056,
    0.21815777854485946,
    0.2175218026746403,
    0.21784318793903698,
    0.21787676919590343,
    0.2147519818761132,
    0.2191521165045825,
    0.219693278724497,
    0.2163440772078254,
    0.21907516826282847,
    0.21848672574216668,
    0.2173620020801371,
    0.216565863923593,
    0.21658360931006346,
    0.2174469601024281,
    0.2175180887634104,
    0.21707082228227095,
    0.2181180636991154,
    0.21767113100398672,
    0.2168257334015586
  ],
  "val_loss": [
    0.29425928834825754,
    0.26176109351217747,
    0.2615002281963825,
    0.25636514090001583,
    0.25524875801056623,
    0.2706423569470644,
    0.2917554220184684,
    0.2507245112210512,
    0.24800669308751822,
    0.27724640257656574,
    0.27695924788713455,
    0.24939922615885735,
    0.25594939570873976,
    0.26014645118266344,
    0.25270245410501957,
    0.2480539372190833,
    0.2478841869160533,
    0.2499837465584278,
    0.24764008726924658,
    0.2472114898264408,
    0.24777740892022848,
    0.24679412506520748,
    0.2481345972046256,
    0.24795906338840723,
    0.24866314232349396,
    0.24628157261759043,
    0.24722725059837103,
    0.24659171514213085,
    0.24728206917643547,
    0.24815070535987616,
    0.24699529260396957,
    0.24659489654004574,
    0.24635789263993502,
    0.24643793795257807,
    0.24644126184284687,
    0.24660019017755985,
    0.2466648230329156,
    0.2466767644509673,
    0.24638441298156977,
    0.246507178992033,
    0.24640577752143145
  ],
  "epochs": [
    0,
    1,
    2,
    3,
    4,
    5,
    6,
    7,
    8,
    9,
    10,
    11,
    12,
    13,
    14,
    15,
    16,
    17,
    18,
    19,
    20,
    21,
    22,
    23,
    24,
    25,
    26,
    27,
    28,
    29,
    30,
    31,
    32,
    33,
    34,
    35,
    36,
    37,
    38,
    39,
    40
  ]
}