{
  "train_loss": [
    0.4242612432349812,
    0.24211757291447034,
    0.23099228143692016,
    0.22571850310672414,
    0.22596041993661362,
    0.224662831696597,
    0.22296314266594974,
    0.22298309152776544,
    0.2216480160301382,
    0.2220284337347204,
    0.22265058132735166,
    0.21970229907469316,
    0.21904617954384198,
    0.22033024701205167,
    0.21558632390065627,
    0.21470746154134923,
    0.21396178738637403,
    0.21439771652221679,
    0.21580388573083012,
    0.2139030093496496,
    0.2137887250293385,
    0.216780854084275,
    0.21346099132841284,
    0.21409281979907643,
    0.21341862190853467,
    0.21287831989201633,
    0.2149056163701144,
    0.2130741823803295,
    0.21411513821645217,
    0.2141532453623685,
    0.21358941278674387,
    0.21421547748825767,
    0.21292666061358018,
    0.2151898888024417,
    0.2146319803866473
  ],
  "val_loss": [
    0.30267308186739683,
    0.2753936219960451,
    0.2543829269707203,
    0.2708392105996609,
    0.2516456041485071,
    0.2652319073677063,
    0.25560756772756577,
    0.2511995118111372,
    0.2566633075475693,
    0.2631702143698931,
    0.2867965763434768,
    0.2544816741719842,
    0.2533264122903347,
    0.26219527423381805,
    0.24945660680532455,
    0.247816551476717,
    0.25003524497151375,
    0.2489206288009882,
    0.24732655566185713,
    0.2469150172546506,
    0.24751615803688765,
    0.24765721056610346,
    0.2480610627681017,
    0.24799284245818853,
    0.24769631028175354,
    0.24816367030143738,
    0.24730444978922606,
    0.24747575633227825,
    0.24725295882672071,
    0.24756231345236301,
    0.24729699734598398,
    0.2474487628787756,
    0.2474355809390545,
    0.2474267091602087,
    0.24756610952317715
  ],
  "epochs": [
    0,
    1,
    2,
    3,
    4,
    5,
    6,
    7,
    8,
    9,
    10,
    11,
    12,
    13,
    14,
    15,
    16,
    17,
    18,
    19,
    20,
    21,
    22,
    23,
    24,
    25,
    26,
    27,
    28,
    29,
    30,
    31,
    32,
    33,
    34
  ]
}