{
  "train_loss": [
    0.411013879830187,
    0.25361702144145964,
    0.2469324523752386,
    0.24288649531927975,
    0.24448039558800785,
    0.23892284469171005,
    0.24311709024689415,
    0.2401400395415046,
    0.23906536129387942,
    0.240844219381159,
    0.23768198842352087,
    0.2363976299762726,
    0.23738781213760377,
    0.23558416718786412,
    0.2357650396498767,
    0.2330566785552285,
    0.23289713859558106,
    0.23158511519432068,
    0.2324642075733705,
    0.23252577835863286,
    0.23219235701994462,
    0.233588000590151,
    0.2339838046919216,
    0.23354820554906672,
    0.2317148964513432,
    0.23200181072408502,
    0.23026107874783602,
    0.23289322067390789,
    0.23260907205668363,
    0.2311555350368673,
    0.23158797377889806,
    0.23017394163391808,
    0.23199437287720767,
    0.23052960200743242,
    0.23225108954039486,
    0.23042672195217825,
    0.23238675675608894,
    0.23068528473377228,
    0.23159755116159267,
    0.2307819753885269,
    0.2315670525485819,
    0.23226071216843344,
    0.23133626471866262,
    0.23262788355350494
  ],
  "val_loss": [
    0.25600793212652206,
    0.2467174520716071,
    0.24658995866775513,
    0.24882904812693596,
    0.24970313720405102,
    0.24694044049829245,
    0.2440993608906865,
    0.24474695418030024,
    0.24450599029660225,
    0.24533446319401264,
    0.24938747379928827,
    0.25147637352347374,
    0.24737137649208307,
    0.24234205577522516,
    0.24209678266197443,
    0.24205790739506483,
    0.24191986955702305,
    0.2427412997931242,
    0.24181747529655695,
    0.24196945410221815,
    0.24213374685496092,
    0.24204290844500065,
    0.24244329426437616,
    0.2421346241608262,
    0.24224979802966118,
    0.24199623614549637,
    0.24192359391599894,
    0.24176917970180511,
    0.24175415933132172,
    0.2419541534036398,
    0.24183424282819033,
    0.24193497654050589,
    0.24189791548997164,
    0.24187872745096684,
    0.2418497996404767,
    0.24190496187657118,
    0.24186090473085642,
    0.24196664616465569,
    0.24192660208791494,
    0.2418755255639553,
    0.2419387809932232,
    0.24192334432154894,
    0.24194086994975805,
    0.24197154212743044
  ],
  "epochs": [
    0,
    1,
    2,
    3,
    4,
    5,
    6,
    7,
    8,
    9,
    10,
    11,
    12,
    13,
    14,
    15,
    16,
    17,
    18,
    19,
    20,
    21,
    22,
    23,
    24,
    25,
    26,
    27,
    28,
    29,
    30,
    31,
    32,
    33,
    34,
    35,
    36,
    37,
    38,
    39,
    40,
    41,
    42,
    43
  ]
}