{
  "train_loss": [
    0.39773874093185774,
    0.2073821723461151,
    0.19780692160129548,
    0.1952023594216867,
    0.19231413982131265,
    0.19151198267936706,
    0.18946728855371475,
    0.19033957096663387,
    0.1900249562480233,
    0.1863171022046696,
    0.18702106475830077,
    0.18798675726760516,
    0.18772915303707122,
    0.18682118423960425,
    0.1865108461542563,
    0.185482088544152,
    0.18767673508687452,
    0.18708737113259055,
    0.18663553622635928,
    0.18680209761316127,
    0.1831657975912094,
    0.18183610100637781,
    0.18371451009403575,
    0.1814962387084961,
    0.18238110813227568,
    0.18310055272145706,
    0.18129374913193963,
    0.18167954764582894,
    0.18189271891658956,
    0.18054409365762364,
    0.18204193426804108,
    0.1803372563286261,
    0.1814380793408914,
    0.1810678322206844,
    0.18075129701332612,
    0.18337363343347202,
    0.18025699068199505,
    0.1824988447807052
  ],
  "val_loss": [
    0.2486848086118698,
    0.2283477382734418,
    0.22975332662463188,
    0.22596301045268774,
    0.24842666648328304,
    0.22728325054049492,
    0.2569830594584346,
    0.2465445576235652,
    0.2258609300479293,
    0.22938701510429382,
    0.22589518502354622,
    0.22773607075214386,
    0.23288040794432163,
    0.22483735252171755,
    0.24477205704897642,
    0.26744849514216185,
    0.23777369316667318,
    0.2271518735215068,
    0.22799923457205296,
    0.24478647485375404,
    0.22550608776509762,
    0.22571422345936298,
    0.2244452489539981,
    0.22536331415176392,
    0.22596323024481535,
    0.22535537648946047,
    0.22549997176975012,
    0.22513681184500456,
    0.2260254379361868,
    0.22475787810981274,
    0.22548375092446804,
    0.22491798177361488,
    0.22585086431354284,
    0.22527776565402746,
    0.22508530411869287,
    0.22571764420717955,
    0.22552211303263903,
    0.2255154112353921
  ],
  "epochs": [
    0,
    1,
    2,
    3,
    4,
    5,
    6,
    7,
    8,
    9,
    10,
    11,
    12,
    13,
    14,
    15,
    16,
    17,
    18,
    19,
    20,
    21,
    22,
    23,
    24,
    25,
    26,
    27,
    28,
    29,
    30,
    31,
    32,
    33,
    34,
    35,
    36,
    37
  ]
}