{
  "train_loss": [
    0.43284370682456275,
    0.25400615361603823,
    0.24622845080765812,
    0.2394082790071314,
    0.23624444712292064,
    0.23685758005489002,
    0.23582802469080144,
    0.23810445910150355,
    0.23322867940772662,
    0.23394211611964486,
    0.23487576977773147,
    0.23193840384483339,
    0.23197053481232036,
    0.23485862179235978,
    0.23444988565011457,
    0.23558935712684284,
    0.23517061986706472,
    0.22960306162183935,
    0.23032258613543077,
    0.22978831963105636,
    0.2287526561455293,
    0.2301823553713885,
    0.22732866135510532,
    0.22782010463151064,
    0.22958166978575967,
    0.2291136782277714,
    0.22865328517827122,
    0.2291666093197736,
    0.22775048478083176,
    0.22771168053150176,
    0.22943170016462153,
    0.2284092596986077,
    0.22894976735115052,
    0.22809669429605658,
    0.228144048018889
  ],
  "val_loss": [
    0.2557263560593128,
    0.23643748555332422,
    0.2456584805622697,
    0.23420212045311928,
    0.24003275483846664,
    0.23925395123660564,
    0.23406324908137321,
    0.23583903443068266,
    0.23702288791537285,
    0.2632501581683755,
    0.23351199738681316,
    0.23705261014401913,
    0.23917108960449696,
    0.2457049274817109,
    0.2363827172666788,
    0.23675861954689026,
    0.23722496908158064,
    0.2328783543780446,
    0.23302200250327587,
    0.23277575243264437,
    0.23297484032809734,
    0.233535080216825,
    0.23380810767412186,
    0.2332637021318078,
    0.23294822312891483,
    0.23333578649908304,
    0.23279041424393654,
    0.23278152383863926,
    0.23321430943906307,
    0.23284755647182465,
    0.23282884154468775,
    0.23305521719157696,
    0.23284725565463305,
    0.23290665354579687,
    0.2330084042623639
  ],
  "epochs": [
    0,
    1,
    2,
    3,
    4,
    5,
    6,
    7,
    8,
    9,
    10,
    11,
    12,
    13,
    14,
    15,
    16,
    17,
    18,
    19,
    20,
    21,
    22,
    23,
    24,
    25,
    26,
    27,
    28,
    29,
    30,
    31,
    32,
    33,
    34
  ]
}