{
  "train_loss": [
    0.40884101553396746,
    0.2529690111225302,
    0.24486310969699512,
    0.2342473964799534,
    0.2370972603559494,
    0.23557209399613468,
    0.23438622165809977,
    0.2309940278530121,
    0.22937515811486678,
    0.23036293441599065,
    0.2304409463297237,
    0.2303806481036273,
    0.23354508768428456,
    0.22831856229088524,
    0.2295429915189743,
    0.22705857835032722,
    0.22732132944193753,
    0.22657943151213905,
    0.22417951415885579,
    0.2272212944247506,
    0.22571277184919877,
    0.2251418948173523,
    0.22573150856928392,
    0.2264183453538201,
    0.22520985820076683,
    0.22395796369422566,
    0.2267028881744905,
    0.22277833331714977,
    0.22442040931094775,
    0.22460181604732166,
    0.22551868747581136,
    0.22499936575239354
  ],
  "val_loss": [
    0.28094591572880745,
    0.2786110509186983,
    0.27689508628100157,
    0.2662099860608578,
    0.2650672197341919,
    0.27291604597121477,
    0.26676512230187654,
    0.2682139305397868,
    0.26291774306446314,
    0.2638466516509652,
    0.2630917215719819,
    0.27674185391515493,
    0.2640195628628135,
    0.2707863114774227,
    0.2645695973187685,
    0.26388508174568415,
    0.2627532836049795,
    0.26359337102621794,
    0.2648350466042757,
    0.2629505805671215,
    0.26488076988607645,
    0.26327724661678076,
    0.2636625589802861,
    0.2628243863582611,
    0.26345258578658104,
    0.2634198758751154,
    0.2632097890600562,
    0.2628030888736248,
    0.2634412469342351,
    0.26345794554799795,
    0.2638515951111913,
    0.2635655412450433
  ],
  "epochs": [
    0,
    1,
    2,
    3,
    4,
    5,
    6,
    7,
    8,
    9,
    10,
    11,
    12,
    13,
    14,
    15,
    16,
    17,
    18,
    19,
    20,
    21,
    22,
    23,
    24,
    25,
    26,
    27,
    28,
    29,
    30,
    31
  ]
}