{
  "train_loss": [
    0.4044445110992952,
    0.22835097936066714,
    0.2223055132410743,
    0.21485041867602955,
    0.2126585833050988,
    0.21175384521484375,
    0.211330369385806,
    0.2119086747819727,
    0.20885602154515007,
    0.2112203053452752,
    0.2082034411755475,
    0.20596263191916725,
    0.20527879595756532,
    0.20781544744968414,
    0.2069863365455107,
    0.20586113062771885,
    0.20543290810151535,
    0.2059024453163147,
    0.2066529699347236,
    0.20363333198157224,
    0.2025163460861553,
    0.20336479111151262,
    0.20419496270743284,
    0.20311568867076527,
    0.2016450654376637,
    0.20283384025096893,
    0.20067913342605936,
    0.20073943842541087,
    0.2007638234983791,
    0.2022785471244292,
    0.2007925261150707,
    0.20229731771078976,
    0.2009957262060859,
    0.1998854485425082,
    0.2018828801133416
  ],
  "val_loss": [
    0.2852609474211931,
    0.25642891228199005,
    0.2533111460506916,
    0.2527417875826359,
    0.24916159827262163,
    0.2687233164906502,
    0.2515664342790842,
    0.24626351613551378,
    0.25162649154663086,
    0.2667211079970002,
    0.2560428334400058,
    0.24837070237845182,
    0.2410150384530425,
    0.25307848304510117,
    0.24858158268034458,
    0.24993630591779947,
    0.24499288387596607,
    0.24253497552126646,
    0.25373783241957426,
    0.24003891553729773,
    0.24148884508758783,
    0.2400944922119379,
    0.24025634210556746,
    0.2401331663131714,
    0.2433797623962164,
    0.2413155259564519,
    0.24153061863034964,
    0.24173214379698038,
    0.24154255725443363,
    0.24137163069099188,
    0.24053912051022053,
    0.2407669508829713,
    0.24133078288286924,
    0.24099462013691664,
    0.24094140622764826
  ],
  "epochs": [
    0,
    1,
    2,
    3,
    4,
    5,
    6,
    7,
    8,
    9,
    10,
    11,
    12,
    13,
    14,
    15,
    16,
    17,
    18,
    19,
    20,
    21,
    22,
    23,
    24,
    25,
    26,
    27,
    28,
    29,
    30,
    31,
    32,
    33,
    34
  ]
}