{
  "train_loss": [
    0.7742158873514695,
    0.3502346223050898,
    0.2936924005096609,
    0.2719304046847604,
    0.2715251909060912,
    0.2602118213068355,
    0.2643350205638192,
    0.25053409500555557,
    0.2500659869475798,
    0.2479065320708535,
    0.2483100658113306,
    0.24619973681189797,
    0.24057738455859098,
    0.22864007218317553,
    0.22775002203204414,
    0.22207642007957806,
    0.22136073275045914,
    0.22142476060173727,
    0.22414447854865682,
    0.22291426848281515,
    0.2231996154243296,
    0.2226521668109027,
    0.2247592351653359,
    0.22492373206398703,
    0.21845575625246222,
    0.22227487076412547,
    0.22125546715476296,
    0.2214378153735941,
    0.22050299807028337,
    0.22016260623931885,
    0.22176883925091137,
    0.22098590162667361,
    0.2198991916396401,
    0.21811818019910292,
    0.2190719347108494,
    0.21890035623853857,
    0.2187579802491448,
    0.2222976112907583,
    0.216925124688582,
    0.22035704444755208,
    0.2162577593868429,
    0.21718482239679857,
    0.21579394692724402,
    0.2154428259892897,
    0.21323406154459174,
    0.21717071262272922,
    0.2184935301542282,
    0.21817983388900758,
    0.2171607329086824,
    0.21575775986368007,
    0.2156332406130704,
    0.2156737514517524,
    0.21614487902684645,
    0.2164477451281114,
    0.21413312391801315,
    0.21503034206953917,
    0.21603296453302556,
    0.21730198697610334,
    0.21625997559590773,
    0.2154585822062059,
    0.21454005376859145,
    0.21527368182485754,
    0.21609571359374308,
    0.21603707454421303,
    0.21645458503202958,
    0.21607422070069746,
    0.21669913882558997,
    0.21686359535564076,
    0.21643068492412568,
    0.21535589505325664,
    0.21851135952906175,
    0.2160837704485113,
    0.2156634731726213,
    0.21641206334937702,
    0.21534739841114392,
    0.2131296390836889,
    0.21420803422277623,
    0.2154120063239878,
    0.214449942111969,
    0.21513673690232363,
    0.21731785481626337
  ],
  "val_loss": [
    0.4516552537679672,
    0.5135789196938276,
    0.4150430466979742,
    0.3767783772200346,
    0.5554278697818518,
    0.4531997758895159,
    0.2540338523685932,
    0.28284630086272955,
    0.2568283062428236,
    0.2823445536196232,
    0.2960293600335717,
    0.2632250338792801,
    0.37446364387869835,
    0.24619406554847956,
    0.24341062642633915,
    0.2431474607437849,
    0.2457321174442768,
    0.24311955086886883,
    0.24865259137004614,
    0.2551714573055506,
    0.24240535870194435,
    0.24835999310016632,
    0.24660695530474186,
    0.2432374181225896,
    0.25271700136363506,
    0.2419879538938403,
    0.24682537652552128,
    0.24315181747078896,
    0.24272491969168186,
    0.25161485746502876,
    0.2412831587716937,
    0.24054352100938559,
    0.24047032836824656,
    0.24378196895122528,
    0.24306220933794975,
    0.2446520859375596,
    0.25801056530326605,
    0.24095495231449604,
    0.24399720039218664,
    0.24037533439695835,
    0.24014792311936617,
    0.240052062086761,
    0.2402132349088788,
    0.24016217049211264,
    0.24003105890005827,
    0.24071608763188124,
    0.23993610590696335,
    0.23995137494057417,
    0.2399349706247449,
    0.2402507159858942,
    0.23996226955205202,
    0.23968998156487942,
    0.23984909616410732,
    0.239741999655962,
    0.23976104706525803,
    0.2398572200909257,
    0.2396507617086172,
    0.23986500035971403,
    0.23976826295256615,
    0.23983414378017187,
    0.24010571278631687,
    0.23974382504820824,
    0.23949339892715216,
    0.23998522944748402,
    0.2412043148651719,
    0.23945778887718916,
    0.2401957456022501,
    0.240094393491745,
    0.23964279890060425,
    0.23974691051989794,
    0.23972597811371088,
    0.2398114688694477,
    0.2397262053564191,
    0.23967523593455553,
    0.23969831317663193,
    0.239857854321599,
    0.23965606838464737,
    0.23985252995043993,
    0.24020509328693151,
    0.23970105405896902,
    0.2397841801866889
  ],
  "epochs": [
    0,
    1,
    2,
    3,
    4,
    5,
    6,
    7,
    8,
    9,
    10,
    11,
    12,
    13,
    14,
    15,
    16,
    17,
    18,
    19,
    20,
    21,
    22,
    23,
    24,
    25,
    26,
    27,
    28,
    29,
    30,
    31,
    32,
    33,
    34,
    35,
    36,
    37,
    38,
    39,
    40,
    41,
    42,
    43,
    44,
    45,
    46,
    47,
    48,
    49,
    50,
    51,
    52,
    53,
    54,
    55,
    56,
    57,
    58,
    59,
    60,
    61,
    62,
    63,
    64,
    65,
    66,
    67,
    68,
    69,
    70,
    71,
    72,
    73,
    74,
    75,
    76,
    77,
    78,
    79,
    80
  ]
}