{
  "train_loss": [
    0.831941382451491,
    0.5137176882136952,
    0.43531220284375277,
    0.41464302919127727,
    0.3894867566498843,
    0.37864867557178844,
    0.3743703072721308,
    0.37270584431561554,
    0.36926929625597865,
    0.3597007469697432,
    0.368893913789229,
    0.3470322061668743,
    0.3397726980122653,
    0.33979237187992445,
    0.3379611670970917,
    0.3366182321851904,
    0.3381497036327015,
    0.3342810405926271,
    0.3368267980488864,
    0.3360977367921309,
    0.3348323548381979,
    0.3343094446442344,
    0.3332805834033272,
    0.3328515751795335,
    0.32881091345440255,
    0.3304214266213504,
    0.3320356103506955,
    0.3281630207191814,
    0.332573941079053,
    0.32829505692828787,
    0.33086112873120743,
    0.334664369171316,
    0.32981945194981316,
    0.32989238554781136,
    0.33000918139110913,
    0.3291412131352858,
    0.3288619954477657,
    0.3290472361174497,
    0.32906435999003325,
    0.3278185107491233,
    0.32735708843577993,
    0.33059686530720106,
    0.3270515122196891,
    0.3291923566298051,
    0.32715142477642406,
    0.32737673683599994,
    0.3273708538575606
  ],
  "val_loss": [
    0.6213005594909191,
    0.7934653088450432,
    0.7234866619110107,
    0.44632297568023205,
    0.37248107604682446,
    0.611553244292736,
    0.935805082321167,
    0.3782481737434864,
    0.9524600170552731,
    0.4273393154144287,
    0.40018123388290405,
    0.35339038632810116,
    0.34524343349039555,
    0.34573710337281227,
    0.34736778400838375,
    0.34486312977969646,
    0.34920501708984375,
    0.3445155993103981,
    0.3447914384305477,
    0.35122436098754406,
    0.34527637809515,
    0.3661126680672169,
    0.35325414687395096,
    0.34865308925509453,
    0.3430226221680641,
    0.34271517395973206,
    0.3421170450747013,
    0.34270473942160606,
    0.34279995784163475,
    0.34295851178467274,
    0.3421171214431524,
    0.34186444990336895,
    0.3421577215194702,
    0.34223080426454544,
    0.34413426369428635,
    0.34196718223392963,
    0.342040840536356,
    0.34278249368071556,
    0.34220498986542225,
    0.3422379996627569,
    0.34237039647996426,
    0.34189206175506115,
    0.3423537574708462,
    0.34202173352241516,
    0.34197461791336536,
    0.3421667106449604,
    0.34214695543050766
  ],
  "epochs": [
    0,
    1,
    2,
    3,
    4,
    5,
    6,
    7,
    8,
    9,
    10,
    11,
    12,
    13,
    14,
    15,
    16,
    17,
    18,
    19,
    20,
    21,
    22,
    23,
    24,
    25,
    26,
    27,
    28,
    29,
    30,
    31,
    32,
    33,
    34,
    35,
    36,
    37,
    38,
    39,
    40,
    41,
    42,
    43,
    44,
    45,
    46
  ]
}