{
  "train_loss": [
    0.7868995829062029,
    0.3690120967951688,
    0.28852103650569916,
    0.26935452195731074,
    0.259543039040132,
    0.2515570627017455,
    0.24853895089843056,
    0.24883803860707718,
    0.24025403992696243,
    0.23592375733635643,
    0.22422352514483712,
    0.22132983153516597,
    0.2155456467108293,
    0.21647528924725273,
    0.2133806895125996,
    0.2152251435951753,
    0.2135302259163423,
    0.21339973753148858,
    0.21889363608577034,
    0.21573280746286566,
    0.21401074989275498,
    0.21335706466978246,
    0.21580029319633137,
    0.21257562339305877,
    0.2116155973889611,
    0.21103498231280934,
    0.2112005520950664,
    0.20995059257203882,
    0.2095213827761737,
    0.208643500642343,
    0.20865296829830515,
    0.21027665138244628,
    0.20709438621997833,
    0.20885583406144922,
    0.21266165186058392,
    0.21022625999017194,
    0.2084840026768771,
    0.21411346088756214,
    0.20895143991166895,
    0.20998478586023503,
    0.21022111556746742,
    0.2089092100208456,
    0.2094150174747814,
    0.20868816402825444,
    0.21004961268468336,
    0.21262280074032872,
    0.20923417698253285,
    0.20809034488417885,
    0.21044034253467214,
    0.20805141600695523,
    0.2105644242330031,
    0.2064188374714418,
    0.20814077122644944,
    0.21045002259991386,
    0.20959891866553915
  ],
  "val_loss": [
    0.490629518404603,
    0.2939489744603634,
    0.5277025029063225,
    0.25466281920671463,
    0.2723790379241109,
    0.25945147406309843,
    0.35563040524721146,
    0.2930183093994856,
    0.3950019087642431,
    0.32866637594997883,
    0.25300841219723225,
    0.23910343274474144,
    0.23992749862372875,
    0.24114384409040213,
    0.2469161208719015,
    0.2378421574831009,
    0.23880637530237436,
    0.23587027471512556,
    0.25177640933543444,
    0.236299023963511,
    0.2599814161658287,
    0.2373392814770341,
    0.23793679475784302,
    0.256905235350132,
    0.23607832100242376,
    0.23614567704498768,
    0.23527760710567236,
    0.2356688790023327,
    0.23482709471136332,
    0.2357075260952115,
    0.23520961683243513,
    0.23571261949837208,
    0.23543735407292843,
    0.2354087047278881,
    0.23537033796310425,
    0.2354321889579296,
    0.2352909166365862,
    0.23508743941783905,
    0.2362089827656746,
    0.23467960860580206,
    0.23490511160343885,
    0.23582494538277388,
    0.2362095806747675,
    0.23523195553570986,
    0.23620211891829967,
    0.23559487983584404,
    0.23514850344508886,
    0.23569620959460735,
    0.23497787304222584,
    0.23477076925337315,
    0.23487887904047966,
    0.23545945528894663,
    0.23573241755366325,
    0.2358208941295743,
    0.23632786329835653
  ],
  "epochs": [
    0,
    1,
    2,
    3,
    4,
    5,
    6,
    7,
    8,
    9,
    10,
    11,
    12,
    13,
    14,
    15,
    16,
    17,
    18,
    19,
    20,
    21,
    22,
    23,
    24,
    25,
    26,
    27,
    28,
    29,
    30,
    31,
    32,
    33,
    34,
    35,
    36,
    37,
    38,
    39,
    40,
    41,
    42,
    43,
    44,
    45,
    46,
    47,
    48,
    49,
    50,
    51,
    52,
    53,
    54
  ]
}