{
  "train_loss": [
    0.7863245828585191,
    0.3728372470899062,
    0.3192080280997536,
    0.29026771133596246,
    0.2840198977427049,
    0.2879180466586893,
    0.2821324657310139,
    0.2730059057474136,
    0.2698561822826212,
    0.26752091592008415,
    0.2612562296065417,
    0.2632157718593424,
    0.26666876890442587,
    0.2616718964143233,
    0.2612199739976363,
    0.25697407045147636,
    0.2593876738439907,
    0.26102471920576964,
    0.2609299735589461,
    0.24412578561089254,
    0.24210610335523433,
    0.235605343634432,
    0.2387497213753787,
    0.23902970200235193,
    0.2358759888193824,
    0.23468851203268223,
    0.2391268854791468,
    0.23882331604307347,
    0.23297686360099099,
    0.2330110644752329,
    0.23467352227731184,
    0.2339419207789681,
    0.23495476625182413,
    0.23176106051965192,
    0.23302040696144105,
    0.23110182637518104,
    0.23303170258348638,
    0.232556628909978,
    0.2343531611290845,
    0.23141496587883342,
    0.23367867984554985,
    0.23351593261415307,
    0.23051326058127664,
    0.23220103220506147,
    0.2338728655468334,
    0.23536208190701224,
    0.2328620580109683,
    0.23532468324357814,
    0.23052550039508127,
    0.23412382467226547,
    0.23316870006647977,
    0.2339904403144663,
    0.23241655067964034,
    0.23270971910520033,
    0.238424721902067,
    0.2317274876616218,
    0.23382707698778674,
    0.23156111890619452,
    0.23368343141945927,
    0.23079736828804015,
    0.2302268778735941,
    0.23436704738573594,
    0.22985027811743997,
    0.23350445194677874,
    0.2325233754786578,
    0.23439684212207795,
    0.22990659773349761
  ],
  "val_loss": [
    0.5020244028419256,
    0.32035897858440876,
    0.46353444643318653,
    0.5199449546635151,
    0.38403897173702717,
    0.33951375633478165,
    0.318262392655015,
    0.2904603872448206,
    0.8618545979261398,
    0.29275938402861357,
    0.29860792495310307,
    0.30318219494074583,
    0.2663663597777486,
    0.3065068116411567,
    0.31746081821620464,
    0.2965718023478985,
    0.2789607495069504,
    0.29753244388848543,
    0.32958657294511795,
    0.25793234445154667,
    0.26076882146298885,
    0.2570172268897295,
    0.25749010499566793,
    0.26073201932013035,
    0.25894017424434423,
    0.2584883337840438,
    0.2615573750808835,
    0.257202185690403,
    0.25581423100084066,
    0.25622230861335993,
    0.25590481236577034,
    0.25599479768425226,
    0.25606907717883587,
    0.2562144249677658,
    0.2565073547884822,
    0.2564735356718302,
    0.2561222529038787,
    0.25561930146068335,
    0.2558861169964075,
    0.25559742469340563,
    0.255821343511343,
    0.2558516478165984,
    0.25571798626333475,
    0.25576445646584034,
    0.25601883977651596,
    0.25619614869356155,
    0.25560725200921297,
    0.2556352261453867,
    0.255755003541708,
    0.2556636594235897,
    0.25579359102994204,
    0.25553671456873417,
    0.2557853274047375,
    0.25570499058812857,
    0.25586412847042084,
    0.25631059147417545,
    0.25571795273572206,
    0.25578614696860313,
    0.25643731746822596,
    0.2556507959961891,
    0.2557736001908779,
    0.2558820256963372,
    0.25605226028710604,
    0.2557936031371355,
    0.2559856679290533,
    0.25566012877970934,
    0.2557640438899398
  ],
  "epochs": [
    0,
    1,
    2,
    3,
    4,
    5,
    6,
    7,
    8,
    9,
    10,
    11,
    12,
    13,
    14,
    15,
    16,
    17,
    18,
    19,
    20,
    21,
    22,
    23,
    24,
    25,
    26,
    27,
    28,
    29,
    30,
    31,
    32,
    33,
    34,
    35,
    36,
    37,
    38,
    39,
    40,
    41,
    42,
    43,
    44,
    45,
    46,
    47,
    48,
    49,
    50,
    51,
    52,
    53,
    54,
    55,
    56,
    57,
    58,
    59,
    60,
    61,
    62,
    63,
    64,
    65,
    66
  ]
}