{
  "train_loss": [
    0.8196892348202792,
    0.4223717884583907,
    0.34670240553942594,
    0.32721954638307743,
    0.3174479005011645,
    0.3095907065001401,
    0.30068401260809463,
    0.29794065871021963,
    0.30523652732372286,
    0.2959235576066104,
    0.2901689662174745,
    0.29411025155674325,
    0.2991346031427383,
    0.2845819400115447,
    0.27373017343607814,
    0.2712847333062779,
    0.26940948123281655,
    0.26712897419929504,
    0.2673893234946511,
    0.2679715776985342,
    0.2722903094508431,
    0.26738716011697594,
    0.2695548282428221,
    0.26635215444998306,
    0.2658176511526108,
    0.2644446164369583,
    0.2662467284636064,
    0.2652893535115502,
    0.26413307054476304,
    0.2640647619962692,
    0.2644860855557702,
    0.2628764843398875,
    0.2633758623491634,
    0.2635907625610178,
    0.266757732629776,
    0.26398332146081055,
    0.26645405048673804,
    0.25940768095580014,
    0.26315010488033297,
    0.2649355904622511,
    0.26459130536426195,
    0.2655692997303876,
    0.2655004772272977,
    0.26145563532005656,
    0.2642455878582868,
    0.26120749874548477,
    0.266978813030503,
    0.2632321002808484,
    0.26399791918017645
  ],
  "val_loss": [
    0.6919140554964542,
    0.3265845011919737,
    0.3349112756550312,
    0.31053210888057947,
    0.8179171048104763,
    0.5072582997381687,
    0.4232990238815546,
    0.3042829027399421,
    0.310090359300375,
    0.3450989294797182,
    0.31487682554870844,
    0.3059562034904957,
    0.30542836245149374,
    0.3273783791810274,
    0.2835146691650152,
    0.28247165586799383,
    0.28757756669074297,
    0.28104215394705534,
    0.2823582114651799,
    0.285471411421895,
    0.2818299848586321,
    0.2812795555219054,
    0.28414169512689114,
    0.28121358063071966,
    0.2793220840394497,
    0.27891216706484556,
    0.2785630179569125,
    0.27869157027453184,
    0.2786127710714936,
    0.2785722091794014,
    0.27894848585128784,
    0.27912319637835026,
    0.2785045988857746,
    0.278037715703249,
    0.27843935787677765,
    0.27834546100348234,
    0.2785966256633401,
    0.27850991021841764,
    0.27822213154286146,
    0.2791124964132905,
    0.27835503220558167,
    0.2783176777884364,
    0.27904669661074877,
    0.2790232505649328,
    0.2784329755231738,
    0.2810119027271867,
    0.27873023971915245,
    0.2784580076113343,
    0.2785720070824027
  ],
  "epochs": [
    0,
    1,
    2,
    3,
    4,
    5,
    6,
    7,
    8,
    9,
    10,
    11,
    12,
    13,
    14,
    15,
    16,
    17,
    18,
    19,
    20,
    21,
    22,
    23,
    24,
    25,
    26,
    27,
    28,
    29,
    30,
    31,
    32,
    33,
    34,
    35,
    36,
    37,
    38,
    39,
    40,
    41,
    42,
    43,
    44,
    45,
    46,
    47,
    48
  ]
}