{
  "train_loss": [
    0.7798509884964336,
    0.3531568017872897,
    0.2976729620586742,
    0.2791603595018387,
    0.2676292617212642,
    0.2638567439534447,
    0.2535778362642635,
    0.2561929296363484,
    0.25249572504650464,
    0.24705688628283415,
    0.23606784858486868,
    0.22975973270156166,
    0.2285742166367444,
    0.22766528210856699,
    0.22693762264468453,
    0.22922665043310686,
    0.228669687834653,
    0.22543375790119172,
    0.22372908429666,
    0.2242264530875466,
    0.228045377406207,
    0.22615562243895096,
    0.2243108023296703,
    0.22310270802541213,
    0.22367028241807765,
    0.22010641612789847,
    0.2201399797743017,
    0.21800334291024642,
    0.22163205661556937,
    0.2212089413946325,
    0.22030071832916953
  ],
  "val_loss": [
    0.46212794817984104,
    0.27073785196989775,
    0.33296351227909327,
    0.2530549867078662,
    0.2786403289064765,
    0.508850397542119,
    0.2693792162463069,
    0.45116421207785606,
    0.26437094900757074,
    0.2754518138244748,
    0.24666741583496332,
    0.2400778941810131,
    0.24561374820768833,
    0.24220620654523373,
    0.2809775620698929,
    0.23559062276035547,
    0.27999781165272,
    0.2379979956895113,
    0.24667957331985235,
    0.23829365242272615,
    0.23900731187313795,
    0.2547367988154292,
    0.23616062197834253,
    0.2368039032444358,
    0.23628461360931396,
    0.23663302417844534,
    0.2364151356741786,
    0.2366438088938594,
    0.23656130209565163,
    0.2367156632244587,
    0.23638312425464392
  ],
  "epochs": [
    0,
    1,
    2,
    3,
    4,
    5,
    6,
    7,
    8,
    9,
    10,
    11,
    12,
    13,
    14,
    15,
    16,
    17,
    18,
    19,
    20,
    21,
    22,
    23,
    24,
    25,
    26,
    27,
    28,
    29,
    30
  ]
}