{
  "train_loss": [
    0.8174439365213567,
    0.47904648076404227,
    0.3805260322310708,
    0.3492689858783375,
    0.358780731938102,
    0.33323635025457904,
    0.33042090697722004,
    0.3323508533564481,
    0.32650105411356145,
    0.31386006528680976,
    0.32248480645093053,
    0.3169656926935369,
    0.31494927460497074,
    0.3068917049603029,
    0.3105603125962344,
    0.3057979003949599,
    0.3089616298675537,
    0.2981809518553994,
    0.2974721526557749,
    0.2992777019739151,
    0.30183481655337596,
    0.31713790568438444,
    0.2963830024003983,
    0.2983654027635401,
    0.3024094540964473,
    0.30193251263011583,
    0.2961969017982483,
    0.30636178200895137,
    0.2945324870673093,
    0.29487197507511487,
    0.29104032435200433,
    0.27927424176172777,
    0.2713654859499498,
    0.2707103891806169,
    0.2736388908191161,
    0.272405561262911,
    0.2702554415572773,
    0.26847721609202296,
    0.26883123137734155,
    0.26822298738089473,
    0.26895894787528296,
    0.26940746144814925,
    0.2659096086567098,
    0.2690317216244611,
    0.27136357887224716,
    0.2669532705437053,
    0.26893595186146824,
    0.27096795710650357,
    0.2659539688717235,
    0.2648781034079465,
    0.26857874420556155,
    0.2673443840308623,
    0.26622600799257107,
    0.2662793286822059,
    0.26747047115455974,
    0.2654913067817688,
    0.2650239063934846,
    0.26770138984376735,
    0.26564996296709237,
    0.26886186355894265,
    0.2663961120627143
  ],
  "val_loss": [
    0.6138418652117252,
    0.6009217947721481,
    0.5812880843877792,
    0.7051534950733185,
    0.9852735549211502,
    0.3759376257658005,
    0.4779735133051872,
    0.44385774433612823,
    0.42866611294448376,
    0.394864697009325,
    0.3187321610748768,
    0.31512276269495487,
    0.38136363960802555,
    0.3376438897103071,
    0.40729290805757046,
    0.40687077678740025,
    0.5694244112819433,
    0.3093794547021389,
    0.3022936023771763,
    0.49786210991442204,
    0.8766341283917427,
    0.42712428979575634,
    0.34222397208213806,
    0.3590087294578552,
    0.2967335879802704,
    0.303237559273839,
    0.4424929078668356,
    0.3182692490518093,
    0.6359082572162151,
    0.30270474776625633,
    0.3133216593414545,
    0.2876672800630331,
    0.2881669048219919,
    0.28832913003861904,
    0.2889030445367098,
    0.29194216802716255,
    0.3228306155651808,
    0.2895238157361746,
    0.28760418854653835,
    0.2868864219635725,
    0.28696042113006115,
    0.2868734262883663,
    0.28694942593574524,
    0.2867410499602556,
    0.2873886339366436,
    0.2863376494497061,
    0.2866629958152771,
    0.28708883188664913,
    0.2867297437041998,
    0.2882124837487936,
    0.28652751073241234,
    0.28708991408348083,
    0.2871227953583002,
    0.2867635600268841,
    0.2869850303977728,
    0.2872203439474106,
    0.28725016862154007,
    0.2867382299154997,
    0.28665079548954964,
    0.28686419129371643,
    0.28722994215786457
  ],
  "epochs": [
    0,
    1,
    2,
    3,
    4,
    5,
    6,
    7,
    8,
    9,
    10,
    11,
    12,
    13,
    14,
    15,
    16,
    17,
    18,
    19,
    20,
    21,
    22,
    23,
    24,
    25,
    26,
    27,
    28,
    29,
    30,
    31,
    32,
    33,
    34,
    35,
    36,
    37,
    38,
    39,
    40,
    41,
    42,
    43,
    44,
    45,
    46,
    47,
    48,
    49,
    50,
    51,
    52,
    53,
    54,
    55,
    56,
    57,
    58,
    59,
    60
  ]
}