{
  "train_loss": [
    0.8031445860862731,
    0.3650804487141696,
    0.3142986164851622,
    0.29442914914001117,
    0.27218132506717335,
    0.2680566283789548,
    0.27332418154586446,
    0.25984294197776103,
    0.2622017256238244,
    0.2567910863594575,
    0.25471626222133636,
    0.25270296037197115,
    0.25508441870862786,
    0.2515755994753404,
    0.25377687324177134,
    0.24911716309460727,
    0.25193444978107105,
    0.2372320746833628,
    0.22905819145115938,
    0.22884338769045742,
    0.23023644387722014,
    0.23185687336054714,
    0.22631102475253018,
    0.2251083187081597,
    0.226775338974866,
    0.23194174414331262,
    0.2285897891629826,
    0.2235568797046488,
    0.22298983985727483,
    0.22616582675413652,
    0.2250951498746872,
    0.22437809651548213,
    0.22509073831818321,
    0.2224419119683179,
    0.22471848346970297,
    0.22432263629003005
  ],
  "val_loss": [
    0.5068049430847168,
    0.3102264944463968,
    0.33342729322612286,
    0.37349179945886135,
    0.29774515982717276,
    0.30871706828475,
    0.35922185704112053,
    0.3926941957324743,
    0.3824657332152128,
    0.3137138653546572,
    0.28454176150262356,
    0.28941788990050554,
    0.30876099318265915,
    0.42099498584866524,
    0.30367990024387836,
    0.2898509232327342,
    0.446172209456563,
    0.2951857056468725,
    0.2837585285305977,
    0.3004924552515149,
    0.2759645897895098,
    0.2785777784883976,
    0.27920618560165167,
    0.291939040645957,
    0.2818470010533929,
    0.28267565555870533,
    0.27724291384220123,
    0.2771815909072757,
    0.277279163710773,
    0.2773467721417546,
    0.2771643353626132,
    0.27679944783449173,
    0.2770568961277604,
    0.2770021799951792,
    0.2770080780610442,
    0.27721949853003025
  ],
  "epochs": [
    0,
    1,
    2,
    3,
    4,
    5,
    6,
    7,
    8,
    9,
    10,
    11,
    12,
    13,
    14,
    15,
    16,
    17,
    18,
    19,
    20,
    21,
    22,
    23,
    24,
    25,
    26,
    27,
    28,
    29,
    30,
    31,
    32,
    33,
    34,
    35
  ]
}