{
  "train_loss": [
    0.8201074415987188,
    0.3744395852088928,
    0.2782175310633399,
    0.26285267770290377,
    0.2534190226684917,
    0.25457072176716544,
    0.23951982151378284,
    0.25094357376748866,
    0.24594873731786554,
    0.2418212053450671,
    0.2352914105762135,
    0.24016395725987175,
    0.23828455101359974,
    0.22805996943603862,
    0.23756769109856,
    0.2288362215865742,
    0.2280322410843589,
    0.2142742555249821,
    0.21202343295920978,
    0.21393537412990224,
    0.21044026965444737,
    0.21077167283404957,
    0.21242277161641554,
    0.2116814448074861,
    0.21075521355325524,
    0.21111712862144816,
    0.21114550639282573,
    0.21153904687274586,
    0.2078641417351636,
    0.20779351321133702,
    0.20974537323821674,
    0.20707590634172612,
    0.20765901966528458,
    0.204509606144645,
    0.2070952691815116,
    0.20587118051268838,
    0.20935859029943293,
    0.2045186094262383,
    0.20422598936341024,
    0.2099965886636214,
    0.20839979946613313,
    0.20727413323792546,
    0.20432754484089938,
    0.20856323865326967,
    0.2067359509793195,
    0.20480524220249868,
    0.20567938441579992,
    0.2031694989312779,
    0.20664740719578484,
    0.20743820640173824,
    0.2047116526148536,
    0.20511721778999675,
    0.20490745847875422,
    0.20630780837752602,
    0.20629502101378008,
    0.20781870511445133,
    0.20370180769400162,
    0.20950814350084826,
    0.20452026562257247,
    0.20636385706338015
  ],
  "val_loss": [
    0.604069497436285,
    0.27449723798781633,
    0.24460900854319334,
    0.39561966247856617,
    0.22548583429306746,
    0.3141147745773196,
    0.30649438314139843,
    0.22389766480773687,
    0.23282582126557827,
    0.2887113010510802,
    0.22302859369665384,
    0.2457093419507146,
    0.2271108841523528,
    0.23813134990632534,
    0.22696875501424074,
    0.2421960597857833,
    0.2561704786494374,
    0.2182359155267477,
    0.21037370804697275,
    0.21649784594774246,
    0.2105217883363366,
    0.21205083932727575,
    0.21272198110818863,
    0.20830712467432022,
    0.20989991258829832,
    0.21095524728298187,
    0.20902008842676878,
    0.21541642677038908,
    0.21183882001787424,
    0.21692713536322117,
    0.20776170678436756,
    0.20753212179988623,
    0.20792475901544094,
    0.20852650795131922,
    0.2084275744855404,
    0.20731614995747805,
    0.20737746730446815,
    0.2074991799890995,
    0.20754012931138277,
    0.20750677399337292,
    0.2072215797379613,
    0.20697049237787724,
    0.20679344423115253,
    0.20690280850976706,
    0.2067122096195817,
    0.20705744344741106,
    0.20696935895830393,
    0.20761393010616302,
    0.20804455690085888,
    0.20723002403974533,
    0.20804700907319784,
    0.2077232263982296,
    0.20759490597993135,
    0.20744703337550163,
    0.20722931157797575,
    0.20705642830580473,
    0.20718212984502316,
    0.2075743842869997,
    0.20700237154960632,
    0.20756813511252403
  ],
  "epochs": [
    0,
    1,
    2,
    3,
    4,
    5,
    6,
    7,
    8,
    9,
    10,
    11,
    12,
    13,
    14,
    15,
    16,
    17,
    18,
    19,
    20,
    21,
    22,
    23,
    24,
    25,
    26,
    27,
    28,
    29,
    30,
    31,
    32,
    33,
    34,
    35,
    36,
    37,
    38,
    39,
    40,
    41,
    42,
    43,
    44,
    45,
    46,
    47,
    48,
    49,
    50,
    51,
    52,
    53,
    54,
    55,
    56,
    57,
    58,
    59
  ]
}