{
  "train_loss": [
    1.1169291582974519,
    0.6165609877759759,
    0.528096029324965,
    0.4766774090311744,
    0.45693382794206794,
    0.42976078943772744,
    0.4147558511387218,
    0.39764404107223855,
    0.379781795035709,
    0.3725877475196665,
    0.36339225097136063,
    0.34648319718512616,
    0.33994670556350187,
    0.33440091482617634,
    0.3340519620342688,
    0.3259481490200216,
    0.3158823405070738,
    0.31466282776810905,
    0.31549054462801324,
    0.30341195046901703,
    0.30101762722839004,
    0.2896262687715617,
    0.29257322192192076,
    0.28730568148873065,
    0.28858333815227855,
    0.2832414782860062,
    0.28040561900897454,
    0.2806252591447397,
    0.2831152297691865,
    0.28000246264717793,
    0.28102732065049085,
    0.27434016972780223,
    0.27339635762301356,
    0.27765439079566434,
    0.27256331186402927,
    0.2727467635003003,
    0.27371222054416483,
    0.2808978029272773,
    0.27145585629073055,
    0.2698809644579887
  ],
  "val_loss": [
    0.6155365340411663,
    0.4912191793322563,
    0.42739451341331003,
    0.44911673916503786,
    0.4825651238672435,
    0.47593285217881204,
    0.6256622376851737,
    0.5384533275850116,
    0.5677714228630066,
    0.4103928904980421,
    0.5341371516697109,
    0.6166937915142625,
    0.7493217633105814,
    0.5874488817993551,
    0.4720556932035833,
    0.6819274126086384,
    0.5308978692628443,
    0.7755708857905119,
    0.6840072975959628,
    0.793699904391542,
    0.7589742320589721,
    0.6107257201801986,
    0.6557515773456544,
    0.595269221579656,
    0.7533154823817313,
    0.6248711904976517,
    0.7178036311641335,
    0.7027810142841189,
    0.7526266864035278,
    0.7128694285172968,
    0.6169328757096082,
    0.7524588692001998,
    0.7477163245901465,
    0.6867565564811229,
    0.7393345831893384,
    0.7530500758904963,
    0.7373805124312639,
    0.7601445916574447,
    0.7227420214097946,
    0.7819356014486402
  ],
  "epochs": [
    0,
    1,
    2,
    3,
    4,
    5,
    6,
    7,
    8,
    9,
    10,
    11,
    12,
    13,
    14,
    15,
    16,
    17,
    18,
    19,
    20,
    21,
    22,
    23,
    24,
    25,
    26,
    27,
    28,
    29,
    30,
    31,
    32,
    33,
    34,
    35,
    36,
    37,
    38,
    39
  ]
}