{
  "train_loss": [
    1.3067420145598325,
    0.8418775277787989,
    0.7075044045123187,
    0.6273278019103137,
    0.5742556894909252,
    0.5284207792173732,
    0.4976625098423524,
    0.47775126500563186,
    0.46336501804265107,
    0.43563098869540473,
    0.4258927405693314,
    0.4116838586059483,
    0.40329243456775493,
    0.3933888177709146,
    0.38285085149786685,
    0.3823556520722129,
    0.36666053305972707,
    0.3584443495219404,
    0.3661741326342929,
    0.3545405239137736,
    0.35142762270840733,
    0.345910890779712,
    0.345756794729016,
    0.34304082036018374,
    0.3334149850498546,
    0.33459606327793817,
    0.3297946381027048,
    0.32607529363848947,
    0.325679883713072,
    0.32359909393570635,
    0.3190688349983909,
    0.3172516177730127,
    0.3130949719114737,
    0.309177415154197,
    0.31203307525678114,
    0.31584557411345565,
    0.3077528017488393,
    0.30228106295520607,
    0.30642027724872933,
    0.2999801104177128,
    0.30054781694303856,
    0.30305554021488534,
    0.29113387514244427,
    0.2918868017467585,
    0.2932231959429654,
    0.2915082442489537,
    0.28985486556183204,
    0.28934222920374436,
    0.2897912492806261,
    0.2848733763803135,
    0.28356399002400307,
    0.2919081044197082,
    0.2824022097479213,
    0.2874114447290247,
    0.2865652884678407,
    0.2848678656599738,
    0.2860667842355641,
    0.28788481920957565,
    0.28508500473065806,
    0.2861062481728467,
    0.2892701894586736,
    0.28381617413325744,
    0.2797536147182638,
    0.2836638100851666,
    0.2748819589885798,
    0.2795663200454278,
    0.278278955058618,
    0.27840432668274095,
    0.2740857631239024,
    0.2763694674860347,
    0.2747359014641155,
    0.2781745919856158,
    0.27745214256373313,
    0.280906070579182,
    0.28167748583988705,
    0.28029860905625603,
    0.2800926858728582,
    0.2728868848085403,
    0.27801267832517623,
    0.2727907371520996,
    0.27297626156698573,
    0.2764128884944049,
    0.2729545786164024,
    0.2752941274372014
  ],
  "val_loss": [
    0.8608981691300868,
    0.6673690071329473,
    0.5555518307723105,
    0.5189160089939833,
    0.43504086760804056,
    0.4010460563935339,
    0.434016768168658,
    0.3790199600160122,
    0.3354172817897051,
    0.3487467152066529,
    0.33115117009729145,
    0.3085653754416853,
    0.31710648750886317,
    0.3712154878303408,
    0.273098070686683,
    0.2776912738103419,
    0.3047055266797542,
    0.3192833692301065,
    0.2890461038798094,
    0.2758906447328627,
    0.2692101015243679,
    0.28261345508508384,
    0.25438168928958477,
    0.26152431559748945,
    0.2590049707330763,
    0.23999935835599898,
    0.23382241721265015,
    0.2854960102122277,
    0.24505469314754008,
    0.2593770017847419,
    0.2279811571817845,
    0.2579100719187409,
    0.23672926812432704,
    0.23745375787839293,
    0.23576018046587705,
    0.2580299540888518,
    0.24903972544707356,
    0.2432632157579064,
    0.2397070346865803,
    0.2506266434211284,
    0.26681939146947115,
    0.23367856405675408,
    0.23861660142429172,
    0.2361975033767521,
    0.22793608142528682,
    0.22956633521243927,
    0.23522094774525612,
    0.24023119241464883,
    0.22182489016558973,
    0.2333380416035652,
    0.22926581297069787,
    0.2225182930706069,
    0.2228570990730077,
    0.21760125108994544,
    0.22239923777524379,
    0.2258866778574884,
    0.23301847351249308,
    0.23979941126890478,
    0.22462780359201132,
    0.22466932435054332,
    0.23049641107209026,
    0.22986312455032018,
    0.23142558506224303,
    0.22599314043764024,
    0.22265048157423734,
    0.22363372943364085,
    0.22811963204294441,
    0.22454351237975062,
    0.22069265071768313,
    0.22566351385321468,
    0.22094396573957054,
    0.2238400206435472,
    0.22273016772232948,
    0.22611552507150917,
    0.2291853478644043,
    0.22279467633925376,
    0.22106690988875924,
    0.22343948560301213,
    0.22148150771390646,
    0.22326177943032233,
    0.22090431160759177,
    0.22315106547903268,
    0.22374895142856985,
    0.22191052050329743
  ],
  "epochs": [
    0,
    1,
    2,
    3,
    4,
    5,
    6,
    7,
    8,
    9,
    10,
    11,
    12,
    13,
    14,
    15,
    16,
    17,
    18,
    19,
    20,
    21,
    22,
    23,
    24,
    25,
    26,
    27,
    28,
    29,
    30,
    31,
    32,
    33,
    34,
    35,
    36,
    37,
    38,
    39,
    40,
    41,
    42,
    43,
    44,
    45,
    46,
    47,
    48,
    49,
    50,
    51,
    52,
    53,
    54,
    55,
    56,
    57,
    58,
    59,
    60,
    61,
    62,
    63,
    64,
    65,
    66,
    67,
    68,
    69,
    70,
    71,
    72,
    73,
    74,
    75,
    76,
    77,
    78,
    79,
    80,
    81,
    82,
    83
  ]
}