{
  "train_loss": [
    1.3271495324915106,
    0.8269800926338542,
    0.7025978500192814,
    0.6411534405296498,
    0.5924836115945469,
    0.5531829165328632,
    0.5196494410796598,
    0.501680065718564,
    0.48259815833785313,
    0.4702913774414496,
    0.4609364821423184,
    0.452068567330187,
    0.4334384994073347,
    0.4296375367587263,
    0.4152593746781349,
    0.41290321461179036,
    0.4086915809728882,
    0.39526702959429133,
    0.38597852650013836,
    0.38929123444990676,
    0.38142582928592506,
    0.3806304639036005,
    0.37488568013364615,
    0.3660981880805709,
    0.3743217138810591,
    0.36984337776899334,
    0.3594297952272675,
    0.3539058621092276,
    0.36009155230088663,
    0.3586837261102416,
    0.35276779619130216,
    0.34536636230620466,
    0.34469936565919357,
    0.34355511172251263,
    0.3456584558161822,
    0.3418289111961018,
    0.3353821672092784,
    0.34043553764169865,
    0.3311039368130944,
    0.3271972391551191,
    0.33068596983497794,
    0.3350798902728341,
    0.32616168203678997,
    0.32243487444790925,
    0.32696055114269257,
    0.3244061714681712,
    0.32421331625093114,
    0.3218122484738176,
    0.33019442604346705,
    0.31892574508081784,
    0.3094507906382734,
    0.31028874679045243,
    0.3114864425767552,
    0.3094825036146424,
    0.3083402953906492,
    0.31124805640090597,
    0.3104113941030069,
    0.3061804445494305,
    0.3033897250619801,
    0.3048334215716882,
    0.30612066932699894,
    0.2981012143872001,
    0.3038206523927775,
    0.30061955013058406,
    0.30018683997067536,
    0.29884563386440277,
    0.30217764355919574,
    0.30042528919198297
  ],
  "val_loss": [
    0.8517520643770694,
    0.6293814508244395,
    0.5516466686502098,
    0.5782710800878703,
    0.45660311141982673,
    0.4524803368374705,
    0.42628010800108307,
    0.390528279915452,
    0.4228003450669348,
    0.38010464161634444,
    0.3149663515388965,
    0.3659905171953141,
    0.46710980483330783,
    0.40888027478940786,
    0.35267876931466163,
    0.42900773086585103,
    0.3379422262776643,
    0.28467279644683,
    0.3302783102728426,
    0.33097556382417676,
    0.3006045853719115,
    0.2995555618777871,
    0.3211136830039322,
    0.3143223779276013,
    0.3352363978046924,
    0.29030080293305216,
    0.26498166406527157,
    0.3606969272252172,
    0.25249942266382275,
    0.33951400495134293,
    0.3645400433335453,
    0.28287091706879436,
    0.26891617062501605,
    0.27639373801648615,
    0.2783731567673385,
    0.26941030072048305,
    0.26995450840331614,
    0.23490716032683848,
    0.25819846959784626,
    0.2745330704376101,
    0.26133780232630666,
    0.26262296685017644,
    0.27768043568357825,
    0.23724907664582132,
    0.2665959522593766,
    0.29747622485738245,
    0.2565300329122692,
    0.2360738832503557,
    0.3085606425069272,
    0.24592435979284344,
    0.2715246011968702,
    0.2583643632708117,
    0.24360677951481194,
    0.2665547812357545,
    0.24854740591254082,
    0.2541981298709288,
    0.24754728868138043,
    0.2655325477942824,
    0.2702262715436518,
    0.26012042146176095,
    0.25159831705968827,
    0.25358532622922214,
    0.243922421336174,
    0.2457318537868559,
    0.24851144501008093,
    0.25950327543541785,
    0.24942406625486907,
    0.25588570365216584
  ],
  "epochs": [
    0,
    1,
    2,
    3,
    4,
    5,
    6,
    7,
    8,
    9,
    10,
    11,
    12,
    13,
    14,
    15,
    16,
    17,
    18,
    19,
    20,
    21,
    22,
    23,
    24,
    25,
    26,
    27,
    28,
    29,
    30,
    31,
    32,
    33,
    34,
    35,
    36,
    37,
    38,
    39,
    40,
    41,
    42,
    43,
    44,
    45,
    46,
    47,
    48,
    49,
    50,
    51,
    52,
    53,
    54,
    55,
    56,
    57,
    58,
    59,
    60,
    61,
    62,
    63,
    64,
    65,
    66,
    67
  ]
}