{
  "train_loss": [
    1.335431311564012,
    0.8609643786061894,
    0.7537080854177475,
    0.7122616101395001,
    0.6643434421582655,
    0.6137225139141083,
    0.5729714109139009,
    0.5460177768902345,
    0.5191170807318254,
    0.49562087048183784,
    0.47930287753993817,
    0.465826594423164,
    0.4539680795777928,
    0.4520336587320674,
    0.43036378413438797,
    0.42514950863339684,
    0.426724349043586,
    0.412470600632104,
    0.409261089942672,
    0.4095792578567158,
    0.39886659291657534,
    0.39886521130800245,
    0.3877806959098035,
    0.3857303370670838,
    0.38899574995040886,
    0.3788628952340646,
    0.37728472051295364,
    0.3764077333699573,
    0.36604986583644694,
    0.3639875518733805,
    0.37256985550576993,
    0.364181294305758,
    0.36767427349632437,
    0.36164918799291956,
    0.3629326415874741,
    0.36156298978762186,
    0.3605849470062689,
    0.3526747569441795,
    0.35257083204659545,
    0.355719509314407,
    0.3469336302442984,
    0.3475763956525109,
    0.3453136698224328,
    0.3401930329745466,
    0.3351782072674144,
    0.3343826449188319,
    0.3373386567018249,
    0.3375352625413375,
    0.33456141856583677,
    0.3321475745602087,
    0.33007551995190704,
    0.3270121222734451,
    0.33240419003096494,
    0.3289010565660216,
    0.3316015008904717,
    0.33357453687624494,
    0.3313704353570938,
    0.3277669753811576,
    0.329266152490269,
    0.3262414731220765,
    0.32730137640779666,
    0.3282751219922846,
    0.325530747608705,
    0.32110191949389194,
    0.32948497284542433,
    0.3263722266392274,
    0.32838273603807794,
    0.32624979151920835,
    0.3238815426826477,
    0.32026902415535663,
    0.32437006438320326,
    0.3225863952257416,
    0.3186111122098836,
    0.323757847493345,
    0.31821824206547306,
    0.3162076496807012,
    0.3241071671518412,
    0.31617442878809837,
    0.32241247905926274,
    0.32076404051347207,
    0.32150741650299597,
    0.31703488395972684,
    0.31928099783984093,
    0.31644405668432063,
    0.3177860521999273
  ],
  "val_loss": [
    0.8504892885684966,
    0.70056031960994,
    0.6385876574553548,
    0.5882132987491786,
    0.5291866595856846,
    0.46819972191005943,
    0.42087098946794865,
    0.41110618375241753,
    0.39617161704227327,
    0.36279125884175295,
    0.367328918678686,
    0.39371948335319756,
    0.3762354828882962,
    0.32428630823269483,
    0.34565073517151174,
    0.3250658882781863,
    0.3100606794003397,
    0.30674299923703074,
    0.31702665132470426,
    0.39106996958144,
    0.3118932854384184,
    0.30797768323682245,
    0.30360508440062406,
    0.3775931657291948,
    0.3521964473649859,
    0.305168866738677,
    0.3273889906704426,
    0.294796439493075,
    0.2894972454756498,
    0.42117095063440496,
    0.34127103495411576,
    0.2761223520617932,
    0.31018284726887935,
    0.31509838560596104,
    0.282391218515113,
    0.3193082218524068,
    0.32791922027245163,
    0.27893481999635694,
    0.3120202330872416,
    0.3276253552176058,
    0.3097868318669498,
    0.29506136202253397,
    0.28025078475475307,
    0.2809265338582918,
    0.2702305148122832,
    0.29248452824540433,
    0.28931624805554745,
    0.28822918748483056,
    0.27640827337745577,
    0.2887115557910874,
    0.2728253557346761,
    0.27176303691230713,
    0.29428156767971814,
    0.2599347156472504,
    0.2542509593069553,
    0.2932897144928574,
    0.2813380531268194,
    0.2688234696863219,
    0.3023548564640805,
    0.27180204614996906,
    0.2879192762542516,
    0.2803139597177505,
    0.29413311993703245,
    0.26097910760436205,
    0.26295087940525264,
    0.2671567334793508,
    0.27587248687632376,
    0.26513304603286086,
    0.2757704728050157,
    0.274619456497021,
    0.27412387444637715,
    0.27283252344932407,
    0.26295522425789386,
    0.2808007704326883,
    0.2774868545588106,
    0.2712586363777518,
    0.26131917000748217,
    0.271428122697398,
    0.2666591739049181,
    0.27184851884376254,
    0.26902228822000324,
    0.2645217903424054,
    0.2669848370598629,
    0.2650419748388231,
    0.27139242067933084
  ],
  "epochs": [
    0,
    1,
    2,
    3,
    4,
    5,
    6,
    7,
    8,
    9,
    10,
    11,
    12,
    13,
    14,
    15,
    16,
    17,
    18,
    19,
    20,
    21,
    22,
    23,
    24,
    25,
    26,
    27,
    28,
    29,
    30,
    31,
    32,
    33,
    34,
    35,
    36,
    37,
    38,
    39,
    40,
    41,
    42,
    43,
    44,
    45,
    46,
    47,
    48,
    49,
    50,
    51,
    52,
    53,
    54,
    55,
    56,
    57,
    58,
    59,
    60,
    61,
    62,
    63,
    64,
    65,
    66,
    67,
    68,
    69,
    70,
    71,
    72,
    73,
    74,
    75,
    76,
    77,
    78,
    79,
    80,
    81,
    82,
    83,
    84
  ]
}