{
  "train_loss": [
    0.7289734101295471,
    0.6631072174344744,
    0.6376320034980774,
    0.6313861852782113,
    0.6178899564198085,
    0.6130866911479405,
    0.6044895619664873,
    0.603414373588562,
    0.5973997069495065,
    0.5924961636951992,
    0.5898282600130353,
    0.5850698768343244,
    0.5844955154691424,
    0.5786806567192078,
    0.5808163452284677,
    0.5784005820546831,
    0.5713410384995596,
    0.5727883298737663,
    0.5731769549097334,
    0.5677872251238142,
    0.5699278434208461,
    0.5654131970405578,
    0.5666185699735369,
    0.5619607273101807,
    0.5636341659409659,
    0.5576686074665614,
    0.558136538887024,
    0.5539245196614947,
    0.5571004697527204,
    0.5473017962728228,
    0.5531246276582991
  ],
  "val_loss": [
    0.4195216989517212,
    0.42217792882919314,
    0.40289768505096435,
    0.40189894618988037,
    0.39274792227745053,
    0.37935190057754514,
    0.38424731845855714,
    0.3777763441085815,
    0.38110584287643434,
    0.37217851600646973,
    0.39142454071044924,
    0.37882284784317016,
    0.3837231999397278,
    0.38602546668052673,
    0.3831908791542053,
    0.3722044408798218,
    0.3811140513420105,
    0.37438482246398924,
    0.38454228982925415,
    0.37938700675964354,
    0.37998294463157656,
    0.3702044174194336,
    0.3734354326248169,
    0.3799763717651367,
    0.3779937286376953,
    0.37871852922439575,
    0.3700021409988403,
    0.37027584009170533,
    0.37434182600975036,
    0.3689805264472961,
    0.36181726732254027
  ],
  "epochs": [
    0,
    1,
    2,
    3,
    4,
    5,
    6,
    7,
    8,
    9,
    10,
    11,
    12,
    13,
    14,
    15,
    16,
    17,
    18,
    19,
    20,
    21,
    22,
    23,
    24,
    25,
    26,
    27,
    28,
    29,
    30
  ]
}