{
  "summary": {
    "norm_name": "robust_normalized",
    "num_chips_requested": 10,
    "num_chips_processed": 10,
    "num_chips_with_metrics": 10,
    "generated_at": "2025-10-22T03:14:38.646352"
  },
  "averages": {
    "train": {
      "accuracy": 0.9103571428571428,
      "accuracy_std": 0.011598821192743016,
      "precision": 0.9107260359029317,
      "precision_std": 0.011750471103602184,
      "recall": 0.9103571428571428,
      "recall_std": 0.011598821192743016,
      "f1": 0.9104798093884122,
      "f1_std": 0.011648094823622814,
      "num_chips": 10
    },
    "val": {
      "accuracy": 0.8972513743128436,
      "accuracy_std": 0.007301997500869553,
      "precision": 0.8977197799956187,
      "precision_std": 0.007060080758980288,
      "recall": 0.8972513743128436,
      "recall_std": 0.007301997500869553,
      "f1": 0.8974069477437692,
      "f1_std": 0.007211650753314269,
      "num_chips": 10
    },
    "test": {
      "accuracy": 0.8986486486486485,
      "accuracy_std": 0.008264322704280812,
      "precision": 0.8991112007355639,
      "precision_std": 0.007782641405948302,
      "recall": 0.8986486486486485,
      "recall_std": 0.008264322704280812,
      "f1": 0.8987704929819511,
      "f1_std": 0.008032526666324756,
      "num_chips": 10
    }
  },
  "per_chip": {
    "1": {
      "train": {
        "accuracy": 0.9112857142857143,
        "precision": 0.9119090442838962,
        "recall": 0.9112857142857143,
        "f1": 0.9115470287927826
      },
      "val": {
        "accuracy": 0.8918040979510244,
        "precision": 0.8914665591264713,
        "recall": 0.8918040979510244,
        "f1": 0.8916200470273965
      },
      "test": {
        "accuracy": 0.8998998998998999,
        "precision": 0.9010577748049612,
        "recall": 0.8998998998998999,
        "f1": 0.9003310455137403
      }
    },
    "2": {
      "train": {
        "accuracy": 0.9132142857142858,
        "precision": 0.9137743051133428,
        "recall": 0.9132142857142858,
        "f1": 0.913451261285854
      },
      "val": {
        "accuracy": 0.8958020989505248,
        "precision": 0.8964418090645168,
        "recall": 0.8958020989505248,
        "f1": 0.8960631604435839
      },
      "test": {
        "accuracy": 0.9044044044044044,
        "precision": 0.9035905070509177,
        "recall": 0.9044044044044044,
        "f1": 0.9038256767049133
      }
    },
    "3": {
      "train": {
        "accuracy": 0.8977857142857143,
        "precision": 0.8974428462255439,
        "recall": 0.8977857142857143,
        "f1": 0.8975905552539644
      },
      "val": {
        "accuracy": 0.8940529735132434,
        "precision": 0.8942551334483522,
        "recall": 0.8940529735132434,
        "f1": 0.8941374339518666
      },
      "test": {
        "accuracy": 0.8953953953953954,
        "precision": 0.8955177039485251,
        "recall": 0.8953953953953954,
        "f1": 0.8954237158748546
      }
    },
    "4": {
      "train": {
        "accuracy": 0.9315714285714286,
        "precision": 0.9318324031653029,
        "recall": 0.9315714285714286,
        "f1": 0.9316822038692479
      },
      "val": {
        "accuracy": 0.912543728135932,
        "precision": 0.9123961217008496,
        "recall": 0.912543728135932,
        "f1": 0.9124556027835782
      },
      "test": {
        "accuracy": 0.9049049049049049,
        "precision": 0.9057535038983078,
        "recall": 0.9049049049049049,
        "f1": 0.905273864611672
      }
    },
    "5": {
      "train": {
        "accuracy": 0.9152142857142858,
        "precision": 0.9174580538866485,
        "recall": 0.9152142857142858,
        "f1": 0.9159070381996056
      },
      "val": {
        "accuracy": 0.8958020989505248,
        "precision": 0.8983961514942245,
        "recall": 0.8958020989505248,
        "f1": 0.8966881096820224
      },
      "test": {
        "accuracy": 0.8978978978978979,
        "precision": 0.8994587851023768,
        "recall": 0.8978978978978979,
        "f1": 0.8985067850219876
      }
    },
    "6": {
      "train": {
        "accuracy": 0.9146428571428571,
        "precision": 0.9144789690768507,
        "recall": 0.9146428571428571,
        "f1": 0.9145506942346131
      },
      "val": {
        "accuracy": 0.8963018490754623,
        "precision": 0.8964724642201566,
        "recall": 0.8963018490754623,
        "f1": 0.896373560486909
      },
      "test": {
        "accuracy": 0.9059059059059059,
        "precision": 0.9052814998475512,
        "recall": 0.9059059059059059,
        "f1": 0.9055024451437383
      }
    },
    "7": {
      "train": {
        "accuracy": 0.891,
        "precision": 0.8914524726371115,
        "recall": 0.891,
        "f1": 0.8912075227633803
      },
      "val": {
        "accuracy": 0.8855572213893054,
        "precision": 0.8868060950591978,
        "recall": 0.8855572213893054,
        "f1": 0.8859407399983655
      },
      "test": {
        "accuracy": 0.8783783783783784,
        "precision": 0.8800146369460977,
        "recall": 0.8783783783783784,
        "f1": 0.8790135909632245
      }
    },
    "8": {
      "train": {
        "accuracy": 0.9004285714285715,
        "precision": 0.9004208762752021,
        "recall": 0.9004285714285715,
        "f1": 0.9004182283286544
      },
      "val": {
        "accuracy": 0.8933033483258371,
        "precision": 0.8935516828794964,
        "recall": 0.8933033483258371,
        "f1": 0.8934210095431298
      },
      "test": {
        "accuracy": 0.8908908908908909,
        "precision": 0.891698358177844,
        "recall": 0.8908908908908909,
        "f1": 0.8912255530110441
      }
    },
    "9": {
      "train": {
        "accuracy": 0.9046428571428572,
        "precision": 0.90459490995889,
        "recall": 0.9046428571428572,
        "f1": 0.904618390948438
      },
      "val": {
        "accuracy": 0.9005497251374313,
        "precision": 0.900531718219225,
        "recall": 0.9005497251374313,
        "f1": 0.900533592501681
      },
      "test": {
        "accuracy": 0.9064064064064065,
        "precision": 0.9067866434235029,
        "recall": 0.9064064064064065,
        "f1": 0.906526440840132
      }
    },
    "10": {
      "train": {
        "accuracy": 0.9237857142857143,
        "precision": 0.9238964784065273,
        "recall": 0.9237857142857143,
        "f1": 0.9238251702075827
      },
      "val": {
        "accuracy": 0.9067966016991504,
        "precision": 0.9068800647436962,
        "recall": 0.9067966016991504,
        "f1": 0.9068362210191586
      },
      "test": {
        "accuracy": 0.9024024024024024,
        "precision": 0.9019525941555537,
        "recall": 0.9024024024024024,
        "f1": 0.9020758121342038
      }
    }
  }
}