{
  "train_loss": [
    0.8184244725636074,
    0.6448562400817871,
    0.5925818387031555,
    0.5687645081928798,
    0.5511444183894566,
    0.5417386368887765,
    0.5277218302454267,
    0.5209530411447798,
    0.5117574644769941,
    0.5063361439773014,
    0.500883650309699,
    0.49412739010538376,
    0.4909763204438346,
    0.48291643366132464,
    0.48611991803986687,
    0.4805846534660884,
    0.47682271582739694,
    0.47041223978315083,
    0.4715173988206046,
    0.4664274228368487,
    0.46497951547077726,
    0.46276446915354047,
    0.45888564833232337,
    0.45711322616849626,
    0.45696896728788106,
    0.4566654485974993,
    0.45171521943637305,
    0.4512512458392552,
    0.4508915039198739,
    0.4499697848864964,
    0.4449543607234955,
    0.4454370322227478,
    0.4451603115967342,
    0.4405694620200566,
    0.440236777142116,
    0.4392774248055049,
    0.43709237852096555,
    0.43539413236890523,
    0.43311730117116654,
    0.43298560694285804,
    0.4327458485671452,
    0.43061984002930775,
    0.4305228282860347,
    0.43010733299936565,
    0.42867100670678276,
    0.43042543232781544,
    0.4272706087929862,
    0.4294961667946407,
    0.42322310186794826,
    0.42640903729030066,
    0.427019713136128,
    0.4246380672931671,
    0.4214553033556257,
    0.4204529267311096,
    0.4234125581877572,
    0.41991910276412964,
    0.41879333937508717,
    0.4181778198923383,
    0.41941846896580287,
    0.41410394216264995,
    0.4155777261802128,
    0.418178031710216,
    0.41545415220941817,
    0.4151410750048501,
    0.4135772861276354,
    0.413342096219744,
    0.4156566676071712,
    0.4139982981954302,
    0.41148528329304285,
    0.4094922130175999,
    0.4113798530646733,
    0.4109301045690264,
    0.4097414825303214,
    0.4084259331907545,
    0.4087176521982466,
    0.40908824251719883,
    0.40751916676930017,
    0.41022528134754727,
    0.4064478290217263,
    0.4068551665714809,
    0.40655412849698747,
    0.4088084766524179,
    0.40703489314488,
    0.4089032737527575,
    0.4062532182080405,
    0.40264527566092356,
    0.4038040963377271,
    0.404077806023189,
    0.4038978745392391,
    0.4034590287889753,
    0.4018003345693861,
    0.4034357897213527,
    0.40196182800701685,
    0.40385840368270876,
    0.4007492954662868,
    0.4012740999085563,
    0.40207332609040397,
    0.3990270375864846,
    0.40018724647249493,
    0.40152241711616515
  ],
  "val_loss": [
    0.48646253199577333,
    0.4263878628730774,
    0.4136102645397186,
    0.37678141441345214,
    0.387175529384613,
    0.3792953803539276,
    0.36351737022399905,
    0.36512189707756043,
    0.3500749294281006,
    0.34133761372566224,
    0.3558314868927002,
    0.3350012819290161,
    0.3392716421127319,
    0.33119857301712036,
    0.3302348804473877,
    0.3285937205791473,
    0.33027985277175903,
    0.3308425733566284,
    0.3196881240367889,
    0.3239775414466858,
    0.31959779977798464,
    0.3126979602813721,
    0.3179825499534607,
    0.33141515817642214,
    0.3139562482357025,
    0.30743407278060914,
    0.3110708385944366,
    0.31321666097640993,
    0.30402318501472475,
    0.3117382464885712,
    0.30575800108909607,
    0.3081603265285492,
    0.3101195436477661,
    0.3045455317497253,
    0.30497476444244387,
    0.30381315412521365,
    0.308848499917984,
    0.306852579164505,
    0.29900269379615785,
    0.29759909100532533,
    0.30310401754379274,
    0.2994293518066406,
    0.2981306716442108,
    0.29309149861335754,
    0.3035960114479065,
    0.2955326441287994,
    0.2969976727485657,
    0.29290344486236575,
    0.2989241256713867,
    0.2918024499416351,
    0.2976661337852478,
    0.2996474850177765,
    0.28699820685386657,
    0.2950689341545105,
    0.2969358585357666,
    0.299962024307251,
    0.29110217728614807,
    0.29169996404647824,
    0.2918803267002106,
    0.2831075869083405,
    0.29208375205993653,
    0.2878195120334625,
    0.29353216519355774,
    0.2915727975845337,
    0.2920782340526581,
    0.2859406093120575,
    0.2852651003837585,
    0.2844780932426453,
    0.28885521898269656,
    0.28914815168380736,
    0.29046868815422056,
    0.28217772064208985,
    0.2893677240371704,
    0.28824699182510377,
    0.28759375100135803,
    0.2881203091144562,
    0.28802577514648436,
    0.28211317300796507,
    0.2853381004810333,
    0.2881263798713684,
    0.28347580761909486,
    0.28674301109313965,
    0.28898219203948977,
    0.2911878350257874,
    0.28337328643798826,
    0.28780066113471986,
    0.28687496280670166,
    0.2794744471549988,
    0.2869990857124329,
    0.27877818508148194,
    0.2823003583192825,
    0.28519860696792604,
    0.28883224315643313,
    0.2805438455581665,
    0.28267060174942016,
    0.2848530306339264,
    0.28173678712844846,
    0.27611848211288453,
    0.27895200924873353,
    0.2824277904987335
  ],
  "epochs": [
    0,
    1,
    2,
    3,
    4,
    5,
    6,
    7,
    8,
    9,
    10,
    11,
    12,
    13,
    14,
    15,
    16,
    17,
    18,
    19,
    20,
    21,
    22,
    23,
    24,
    25,
    26,
    27,
    28,
    29,
    30,
    31,
    32,
    33,
    34,
    35,
    36,
    37,
    38,
    39,
    40,
    41,
    42,
    43,
    44,
    45,
    46,
    47,
    48,
    49,
    50,
    51,
    52,
    53,
    54,
    55,
    56,
    57,
    58,
    59,
    60,
    61,
    62,
    63,
    64,
    65,
    66,
    67,
    68,
    69,
    70,
    71,
    72,
    73,
    74,
    75,
    76,
    77,
    78,
    79,
    80,
    81,
    82,
    83,
    84,
    85,
    86,
    87,
    88,
    89,
    90,
    91,
    92,
    93,
    94,
    95,
    96,
    97,
    98,
    99
  ]
}