{
    "dataset": "train",
    "accuracy": 0.9088571428571428,
    "macro_precision": 0.9081963132344191,
    "macro_recall": 0.9088571428571428,
    "macro_f1": 0.9084158214597888,
    "weighted_precision": 0.9081963132344191,
    "weighted_recall": 0.9088571428571428,
    "weighted_f1": 0.9084158214597888,
    "per_class_metrics": {
        "class_0": {
            "precision": 0.8990856660571107,
            "recall": 0.9130857142857143,
            "f1_score": 0.9060316110284216,
            "support": 35000
        },
        "class_1": {
            "precision": 0.8307176550864805,
            "recall": 0.8000285714285714,
            "f1_score": 0.8150843436622178,
            "support": 35000
        },
        "class_2": {
            "precision": 0.9039532216098257,
            "recall": 0.9231428571428572,
            "f1_score": 0.9134472668673932,
            "support": 35000
        },
        "class_3": {
            "precision": 0.9990287101842594,
            "recall": 0.9991714285714286,
            "f1_score": 0.9991000642811227,
            "support": 35000
        }
    },
    "confusion_matrix": [
        [
            31958,
            3030,
            2,
            10
        ],
        [
            3572,
            28001,
            3422,
            5
        ],
        [
            2,
            2669,
            32310,
            19
        ],
        [
            13,
            7,
            9,
            34971
        ]
    ]
}