{
  "summary": {
    "norm_name": "robust_normalized",
    "num_chips_requested": 10,
    "num_chips_processed": 10,
    "num_chips_with_metrics": 10,
    "generated_at": "2025-11-17T20:19:08.062030"
  },
  "averages": {
    "train": {
      "accuracy": 0.893807142857143,
      "precision": 0.8925462030087443,
      "recall": 0.893807142857143,
      "f1": 0.8924646982640002,
      "num_chips": 10
    },
    "val": {
      "accuracy": 0.876711644177911,
      "precision": 0.8749304542896736,
      "recall": 0.876711644177911,
      "f1": 0.87499681499664,
      "num_chips": 10
    },
    "test": {
      "accuracy": 0.8744244244244245,
      "precision": 0.8729571804322973,
      "recall": 0.8744244244244245,
      "f1": 0.8727294241157638,
      "num_chips": 10
    }
  },
  "per_chip": {
    "1": {
      "train": {
        "accuracy": 0.9108571428571428,
        "precision": 0.9100729037112352,
        "recall": 0.9108571428571428,
        "f1": 0.9096631380069368
      },
      "val": {
        "accuracy": 0.8910544727636182,
        "precision": 0.8896839603308222,
        "recall": 0.8910544727636182,
        "f1": 0.8898394861910841
      },
      "test": {
        "accuracy": 0.8813813813813813,
        "precision": 0.879761404896803,
        "recall": 0.8813813813813813,
        "f1": 0.8800114822863138
      }
    },
    "2": {
      "train": {
        "accuracy": 0.8818571428571429,
        "precision": 0.8802631532131392,
        "recall": 0.8818571428571429,
        "f1": 0.8805245709369541
      },
      "val": {
        "accuracy": 0.8638180909545228,
        "precision": 0.861367400804075,
        "recall": 0.8638180909545228,
        "f1": 0.8613091510203139
      },
      "test": {
        "accuracy": 0.8568568568568569,
        "precision": 0.8549030734845592,
        "recall": 0.8568568568568569,
        "f1": 0.8553793463388166
      }
    },
    "3": {
      "train": {
        "accuracy": 0.9085714285714286,
        "precision": 0.9077004485399267,
        "recall": 0.9085714285714286,
        "f1": 0.907309138776109
      },
      "val": {
        "accuracy": 0.895552223888056,
        "precision": 0.8944201793049713,
        "recall": 0.895552223888056,
        "f1": 0.8946695692505615
      },
      "test": {
        "accuracy": 0.8963963963963963,
        "precision": 0.896194016780093,
        "recall": 0.8963963963963963,
        "f1": 0.8961083719956824
      }
    },
    "4": {
      "train": {
        "accuracy": 0.8863571428571428,
        "precision": 0.884748035618441,
        "recall": 0.8863571428571428,
        "f1": 0.8843112188056579
      },
      "val": {
        "accuracy": 0.8723138430784607,
        "precision": 0.8705371456792474,
        "recall": 0.8723138430784607,
        "f1": 0.8695019922140141
      },
      "test": {
        "accuracy": 0.8648648648648649,
        "precision": 0.8628821586886034,
        "recall": 0.8648648648648649,
        "f1": 0.8628447542780304
      }
    },
    "5": {
      "train": {
        "accuracy": 0.8817142857142857,
        "precision": 0.8801991923327487,
        "recall": 0.8817142857142857,
        "f1": 0.880310772518477
      },
      "val": {
        "accuracy": 0.8598200899550225,
        "precision": 0.857886772120203,
        "recall": 0.8598200899550225,
        "f1": 0.85832770114925
      },
      "test": {
        "accuracy": 0.8753753753753754,
        "precision": 0.8741600171865144,
        "recall": 0.8753753753753754,
        "f1": 0.8740689570279829
      }
    },
    "6": {
      "train": {
        "accuracy": 0.897,
        "precision": 0.8958539903379847,
        "recall": 0.897,
        "f1": 0.8956563064147959
      },
      "val": {
        "accuracy": 0.875312343828086,
        "precision": 0.8732701628539573,
        "recall": 0.875312343828086,
        "f1": 0.8732922213578916
      },
      "test": {
        "accuracy": 0.8763763763763763,
        "precision": 0.8752176280801961,
        "recall": 0.8763763763763763,
        "f1": 0.8724465124524358
      }
    },
    "7": {
      "train": {
        "accuracy": 0.8985,
        "precision": 0.897365067293148,
        "recall": 0.8985,
        "f1": 0.8974576231481868
      },
      "val": {
        "accuracy": 0.887056471764118,
        "precision": 0.8856922281740593,
        "recall": 0.887056471764118,
        "f1": 0.8857872733974573
      },
      "test": {
        "accuracy": 0.8943943943943944,
        "precision": 0.8934736496132016,
        "recall": 0.8943943943943944,
        "f1": 0.8921626646236032
      }
    },
    "8": {
      "train": {
        "accuracy": 0.8737857142857143,
        "precision": 0.8717780706728313,
        "recall": 0.8737857142857143,
        "f1": 0.8716526239388147
      },
      "val": {
        "accuracy": 0.8510744627686156,
        "precision": 0.8480667980908884,
        "recall": 0.8510744627686156,
        "f1": 0.8485102900970938
      },
      "test": {
        "accuracy": 0.8443443443443444,
        "precision": 0.8414536643926411,
        "recall": 0.8443443443443444,
        "f1": 0.8419818872204042
      }
    },
    "9": {
      "train": {
        "accuracy": 0.9027142857142857,
        "precision": 0.901678278008737,
        "recall": 0.9027142857142857,
        "f1": 0.9016737290201035
      },
      "val": {
        "accuracy": 0.8858070964517741,
        "precision": 0.8844427289646771,
        "recall": 0.8858070964517741,
        "f1": 0.8844953957670703
      },
      "test": {
        "accuracy": 0.8793793793793794,
        "precision": 0.8778918077219231,
        "recall": 0.8793793793793794,
        "f1": 0.8782103842861809
      }
    },
    "10": {
      "train": {
        "accuracy": 0.8967142857142857,
        "precision": 0.8958028903592518,
        "recall": 0.8967142857142857,
        "f1": 0.8960878610739678
      },
      "val": {
        "accuracy": 0.8853073463268366,
        "precision": 0.8839371665738337,
        "recall": 0.8853073463268366,
        "f1": 0.8842350695216632
      },
      "test": {
        "accuracy": 0.8748748748748749,
        "precision": 0.8736343834784381,
        "recall": 0.8748748748748749,
        "f1": 0.8740798806481872
      }
    }
  }
}