{
  "train_loss": [
    0.8865953662178733,
    0.6934067877856168,
    0.5439948493784125,
    0.4386714474721388,
    0.3972244728695263,
    0.37413172667676753,
    0.3732852263884111,
    0.3584140642122789,
    0.34590013189749286,
    0.35516967285763135,
    0.3397690843452107,
    0.33184691721742804,
    0.32868372283198616,
    0.32846992828629235,
    0.33231146362694824,
    0.31535878750410945,
    0.3390994440425526,
    0.3119674162431197,
    0.3271239519119263,
    0.31725047691301866,
    0.3204667695543983,
    0.28919954191554675,
    0.28037068979306656,
    0.28057599419897256,
    0.2805119040337476,
    0.2779027784412557,
    0.27578694820404054,
    0.27779811810363425,
    0.27755220098928973,
    0.27624642117456955,
    0.2771843265403401,
    0.27429945089600305,
    0.2761761722239581,
    0.2755246923728423,
    0.27738009582866324,
    0.273769549889998,
    0.2721315345980904,
    0.2680225895209746,
    0.26851479682055385,
    0.2679544408213009,
    0.2697728081183,
    0.2702259017662568,
    0.26923482092944057,
    0.2727404534816742,
    0.26809042448347264,
    0.26856268427588725,
    0.2704489209435203,
    0.268359437584877,
    0.27041924650018867,
    0.26984761357307435,
    0.27163803496144034,
    0.26907660581848836,
    0.271626385233619,
    0.2682825809175318,
    0.2670594323765148,
    0.27362666075879877,
    0.2683256027373401,
    0.27327452572909267,
    0.26833180676807056,
    0.27043184773488477,
    0.2695526510477066,
    0.26854109384796837,
    0.26997283290732993,
    0.2662293726747686,
    0.26659965190020474,
    0.2720334315841848,
    0.26649215600707316,
    0.2710637940601869,
    0.2657335614616221,
    0.2710127077319405,
    0.2657580456950448,
    0.2657576864415949,
    0.2700425123626536,
    0.2693413482470946,
    0.2666374992240559,
    0.26794937686486675,
    0.2685492596843026
  ],
  "val_loss": [
    0.7981702499091625,
    0.5758971273899078,
    0.5560136921703815,
    0.41917151771485806,
    0.4025799557566643,
    0.5035340059548616,
    0.5980857256799936,
    0.35840090550482273,
    0.7015957906842232,
    1.2361013144254684,
    1.1757386177778244,
    1.0403931848704815,
    0.340707391500473,
    0.9604526311159134,
    0.3163075940683484,
    1.7322266027331352,
    0.3344953805208206,
    0.5667810719460249,
    0.33514846209436655,
    0.34437949769198895,
    0.34252443071454763,
    0.3062928272411227,
    0.3058068286627531,
    0.31318909488618374,
    0.302427189424634,
    0.30904332362115383,
    0.30377926118671894,
    0.3050131071358919,
    0.299441946670413,
    0.3004718851298094,
    0.31478580087423325,
    0.3047839943319559,
    0.3059275783598423,
    0.39013000950217247,
    0.34209492057561874,
    0.2992467423900962,
    0.2975260568782687,
    0.29723018407821655,
    0.2979780826717615,
    0.2973111914470792,
    0.29690539464354515,
    0.29709431901574135,
    0.2975044781342149,
    0.2970368778333068,
    0.29770732019096613,
    0.2968648299574852,
    0.2971644103527069,
    0.2970874486491084,
    0.29747321736067533,
    0.296806076541543,
    0.2971618855372071,
    0.29678993858397007,
    0.29791292175650597,
    0.2978115361183882,
    0.29633898101747036,
    0.2968182247132063,
    0.29700057208538055,
    0.29614627081900835,
    0.2974694324657321,
    0.2961857561022043,
    0.29687296971678734,
    0.29606983345001936,
    0.2976935300976038,
    0.29618996009230614,
    0.2963926577940583,
    0.2974495105445385,
    0.29670743364840746,
    0.297485388815403,
    0.2970975851640105,
    0.2962045166641474,
    0.29622494895011187,
    0.29645202308893204,
    0.29626037552952766,
    0.2963159754872322,
    0.29640352074056864,
    0.29665722884237766,
    0.29691229946911335
  ],
  "epochs": [
    0,
    1,
    2,
    3,
    4,
    5,
    6,
    7,
    8,
    9,
    10,
    11,
    12,
    13,
    14,
    15,
    16,
    17,
    18,
    19,
    20,
    21,
    22,
    23,
    24,
    25,
    26,
    27,
    28,
    29,
    30,
    31,
    32,
    33,
    34,
    35,
    36,
    37,
    38,
    39,
    40,
    41,
    42,
    43,
    44,
    45,
    46,
    47,
    48,
    49,
    50,
    51,
    52,
    53,
    54,
    55,
    56,
    57,
    58,
    59,
    60,
    61,
    62,
    63,
    64,
    65,
    66,
    67,
    68,
    69,
    70,
    71,
    72,
    73,
    74,
    75,
    76
  ]
}