{
  "train_loss": [
    0.8769866141405973,
    0.6820165352387861,
    0.5478734520348636,
    0.48201697685501793,
    0.44257830273021354,
    0.3918653905391693,
    0.3896494529464028,
    0.3705453634262085,
    0.35990650382908906,
    0.35832839608192446,
    0.34162981076674026,
    0.33737158883701673,
    0.3412512343038212,
    0.32892378893765534,
    0.3340536664832722,
    0.3053681297735734,
    0.2966353942047466,
    0.29242467744783923,
    0.29484171704812484,
    0.29039989005435596,
    0.29057004045356405,
    0.2893362757834521,
    0.2892935061996633,
    0.2908798404715278,
    0.29085238386284223,
    0.2872350424528122,
    0.2877130020748485,
    0.28432115316390993,
    0.2847745578397404,
    0.27966205992481924,
    0.283633817596869,
    0.2798753930763765,
    0.2786534125154669,
    0.27987257025458595,
    0.282100465351885,
    0.2826189683242278,
    0.2800786245952953,
    0.279486222429709,
    0.2801173546097495,
    0.28179440688003193,
    0.28100326548923144,
    0.27993970919739114,
    0.2808728394183246,
    0.2784416775811802,
    0.28008665361187673,
    0.28119786733930763,
    0.27994132285768336,
    0.281631322611462,
    0.2788020835681395,
    0.2814629917795008,
    0.28022256656126543,
    0.27982214255766436,
    0.2813884605060924,
    0.2828300421888178,
    0.279042063518004,
    0.27726629268039354,
    0.27788989056240426,
    0.280518379536542,
    0.27599812935699114,
    0.2763244485313242,
    0.28093724738467823,
    0.27638656090606345,
    0.2801565452055498,
    0.27622408433393997,
    0.27917583557692444,
    0.2829662583091042,
    0.2784635072404688,
    0.27668958739800886,
    0.27491678297519684,
    0.2813323760574514,
    0.2777271078391509,
    0.2799660555341027,
    0.27810134589672086,
    0.27518140754916454,
    0.2797839646989649,
    0.2771540639075366,
    0.280537793582136,
    0.2797819801352241
  ],
  "val_loss": [
    0.7887696623802185,
    0.9479044377803802,
    0.9037524498999119,
    0.44404331780970097,
    0.4303846135735512,
    0.9231370761990547,
    0.39387754164636135,
    0.40566650591790676,
    0.3385328110307455,
    0.6013797707855701,
    0.36346103623509407,
    0.4054201040416956,
    0.7733159735798836,
    0.44553854316473007,
    1.326158694922924,
    0.3148496598005295,
    0.3356231041252613,
    0.3156756740063429,
    0.33116837963461876,
    0.3408101201057434,
    0.31412483751773834,
    0.3173340018838644,
    0.3258553184568882,
    0.3286413140594959,
    0.33197586983442307,
    0.33617841079831123,
    0.3657163232564926,
    0.30728830583393574,
    0.3084815628826618,
    0.3068231865763664,
    0.30781010538339615,
    0.30859868600964546,
    0.30634746327996254,
    0.305808961391449,
    0.3059494011104107,
    0.3062953017652035,
    0.30630298890173435,
    0.30543021857738495,
    0.3059442266821861,
    0.3054939694702625,
    0.30645486898720264,
    0.3054525703191757,
    0.30603526160120964,
    0.3051907252520323,
    0.3064822070300579,
    0.30573780462145805,
    0.30503594130277634,
    0.3064400926232338,
    0.30551085248589516,
    0.31159382313489914,
    0.30550347082316875,
    0.30576779320836067,
    0.30598246306180954,
    0.3061790633946657,
    0.3049947898834944,
    0.30647293105721474,
    0.30585745722055435,
    0.3054704498499632,
    0.30532938428223133,
    0.304994598031044,
    0.30694938637316227,
    0.30507631972432137,
    0.304887767881155,
    0.3054182957857847,
    0.30543604493141174,
    0.3050586823374033,
    0.305414043366909,
    0.3054129984229803,
    0.3050885908305645,
    0.30539669655263424,
    0.30541141144931316,
    0.30638505704700947,
    0.3057268187403679,
    0.3053286150097847,
    0.3054932989180088,
    0.3052368201315403,
    0.30546136386692524,
    0.304989717900753
  ],
  "epochs": [
    0,
    1,
    2,
    3,
    4,
    5,
    6,
    7,
    8,
    9,
    10,
    11,
    12,
    13,
    14,
    15,
    16,
    17,
    18,
    19,
    20,
    21,
    22,
    23,
    24,
    25,
    26,
    27,
    28,
    29,
    30,
    31,
    32,
    33,
    34,
    35,
    36,
    37,
    38,
    39,
    40,
    41,
    42,
    43,
    44,
    45,
    46,
    47,
    48,
    49,
    50,
    51,
    52,
    53,
    54,
    55,
    56,
    57,
    58,
    59,
    60,
    61,
    62,
    63,
    64,
    65,
    66,
    67,
    68,
    69,
    70,
    71,
    72,
    73,
    74,
    75,
    76,
    77
  ]
}