{
  "train_loss": [
    0.8563297466798262,
    0.5456865413622423,
    0.4633522179993716,
    0.42516052506186747,
    0.39694035486741497,
    0.3759326620535417,
    0.3633151113986969,
    0.34838393980806526,
    0.33994826620275326,
    0.33382329507307573,
    0.3296683474020524,
    0.319874967770143,
    0.30881204063242135,
    0.31611586809158326,
    0.3084770898927342,
    0.3102164000272751,
    0.2983402558348396,
    0.2970245840874585,
    0.3005350573496385,
    0.296762339906259,
    0.28877187289974904,
    0.29463921920819713,
    0.262713406031782,
    0.2577437888492237,
    0.2529261973771182,
    0.2530176821080121,
    0.2492627967487682,
    0.25197568210688503,
    0.25286489779298954,
    0.2501499360257929,
    0.2560533604838631,
    0.24948737052353945,
    0.25226735228841957,
    0.24581240686503322,
    0.2444251298904419,
    0.24462472119114614,
    0.24760066270828246,
    0.24338997466997667,
    0.24682035717097195,
    0.24096415069970217,
    0.24351293498819523,
    0.24859607165510003,
    0.2465254935351285,
    0.24628955342552877,
    0.24473650753498077,
    0.24212268509648063,
    0.24256018102169036,
    0.24440494965423237,
    0.24425824663855814,
    0.242177954045209,
    0.24616334519603036,
    0.24352849450978367,
    0.24299492890184576,
    0.2446626061742956,
    0.24453564638441258,
    0.24354100308635018,
    0.24439325495199724,
    0.24526157568801532,
    0.24271984506737102,
    0.2475014578212391,
    0.24405675096945328,
    0.24380048513412475,
    0.24236399097876116,
    0.2414991861039942,
    0.24482356472448868,
    0.23991065350445834,
    0.2449263103983619,
    0.2387177207253196,
    0.2415407346053557,
    0.24257385161789982,
    0.24444758187640797,
    0.2428384786302393,
    0.2431589736179872,
    0.2462065431204709,
    0.2423411550846967,
    0.2464626510034908,
    0.24226464276964013,
    0.24303280358964746,
    0.24592803797938606,
    0.24287684668194165,
    0.2420460199767893,
    0.2430099460211667,
    0.24375314685431393,
    0.24415517937053333
  ],
  "val_loss": [
    0.7038119733333588,
    0.47427443601191044,
    0.5272636748850346,
    0.5407488401979208,
    0.39055132679641247,
    0.5804126970469952,
    0.5095809437334538,
    0.4877705704420805,
    0.3507054653018713,
    0.9461943581700325,
    0.8175800256431103,
    0.5717850401997566,
    0.33325344510376453,
    0.6912806518375874,
    0.3298380486667156,
    0.31354388035833836,
    0.36382786370813847,
    0.6899927444756031,
    0.6343459002673626,
    0.3467842862010002,
    0.48511514998972416,
    0.36791738867759705,
    0.2830295516178012,
    0.2807706920430064,
    0.2662219302728772,
    0.297471328638494,
    0.2647633422166109,
    0.2691447287797928,
    0.2671902384608984,
    0.2654282161965966,
    0.279861724935472,
    0.288679426535964,
    0.2663134131580591,
    0.263218111358583,
    0.2622989024966955,
    0.2622063187882304,
    0.2617266224697232,
    0.2643533004447818,
    0.2612644722685218,
    0.2625576173886657,
    0.26191524881869555,
    0.2618230748921633,
    0.26142536755651236,
    0.2613994302228093,
    0.2622861610725522,
    0.26306299958378077,
    0.26178251300007105,
    0.2628373000770807,
    0.26136716920882463,
    0.26154096238315105,
    0.26278921868652105,
    0.2620941447094083,
    0.2614889536052942,
    0.261240360327065,
    0.2622985076159239,
    0.26139268931001425,
    0.26168515253812075,
    0.26312186289578676,
    0.2612783722579479,
    0.26189048308879137,
    0.2613811520859599,
    0.2611929848790169,
    0.262180270627141,
    0.26134704798460007,
    0.2611612807959318,
    0.2615644671022892,
    0.2617123341187835,
    0.262360667809844,
    0.2610465446487069,
    0.2610928537324071,
    0.26127529982477427,
    0.26289239525794983,
    0.2613311856985092,
    0.26153930835425854,
    0.26136471424251795,
    0.2629524217918515,
    0.2612173780798912,
    0.2612211499363184,
    0.26185311283916235,
    0.26161932200193405,
    0.2620058646425605,
    0.26179374754428864,
    0.26131443679332733,
    0.26235751062631607
  ],
  "epochs": [
    0,
    1,
    2,
    3,
    4,
    5,
    6,
    7,
    8,
    9,
    10,
    11,
    12,
    13,
    14,
    15,
    16,
    17,
    18,
    19,
    20,
    21,
    22,
    23,
    24,
    25,
    26,
    27,
    28,
    29,
    30,
    31,
    32,
    33,
    34,
    35,
    36,
    37,
    38,
    39,
    40,
    41,
    42,
    43,
    44,
    45,
    46,
    47,
    48,
    49,
    50,
    51,
    52,
    53,
    54,
    55,
    56,
    57,
    58,
    59,
    60,
    61,
    62,
    63,
    64,
    65,
    66,
    67,
    68,
    69,
    70,
    71,
    72,
    73,
    74,
    75,
    76,
    77,
    78,
    79,
    80,
    81,
    82,
    83
  ]
}