{
  "train_loss": [
    0.8678161198442632,
    0.6847935817458413,
    0.5680938655679876,
    0.491773382100192,
    0.468157714063471,
    0.4118090933019465,
    0.4274626764384183,
    0.39654852043498645,
    0.3662872011011297,
    0.3662748412652449,
    0.3431508541107178,
    0.354357802326029,
    0.34527739719911055,
    0.3444148594682867,
    0.33329259807413275,
    0.3311516154896129,
    0.3284426960078153,
    0.29724070619453086,
    0.28951530293984845,
    0.28309434760700575,
    0.28383624960075726,
    0.2831934557719664,
    0.2864690637046641,
    0.27991351241415197,
    0.28025898608294403,
    0.28360048667951065,
    0.2792026890949769,
    0.27931221371347253,
    0.2805528212677349,
    0.2818238678303632,
    0.2736710811203176,
    0.2718542283231562,
    0.2724568632515994,
    0.2711337707259438,
    0.27359845394437965,
    0.2704685514623469,
    0.26938245350664314,
    0.2723624979907816,
    0.27096319875933905
  ],
  "val_loss": [
    0.760906994342804,
    0.8246478401124477,
    0.4972794335335493,
    0.5368275959044695,
    0.4475519582629204,
    0.7777158804237843,
    0.49614316038787365,
    0.5016039982438087,
    0.7856053933501244,
    0.4100982677191496,
    0.35299520194530487,
    0.3577326312661171,
    0.9676153771579266,
    0.4015906620770693,
    0.43550456687808037,
    0.46353353559970856,
    0.48262446746230125,
    0.3044498609378934,
    0.3167966865003109,
    0.30284516513347626,
    0.297746991738677,
    0.30608415603637695,
    0.30932884477078915,
    0.2936217403039336,
    0.3008712939918041,
    0.3267545849084854,
    0.3129820516332984,
    0.29642394185066223,
    0.30024700053036213,
    0.31156816333532333,
    0.2945328941568732,
    0.2951510027050972,
    0.29637765418738127,
    0.2962503619492054,
    0.2987083662301302,
    0.29616606794297695,
    0.2958291042596102,
    0.2955908514559269,
    0.29466280713677406
  ],
  "epochs": [
    0,
    1,
    2,
    3,
    4,
    5,
    6,
    7,
    8,
    9,
    10,
    11,
    12,
    13,
    14,
    15,
    16,
    17,
    18,
    19,
    20,
    21,
    22,
    23,
    24,
    25,
    26,
    27,
    28,
    29,
    30,
    31,
    32,
    33,
    34,
    35,
    36,
    37,
    38
  ]
}