{
  "train_loss": [
    0.874592108076269,
    0.738116880980405,
    0.6014296867630698,
    0.553562470999631,
    0.4741821971806613,
    0.45834040316668423,
    0.4346183207902041,
    0.4396769415248524,
    0.4212432937188582,
    0.41509697870774703,
    0.41649640690196643,
    0.41189630898562346,
    0.42089930881153453,
    0.4052299304441972,
    0.39399023977192965,
    0.3867192040790211,
    0.401309352571314,
    0.3903888854113492,
    0.37486124363812534,
    0.385929906910116,
    0.38759276433424517,
    0.37022377902811227,
    0.3490233139558272,
    0.34195003834637727,
    0.3360953932458704,
    0.338772993738001,
    0.3346941438588229,
    0.3411270531741056,
    0.33710183121941306,
    0.33515571030703456,
    0.33546049540693107,
    0.3288828871466897,
    0.32954913106831635,
    0.33014062372120945,
    0.3290484534068541,
    0.3299910287965428,
    0.3293822938745672,
    0.3271661335771734,
    0.3295918128707192,
    0.3295478826219385,
    0.33035462552850897,
    0.3300578545440327,
    0.3291995552453128,
    0.3288678833029487,
    0.3267326577143236,
    0.328920885107734,
    0.33071997328238056,
    0.329900709065524,
    0.3278379467400638,
    0.32790972482074393,
    0.32657783844254235,
    0.3312791000713002,
    0.33000473000786523,
    0.32607352137565615,
    0.32607227509671993,
    0.33158252130855215,
    0.32820308073000476,
    0.33092834028330714,
    0.3292201600291512,
    0.3277357832951979,
    0.3269441279498014,
    0.3299298056147315,
    0.3301454733718525,
    0.3286634537306699,
    0.33016061295162547
  ],
  "val_loss": [
    0.7967442944645882,
    0.7156723104417324,
    0.8167349733412266,
    0.609186265617609,
    0.4482655320316553,
    0.6314404383301735,
    0.7462869919836521,
    0.47094112634658813,
    0.4759452138096094,
    0.43501441180706024,
    0.5947570353746414,
    0.5466070622205734,
    0.6770559959113598,
    0.4837370999157429,
    0.41270873323082924,
    0.39091638661921024,
    0.6064870096743107,
    0.4351652804762125,
    0.5474306344985962,
    0.4363702032715082,
    0.4842526391148567,
    0.649177685379982,
    0.3611837327480316,
    0.35730238631367683,
    0.36289420910179615,
    0.3902583420276642,
    0.36555521562695503,
    0.40869905054569244,
    0.36379949003458023,
    0.4844964873045683,
    0.35141859762370586,
    0.351726645603776,
    0.3525001984089613,
    0.3507480714470148,
    0.35208153165876865,
    0.3511445242911577,
    0.35080548375844955,
    0.3535248525440693,
    0.3508351482450962,
    0.35151226818561554,
    0.35126737877726555,
    0.351247301325202,
    0.3509798739105463,
    0.351334510371089,
    0.3509232960641384,
    0.3511672280728817,
    0.35077299550175667,
    0.35136918537318707,
    0.3506831880658865,
    0.35068150237202644,
    0.3508550487458706,
    0.3509989008307457,
    0.3508046753704548,
    0.3511809501796961,
    0.35116281546652317,
    0.350815761834383,
    0.35155312344431877,
    0.3507446348667145,
    0.3508927393704653,
    0.3510967828333378,
    0.35085402987897396,
    0.3509664498269558,
    0.35093437880277634,
    0.3507928065955639,
    0.35092476196587086
  ],
  "epochs": [
    0,
    1,
    2,
    3,
    4,
    5,
    6,
    7,
    8,
    9,
    10,
    11,
    12,
    13,
    14,
    15,
    16,
    17,
    18,
    19,
    20,
    21,
    22,
    23,
    24,
    25,
    26,
    27,
    28,
    29,
    30,
    31,
    32,
    33,
    34,
    35,
    36,
    37,
    38,
    39,
    40,
    41,
    42,
    43,
    44,
    45,
    46,
    47,
    48,
    49,
    50,
    51,
    52,
    53,
    54,
    55,
    56,
    57,
    58,
    59,
    60,
    61,
    62,
    63,
    64
  ]
}