{
  "train_loss": [
    0.8765036225318908,
    0.6748010689562017,
    0.4823233360593969,
    0.4092151631008495,
    0.3794491350650787,
    0.36553067619150337,
    0.3548603951931,
    0.3394120454788208,
    0.3297522962093353,
    0.3334653377532959,
    0.3130549292672764,
    0.31708484535867515,
    0.30190635215152395,
    0.31684182719750836,
    0.3124433157118884,
    0.3001583847132596,
    0.2711485342545943,
    0.2590488469058817,
    0.2569979066198522,
    0.2592532396316528,
    0.26078656586733734,
    0.2600893253629858,
    0.2577552470293912,
    0.2578805294903842,
    0.2576800890944221,
    0.25314881043000653,
    0.2546252264217897,
    0.254923138293353,
    0.2566856882788918,
    0.2522031830115752,
    0.24905096184123646,
    0.25205220011147583,
    0.2525824102488431,
    0.25199915983460164,
    0.25145256085829304,
    0.2474385364489122,
    0.25941864333369513,
    0.24583873586221175,
    0.2414841890335083,
    0.24420478316870603,
    0.243023021383719,
    0.2440945554863323,
    0.24360357929359783,
    0.24434052353555505,
    0.2462106561118906,
    0.24220615408637308,
    0.24406883066350762,
    0.24460154419595545,
    0.24269571439786392,
    0.24356650032780386,
    0.24298796382817356,
    0.24315086034211245,
    0.24277377345345236,
    0.243723019415682,
    0.24108704220164906,
    0.24149255752563475,
    0.24295468709685586,
    0.24264687435193497,
    0.2383883170106194
  ],
  "val_loss": [
    0.7863813936710358,
    0.5541596710681915,
    0.42748585157096386,
    1.0234213583171368,
    0.7104322947561741,
    0.4226356837898493,
    2.0439412593841553,
    0.3460827972739935,
    0.46315193735063076,
    0.3155544623732567,
    0.3842000886797905,
    0.7634355202317238,
    0.6178921721875668,
    0.41924610920250416,
    0.3795490600168705,
    0.5557496100664139,
    0.28233911842107773,
    0.2809874964877963,
    0.28919033240526915,
    0.3005689289420843,
    0.40631535835564137,
    0.35911770910024643,
    0.2807631576433778,
    0.3300112821161747,
    0.34328362718224525,
    0.28169573936611414,
    0.2773817842826247,
    0.2872669193893671,
    0.28104379400610924,
    0.27558442670851946,
    0.27473713271319866,
    0.283580987714231,
    0.29652409069240093,
    0.287363987416029,
    0.27843880094587803,
    0.27713511791080236,
    0.2946932930499315,
    0.27165513951331377,
    0.2728934707120061,
    0.2730588214471936,
    0.2716974653303623,
    0.272474555298686,
    0.2725841039791703,
    0.2713971836492419,
    0.2723093368113041,
    0.2726693507283926,
    0.2719823755323887,
    0.27218703646212816,
    0.27337230276316404,
    0.27233615797013044,
    0.2718485724180937,
    0.27303088270127773,
    0.2717205844819546,
    0.27247582003474236,
    0.2722689863294363,
    0.2716682041063905,
    0.2718400778248906,
    0.27230157144367695,
    0.2729131793603301
  ],
  "epochs": [
    0,
    1,
    2,
    3,
    4,
    5,
    6,
    7,
    8,
    9,
    10,
    11,
    12,
    13,
    14,
    15,
    16,
    17,
    18,
    19,
    20,
    21,
    22,
    23,
    24,
    25,
    26,
    27,
    28,
    29,
    30,
    31,
    32,
    33,
    34,
    35,
    36,
    37,
    38,
    39,
    40,
    41,
    42,
    43,
    44,
    45,
    46,
    47,
    48,
    49,
    50,
    51,
    52,
    53,
    54,
    55,
    56,
    57,
    58
  ]
}