{
  "train_loss": [
    0.8807775855064393,
    0.6612690145319159,
    0.5210132495923476,
    0.4803476452827454,
    0.460337848554958,
    0.4424476076256145,
    0.42730137597430834,
    0.41902272538705304,
    0.41142603700811214,
    0.41480847813866356,
    0.4129398362203078,
    0.4014672794125297,
    0.3972921821204099,
    0.3992370957678015,
    0.3790436181155118,
    0.3786027724092657,
    0.3803689750758084,
    0.37701764486052775,
    0.3705723356116902,
    0.38303636366670785,
    0.36531579169360073,
    0.37084832083095204,
    0.36961010802875865,
    0.3605215798724781,
    0.3698508923703974,
    0.35981787795370274,
    0.3608888544819572,
    0.3700573222203688,
    0.37071828083558517,
    0.3636920723048123,
    0.360895233262669,
    0.3511483192443848,
    0.3606983970512043,
    0.3271890862421556,
    0.31659364646131344,
    0.3212969194759022,
    0.3236069752411409,
    0.31877621737393463,
    0.31799952523274855,
    0.3205466644330458,
    0.3161782448942011,
    0.31953618092970415,
    0.31968066854910415,
    0.31603360528295693,
    0.3124003469944,
    0.3134321659803391,
    0.31279571814970536,
    0.31541398438540375,
    0.3129953834143552,
    0.31121642860499293,
    0.3158886668356982,
    0.3121406387199055,
    0.3090726792812347,
    0.31192315166646783,
    0.3080414192243056,
    0.31186777570030905,
    0.31283149258656934,
    0.31317494267767126,
    0.31151316382668237,
    0.3116299580443989,
    0.3109451521526683,
    0.311898502165621,
    0.3115570371801203,
    0.3125246784903786,
    0.31202660365538165,
    0.3125899900089611,
    0.31050112247467043,
    0.31049066456881436,
    0.31004575165835296
  ],
  "val_loss": [
    0.7750764191150665,
    0.5430615432560444,
    0.4990396425127983,
    0.5414833966642618,
    0.43262787349522114,
    0.40605761855840683,
    0.5087096374481916,
    0.5002400670200586,
    0.4497406519949436,
    0.7973055578768253,
    0.8242125324904919,
    0.39520068280398846,
    0.40795332938432693,
    0.46893003582954407,
    0.42558275908231735,
    0.38677467592060566,
    0.512705871835351,
    0.4247267358005047,
    0.5040169022977352,
    0.7128595449030399,
    0.3680964410305023,
    0.494645643979311,
    0.5156699903309345,
    0.3809925429522991,
    0.6276545338332653,
    0.5382806807756424,
    0.35817795619368553,
    0.4136277362704277,
    0.531148724257946,
    0.37311189621686935,
    0.4752316568046808,
    0.3684744518250227,
    0.4047911297529936,
    0.33224502578377724,
    0.3358522057533264,
    0.3323824889957905,
    0.3622172214090824,
    0.3297627940773964,
    0.3365119770169258,
    0.35194956324994564,
    0.3467392064630985,
    0.3348981384187937,
    0.3470846191048622,
    0.3512989208102226,
    0.3305016662925482,
    0.32570191379636526,
    0.3257206827402115,
    0.3267475161701441,
    0.32569476403295994,
    0.32548234704881907,
    0.3264889260753989,
    0.32567627541720867,
    0.3272652281448245,
    0.3247494688257575,
    0.3248208053410053,
    0.325407606549561,
    0.3254692517220974,
    0.32590398471802473,
    0.32573812175542116,
    0.3248627847060561,
    0.32506326399743557,
    0.3251064904034138,
    0.32552369218319654,
    0.3251456217840314,
    0.3250977108255029,
    0.32500727847218513,
    0.32494683377444744,
    0.3250993750989437,
    0.3253494780510664
  ],
  "epochs": [
    0,
    1,
    2,
    3,
    4,
    5,
    6,
    7,
    8,
    9,
    10,
    11,
    12,
    13,
    14,
    15,
    16,
    17,
    18,
    19,
    20,
    21,
    22,
    23,
    24,
    25,
    26,
    27,
    28,
    29,
    30,
    31,
    32,
    33,
    34,
    35,
    36,
    37,
    38,
    39,
    40,
    41,
    42,
    43,
    44,
    45,
    46,
    47,
    48,
    49,
    50,
    51,
    52,
    53,
    54,
    55,
    56,
    57,
    58,
    59,
    60,
    61,
    62,
    63,
    64,
    65,
    66,
    67,
    68
  ]
}