{
  "train_loss": [
    0.8662013216452165,
    0.7088954697955738,
    0.5632767948237333,
    0.4777718576517972,
    0.4375811658122323,
    0.41341283213008534,
    0.406542478908192,
    0.38922078880396754,
    0.38262593962929464,
    0.36968495574864474,
    0.3734040921384638,
    0.3810841901735826,
    0.3746466788378629,
    0.36903370293703947,
    0.36489272117614746,
    0.35314666466279465,
    0.3443226299502633,
    0.34729815884069964,
    0.34302146434783937,
    0.34202083186669785,
    0.3172422810034318,
    0.30927009880542755,
    0.31020804833282123,
    0.3083795883438804,
    0.3076658926226876,
    0.30671038708903575,
    0.30490212413397705,
    0.3071905507282777,
    0.3057149236852473,
    0.3039218788797205,
    0.30422540550882166,
    0.30412311364303934,
    0.30298185456882826,
    0.29941436648368835,
    0.30090085105462505,
    0.307944946939295,
    0.30243498899719934,
    0.30316497575153006,
    0.30096615796739407,
    0.30202159122987227,
    0.2963711803609675,
    0.2957333280281587,
    0.29620271704413675,
    0.2948771205815402,
    0.2930981134826487,
    0.2943026312372901,
    0.29412282461469824,
    0.29369029890407217,
    0.29448948123238305,
    0.29854140092026105,
    0.29288202144882897,
    0.29316263605247844,
    0.2959331631660461,
    0.2966523679819974,
    0.29290969155051494,
    0.2946050530130213,
    0.29183092496611857,
    0.296118950843811,
    0.2936603456735611,
    0.2947393593463031,
    0.2927182590419596,
    0.2931715897538445,
    0.29374224679036576,
    0.2916389375925064,
    0.29731261269612747,
    0.2921598583459854,
    0.29368511573834855,
    0.2938071963461963,
    0.29303317205472423,
    0.2947206665169109,
    0.29254444973035293,
    0.2940413472327319,
    0.2947631432251497,
    0.29472019130533395,
    0.2944870206442746,
    0.29172591187737207,
    0.293460970304229,
    0.2931982411579652,
    0.29441938562826675,
    0.29417338262904774,
    0.29690382182598113
  ],
  "val_loss": [
    0.8183816149830818,
    0.7086990512907505,
    0.6398753859102726,
    0.9429715573787689,
    0.5521730482578278,
    0.5245549138635397,
    0.9514296613633633,
    0.39385520853102207,
    0.47469366528093815,
    0.475270826369524,
    0.4224020931869745,
    0.39315157011151314,
    0.8067387193441391,
    0.3729815538972616,
    0.6048503294587135,
    0.5693532917648554,
    0.5745697543025017,
    0.47798736579716206,
    0.39037563279271126,
    0.3772667031735182,
    0.3503807336091995,
    0.3366011716425419,
    0.34838130697607994,
    0.3336836248636246,
    0.3300500623881817,
    0.3584257811307907,
    0.3278440572321415,
    0.330532792955637,
    0.33362539764493704,
    0.3386264992877841,
    0.3315338408574462,
    0.32638380490243435,
    0.3278243402019143,
    0.32603870145976543,
    0.33630548045039177,
    0.3319640541449189,
    0.3293858543038368,
    0.38710401207208633,
    0.3320391187444329,
    0.330623023211956,
    0.3233733018860221,
    0.32631189096719027,
    0.3237153347581625,
    0.3235942032188177,
    0.32290079444646835,
    0.3234292343258858,
    0.32355443481355906,
    0.3227830231189728,
    0.32351650204509497,
    0.32295462489128113,
    0.3232132960110903,
    0.32499060593545437,
    0.3227568194270134,
    0.3233695551753044,
    0.32311638444662094,
    0.3233945155516267,
    0.3227107711136341,
    0.3233671644702554,
    0.32346642669290304,
    0.3227188903838396,
    0.3226216807961464,
    0.3228529132902622,
    0.3229853240773082,
    0.322717915289104,
    0.3231608383357525,
    0.32246318086981773,
    0.3232027543708682,
    0.3229120681062341,
    0.322903785854578,
    0.322952788323164,
    0.3234461937099695,
    0.32268308009952307,
    0.322991494089365,
    0.3231672700494528,
    0.32330397702753544,
    0.3231396796181798,
    0.3226585891097784,
    0.32264286279678345,
    0.3234596801921725,
    0.3229081239551306,
    0.3233774797990918
  ],
  "epochs": [
    0,
    1,
    2,
    3,
    4,
    5,
    6,
    7,
    8,
    9,
    10,
    11,
    12,
    13,
    14,
    15,
    16,
    17,
    18,
    19,
    20,
    21,
    22,
    23,
    24,
    25,
    26,
    27,
    28,
    29,
    30,
    31,
    32,
    33,
    34,
    35,
    36,
    37,
    38,
    39,
    40,
    41,
    42,
    43,
    44,
    45,
    46,
    47,
    48,
    49,
    50,
    51,
    52,
    53,
    54,
    55,
    56,
    57,
    58,
    59,
    60,
    61,
    62,
    63,
    64,
    65,
    66,
    67,
    68,
    69,
    70,
    71,
    72,
    73,
    74,
    75,
    76,
    77,
    78,
    79,
    80
  ]
}