{
  "summary": {
    "norm_name": "robust_normalized",
    "num_chips_requested": 10,
    "num_chips_processed": 10,
    "num_chips_with_metrics": 10,
    "generated_at": "2025-10-22T07:19:39.217993"
  },
  "averages": {
    "train": {
      "accuracy": 0.8977428571428572,
      "precision": 0.8970098143862634,
      "recall": 0.8977428571428572,
      "f1": 0.897245785900035,
      "num_chips": 10
    },
    "val": {
      "accuracy": 0.8844327836081959,
      "precision": 0.883585907287651,
      "recall": 0.8844327836081959,
      "f1": 0.8838820472662208,
      "num_chips": 10
    },
    "test": {
      "accuracy": 0.888888888888889,
      "precision": 0.8885009281983318,
      "recall": 0.888888888888889,
      "f1": 0.8885119851021328,
      "num_chips": 10
    }
  },
  "per_chip": {
    "1": {
      "train": {
        "accuracy": 0.9257142857142857,
        "precision": 0.9252397842029767,
        "recall": 0.9257142857142857,
        "f1": 0.9253722441186731
      },
      "val": {
        "accuracy": 0.9035482258870565,
        "precision": 0.9029251748511674,
        "recall": 0.9035482258870565,
        "f1": 0.9031478944194212
      },
      "test": {
        "accuracy": 0.9229229229229229,
        "precision": 0.9224678318102516,
        "recall": 0.9229229229229229,
        "f1": 0.9225343303870829
      }
    },
    "2": {
      "train": {
        "accuracy": 0.8914285714285715,
        "precision": 0.8907990812235326,
        "recall": 0.8914285714285715,
        "f1": 0.8910541842980003
      },
      "val": {
        "accuracy": 0.8898050974512743,
        "precision": 0.8887830658242644,
        "recall": 0.8898050974512743,
        "f1": 0.8891314968152977
      },
      "test": {
        "accuracy": 0.8868868868868869,
        "precision": 0.8880228003218628,
        "recall": 0.8868868868868869,
        "f1": 0.8873579566023418
      }
    },
    "3": {
      "train": {
        "accuracy": 0.8268571428571428,
        "precision": 0.8246306924245677,
        "recall": 0.8268571428571428,
        "f1": 0.8253862516575865
      },
      "val": {
        "accuracy": 0.820839580209895,
        "precision": 0.818422139812307,
        "recall": 0.820839580209895,
        "f1": 0.8192235186775678
      },
      "test": {
        "accuracy": 0.8063063063063063,
        "precision": 0.8027274832711156,
        "recall": 0.8063063063063063,
        "f1": 0.8033536811243762
      }
    },
    "4": {
      "train": {
        "accuracy": 0.9142857142857143,
        "precision": 0.9138924395271402,
        "recall": 0.9142857142857143,
        "f1": 0.9140009642006732
      },
      "val": {
        "accuracy": 0.895552223888056,
        "precision": 0.8950828167173491,
        "recall": 0.895552223888056,
        "f1": 0.8952689844575148
      },
      "test": {
        "accuracy": 0.9094094094094094,
        "precision": 0.9097172469971176,
        "recall": 0.9094094094094094,
        "f1": 0.909555170491049
      }
    },
    "5": {
      "train": {
        "accuracy": 0.8938571428571429,
        "precision": 0.8932089054868277,
        "recall": 0.8938571428571429,
        "f1": 0.8933924595423319
      },
      "val": {
        "accuracy": 0.8860569715142429,
        "precision": 0.8853605288933746,
        "recall": 0.8860569715142429,
        "f1": 0.8856537920640238
      },
      "test": {
        "accuracy": 0.8678678678678678,
        "precision": 0.8676856171945659,
        "recall": 0.8678678678678678,
        "f1": 0.8677236746373221
      }
    },
    "6": {
      "train": {
        "accuracy": 0.9004285714285715,
        "precision": 0.8999515185233682,
        "recall": 0.9004285714285715,
        "f1": 0.9001398414872882
      },
      "val": {
        "accuracy": 0.8843078460769616,
        "precision": 0.8836564489825973,
        "recall": 0.8843078460769616,
        "f1": 0.8839189836935011
      },
      "test": {
        "accuracy": 0.8893893893893894,
        "precision": 0.8890972698100241,
        "recall": 0.8893893893893894,
        "f1": 0.8892301548833697
      }
    },
    "7": {
      "train": {
        "accuracy": 0.9149285714285714,
        "precision": 0.91447214448829,
        "recall": 0.9149285714285714,
        "f1": 0.914629068976937
      },
      "val": {
        "accuracy": 0.8985507246376812,
        "precision": 0.8977233817958415,
        "recall": 0.8985507246376812,
        "f1": 0.8979884425510422
      },
      "test": {
        "accuracy": 0.9099099099099099,
        "precision": 0.909966025511785,
        "recall": 0.9099099099099099,
        "f1": 0.9099238146614543
      }
    },
    "8": {
      "train": {
        "accuracy": 0.8852142857142857,
        "precision": 0.884298346803419,
        "recall": 0.8852142857142857,
        "f1": 0.8846180334516622
      },
      "val": {
        "accuracy": 0.8653173413293354,
        "precision": 0.864254323622134,
        "recall": 0.8653173413293354,
        "f1": 0.8646902381500902
      },
      "test": {
        "accuracy": 0.8808808808808809,
        "precision": 0.8796083281175425,
        "recall": 0.8808808808808809,
        "f1": 0.8799827822096131
      }
    },
    "9": {
      "train": {
        "accuracy": 0.9084285714285715,
        "precision": 0.9076272765280844,
        "recall": 0.9084285714285715,
        "f1": 0.9077712772911584
      },
      "val": {
        "accuracy": 0.8988005997001499,
        "precision": 0.8982005649758165,
        "recall": 0.8988005997001499,
        "f1": 0.8983423764003242
      },
      "test": {
        "accuracy": 0.9029029029029029,
        "precision": 0.9028674694623315,
        "recall": 0.9029029029029029,
        "f1": 0.9028794300496382
      }
    },
    "10": {
      "train": {
        "accuracy": 0.9162857142857143,
        "precision": 0.9159779546544284,
        "recall": 0.9162857142857143,
        "f1": 0.9160935339760387
      },
      "val": {
        "accuracy": 0.9015492253873063,
        "precision": 0.9014506274016583,
        "recall": 0.9015492253873063,
        "f1": 0.9014547454334244
      },
      "test": {
        "accuracy": 0.9124124124124124,
        "precision": 0.9128492094867203,
        "recall": 0.9124124124124124,
        "f1": 0.9125788559750825
      }
    }
  }
}