{
  "train_loss": [
    0.889980837431821,
    0.7163163661956787,
    0.5668160530653867,
    0.5032120081511411,
    0.46292244954542683,
    0.43833451704545456,
    0.43444158868356186,
    0.43044561689550226,
    0.4282828352668069,
    0.40077401345426383,
    0.40161051695997063,
    0.40956780260259457,
    0.398810292374004,
    0.37831745852123605,
    0.35368062907999215,
    0.35034683726050636,
    0.35121457901867953,
    0.3466715931892395,
    0.34549244804815815,
    0.34916568398475645,
    0.34701371030374006,
    0.34276892813769255,
    0.34698565981604834,
    0.34177142815156414,
    0.3397741035981612,
    0.33945008353753525,
    0.3414211191914298,
    0.3363705651326613,
    0.33309162638404155,
    0.3362030332738703,
    0.33902021267197346,
    0.3389853358268738,
    0.33404555266553704,
    0.3331786730072715,
    0.32865516435016284,
    0.32803515900265084,
    0.3271159437569705,
    0.3256507147442211,
    0.32871500091119243,
    0.3248481913046403,
    0.3285092687064951,
    0.32393020608208395,
    0.32498429742726415,
    0.327778376232494,
    0.321494261784987,
    0.3280594977465543,
    0.3272093978795138,
    0.3256854647939855,
    0.3256350427865982,
    0.32899495498700576,
    0.3239486103708094,
    0.3264934068376368,
    0.3241305351257324,
    0.3243317780169574,
    0.3268173643133857,
    0.32602053555575283,
    0.3199882060289383,
    0.3273669004440308,
    0.3248806845058094,
    0.3249426706270738,
    0.32490775639360603,
    0.32421855601397426,
    0.32455670183355156,
    0.3274966220964085,
    0.32419979789040304,
    0.32773939858783374,
    0.3227222057906064,
    0.3256591829386624,
    0.3233923305164684,
    0.3227774224498055,
    0.3250343054533005,
    0.3227358487519351,
    0.32579895610159093,
    0.32658790187402204,
    0.32180079926143995,
    0.3259282930330797,
    0.32370193763212723,
    0.3259141949090091,
    0.32243793335827914,
    0.3232737497849898,
    0.3264034856449474,
    0.32462192936377093,
    0.3251709537072615,
    0.32594887532971123,
    0.3269676297903061,
    0.32490876615047454,
    0.3228154204108498,
    0.32425372437997296,
    0.322580550475554,
    0.3240765539082614,
    0.329969092390754,
    0.32354346242817966,
    0.3236323188651692,
    0.32299939610741357,
    0.32398476221344685,
    0.32027496045286,
    0.32474204247648064,
    0.3238710706884211
  ],
  "val_loss": [
    0.8016211278736591,
    0.6417572647333145,
    0.5040324833244085,
    0.6002022810280323,
    0.5118123292922974,
    0.9033608995378017,
    0.3878458719700575,
    0.4151655901223421,
    0.6984952129423618,
    0.4134152252227068,
    0.5960341654717922,
    0.715862687677145,
    0.5314147509634495,
    0.35627103596925735,
    0.35662756860256195,
    0.34894245490431786,
    0.345234090462327,
    0.3585744611918926,
    0.3859854359179735,
    0.347958717495203,
    0.34180172719061375,
    0.34967925772070885,
    0.34462297335267067,
    0.34882412664592266,
    0.41947428695857525,
    0.4825071953237057,
    0.34150650165975094,
    0.33575858548283577,
    0.33646504022181034,
    0.3450278528034687,
    0.35901669040322304,
    0.4076972510665655,
    0.33958006277680397,
    0.33741199783980846,
    0.33068456314504147,
    0.33042548783123493,
    0.33069439977407455,
    0.3299086466431618,
    0.3311672117561102,
    0.3305979501456022,
    0.32958023995161057,
    0.32963774912059307,
    0.3297041952610016,
    0.32898546382784843,
    0.3298052754253149,
    0.3299118336290121,
    0.3308367617428303,
    0.3291462603956461,
    0.329121682792902,
    0.32907383143901825,
    0.3291288148611784,
    0.3286402430385351,
    0.3290817551314831,
    0.3293263465166092,
    0.32853621803224087,
    0.3292599208652973,
    0.32885731384158134,
    0.32898770086467266,
    0.3293365426361561,
    0.3288169577717781,
    0.3285151142627001,
    0.32911092787981033,
    0.32873187586665154,
    0.329112296923995,
    0.32936229929327965,
    0.32931517623364925,
    0.32878815941512585,
    0.32850472442805767,
    0.3286252114921808,
    0.3286430574953556,
    0.32947057113051414,
    0.32860919646918774,
    0.32898760959506035,
    0.3287754561752081,
    0.32863229885697365,
    0.3291834555566311,
    0.32877909392118454,
    0.3286469615995884,
    0.3287337049841881,
    0.32915415801107883,
    0.32985227927565575,
    0.32854652032256126,
    0.3284527715295553,
    0.3288880940526724,
    0.33126174099743366,
    0.32875560224056244,
    0.32866801507771015,
    0.3286952115595341,
    0.3288267645984888,
    0.3287365436553955,
    0.32872491888701916,
    0.32850299030542374,
    0.3287199456244707,
    0.3289561476558447,
    0.3288836292922497,
    0.3286044429987669,
    0.3289034254848957,
    0.32880039140582085
  ],
  "epochs": [
    0,
    1,
    2,
    3,
    4,
    5,
    6,
    7,
    8,
    9,
    10,
    11,
    12,
    13,
    14,
    15,
    16,
    17,
    18,
    19,
    20,
    21,
    22,
    23,
    24,
    25,
    26,
    27,
    28,
    29,
    30,
    31,
    32,
    33,
    34,
    35,
    36,
    37,
    38,
    39,
    40,
    41,
    42,
    43,
    44,
    45,
    46,
    47,
    48,
    49,
    50,
    51,
    52,
    53,
    54,
    55,
    56,
    57,
    58,
    59,
    60,
    61,
    62,
    63,
    64,
    65,
    66,
    67,
    68,
    69,
    70,
    71,
    72,
    73,
    74,
    75,
    76,
    77,
    78,
    79,
    80,
    81,
    82,
    83,
    84,
    85,
    86,
    87,
    88,
    89,
    90,
    91,
    92,
    93,
    94,
    95,
    96,
    97
  ]
}