{
  "train_loss": [
    0.8723218072544444,
    0.7183825232765891,
    0.5442892215468667,
    0.4858540578321977,
    0.4286449156024239,
    0.39586002176458185,
    0.38197198672728105,
    0.3702505127950148,
    0.35881251909516076,
    0.3529327457601374,
    0.33911984779618004,
    0.341901896758513,
    0.34528654488650234,
    0.3485322350805456,
    0.32676621865142474,
    0.34307544881647284,
    0.3316180657256733,
    0.3318664014339447,
    0.2952652153643695,
    0.28713152598250996,
    0.28831896673549307,
    0.2918032551353628,
    0.28600893833420493,
    0.2844562365250154,
    0.2853202364661477,
    0.28244031315500084,
    0.28207451078024776,
    0.28447155112569983,
    0.28112623285163535,
    0.2765357640656558,
    0.2749130064790899,
    0.27837222814559937,
    0.2766246689991517,
    0.27217352444475346,
    0.2776373299685391,
    0.27597255246205765,
    0.27655772295865144,
    0.2771076188846068,
    0.27667580355297433,
    0.276401304656809,
    0.2768744111061096,
    0.2746267559853467,
    0.27861948121677743,
    0.2754454764452848,
    0.2743147698315707,
    0.27412228855219756,
    0.28019401160153473,
    0.2742815399711782,
    0.27470391365614805,
    0.27740623246539725,
    0.2743202472274954,
    0.2739897524768656,
    0.27549513334577735,
    0.27708077972585504
  ],
  "val_loss": [
    0.7872564643621445,
    0.6392791643738747,
    0.4899729695171118,
    0.6677673272788525,
    0.5201916676014662,
    0.6965282298624516,
    0.7218958921730518,
    0.45091351866722107,
    0.354999627918005,
    0.42993737384676933,
    0.7056569829583168,
    0.3248911928385496,
    0.39608622901141644,
    0.5747357066720724,
    0.4553775489330292,
    0.8034752607345581,
    0.8489677533507347,
    0.3910994175821543,
    0.30247101932764053,
    0.30717057548463345,
    0.3112583141773939,
    0.30269167944788933,
    0.30217808205634356,
    0.3320183474570513,
    0.399988753721118,
    0.3046740619465709,
    0.3295903094112873,
    0.305913332849741,
    0.30918560922145844,
    0.3001843309029937,
    0.297819591127336,
    0.29866441525518894,
    0.2977295657619834,
    0.2972269495949149,
    0.2965842364355922,
    0.2969122678041458,
    0.29809441044926643,
    0.2968778805807233,
    0.29655822552740574,
    0.2974133575335145,
    0.2968298867344856,
    0.2978542186319828,
    0.29718315601348877,
    0.29808663856238127,
    0.29673891607671976,
    0.2974301353096962,
    0.2971040243282914,
    0.29677428491413593,
    0.2985143158584833,
    0.29717409424483776,
    0.29717989824712276,
    0.297308218665421,
    0.29796131793409586,
    0.29751386027783155
  ],
  "epochs": [
    0,
    1,
    2,
    3,
    4,
    5,
    6,
    7,
    8,
    9,
    10,
    11,
    12,
    13,
    14,
    15,
    16,
    17,
    18,
    19,
    20,
    21,
    22,
    23,
    24,
    25,
    26,
    27,
    28,
    29,
    30,
    31,
    32,
    33,
    34,
    35,
    36,
    37,
    38,
    39,
    40,
    41,
    42,
    43,
    44,
    45,
    46,
    47,
    48,
    49,
    50,
    51,
    52,
    53
  ]
}