{
  "train_loss": [
    0.8657399448481473,
    0.6041639425537803,
    0.4143398517912084,
    0.35422960032116285,
    0.33478111949833955,
    0.29331586740233684,
    0.2946450783447786,
    0.2806830663572658,
    0.28229680332270535,
    0.28508508449251,
    0.2662603595040061,
    0.26851903064684435,
    0.2663701406934045,
    0.23684585040265863,
    0.22886151373386382,
    0.22582237666303462,
    0.22674119228666478,
    0.22500583150170067,
    0.22454097975384105,
    0.22275793687863785,
    0.2267135736617175,
    0.22195364859971134,
    0.2210347045551647,
    0.22506844861940903,
    0.21949344819242303,
    0.21785551526329733,
    0.22013406279412182,
    0.21991046125238592,
    0.21933006969365207,
    0.219527746330608,
    0.21756576489318502,
    0.21497716903686523,
    0.21729381057349118,
    0.21023372980681332,
    0.21111542121930557,
    0.211558781970631,
    0.2093913888389414,
    0.21117697303945368,
    0.2121977069161155,
    0.21290797997604716,
    0.21615971706130288,
    0.21280229985713958,
    0.21315056790005077,
    0.21281515928831968,
    0.21356187381527642,
    0.21097641966559672,
    0.20970260175791652,
    0.21214028651064093,
    0.21376136866482823,
    0.21008202731609343,
    0.2134751642292196,
    0.21024743752046066,
    0.21035365123640407,
    0.21063530553470958,
    0.2114898987791755
  ],
  "val_loss": [
    0.7519390694797039,
    0.46934178471565247,
    0.3667766582220793,
    0.6259468905627728,
    0.6180334724485874,
    0.5534176677465439,
    0.26740781497210264,
    0.40606193616986275,
    0.35429322719573975,
    0.44442535750567913,
    0.28729424998164177,
    0.36429454386234283,
    0.32282658107578754,
    0.2393850600346923,
    0.2678184499964118,
    0.27494741324335337,
    0.2583318632096052,
    0.23722176160663366,
    0.2695250269025564,
    0.23411573469638824,
    0.23966277204453945,
    0.23525427747517824,
    0.24774571973830462,
    0.3127391915768385,
    0.23311929311603308,
    0.264789248816669,
    0.2493456145748496,
    0.23876783065497875,
    0.2510635079815984,
    0.2453464474529028,
    0.24804656859487295,
    0.23266522958874702,
    0.23416790645569563,
    0.23230345733463764,
    0.23320544324815273,
    0.23218795470893383,
    0.2343945624306798,
    0.23277529794722795,
    0.23242641519755125,
    0.23187031876295805,
    0.23602143302559853,
    0.23206025641411543,
    0.23644159361720085,
    0.232832046225667,
    0.232057711109519,
    0.2321589319035411,
    0.23250898160040379,
    0.23187763709574938,
    0.23449094966053963,
    0.2325791884213686,
    0.23289964441210032,
    0.2322334125638008,
    0.232480694539845,
    0.23346437700092793,
    0.23197568114846945
  ],
  "epochs": [
    0,
    1,
    2,
    3,
    4,
    5,
    6,
    7,
    8,
    9,
    10,
    11,
    12,
    13,
    14,
    15,
    16,
    17,
    18,
    19,
    20,
    21,
    22,
    23,
    24,
    25,
    26,
    27,
    28,
    29,
    30,
    31,
    32,
    33,
    34,
    35,
    36,
    37,
    38,
    39,
    40,
    41,
    42,
    43,
    44,
    45,
    46,
    47,
    48,
    49,
    50,
    51,
    52,
    53,
    54
  ]
}