{
  "train_loss": [
    0.8697153611616655,
    0.6145976131612604,
    0.46675269441171124,
    0.4163945441896265,
    0.39218602613969283,
    0.38374372991648587,
    0.37505847269838505,
    0.3527900982986797,
    0.3529963493347168,
    0.3581055614081296,
    0.35300175114111465,
    0.35422745726325294,
    0.3461482058871876,
    0.3407291612841866,
    0.34202340787107294,
    0.32121612429618834,
    0.31186584559353914,
    0.3110532887957313,
    0.30898492715575476,
    0.3093206072395498,
    0.30398963500152937,
    0.30695212429220026,
    0.3065223368731412,
    0.3031983250921423,
    0.3073524171655828,
    0.303870596668937,
    0.3045750284736807,
    0.30416755974292753,
    0.30023388185284355,
    0.3024715334177017,
    0.29873249910094524,
    0.29769432138312946,
    0.2986057528040626,
    0.2963962582024661,
    0.2956435420296409,
    0.29752503931522367,
    0.2987084302035245,
    0.2976430762897838,
    0.2976417601108551,
    0.2982223827730526,
    0.29569832628423515,
    0.29928954622962256,
    0.29711093902587893,
    0.2994549174200405,
    0.300605320930481
  ],
  "val_loss": [
    0.7382665537297726,
    0.5209055170416832,
    0.9106176123023033,
    0.43955147080123425,
    0.40264259465038776,
    1.1172838732600212,
    0.37453389912843704,
    0.5017790533602238,
    0.3739409986883402,
    0.4328130502253771,
    1.2061761692166328,
    0.536340506747365,
    0.421780563890934,
    0.3748744037002325,
    0.3785912524908781,
    0.3498638942837715,
    0.4019833765923977,
    0.37541466765105724,
    0.34305907972157,
    0.35522756539285183,
    0.373878326267004,
    0.3418139051645994,
    0.37423465959727764,
    0.37097154185175896,
    0.3479701466858387,
    0.34192448295652866,
    0.3425155896693468,
    0.3967260718345642,
    0.3398774154484272,
    0.33964245207607746,
    0.34123872593045235,
    0.34006335213780403,
    0.3396445419639349,
    0.340408006682992,
    0.3403696287423372,
    0.34176426753401756,
    0.34006068017333746,
    0.3402413399890065,
    0.34044155199080706,
    0.34000150207430124,
    0.34053810313344,
    0.34037526324391365,
    0.34080073796212673,
    0.3401798624545336,
    0.3402886167168617
  ],
  "epochs": [
    0,
    1,
    2,
    3,
    4,
    5,
    6,
    7,
    8,
    9,
    10,
    11,
    12,
    13,
    14,
    15,
    16,
    17,
    18,
    19,
    20,
    21,
    22,
    23,
    24,
    25,
    26,
    27,
    28,
    29,
    30,
    31,
    32,
    33,
    34,
    35,
    36,
    37,
    38,
    39,
    40,
    41,
    42,
    43,
    44
  ]
}