{
  "train_loss": [
    0.8646589821035212,
    0.616519296169281,
    0.45569826743819497,
    0.39855171116915616,
    0.37976291233843024,
    0.3404127202250741,
    0.3374244760383259,
    0.3299262965267355,
    0.3158540671521967,
    0.3082497794519771,
    0.30880826792933724,
    0.3109894893386147,
    0.3126281491734765,
    0.29021000103517014,
    0.29968212192708793,
    0.272274283116514,
    0.2660051167011261,
    0.265428721091964,
    0.2629562816836617,
    0.2600263928825205,
    0.25847446484999226,
    0.2556586094877937,
    0.25228128785436804,
    0.25377443459900945,
    0.25002028427340767,
    0.2500129350207069,
    0.2529367912899364,
    0.2533283900130879,
    0.2550722539424896,
    0.2518020445650274,
    0.2535789289257743,
    0.24994530217214064,
    0.24976517747748983,
    0.24756758267229254,
    0.24881212575869127,
    0.2505636315454136,
    0.24950845024802468,
    0.25072193010286853,
    0.25165283300659874,
    0.2515243010087447,
    0.2555010895837437,
    0.2511943611231717,
    0.25072243836793034
  ],
  "val_loss": [
    0.8375193364918232,
    0.7488575093448162,
    0.4934176802635193,
    1.5851704701781273,
    0.3649384919553995,
    0.3621625788509846,
    0.3445376344025135,
    0.7595117464661598,
    0.3272631987929344,
    0.4265908859670162,
    0.34261297434568405,
    0.5516728069633245,
    0.9163640737533569,
    0.4628424346446991,
    0.3402349129319191,
    0.29045205377042294,
    0.2963646734133363,
    0.3015876868739724,
    0.2930014608427882,
    0.2953197229653597,
    0.29077592212706804,
    0.3001780202612281,
    0.28823115956038237,
    0.28841145150363445,
    0.288752350024879,
    0.2878494458273053,
    0.28815321810543537,
    0.28766555711627007,
    0.28819130826741457,
    0.2877327799797058,
    0.28790150582790375,
    0.2879862003028393,
    0.2896598884835839,
    0.2883292641490698,
    0.2884489893913269,
    0.28770999144762754,
    0.2892764415591955,
    0.28799859434366226,
    0.28858732245862484,
    0.2877641059458256,
    0.28827171213924885,
    0.28831407334655523,
    0.2879243213683367
  ],
  "epochs": [
    0,
    1,
    2,
    3,
    4,
    5,
    6,
    7,
    8,
    9,
    10,
    11,
    12,
    13,
    14,
    15,
    16,
    17,
    18,
    19,
    20,
    21,
    22,
    23,
    24,
    25,
    26,
    27,
    28,
    29,
    30,
    31,
    32,
    33,
    34,
    35,
    36,
    37,
    38,
    39,
    40,
    41,
    42
  ]
}