{
  "train_loss": [
    0.8831233208829706,
    0.6835556507110596,
    0.5579002483324571,
    0.5116531344977292,
    0.48214896375482735,
    0.4639078985561024,
    0.4381299371069128,
    0.4447356592525135,
    0.4281260365789587,
    0.45094175880605525,
    0.43520456010645087,
    0.4156504473902962,
    0.422284302928231,
    0.4182239164005626,
    0.41075650616125625,
    0.4051217924464833,
    0.4082692449743098,
    0.40209481661969965,
    0.38656721223484386,
    0.37176002209836784,
    0.3650777979330583,
    0.3701890392736955,
    0.3689794339916923,
    0.36897369623184206,
    0.3677280306816101,
    0.3648953567851673,
    0.36226466731591656,
    0.36314156922427093,
    0.36338827122341505,
    0.3626317690719258,
    0.36432589780200614,
    0.3600670798258348,
    0.36336344047026203,
    0.3599402449347756,
    0.3617889339273626,
    0.3609765968539498,
    0.3610297614877874,
    0.36213441599499097,
    0.3604886418039149,
    0.36156088222156874,
    0.36281362067569384,
    0.3570937985723669,
    0.35955695726654746,
    0.3605254980650815,
    0.3606695668263869,
    0.3632567129351876,
    0.3604838945648887,
    0.3572375313802199,
    0.3619385746392337,
    0.3584004743532701,
    0.3622445214878429,
    0.35857149958610535,
    0.363902056759054,
    0.3580323582345789,
    0.3580706861886111,
    0.36168914112177764,
    0.3622801813212308,
    0.3565622524781661
  ],
  "val_loss": [
    0.7835563980042934,
    0.6312430985271931,
    1.1390133053064346,
    0.5021965783089399,
    0.6811715587973595,
    0.5167654938995838,
    0.4360103402286768,
    0.4311509504914284,
    0.7652463167905807,
    0.48840451054275036,
    0.6222502887248993,
    0.42755817249417305,
    0.4419074133038521,
    0.44542624428868294,
    0.47710334323346615,
    0.65121253952384,
    0.4311065524816513,
    0.5419728998094797,
    0.4010197725147009,
    0.4097687844187021,
    0.4690209571272135,
    0.4079922530800104,
    0.41168030723929405,
    0.40608641877770424,
    0.47499176301062107,
    0.38790065236389637,
    0.3878916408866644,
    0.38717829063534737,
    0.3867416325956583,
    0.38747582398355007,
    0.38823018595576286,
    0.38673471473157406,
    0.3885184917598963,
    0.38810585625469685,
    0.38730304688215256,
    0.3870030865073204,
    0.38695360347628593,
    0.3870789036154747,
    0.38679035753011703,
    0.38678438030183315,
    0.3865836188197136,
    0.38673855923116207,
    0.3865626063197851,
    0.38720695301890373,
    0.3867343068122864,
    0.3871706612408161,
    0.38775409758090973,
    0.38671547546982765,
    0.387288149446249,
    0.38709225691854954,
    0.387200515717268,
    0.3868502005934715,
    0.3865857385098934,
    0.38658560812473297,
    0.3871614057570696,
    0.38692162185907364,
    0.38694472424685955,
    0.38710005953907967
  ],
  "epochs": [
    0,
    1,
    2,
    3,
    4,
    5,
    6,
    7,
    8,
    9,
    10,
    11,
    12,
    13,
    14,
    15,
    16,
    17,
    18,
    19,
    20,
    21,
    22,
    23,
    24,
    25,
    26,
    27,
    28,
    29,
    30,
    31,
    32,
    33,
    34,
    35,
    36,
    37,
    38,
    39,
    40,
    41,
    42,
    43,
    44,
    45,
    46,
    47,
    48,
    49,
    50,
    51,
    52,
    53,
    54,
    55,
    56,
    57
  ]
}