{
  "train_loss": [
    0.8808397964997725,
    0.6762564117258245,
    0.5044084418903697,
    0.439535251530734,
    0.41584170243956825,
    0.3840465312654322,
    0.3674657393585552,
    0.36084105968475344,
    0.35598323941230775,
    0.3338823388923298,
    0.33691656156019734,
    0.3352314759384502,
    0.3226007567210631,
    0.32009499994191254,
    0.3201073408126831,
    0.31079647595232185,
    0.29966375773603265,
    0.2750248833136125,
    0.26717794971032577,
    0.2671675814823671,
    0.2673377958211032,
    0.2640057642351497,
    0.26377069408243353,
    0.2640138005668467,
    0.2605395482345061,
    0.2621904736215418,
    0.2626471611586484,
    0.26104769815098156,
    0.25949221415953205,
    0.2581731983206489,
    0.2567502219568599,
    0.25511212972077457,
    0.2515695883469148,
    0.2525943187150088,
    0.2520818360827186,
    0.253995481133461,
    0.25333698120984166,
    0.25282669284126974,
    0.2543625725941224,
    0.251153595068238,
    0.25125930119644513,
    0.24759541831233284,
    0.25051959482106295,
    0.2510717270049182,
    0.24942745159972798,
    0.2537680249322544,
    0.2500547140836716,
    0.25030635405670515,
    0.2537210161035711,
    0.2509905820543116,
    0.25422641960057346,
    0.25303752557797865,
    0.25288643701509994,
    0.2531289593739943,
    0.2482487683946436,
    0.24905693178827112,
    0.25166758867827327,
    0.2520989878611131,
    0.24948073544285515,
    0.24955546286973088
  ],
  "val_loss": [
    0.7858207784593105,
    0.5880936495959759,
    0.5360312629491091,
    0.5053837485611439,
    0.6239607743918896,
    0.43074140325188637,
    0.5684398133307695,
    0.7069238759577274,
    0.3655799366533756,
    0.5245451480150223,
    0.3380820229649544,
    0.3544260784983635,
    0.4677477814257145,
    0.44620708376169205,
    0.341451620683074,
    0.46363562159240246,
    0.6060425192117691,
    0.3026814078912139,
    0.2799246674403548,
    0.28127752244472504,
    0.327824579551816,
    0.3574670162051916,
    0.34206212498247623,
    0.32916878536343575,
    0.27329585049301386,
    0.299579169601202,
    0.2853875011205673,
    0.3799956180155277,
    0.28280976973474026,
    0.2889078138396144,
    0.2842142004519701,
    0.26948372926563025,
    0.2693236656486988,
    0.26929984521120787,
    0.26908963825553656,
    0.26815892942249775,
    0.27244404796510935,
    0.269051780924201,
    0.2690863236784935,
    0.2692323010414839,
    0.2691384395584464,
    0.26879880111664534,
    0.2685241550207138,
    0.2691748347133398,
    0.2680040393024683,
    0.2685958556830883,
    0.26807985827326775,
    0.2684690961614251,
    0.26932512782514095,
    0.2682001572102308,
    0.2681681476533413,
    0.26820544339716434,
    0.26842392794787884,
    0.2684806678444147,
    0.2683853656053543,
    0.26911264657974243,
    0.26905929297208786,
    0.26827533449977636,
    0.2683807834982872,
    0.2684890003874898
  ],
  "epochs": [
    0,
    1,
    2,
    3,
    4,
    5,
    6,
    7,
    8,
    9,
    10,
    11,
    12,
    13,
    14,
    15,
    16,
    17,
    18,
    19,
    20,
    21,
    22,
    23,
    24,
    25,
    26,
    27,
    28,
    29,
    30,
    31,
    32,
    33,
    34,
    35,
    36,
    37,
    38,
    39,
    40,
    41,
    42,
    43,
    44,
    45,
    46,
    47,
    48,
    49,
    50,
    51,
    52,
    53,
    54,
    55,
    56,
    57,
    58,
    59
  ]
}