{
  "train_loss": [
    0.8642410245808688,
    0.6144631456245075,
    0.457352063330737,
    0.40329295288432726,
    0.3822632296518846,
    0.3628261024301702,
    0.3477022555741397,
    0.3405129541050304,
    0.337812678380446,
    0.3227829572829333,
    0.31956742893565787,
    0.28905659859830685,
    0.28544232926585456,
    0.27962105545130644,
    0.2839291867884723,
    0.2815697079355067,
    0.2796483053402467,
    0.2753060451962731,
    0.2774069620804353,
    0.27941757982427423,
    0.27167001420801334,
    0.27546832128004595,
    0.2741734523664821,
    0.27071917869827966,
    0.2647165301171216,
    0.26596107157793913,
    0.26635861125859345,
    0.26554495719346133,
    0.2680615769191222,
    0.26586885939944876,
    0.2682956018231132,
    0.26386752453717316,
    0.2689509147947485,
    0.2683186769485474,
    0.2673144186084921,
    0.2671228907325051,
    0.2652311436154626,
    0.2715028321201151,
    0.26673572849143634,
    0.26719969429753043,
    0.2684844201261347,
    0.267037262970751,
    0.2668354866179553,
    0.264643946019086,
    0.2675723932006142,
    0.26583698093891145,
    0.26334219060160896,
    0.2660876000469381,
    0.2689307462085377,
    0.26317484405907715,
    0.2661279786716808,
    0.2656498675996607,
    0.264856713197448,
    0.26766514507207,
    0.26486489258029244,
    0.2621332103555853,
    0.26793410967696796,
    0.26571967303752897,
    0.2630051937970248,
    0.26534700881351125,
    0.2629517910155383,
    0.26143501644784756,
    0.2641179759394039,
    0.26261744607578624,
    0.2641345357353037,
    0.26347376650029963,
    0.26387042538686234,
    0.2678710452534936,
    0.2654318460009315,
    0.2626302727244117,
    0.2674412348053672,
    0.2641728566451506
  ],
  "val_loss": [
    0.7510178238153458,
    0.5392674952745438,
    0.5913708172738552,
    0.3972334712743759,
    0.32714368402957916,
    0.36336409859359264,
    0.3394988738000393,
    0.65125622600317,
    0.3399376720190048,
    0.36331070587038994,
    0.3341939356178045,
    0.294236758723855,
    0.28957374207675457,
    0.33339622244238853,
    0.3101804358884692,
    0.28979509323835373,
    0.2839022111147642,
    0.28580652829259634,
    0.3001154139637947,
    0.2905448330566287,
    0.2877480573952198,
    0.28573478385806084,
    0.29109002836048603,
    0.28078417107462883,
    0.2809464866295457,
    0.28138860780745745,
    0.2809030385687947,
    0.28139055892825127,
    0.28066844306886196,
    0.28057654295116663,
    0.28049107920378447,
    0.2803578386083245,
    0.2805531155318022,
    0.2809791173785925,
    0.28040320612490177,
    0.2804975304752588,
    0.2807341143488884,
    0.2800621762871742,
    0.28040287271142006,
    0.28012806829065084,
    0.2801290266215801,
    0.2816438237205148,
    0.281688385643065,
    0.27996521908789873,
    0.2810054887086153,
    0.280143516138196,
    0.280448742210865,
    0.2799723371863365,
    0.2803720524534583,
    0.2802583407610655,
    0.27970600966364145,
    0.2796655334532261,
    0.2798641696572304,
    0.2804378140717745,
    0.2798156486824155,
    0.2797404732555151,
    0.279546950943768,
    0.2801065994426608,
    0.2800394641235471,
    0.2807790096849203,
    0.2796622458845377,
    0.2795946663245559,
    0.27988282684236765,
    0.27978108264505863,
    0.27964239101856947,
    0.27998477313667536,
    0.2796859974041581,
    0.27976397331804037,
    0.2796872602775693,
    0.2802281277254224,
    0.2798426002264023,
    0.27988689858466387
  ],
  "epochs": [
    0,
    1,
    2,
    3,
    4,
    5,
    6,
    7,
    8,
    9,
    10,
    11,
    12,
    13,
    14,
    15,
    16,
    17,
    18,
    19,
    20,
    21,
    22,
    23,
    24,
    25,
    26,
    27,
    28,
    29,
    30,
    31,
    32,
    33,
    34,
    35,
    36,
    37,
    38,
    39,
    40,
    41,
    42,
    43,
    44,
    45,
    46,
    47,
    48,
    49,
    50,
    51,
    52,
    53,
    54,
    55,
    56,
    57,
    58,
    59,
    60,
    61,
    62,
    63,
    64,
    65,
    66,
    67,
    68,
    69,
    70,
    71
  ]
}