{
  "train_loss": [
    0.8714766816659407,
    0.6625539969314228,
    0.504206091707403,
    0.42830836935476824,
    0.411662139675834,
    0.37495755824175747,
    0.3690969678488645,
    0.3461589666930112,
    0.3487615032629533,
    0.34370356147939507,
    0.3398285134272142,
    0.32790970368818806,
    0.33463954492048786,
    0.3299132309176705,
    0.32667957165024497,
    0.3207211196422577,
    0.31797480203888634,
    0.3168126778169112,
    0.327597222274,
    0.3178484848954461,
    0.3276425884528594,
    0.30888215520165185,
    0.3100447110154412,
    0.2863196833567186,
    0.2815830168398944,
    0.2780292050404982,
    0.2777963483875448,
    0.2802913863550533,
    0.27858787991783834,
    0.2785892730409449,
    0.2806880539113825,
    0.2738692435351285,
    0.27457612563263284,
    0.27268600518053226,
    0.27433401915160094,
    0.2737609399990602,
    0.2734125874259255,
    0.27714076313105496,
    0.2720446865666996,
    0.2733765491030433,
    0.27445649233731356,
    0.26818428310480985,
    0.27397111247886313,
    0.2699191104282032,
    0.27215577418153936,
    0.27471047748218885,
    0.2728504798629067,
    0.26987937499176373,
    0.2712489380077882,
    0.27281929498369045,
    0.2706746824763038,
    0.26814956935969264,
    0.2715417103333907,
    0.27163461419669066,
    0.2741742421280254,
    0.2702508265321905,
    0.2692989314144308,
    0.27128674767234107,
    0.27031035450371826
  ],
  "val_loss": [
    0.7946105264127254,
    0.5511441491544247,
    0.42114100977778435,
    0.9227889105677605,
    0.3781639765948057,
    0.5962984450161457,
    0.4082634933292866,
    0.32112070731818676,
    0.6887059770524502,
    0.8957714475691319,
    0.3959026262164116,
    0.320281645283103,
    0.6666004806756973,
    0.3698326349258423,
    0.38689825870096684,
    0.446168752387166,
    0.31370307318866253,
    1.1529271751642227,
    0.37336327880620956,
    0.41544573940336704,
    0.3194751311093569,
    0.34284782223403454,
    0.43634666316211224,
    0.2905868776142597,
    0.2877232860773802,
    0.28384258411824703,
    0.2984886830672622,
    0.286125548183918,
    0.2859828369691968,
    0.32850710209459066,
    0.2888933103531599,
    0.2861489159986377,
    0.28378121741116047,
    0.28210020158439875,
    0.28222925402224064,
    0.2817425290122628,
    0.2813970008864999,
    0.28202160634100437,
    0.2814368735998869,
    0.2817818522453308,
    0.28132073394954205,
    0.28130400367081165,
    0.28101632464677095,
    0.28056037798523903,
    0.2808412676677108,
    0.28108879551291466,
    0.2811305094510317,
    0.28112722001969814,
    0.28112527914345264,
    0.2818341348320246,
    0.2807263797149062,
    0.2809674646705389,
    0.2806052742525935,
    0.2807437675073743,
    0.28064221050590277,
    0.2823285460472107,
    0.28058748319745064,
    0.2807340519502759,
    0.2807164452970028
  ],
  "epochs": [
    0,
    1,
    2,
    3,
    4,
    5,
    6,
    7,
    8,
    9,
    10,
    11,
    12,
    13,
    14,
    15,
    16,
    17,
    18,
    19,
    20,
    21,
    22,
    23,
    24,
    25,
    26,
    27,
    28,
    29,
    30,
    31,
    32,
    33,
    34,
    35,
    36,
    37,
    38,
    39,
    40,
    41,
    42,
    43,
    44,
    45,
    46,
    47,
    48,
    49,
    50,
    51,
    52,
    53,
    54,
    55,
    56,
    57,
    58
  ]
}