{
  "train_loss": [
    0.8786791053685274,
    0.6386968834833665,
    0.4902846493504264,
    0.4315328803929416,
    0.42673169049349696,
    0.3943107729608362,
    0.3828671742569317,
    0.38330110744996504,
    0.35958867127245125,
    0.3686241399158131,
    0.36813610954718157,
    0.3429402768611908,
    0.35359930937940426,
    0.354767186533321,
    0.33791478709741074,
    0.35687250332398845,
    0.3591478282755071,
    0.3363300112160769,
    0.3428096830844879,
    0.3295573456720872,
    0.3299316048622131,
    0.33938666419549424,
    0.3330886851657521,
    0.32876848849383267,
    0.3251761501485651,
    0.33350429832935335,
    0.3252539301460439,
    0.32057807553898204,
    0.32656467475674367,
    0.3328242759812962,
    0.3225836976007982,
    0.32595282928510144,
    0.3284438989379189,
    0.3117206009951505,
    0.29365692247043956,
    0.28528589714657177,
    0.2839267010038549,
    0.28375132869590414,
    0.2874410339377143,
    0.2830056510188363,
    0.28256647911938754,
    0.28131708150560203,
    0.28184103586456993,
    0.28189353048801424,
    0.284673179008744,
    0.28159223930402233,
    0.2775247107852589,
    0.27759336233139037,
    0.27634638222781094,
    0.27629305666143245,
    0.2746337430043654,
    0.27590144655921245,
    0.27718193937431684,
    0.27732333622195504,
    0.2792834942991083,
    0.27613242349841377,
    0.27404977652159607,
    0.27639995434067466,
    0.27607291774316267,
    0.2793003393845125,
    0.27796665917743335,
    0.2747962469404394,
    0.27596120915629646,
    0.2769966699860313,
    0.276469300551848,
    0.2747810973362489,
    0.2778389583934437,
    0.2789802171967246,
    0.2773498757319017,
    0.2739736394448714,
    0.2789624718102542,
    0.2727402337572791,
    0.27535506866194986,
    0.27510142922401426,
    0.27415096217935736,
    0.27671026343649086
  ],
  "val_loss": [
    0.7664356604218483,
    0.581181276589632,
    0.5538914371281862,
    0.41273313015699387,
    0.4826769921928644,
    0.4285681564360857,
    0.6221439130604267,
    0.758742518723011,
    0.3849625810980797,
    1.0721501410007477,
    0.5957960430532694,
    0.6817595921456814,
    0.9206353649497032,
    0.3978957235813141,
    0.3682947363704443,
    0.3731037937104702,
    0.3789489772170782,
    0.48903139121830463,
    0.41329343616962433,
    0.3625386096537113,
    0.3976014871150255,
    0.4136423375457525,
    0.43130639754235744,
    0.6306787859648466,
    0.3460558336228132,
    0.5458000041544437,
    0.34705995209515095,
    0.344029625877738,
    0.4852854795753956,
    0.3673908859491348,
    0.6078985966742039,
    0.5923144090920687,
    0.3557340446859598,
    0.6099251862615347,
    0.3345062965527177,
    0.3281712783500552,
    0.3237878493964672,
    0.3245678460225463,
    0.31881105713546276,
    0.3186459271237254,
    0.31786023639142513,
    0.32949359714984894,
    0.3205839106813073,
    0.3411524463444948,
    0.31836105789989233,
    0.3238326394930482,
    0.36294834315776825,
    0.31684488244354725,
    0.3162540849298239,
    0.3163663102313876,
    0.31649368442595005,
    0.31664273515343666,
    0.31628746539354324,
    0.3163378154858947,
    0.31760645285248756,
    0.3163101887330413,
    0.3161883382126689,
    0.31617747340351343,
    0.3164796307682991,
    0.316331809386611,
    0.3161545842885971,
    0.3164531169459224,
    0.3164295731112361,
    0.3166037695482373,
    0.31633460521698,
    0.3163612689822912,
    0.31672679726034403,
    0.316409632563591,
    0.3162498287856579,
    0.31632561422884464,
    0.31636090856045485,
    0.3164009768515825,
    0.3162237564101815,
    0.31634564232081175,
    0.3164203083142638,
    0.3164357654750347
  ],
  "epochs": [
    0,
    1,
    2,
    3,
    4,
    5,
    6,
    7,
    8,
    9,
    10,
    11,
    12,
    13,
    14,
    15,
    16,
    17,
    18,
    19,
    20,
    21,
    22,
    23,
    24,
    25,
    26,
    27,
    28,
    29,
    30,
    31,
    32,
    33,
    34,
    35,
    36,
    37,
    38,
    39,
    40,
    41,
    42,
    43,
    44,
    45,
    46,
    47,
    48,
    49,
    50,
    51,
    52,
    53,
    54,
    55,
    56,
    57,
    58,
    59,
    60,
    61,
    62,
    63,
    64,
    65,
    66,
    67,
    68,
    69,
    70,
    71,
    72,
    73,
    74,
    75
  ]
}