{
  "train_loss": [
    0.7376029158455985,
    0.6576204412187848,
    0.638257402569907,
    0.627140875012534,
    0.616435501057761,
    0.6119123578344072,
    0.606335561629704,
    0.6009351961135865,
    0.5938211892536708,
    0.5911337348256792,
    0.5936690675871713,
    0.5880835421562195,
    0.583975020299639,
    0.5805661328588213,
    0.5760434594018119,
    0.5702548660959517,
    0.5760918746130808,
    0.5730669759750366,
    0.5714450851167951,
    0.5696186455181667,
    0.5668986431394305,
    0.5637757597514561,
    0.5642959305490767,
    0.5677142239570617,
    0.5580084597928183,
    0.5586376251220703,
    0.5598630825042724,
    0.5553827230317252,
    0.5564483559063502,
    0.5556916943141392
  ],
  "val_loss": [
    0.4222710961341858,
    0.4237659175395966,
    0.4003085365772247,
    0.39909549350738527,
    0.3905056959629059,
    0.3921362982749939,
    0.41081472873687747,
    0.384554238986969,
    0.39297890815734865,
    0.40440000886917116,
    0.3928246874809265,
    0.38145652837753297,
    0.3789890224456787,
    0.38802700233459475,
    0.3709356999874115,
    0.37225419268608095,
    0.3932692881584168,
    0.3738107683181763,
    0.3804715012550354,
    0.37499571890830996,
    0.3777113234043121,
    0.37623794603347777,
    0.3690498255729675,
    0.36950669865608216,
    0.36948747415542604,
    0.37445401916503906,
    0.3758855781555176,
    0.3673472686767578,
    0.37250867528915405,
    0.36442430028915407
  ],
  "epochs": [
    0,
    1,
    2,
    3,
    4,
    5,
    6,
    7,
    8,
    9,
    10,
    11,
    12,
    13,
    14,
    15,
    16,
    17,
    18,
    19,
    20,
    21,
    22,
    23,
    24,
    25,
    26,
    27,
    28,
    29
  ]
}