{
    "dataset": "train",
    "accuracy": 0.8736642857142857,
    "macro_precision": 0.8717672572136271,
    "macro_recall": 0.8736642857142858,
    "macro_f1": 0.8707071236280459,
    "weighted_precision": 0.8717672572136271,
    "weighted_recall": 0.8736642857142857,
    "weighted_f1": 0.870707123628046,
    "per_class_metrics": {
        "class_0": {
            "precision": 0.8507515043579158,
            "recall": 0.9008,
            "f1_score": 0.8750607141370266,
            "support": 35000
        },
        "class_1": {
            "precision": 0.7973073792729246,
            "recall": 0.6717428571428572,
            "f1_score": 0.7291589132861928,
            "support": 35000
        },
        "class_2": {
            "precision": 0.8423530023665253,
            "recall": 0.9254571428571429,
            "f1_score": 0.8819517242318217,
            "support": 35000
        },
        "class_3": {
            "precision": 0.9966571428571429,
            "recall": 0.9966571428571429,
            "f1_score": 0.9966571428571429,
            "support": 35000
        }
    },
    "confusion_matrix": [
        [
            31528,
            3423,
            22,
            27
        ],
        [
            5443,
            23511,
            6005,
            41
        ],
        [
            17,
            2543,
            32391,
            49
        ],
        [
            71,
            11,
            35,
            34883
        ]
    ]
}