{
  "summary": {
    "norm_name": "robust_normalized",
    "num_chips_requested": 10,
    "num_chips_processed": 10,
    "num_chips_with_metrics": 10,
    "generated_at": "2025-10-22T00:58:38.309403"
  },
  "averages": {
    "train": {
      "accuracy": 0.9102714285714286,
      "precision": 0.9096550559841068,
      "recall": 0.9102714285714286,
      "f1": 0.9098033384660346,
      "num_chips": 10
    },
    "val": {
      "accuracy": 0.8974512743628186,
      "precision": 0.8965851498293562,
      "recall": 0.8974512743628186,
      "f1": 0.8968143647620488,
      "num_chips": 10
    },
    "test": {
      "accuracy": 0.8964464464464463,
      "precision": 0.8956450250673444,
      "recall": 0.8964464464464463,
      "f1": 0.8957721669779396,
      "num_chips": 10
    }
  },
  "per_chip": {
    "1": {
      "train": {
        "accuracy": 0.9267142857142857,
        "precision": 0.926181734991072,
        "recall": 0.9267142857142857,
        "f1": 0.9262473267634349
      },
      "val": {
        "accuracy": 0.9045477261369316,
        "precision": 0.9042920437362675,
        "recall": 0.9045477261369316,
        "f1": 0.9044054076805935
      },
      "test": {
        "accuracy": 0.8923923923923924,
        "precision": 0.8912402286336536,
        "recall": 0.8923923923923924,
        "f1": 0.8915327825493147
      }
    },
    "2": {
      "train": {
        "accuracy": 0.9103571428571429,
        "precision": 0.9100523599552102,
        "recall": 0.9103571428571429,
        "f1": 0.9101526079968749
      },
      "val": {
        "accuracy": 0.9050474762618691,
        "precision": 0.9042642511861297,
        "recall": 0.9050474762618691,
        "f1": 0.9044552060720891
      },
      "test": {
        "accuracy": 0.8978978978978979,
        "precision": 0.896967949703333,
        "recall": 0.8978978978978979,
        "f1": 0.8969161935147291
      }
    },
    "3": {
      "train": {
        "accuracy": 0.9212857142857143,
        "precision": 0.9207419959791769,
        "recall": 0.9212857142857143,
        "f1": 0.920875995350656
      },
      "val": {
        "accuracy": 0.9085457271364318,
        "precision": 0.9078367528261141,
        "recall": 0.9085457271364318,
        "f1": 0.9080231931935001
      },
      "test": {
        "accuracy": 0.9174174174174174,
        "precision": 0.9172519588756259,
        "recall": 0.9174174174174174,
        "f1": 0.9173010354122809
      }
    },
    "4": {
      "train": {
        "accuracy": 0.9217142857142857,
        "precision": 0.921156956964831,
        "recall": 0.9217142857142857,
        "f1": 0.92124777507055
      },
      "val": {
        "accuracy": 0.9115442278860569,
        "precision": 0.9108595466535401,
        "recall": 0.9115442278860569,
        "f1": 0.9109431554905849
      },
      "test": {
        "accuracy": 0.9124124124124124,
        "precision": 0.9117880476069926,
        "recall": 0.9124124124124124,
        "f1": 0.9116117036073818
      }
    },
    "5": {
      "train": {
        "accuracy": 0.8946428571428572,
        "precision": 0.8936043553472045,
        "recall": 0.8946428571428572,
        "f1": 0.8937091204722736
      },
      "val": {
        "accuracy": 0.8843078460769616,
        "precision": 0.8830618167128043,
        "recall": 0.8843078460769616,
        "f1": 0.8834296918653652
      },
      "test": {
        "accuracy": 0.8903903903903904,
        "precision": 0.8892371063003582,
        "recall": 0.8903903903903904,
        "f1": 0.8893945224172319
      }
    },
    "6": {
      "train": {
        "accuracy": 0.918,
        "precision": 0.917551890503053,
        "recall": 0.918,
        "f1": 0.9176595142381628
      },
      "val": {
        "accuracy": 0.9025487256371814,
        "precision": 0.9017285053710505,
        "recall": 0.9025487256371814,
        "f1": 0.9019786145370045
      },
      "test": {
        "accuracy": 0.9049049049049049,
        "precision": 0.9038701792247892,
        "recall": 0.9049049049049049,
        "f1": 0.9039140661147088
      }
    },
    "7": {
      "train": {
        "accuracy": 0.9138571428571428,
        "precision": 0.9134908074955773,
        "recall": 0.9138571428571428,
        "f1": 0.9136288483495856
      },
      "val": {
        "accuracy": 0.9002998500749625,
        "precision": 0.8990891926034276,
        "recall": 0.9002998500749625,
        "f1": 0.8992485518003572
      },
      "test": {
        "accuracy": 0.8973973973973974,
        "precision": 0.8964795828895415,
        "recall": 0.8973973973973974,
        "f1": 0.8968175703128267
      }
    },
    "8": {
      "train": {
        "accuracy": 0.8855714285714286,
        "precision": 0.8843532343653508,
        "recall": 0.8855714285714286,
        "f1": 0.8847271115722796
      },
      "val": {
        "accuracy": 0.8703148425787106,
        "precision": 0.8692743505226671,
        "recall": 0.8703148425787106,
        "f1": 0.8696446807223122
      },
      "test": {
        "accuracy": 0.8753753753753754,
        "precision": 0.875713973403268,
        "recall": 0.8753753753753754,
        "f1": 0.8755329602822084
      }
    },
    "9": {
      "train": {
        "accuracy": 0.9190714285714285,
        "precision": 0.9184857129798906,
        "recall": 0.9190714285714285,
        "f1": 0.9186124595284052
      },
      "val": {
        "accuracy": 0.9085457271364318,
        "precision": 0.9076590319712258,
        "recall": 0.9085457271364318,
        "f1": 0.9078596338077126
      },
      "test": {
        "accuracy": 0.8943943943943944,
        "precision": 0.8931918757072914,
        "recall": 0.8943943943943944,
        "f1": 0.8935978017757054
      }
    },
    "10": {
      "train": {
        "accuracy": 0.8915,
        "precision": 0.8909315112597016,
        "recall": 0.8915,
        "f1": 0.8911726253181244
      },
      "val": {
        "accuracy": 0.8788105947026487,
        "precision": 0.8777860067103358,
        "recall": 0.8788105947026487,
        "f1": 0.8781555124509688
      },
      "test": {
        "accuracy": 0.8818818818818819,
        "precision": 0.8807093483285917,
        "recall": 0.8818818818818819,
        "f1": 0.8811030337930092
      }
    }
  }
}