{
  "train_loss": [
    0.3152578699453311,
    0.14581362086940897,
    0.11843914265659722,
    0.10225036898119882,
    0.09091552801430226,
    0.08448910511691463,
    0.07869021159342746,
    0.07497251591560516,
    0.07007318330759352,
    0.06839697283438662,
    0.06612650114026937,
    0.06429550780830058,
    0.06193502944301475,
    0.06053344559263099,
    0.05947944220832803,
    0.05799057883633808,
    0.057667995872484015,
    0.05645173168656502,
    0.05584741792048921,
    0.053574573795565156,
    0.05338179744102739,
    0.05266309270296585,
    0.05221107734705914,
    0.05215755673972043,
    0.04969711950895461,
    0.05083696601065722,
    0.04995752769268372,
    0.049099903763695205,
    0.05005087745121935,
    0.05036186018789357,
    0.05018347083675591,
    0.04782796697013758,
    0.04958141019567847,
    0.04847196240316738,
    0.0476007595996965,
    0.04782246487553824,
    0.04669368292459033,
    0.04672980907796459,
    0.04747665754604068,
    0.04691100231287155,
    0.046135969834232876,
    0.04606219607151368,
    0.04611764359711246,
    0.04531308354132555,
    0.04691655348309062,
    0.04568519380620935,
    0.045557907892560416,
    0.045606538086113604,
    0.04556685120375319,
    0.04525064777413553,
    0.044702925204553386,
    0.04392776391384277,
    0.04487419716167179,
    0.04367190833457492,
    0.043018683772534136,
    0.04430015343495391,
    0.044376997360112996,
    0.04443126031959599,
    0.04277288423004476,
    0.042203996152701706,
    0.0426562906242907,
    0.0418726990422742,
    0.042741149799390275,
    0.04166270029138435,
    0.04146946925669909,
    0.04177050442688845,
    0.04209017548371445,
    0.041186710484325886,
    0.041348281221633615,
    0.041032547488469975,
    0.0413736156848344,
    0.041931660769676624,
    0.040905757593837654,
    0.04061559583483772,
    0.04165465068241412,
    0.041317588541318076,
    0.04052811072292653,
    0.04131285182793032,
    0.04072300834750587,
    0.04113588767803528,
    0.040877066926861355,
    0.04071163423359394,
    0.040389537000182,
    0.04059441912241958,
    0.040779342182319274,
    0.04138060395521197,
    0.041226907132024114,
    0.04181547675112432,
    0.040613690855150875
  ],
  "val_loss": [
    0.13195807489100844,
    0.11135345541406423,
    0.08463342265458779,
    0.07396502598421649,
    0.08199523455696181,
    0.06693147664191201,
    0.06937452350975946,
    0.06387346877600067,
    0.06185272883158177,
    0.05516164852306247,
    0.05721809971146286,
    0.05424801232875325,
    0.06133453222573735,
    0.0543229166069068,
    0.06099562881863676,
    0.06480318886460737,
    0.058986405108589685,
    0.055322866351343696,
    0.05842001357814297,
    0.0539006702543702,
    0.056830249272752556,
    0.06557583583053202,
    0.05597728868597188,
    0.056901255669072275,
    0.05253239751909859,
    0.05360601783613675,
    0.05517180857714266,
    0.05680764400167391,
    0.05430311692180113,
    0.05259611706133001,
    0.05288522829650902,
    0.054260215250542386,
    0.05152241454343312,
    0.05386759440880269,
    0.057015393109759324,
    0.053964354970958084,
    0.06415336150093937,
    0.05976615032413975,
    0.05388618158758618,
    0.051447830256074675,
    0.05388770940480754,
    0.05153411372448318,
    0.05693078981712461,
    0.05465229665278458,
    0.06466351970448159,
    0.059989837073953826,
    0.05047469430719503,
    0.05075848257984035,
    0.05676331032882445,
    0.0529858764668461,
    0.057847514469176534,
    0.05907938847667538,
    0.05750705755199306,
    0.052371297968784356,
    0.05402587131829933,
    0.056632242770865565,
    0.053879606199916455,
    0.05703370076953434,
    0.05042418165830896,
    0.054052043327828876,
    0.0590368680364918,
    0.05316699394606986,
    0.05505623716744595,
    0.050735812226776034,
    0.0511636627255939,
    0.05499513529357501,
    0.0540655599499587,
    0.05513205955503509,
    0.052806940273148945,
    0.05370982249733061,
    0.05495799929485657,
    0.05434775317553431,
    0.0529292343009729,
    0.05786617164849304,
    0.05426043074694462,
    0.05684066013782285,
    0.05497184810810723,
    0.05443552204524167,
    0.055897577101131905,
    0.05262592695653439,
    0.054429256208823065,
    0.054093702795216816,
    0.05452496953657829,
    0.05536809433833696,
    0.054636214568745345,
    0.05362177679198794,
    0.05524713116465137,
    0.05237562684342266,
    0.055486181890591985
  ],
  "epochs": [
    0,
    1,
    2,
    3,
    4,
    5,
    6,
    7,
    8,
    9,
    10,
    11,
    12,
    13,
    14,
    15,
    16,
    17,
    18,
    19,
    20,
    21,
    22,
    23,
    24,
    25,
    26,
    27,
    28,
    29,
    30,
    31,
    32,
    33,
    34,
    35,
    36,
    37,
    38,
    39,
    40,
    41,
    42,
    43,
    44,
    45,
    46,
    47,
    48,
    49,
    50,
    51,
    52,
    53,
    54,
    55,
    56,
    57,
    58,
    59,
    60,
    61,
    62,
    63,
    64,
    65,
    66,
    67,
    68,
    69,
    70,
    71,
    72,
    73,
    74,
    75,
    76,
    77,
    78,
    79,
    80,
    81,
    82,
    83,
    84,
    85,
    86,
    87,
    88
  ]
}