{
  "train_loss": [
    0.3721550112556327,
    0.15237198478796266,
    0.1280363875898448,
    0.10795091615481811,
    0.095544274171645,
    0.08778334099799395,
    0.08154734069650824,
    0.07714636684818701,
    0.07205672718245876,
    0.06941213066943668,
    0.06711116151037541,
    0.06505820014598696,
    0.06449394488199191,
    0.06248903865841302,
    0.06020445539531383,
    0.06017069747163491,
    0.059213493689894675,
    0.05725405166094953,
    0.0575708167898384,
    0.056073641255497936,
    0.05528148974207314,
    0.054382698844102295,
    0.05414071109992537,
    0.05260030603544279,
    0.05282338987697255,
    0.05218665768307719,
    0.05350764190778137,
    0.05030019904571501,
    0.05112182142043655,
    0.051271246397359804,
    0.04883258114145561,
    0.04942805674943057,
    0.048337000432339586,
    0.04856276556680149,
    0.048475241181863984,
    0.048310015946626664,
    0.04788645042275841,
    0.04754158260131424,
    0.047321533103558154,
    0.04733937469565056,
    0.046654075094583365,
    0.0459674898755144,
    0.04596371502361515,
    0.04563981887969104,
    0.04657800672575832,
    0.04596788148311051,
    0.04529709509658543,
    0.04549123333428393,
    0.04495497554709966,
    0.04428764377974651,
    0.04391415900974111,
    0.0453144173916768,
    0.045039046758955176,
    0.04441790558736433,
    0.044183502253144984,
    0.04381245199590922,
    0.04280643692917444,
    0.043063486325131226,
    0.04415055004710501,
    0.0427263407392258,
    0.04164733887734739,
    0.04173914158378135,
    0.04122714515775442,
    0.04144334455952048,
    0.040586740621788936,
    0.0422684888609431,
    0.041428934093564754,
    0.04131083094091578,
    0.04068343198773536,
    0.04117468541826714,
    0.04246659340844913,
    0.04010666779665784,
    0.04067098700356755,
    0.040795646045695654,
    0.04111756743693894,
    0.040981104436584495,
    0.0407947003214874,
    0.041658342915841126,
    0.04036025692285462
  ],
  "val_loss": [
    0.14318656241521238,
    0.11112793495412916,
    0.09513733811909333,
    0.07141151074320079,
    0.06319741919869556,
    0.05929447847302072,
    0.060321259254124016,
    0.056655027723172685,
    0.054137480526696896,
    0.054909492091974245,
    0.053723739174893134,
    0.05089076705626212,
    0.05159277432831005,
    0.04703260426758789,
    0.04621451629209332,
    0.056014917709399016,
    0.04527841278468259,
    0.047322319261729716,
    0.042241344944341105,
    0.04377372848102823,
    0.052868494944414125,
    0.043359534174669534,
    0.04819272342720069,
    0.04695545557769947,
    0.052840199804632,
    0.04807068997761235,
    0.049714754481101416,
    0.04168558557284996,
    0.04285324133816175,
    0.045499505766201764,
    0.04907662367331796,
    0.045506628422299404,
    0.0421034072409384,
    0.043237150687491524,
    0.0466988819767721,
    0.049440917774336415,
    0.04416411878191866,
    0.03892312918615062,
    0.04605714827193879,
    0.04411829463206232,
    0.04698166706948541,
    0.04669078329461627,
    0.044018443580716854,
    0.04277679152437486,
    0.04215951021760703,
    0.03822643787134439,
    0.04584777617710643,
    0.046956208290066574,
    0.037913599007879384,
    0.04010103817272466,
    0.03976280492788647,
    0.043918890913482764,
    0.046889453131007036,
    0.04352081393299159,
    0.04074637318262831,
    0.04190082442364656,
    0.04527391617011745,
    0.04558182666660286,
    0.04103060404304415,
    0.041893557194271125,
    0.038255219181883154,
    0.0405967528698966,
    0.041002361802384264,
    0.04103215915092733,
    0.04175744849490002,
    0.043552189294132404,
    0.039867215548292735,
    0.04047671883017757,
    0.04047379748080857,
    0.04063767938059755,
    0.03870241035183426,
    0.04058404363167938,
    0.04181434701895342,
    0.0403944107471034,
    0.0406963519519195,
    0.04118492488050834,
    0.04112246641307138,
    0.04009909518936183,
    0.04040743524965365
  ],
  "epochs": [
    0,
    1,
    2,
    3,
    4,
    5,
    6,
    7,
    8,
    9,
    10,
    11,
    12,
    13,
    14,
    15,
    16,
    17,
    18,
    19,
    20,
    21,
    22,
    23,
    24,
    25,
    26,
    27,
    28,
    29,
    30,
    31,
    32,
    33,
    34,
    35,
    36,
    37,
    38,
    39,
    40,
    41,
    42,
    43,
    44,
    45,
    46,
    47,
    48,
    49,
    50,
    51,
    52,
    53,
    54,
    55,
    56,
    57,
    58,
    59,
    60,
    61,
    62,
    63,
    64,
    65,
    66,
    67,
    68,
    69,
    70,
    71,
    72,
    73,
    74,
    75,
    76,
    77,
    78
  ]
}