{
  "train_loss": [
    0.3076010859148069,
    0.16303561917760157,
    0.13242606662891127,
    0.11486465626819567,
    0.10192194718528878,
    0.09367546046322042,
    0.08526161557232792,
    0.0807644824040207,
    0.07697675381871787,
    0.07375882870771669,
    0.07129143616353924,
    0.06837363017892296,
    0.06704892528666692,
    0.06370415315370669,
    0.06433122037147934,
    0.06162893244488672,
    0.06008228752084754,
    0.058762604218314994,
    0.057540348280559886,
    0.05733715998516842,
    0.05599051414734939,
    0.05433380127630451,
    0.054893646247007634,
    0.053779714002527984,
    0.051822923238981855,
    0.05327536246315999,
    0.052790033209391615,
    0.05211217775602233,
    0.05100313574583693,
    0.05089267664673654,
    0.05060129136693749,
    0.05069476682862098,
    0.04956991619345817,
    0.049167554764585064,
    0.048863616765222766,
    0.048316143793477255,
    0.049065141515298324,
    0.04855822030624206,
    0.0488530454699966,
    0.047836728888479146,
    0.04666233835572546,
    0.04707021839578043,
    0.047377098517661746,
    0.04608557554131204,
    0.046712768333540725,
    0.045262768869711596,
    0.04564832428470254,
    0.046188083196228205,
    0.04495731988244436,
    0.045053284901448276,
    0.044783755093812945,
    0.04442740002985705,
    0.04471587497910315,
    0.04561897335235368,
    0.04480241812257604,
    0.04384950531307946,
    0.04369487538595092,
    0.04288512875241312,
    0.04208652169528333,
    0.042057489072057336,
    0.04294219694862311,
    0.042005698465826836,
    0.04201727422462269,
    0.043033933959562676,
    0.042117484349080116,
    0.04303971522064372,
    0.04254920613867316,
    0.04391938469796018,
    0.04223781617358327,
    0.04297531182793054,
    0.042454247147860856,
    0.041956825589930476,
    0.042751805514774546,
    0.04200312073935162,
    0.04277229766954076,
    0.04160281153734435,
    0.04157462428239259,
    0.04212704837152904,
    0.04072249776091088,
    0.040799092072993516,
    0.04181854248046875,
    0.04129745066335256,
    0.04053863651711832,
    0.04093459420075471,
    0.041450586075132544,
    0.04144109306348996,
    0.04103726161643863,
    0.04155707015232606,
    0.04151616290042347,
    0.04049851148643277,
    0.04075089913708243,
    0.041020724118094556,
    0.03952714938162403,
    0.041882105600088836,
    0.040818731686608364
  ],
  "val_loss": [
    0.1617141671013087,
    0.11353366118855775,
    0.09553397591225804,
    0.09078507866943256,
    0.06807651007547974,
    0.061482613207772374,
    0.06264645293122158,
    0.05341579534579069,
    0.06421452990616672,
    0.05345087234745734,
    0.04840624390053563,
    0.05326848887489177,
    0.052797015878604726,
    0.04388258446706459,
    0.05107021687435918,
    0.04262874406413175,
    0.04462473448365927,
    0.04187972864601761,
    0.04453942489344627,
    0.040665882965549835,
    0.04136076114955358,
    0.04026331790955738,
    0.04124368321499787,
    0.04125728259677999,
    0.03968806269695051,
    0.038798966247122736,
    0.040551613050047314,
    0.03871213551028632,
    0.0432864104048349,
    0.038942432840121916,
    0.04312756515282672,
    0.03779475685732905,
    0.038333358851377855,
    0.03979247642273549,
    0.04003460085659753,
    0.03832840576360468,
    0.03920524884597398,
    0.035496332796174104,
    0.03554822837468237,
    0.03722163967904635,
    0.03982833338959608,
    0.03851224530080799,
    0.038593523856252435,
    0.03415555937390309,
    0.03463662312133238,
    0.038789280736818914,
    0.03518490786664188,
    0.036904126370791344,
    0.03472292554215528,
    0.03850327209511306,
    0.03495519873395097,
    0.03452356224879623,
    0.03533785276231356,
    0.037370567611651494,
    0.03846022204670589,
    0.03526579546451103,
    0.03475078081246465,
    0.033665479539195076,
    0.03502050199604128,
    0.03377021279302426,
    0.03395506651140749,
    0.034168604059959765,
    0.035529447163571606,
    0.03490264306892641,
    0.03343641218089033,
    0.039536486929864625,
    0.03417614200152457,
    0.035854966545593926,
    0.03381742795172613,
    0.035329679329879585,
    0.03541570872766897,
    0.034160308676655406,
    0.034618691832292825,
    0.03405279775324743,
    0.035209554282482715,
    0.033923095263889994,
    0.03454025008250028,
    0.03541636834852398,
    0.033932864604867066,
    0.033995605845120735,
    0.035487095513963146,
    0.034307073368108836,
    0.03428104353079107,
    0.034633091409341434,
    0.035369444577372636,
    0.033504909920156936,
    0.034256726928288114,
    0.034122242944431495,
    0.03433138860273175,
    0.03407069462700747,
    0.0342928487341851,
    0.03390377694158815,
    0.03406756452168338,
    0.03476423489919398,
    0.03350472720921971
  ],
  "epochs": [
    0,
    1,
    2,
    3,
    4,
    5,
    6,
    7,
    8,
    9,
    10,
    11,
    12,
    13,
    14,
    15,
    16,
    17,
    18,
    19,
    20,
    21,
    22,
    23,
    24,
    25,
    26,
    27,
    28,
    29,
    30,
    31,
    32,
    33,
    34,
    35,
    36,
    37,
    38,
    39,
    40,
    41,
    42,
    43,
    44,
    45,
    46,
    47,
    48,
    49,
    50,
    51,
    52,
    53,
    54,
    55,
    56,
    57,
    58,
    59,
    60,
    61,
    62,
    63,
    64,
    65,
    66,
    67,
    68,
    69,
    70,
    71,
    72,
    73,
    74,
    75,
    76,
    77,
    78,
    79,
    80,
    81,
    82,
    83,
    84,
    85,
    86,
    87,
    88,
    89,
    90,
    91,
    92,
    93,
    94
  ]
}