{
  "train_loss": [
    0.3108513743769039,
    0.14580516637726265,
    0.12243179106576876,
    0.10103038536554033,
    0.08722877869890494,
    0.07936222778125243,
    0.07404013705863194,
    0.07019746905700727,
    0.06669892980293794,
    0.0637043960358609,
    0.06144527930427682,
    0.05868759850886735,
    0.0588539618761702,
    0.05719612319022417,
    0.05531935771927238,
    0.05435895837335425,
    0.05410399394956503,
    0.05173357624899258,
    0.051096952985972166,
    0.05053167424249378,
    0.05027142303233797,
    0.0490574909628115,
    0.049392513663254006,
    0.04754212012175809,
    0.04712147563695908,
    0.046665869453413916,
    0.04656503913416104,
    0.04599668894809755,
    0.04572179816493934,
    0.04539688938212666,
    0.04520436679097739,
    0.0448580768162554,
    0.04400571761483496,
    0.04506594436412508,
    0.04389909910207445,
    0.04348233772949739,
    0.042683389279991386,
    0.043126743849028246,
    0.041583627215163274,
    0.041553447608920664,
    0.04195952566001903,
    0.041998097678138446,
    0.04212813580408692,
    0.041326329989189454,
    0.04163665934889155,
    0.04067226341502233,
    0.04000723543830893,
    0.03975133886899461,
    0.04090999178080396,
    0.04088096858933568,
    0.04056427734142,
    0.039994963998482985,
    0.0392611635747281,
    0.03912744610824369,
    0.03945399565283548,
    0.03920845539732413,
    0.03860105906528506,
    0.03925433020700108,
    0.03894635104658929,
    0.037647286797450344,
    0.038022555795244196,
    0.0366239921613173,
    0.037533981662920934,
    0.0370669841715558,
    0.036364181766455825,
    0.03704933186315677,
    0.03669346165927974,
    0.03697724063457414,
    0.03635783236389133,
    0.037195798686959526,
    0.03636494197459384,
    0.03679211046208035,
    0.03579933472485705,
    0.035777912209318447,
    0.03523973795331338,
    0.03565479694272984,
    0.03599337371574207,
    0.03610314183953134
  ],
  "val_loss": [
    0.14167268881574274,
    0.11097371089272201,
    0.08491397367324681,
    0.06457429948495702,
    0.05927826780243777,
    0.05401198552572169,
    0.047541263635503136,
    0.047039377939654514,
    0.046603563212556764,
    0.04313545333570801,
    0.04174831925192848,
    0.04201842700131238,
    0.046688501478638504,
    0.042576191364787526,
    0.038250323210377246,
    0.03853862989344634,
    0.0387268918188056,
    0.037917402398306876,
    0.03543348306266125,
    0.03716132646077313,
    0.038435024576028806,
    0.03690360214095563,
    0.03637638829823118,
    0.03638670965738129,
    0.039358541351975876,
    0.039125520348898137,
    0.03962363327445928,
    0.03743783662794158,
    0.03743441420374438,
    0.03428601400810294,
    0.0345189939631382,
    0.03449347048881464,
    0.033351631194818765,
    0.03756646136171184,
    0.03326587038463913,
    0.032359765711589716,
    0.038326235429849476,
    0.03691828271257691,
    0.0321909795893589,
    0.03455276312015485,
    0.03399104843847454,
    0.03286015066842083,
    0.035309039973071776,
    0.03367118859605398,
    0.034166405673022385,
    0.03244097690621857,
    0.03712927204323933,
    0.03129411114205141,
    0.03154081109969411,
    0.03515776687418111,
    0.034711897736997344,
    0.03440647502138745,
    0.0340716261358466,
    0.031868300604401156,
    0.03518134085170459,
    0.032591123948805034,
    0.03419042320165318,
    0.03239372427924536,
    0.032928803193499334,
    0.03282969298888929,
    0.03163176233647391,
    0.03200217065459583,
    0.033033977495506406,
    0.03445110386237502,
    0.0337999719864456,
    0.033348156476859,
    0.03370876231638249,
    0.032447659719036896,
    0.03428437190304976,
    0.03318505596835166,
    0.03170781517983415,
    0.03226138417085167,
    0.03207941681321245,
    0.032791799091501164,
    0.03248478581663221,
    0.0333078598807333,
    0.03158723537344486,
    0.03227475530002266
  ],
  "epochs": [
    0,
    1,
    2,
    3,
    4,
    5,
    6,
    7,
    8,
    9,
    10,
    11,
    12,
    13,
    14,
    15,
    16,
    17,
    18,
    19,
    20,
    21,
    22,
    23,
    24,
    25,
    26,
    27,
    28,
    29,
    30,
    31,
    32,
    33,
    34,
    35,
    36,
    37,
    38,
    39,
    40,
    41,
    42,
    43,
    44,
    45,
    46,
    47,
    48,
    49,
    50,
    51,
    52,
    53,
    54,
    55,
    56,
    57,
    58,
    59,
    60,
    61,
    62,
    63,
    64,
    65,
    66,
    67,
    68,
    69,
    70,
    71,
    72,
    73,
    74,
    75,
    76,
    77
  ]
}