{
  "train_loss": [
    0.31850944081490695,
    0.12408154847947034,
    0.09707853078164838,
    0.08467769595709715,
    0.07703714232891798,
    0.07035200417719104,
    0.06751051576977427,
    0.06568225283853033,
    0.06236015805466609,
    0.06057910665531051,
    0.056533694810826665,
    0.05437286783687094,
    0.05358930663629012,
    0.05168930402872238,
    0.04961367623033849,
    0.04868259374221618,
    0.048428591059690176,
    0.046974464058876036,
    0.04617386856031689,
    0.045410425122827294,
    0.04559275402264162,
    0.044977390082045036,
    0.04408585497432134,
    0.04558731558648023,
    0.04444153961132873,
    0.04309235962785103,
    0.04385230685160919,
    0.04414541452615099,
    0.04249670694158836,
    0.042323804750022564,
    0.04255790911953558,
    0.04165815623815764,
    0.04194708290933208,
    0.04278672731058164,
    0.042806755439801655,
    0.04184086227112196
  ],
  "val_loss": [
    0.11271820147521794,
    0.07908980884822087,
    0.06774696030770429,
    0.06753029161482119,
    0.06557060413761065,
    0.057706128904828805,
    0.06606939044431784,
    0.06745028567383998,
    0.06080098438542336,
    0.06807559547014534,
    0.057746054325252774,
    0.06630323985009454,
    0.06518718239385635,
    0.05805231281556189,
    0.06790572768077255,
    0.06477910195826553,
    0.0664233566087205,
    0.06562096530687996,
    0.06635776016337332,
    0.06638445366115775,
    0.06560502111096866,
    0.06691695357149002,
    0.06766401431523264,
    0.06731604208180215,
    0.0614033087331336,
    0.06580611489189322,
    0.06601116397068836,
    0.06704568327404559,
    0.06884370980260428,
    0.06599989216774703,
    0.0658255008602282,
    0.06634273656236474,
    0.06520292443456129,
    0.06447128830477596,
    0.0646820682741236,
    0.06598734172293917
  ],
  "epochs": [
    0,
    1,
    2,
    3,
    4,
    5,
    6,
    7,
    8,
    9,
    10,
    11,
    12,
    13,
    14,
    15,
    16,
    17,
    18,
    19,
    20,
    21,
    22,
    23,
    24,
    25,
    26,
    27,
    28,
    29,
    30,
    31,
    32,
    33,
    34,
    35
  ]
}