{
  "train_loss": [
    0.46076309220357375,
    0.2556415159593929,
    0.2454082898118279,
    0.24277357188138096,
    0.24039692851630123,
    0.23977545228871433,
    0.2386868720704859,
    0.23759421218525278,
    0.23612654913555492,
    0.23460318012671036,
    0.23214778927239504,
    0.231152388995344,
    0.23117371066050096,
    0.23034658919681203,
    0.2310180141167207,
    0.23130381351167506,
    0.22952613722194326,
    0.2314939707517624,
    0.22972787537358025
  ],
  "val_loss": [
    0.2922161454334855,
    0.2850536648184061,
    0.28489664010703564,
    0.28195804078131914,
    0.2870261203497648,
    0.2868982022628188,
    0.2884426675736904,
    0.29181230813264847,
    0.28518885746598244,
    0.2838545460253954,
    0.28542466275393963,
    0.2864047400653362,
    0.28496800269931555,
    0.28498762287199497,
    0.28579072654247284,
    0.2850346704944968,
    0.2852374594658613,
    0.2854838166385889,
    0.28532439190894365
  ],
  "epochs": [
    0,
    1,
    2,
    3,
    4,
    5,
    6,
    7,
    8,
    9,
    10,
    11,
    12,
    13,
    14,
    15,
    16,
    17,
    18
  ]
}