{
  "train_loss": [
    0.41961010802875864,
    0.21838001906871796,
    0.20740786005150189,
    0.20989484163847835,
    0.2024278388781981,
    0.20090556009249252,
    0.20726091211492365,
    0.20133369863033296,
    0.20165581947023217,
    0.2011994118040258,
    0.19864820025183938,
    0.20412614724852823,
    0.2038097094405781,
    0.2010971957987005,
    0.1970857934518294,
    0.20162057402459058,
    0.1997945961627093,
    0.1972876253453168,
    0.19644597362388264,
    0.1979345444928516,
    0.19570709792050447,
    0.1951788604259491,
    0.19227957901629536,
    0.1952070790258321,
    0.19332343719222328,
    0.1944392192092809,
    0.19383718127554114,
    0.19411897550929677,
    0.19578475030985745,
    0.19321779811924153,
    0.19382814182476563,
    0.19429797503081234,
    0.19524559541182085,
    0.19319285642017017,
    0.1936285826292905,
    0.19429903355511752,
    0.19468974552371285,
    0.19324261356483807,
    0.1953476305712353,
    0.19331179423765701,
    0.19413378780538385,
    0.1952754727818749,
    0.19421150521798566,
    0.19318199835040353,
    0.19471930536356838,
    0.19320810545574535,
    0.19420226378874345,
    0.193974415009672,
    0.1913784837180918,
    0.19305530407211996,
    0.1922756474126469,
    0.19250259507786144,
    0.19331310770728372
  ],
  "val_loss": [
    0.2974039241671562,
    0.24651960656046867,
    0.29886564053595066,
    0.24790918733924627,
    0.24398471135646105,
    0.28991508204489946,
    0.2971360897645354,
    0.26409350242465734,
    0.2644757255911827,
    0.266766469925642,
    0.2400648770853877,
    0.27055105566978455,
    0.24196981266140938,
    0.23881251271814108,
    0.24881848134100437,
    0.24825480859726667,
    0.2514117732644081,
    0.2442517140880227,
    0.2605866687372327,
    0.24427405465394258,
    0.23950305860489607,
    0.24081221222877502,
    0.24095990788191557,
    0.23917143512517214,
    0.24039909150451422,
    0.2385100806131959,
    0.23951467871665955,
    0.23962955549359322,
    0.23975547403097153,
    0.24025551043450832,
    0.24137796740978956,
    0.23835157044231892,
    0.24001043010503054,
    0.2401989810168743,
    0.23942942451685667,
    0.23895895574241877,
    0.23948347195982933,
    0.23698012810200453,
    0.23846617713570595,
    0.23843733873218298,
    0.23855040222406387,
    0.23769492376595736,
    0.24338163156062365,
    0.23836710024625063,
    0.23879607859998941,
    0.23872244451195002,
    0.23814315907657146,
    0.2381895538419485,
    0.2381752636283636,
    0.2382657155394554,
    0.23858222737908363,
    0.2381550706923008,
    0.2383066602051258
  ],
  "epochs": [
    0,
    1,
    2,
    3,
    4,
    5,
    6,
    7,
    8,
    9,
    10,
    11,
    12,
    13,
    14,
    15,
    16,
    17,
    18,
    19,
    20,
    21,
    22,
    23,
    24,
    25,
    26,
    27,
    28,
    29,
    30,
    31,
    32,
    33,
    34,
    35,
    36,
    37,
    38,
    39,
    40,
    41,
    42,
    43,
    44,
    45,
    46,
    47,
    48,
    49,
    50,
    51,
    52
  ]
}