{
  "train_loss": [
    0.41586872366341676,
    0.24001900607889348,
    0.23010036268017509,
    0.22564028813080353,
    0.2219549374146895,
    0.22173029292713511,
    0.22050151283090766,
    0.22110021276907488,
    0.21851713088425723,
    0.21968641443686052,
    0.21796314093199642,
    0.21548690904270518,
    0.2177911948073994,
    0.2189791362393986,
    0.21932494721629403,
    0.2167060147632252,
    0.2114697580987757,
    0.21424405520612544,
    0.21245933716947382,
    0.21175116354768928,
    0.21164203069426796,
    0.21038758971474386,
    0.21273238496346908,
    0.21120673607696186,
    0.21184558489105917,
    0.21318619278344242,
    0.21162621947852048,
    0.21029285815629092,
    0.2081739607182416,
    0.20992827415466309,
    0.2095170879905874,
    0.21056105575778267,
    0.20910924618894403,
    0.21198314861817794,
    0.21083991852673617,
    0.2107859194278717,
    0.21129984259605408,
    0.20850234979932958,
    0.20887179293415764,
    0.20950856371359391,
    0.21089388105002316,
    0.2098254612900994,
    0.20905214195901697,
    0.2109632828018882,
    0.21069028621370142,
    0.20972225042906675,
    0.21038193025372245,
    0.2081023785200986,
    0.21080307418649846,
    0.20799445157701318,
    0.20894260108470916
  ],
  "val_loss": [
    0.2611336726695299,
    0.256082022562623,
    0.25879865791648626,
    0.2564060417935252,
    0.2578216912224889,
    0.2549277991056442,
    0.2518975408747792,
    0.25787126924842596,
    0.25490449648350477,
    0.2462596232071519,
    0.25022429786622524,
    0.2603019019588828,
    0.2607613233849406,
    0.2595511469990015,
    0.2511775717139244,
    0.2530507370829582,
    0.2469704309478402,
    0.24487230740487576,
    0.24526656977832317,
    0.24514126777648926,
    0.24464535806328058,
    0.2452929550781846,
    0.2448913548141718,
    0.24485687911510468,
    0.24440291710197926,
    0.24440483655780554,
    0.24430746864527464,
    0.24451353214681149,
    0.24489943590015173,
    0.2444611517712474,
    0.24598457664251328,
    0.24528596457093954,
    0.2449123552069068,
    0.24394340347498655,
    0.24408382829278708,
    0.24381129071116447,
    0.24392327945679426,
    0.24417585972696543,
    0.2441958263516426,
    0.24448787793517113,
    0.24432778265327215,
    0.24423110019415617,
    0.24424900114536285,
    0.24430286139249802,
    0.24446802120655775,
    0.24420719500631094,
    0.24441137816756964,
    0.24432876892387867,
    0.2443470899015665,
    0.2443696828559041,
    0.2443434428423643
  ],
  "epochs": [
    0,
    1,
    2,
    3,
    4,
    5,
    6,
    7,
    8,
    9,
    10,
    11,
    12,
    13,
    14,
    15,
    16,
    17,
    18,
    19,
    20,
    21,
    22,
    23,
    24,
    25,
    26,
    27,
    28,
    29,
    30,
    31,
    32,
    33,
    34,
    35,
    36,
    37,
    38,
    39,
    40,
    41,
    42,
    43,
    44,
    45,
    46,
    47,
    48,
    49,
    50
  ]
}