{
  "train_loss": [
    0.4184543270956386,
    0.24331712993708524,
    0.23308701569383794,
    0.23003228848630733,
    0.22724849554625423,
    0.22611527226187966,
    0.22676225114952434,
    0.22315146137367595,
    0.22770522020079872,
    0.22193511914123187,
    0.2221718576821414,
    0.21946202462369746,
    0.21868268278512087,
    0.2192018977620385,
    0.2182104538787495,
    0.22000185928561472,
    0.22031883651560003,
    0.21856113049117,
    0.21698638634248213,
    0.21800771762024274,
    0.21911342550407756,
    0.21765311468731274,
    0.2206813015721061,
    0.21974099657752297,
    0.21696143529631876,
    0.21974267797036603,
    0.21937939822673796
  ],
  "val_loss": [
    0.25912260077893734,
    0.27828689850866795,
    0.24164396803826094,
    0.256795602850616,
    0.24475534353405237,
    0.2566372836008668,
    0.2510202247649431,
    0.24621822591871023,
    0.24986174888908863,
    0.24106457456946373,
    0.24143726844340563,
    0.2404843559488654,
    0.24178468063473701,
    0.24055736511945724,
    0.2405454171821475,
    0.24084153398871422,
    0.24075318314135075,
    0.24168408289551735,
    0.24087050929665565,
    0.24123873841017485,
    0.24111655354499817,
    0.24110491015017033,
    0.2409533690661192,
    0.2407365282997489,
    0.24084679689258337,
    0.24058330804109573,
    0.24083465989679098
  ],
  "epochs": [
    0,
    1,
    2,
    3,
    4,
    5,
    6,
    7,
    8,
    9,
    10,
    11,
    12,
    13,
    14,
    15,
    16,
    17,
    18,
    19,
    20,
    21,
    22,
    23,
    24,
    25,
    26
  ]
}