{
  "train_loss": [
    0.460430412942713,
    0.29031246927651494,
    0.2846955722028559,
    0.28243495523929596,
    0.28098255341703243,
    0.27617176391861653,
    0.27848183512687685,
    0.2746940786188299,
    0.2775844034823504,
    0.2759114994244142,
    0.2755741853605617,
    0.271668388355862,
    0.27410553070631893,
    0.27232454229484904,
    0.2725168385288932,
    0.27264895872636274,
    0.2718446956439452,
    0.2713228320533579,
    0.26852303580804304,
    0.2665251897139983,
    0.2687994759191166,
    0.26845992424271325,
    0.2656491287729957,
    0.2667191172187979,
    0.26720925081859936,
    0.2665448931130496,
    0.2680059397762472
  ],
  "val_loss": [
    0.344447610899806,
    0.3121542315930128,
    0.3124452605843544,
    0.3276798529550433,
    0.3211291804909706,
    0.3058531116694212,
    0.3164552664384246,
    0.32399885542690754,
    0.30823903903365135,
    0.315385396592319,
    0.3115170234814286,
    0.30158035829663277,
    0.32167569641023874,
    0.3185336049646139,
    0.30670947954058647,
    0.3125731386244297,
    0.30921113956719637,
    0.32023504562675953,
    0.30554571375250816,
    0.3051657509058714,
    0.3095469567924738,
    0.3063899576663971,
    0.3050294332206249,
    0.30481371097266674,
    0.3046374637633562,
    0.3060422670096159,
    0.30407625064253807
  ],
  "epochs": [
    0,
    1,
    2,
    3,
    4,
    5,
    6,
    7,
    8,
    9,
    10,
    11,
    12,
    13,
    14,
    15,
    16,
    17,
    18,
    19,
    20,
    21,
    22,
    23,
    24,
    25,
    26
  ]
}