{
  "train_loss": [
    0.45192074288021433,
    0.2685305378653786,
    0.2573802373626015,
    0.25333542227745054,
    0.24694058326157656,
    0.24712687053463675,
    0.24512312114238738,
    0.24707894731651653,
    0.24590811648152092,
    0.24454991898753425,
    0.2433977790854194,
    0.24494162526997654,
    0.24468388665806162,
    0.24534060711210423,
    0.24552362886342136,
    0.24398460984230042,
    0.2404223631728779,
    0.24084017954089426,
    0.2396628038449721,
    0.23792007619684394,
    0.24043273519385944,
    0.2389105501500043,
    0.23878431076353246,
    0.23963646211407402,
    0.23742248009551656,
    0.23665225289084696,
    0.2399484241550619,
    0.23889068906957453,
    0.2380297368223017,
    0.23570306165651841,
    0.23840022574771536,
    0.23960855521939017
  ],
  "val_loss": [
    0.2664777934551239,
    0.26266606245189905,
    0.3122907616198063,
    0.2731408905237913,
    0.2720099510625005,
    0.29153621941804886,
    0.26353948656469584,
    0.2608210761100054,
    0.28146551456302404,
    0.26060111075639725,
    0.2830059379339218,
    0.27279987558722496,
    0.27293330430984497,
    0.2774212434887886,
    0.261459656059742,
    0.26127655897289515,
    0.2592028006911278,
    0.2598078092560172,
    0.26012957002967596,
    0.25940770749002695,
    0.26005234010517597,
    0.2597159892320633,
    0.2599311852827668,
    0.25991864036768675,
    0.2598272440955043,
    0.25988573115319014,
    0.2596622873097658,
    0.25973676424473524,
    0.25989863742142916,
    0.26011678762733936,
    0.2597714997828007,
    0.2598131550475955
  ],
  "epochs": [
    0,
    1,
    2,
    3,
    4,
    5,
    6,
    7,
    8,
    9,
    10,
    11,
    12,
    13,
    14,
    15,
    16,
    17,
    18,
    19,
    20,
    21,
    22,
    23,
    24,
    25,
    26,
    27,
    28,
    29,
    30,
    31
  ]
}