{
  "train_loss": [
    0.41882064857266166,
    0.2470111524516886,
    0.24151204553517427,
    0.23605313788760793,
    0.2322875198992816,
    0.23425782268697565,
    0.2346156583590941,
    0.23224732035940343,
    0.23090833588079973,
    0.23016028946096248,
    0.22731088616631248,
    0.22790308703075757,
    0.227766628427939,
    0.2258846402168274,
    0.22756280059164222,
    0.22741761315952647,
    0.22520028027621183,
    0.22576448998667978,
    0.22621476433493876,
    0.2269056035713716,
    0.2289813586256721,
    0.22513896714557302,
    0.2251054202968424,
    0.22599728242917494,
    0.22479624531485817,
    0.22687127535993404,
    0.22534654248844493,
    0.22623588090593164,
    0.22418354641307484,
    0.22666295929388566,
    0.22410095957192508,
    0.22411234839396044,
    0.22455710822885686,
    0.22411445487629283,
    0.22549014579166066,
    0.22589479142969304
  ],
  "val_loss": [
    0.3032588707283139,
    0.26750138960778713,
    0.2728737499564886,
    0.26283618714660406,
    0.2652943329885602,
    0.28162800148129463,
    0.2671834481880069,
    0.3071822375059128,
    0.2671305304393172,
    0.27046679332852364,
    0.26033690851181746,
    0.2600361770018935,
    0.26101637445390224,
    0.26212032325565815,
    0.260332009755075,
    0.2598887328058481,
    0.2607229258865118,
    0.2603945955634117,
    0.2603840781375766,
    0.26005195267498493,
    0.2595224864780903,
    0.2623155564069748,
    0.2608565604314208,
    0.26052476931363344,
    0.2605917938053608,
    0.2610989445820451,
    0.2598711624741554,
    0.25965350586920977,
    0.2601001616567373,
    0.2599069867283106,
    0.2604115530848503,
    0.2601725524291396,
    0.26016201730817556,
    0.2601724499836564,
    0.2600929066538811,
    0.26022201403975487
  ],
  "epochs": [
    0,
    1,
    2,
    3,
    4,
    5,
    6,
    7,
    8,
    9,
    10,
    11,
    12,
    13,
    14,
    15,
    16,
    17,
    18,
    19,
    20,
    21,
    22,
    23,
    24,
    25,
    26,
    27,
    28,
    29,
    30,
    31,
    32,
    33,
    34,
    35
  ]
}