{
  "train_loss": [
    0.5428326455029574,
    0.37945650815963744,
    0.373574421080676,
    0.37048930688337844,
    0.37110276438973167,
    0.36626341668042267,
    0.3689465728673068,
    0.3653769531033256,
    0.36422417326407,
    0.36387869824062696,
    0.36072431098331104,
    0.35729864727367056,
    0.35870767019011757,
    0.3564311482689597,
    0.35634506019678985,
    0.35753951126878913,
    0.3564701562578028,
    0.35549162246964194,
    0.3558789632537148,
    0.35712807395241475,
    0.35520695502107796,
    0.35722640590234234,
    0.3546794972636483,
    0.35572059479626744,
    0.3558267143639651,
    0.3551033973693848,
    0.35355805483731356,
    0.35469369834119624,
    0.35595939484509553,
    0.3536790110848167,
    0.3555721786889163,
    0.35581837621602147,
    0.35559059273112903,
    0.3534670667214827,
    0.35566936839710583,
    0.35490516857667403,
    0.3540366627953269,
    0.35276230573654177,
    0.35441222190856936,
    0.3534425925124775,
    0.354129267280752,
    0.3551457627253099,
    0.3544619164683602,
    0.355604044415734,
    0.3538953098383817,
    0.35191603140397504,
    0.3545455764640461,
    0.35369921705939555,
    0.35417247848077255,
    0.35202937668020073,
    0.35409119671041317,
    0.3571342950517481,
    0.35357083407315343
  ],
  "val_loss": [
    0.38891542330384254,
    0.3783766068518162,
    0.37571411207318306,
    0.37357395701110363,
    0.3781656827777624,
    0.3830701131373644,
    0.3941227365285158,
    0.37907647155225277,
    0.3771107941865921,
    0.37841629050672054,
    0.37290926463901997,
    0.3723531551659107,
    0.37329416163265705,
    0.37200967967510223,
    0.37256586365401745,
    0.37279570288956165,
    0.3717449903488159,
    0.3724218402057886,
    0.37227476201951504,
    0.37256965786218643,
    0.3727568406611681,
    0.3715899530798197,
    0.37139931693673134,
    0.37199226953089237,
    0.3720420692116022,
    0.37142932042479515,
    0.3729976750910282,
    0.37244690395891666,
    0.37200817093253136,
    0.371579485014081,
    0.37163890339434147,
    0.3715983387082815,
    0.3712241109460592,
    0.37131825275719166,
    0.37124496325850487,
    0.37145580910146236,
    0.37141199968755245,
    0.37115429900586605,
    0.3714119400829077,
    0.3711961396038532,
    0.3715835325419903,
    0.371393034234643,
    0.37176088243722916,
    0.37132447585463524,
    0.37166360951960087,
    0.37124533392488956,
    0.3715749755501747,
    0.37138749100267887,
    0.37137772887945175,
    0.37134282290935516,
    0.37127807550132275,
    0.37173905223608017,
    0.37131915614008904
  ],
  "epochs": [
    0,
    1,
    2,
    3,
    4,
    5,
    6,
    7,
    8,
    9,
    10,
    11,
    12,
    13,
    14,
    15,
    16,
    17,
    18,
    19,
    20,
    21,
    22,
    23,
    24,
    25,
    26,
    27,
    28,
    29,
    30,
    31,
    32,
    33,
    34,
    35,
    36,
    37,
    38,
    39,
    40,
    41,
    42,
    43,
    44,
    45,
    46,
    47,
    48,
    49,
    50,
    51,
    52
  ]
}