{
  "train_loss": [
    0.3563073884357106,
    0.192359153249047,
    0.18455258255655116,
    0.18445194390687075,
    0.17898869473825801,
    0.18237222365357658,
    0.17923868081786415,
    0.17798301767219196,
    0.17707036218859934,
    0.17553158646280115,
    0.1733899318359115,
    0.17187602682547135,
    0.1731964265758341,
    0.17215413654392417,
    0.17121228589252993,
    0.17148564769463107,
    0.17280975349924782,
    0.17247325317426163
  ],
  "val_loss": [
    0.2312850086018443,
    0.21116099506616592,
    0.209496327675879,
    0.2135072611272335,
    0.2186538614332676,
    0.21582186222076416,
    0.2154856063425541,
    0.213224777020514,
    0.22192742116749287,
    0.21173481456935406,
    0.2110674735158682,
    0.21040094643831253,
    0.2109896671026945,
    0.21153174620121717,
    0.20991741120815277,
    0.210305443033576,
    0.21049639768898487,
    0.2103776140138507
  ],
  "epochs": [
    0,
    1,
    2,
    3,
    4,
    5,
    6,
    7,
    8,
    9,
    10,
    11,
    12,
    13,
    14,
    15,
    16,
    17
  ]
}