{
  "train_loss": [
    0.4170742836865512,
    0.2591149953278628,
    0.25285922180522574,
    0.2483105006543073,
    0.24588297199119222,
    0.24123030386187813,
    0.2413697440515865,
    0.24156967943364924,
    0.24213160601529207,
    0.24556711261922662,
    0.2396790415048599,
    0.2403243219310587,
    0.24350496638904917,
    0.24108860059217974,
    0.23802958103743466,
    0.2352180529724468,
    0.23652234077453613,
    0.23741183091293683,
    0.23441029191017151,
    0.23350410027937454,
    0.23347456726160917,
    0.23512142950838263,
    0.23508026925000278,
    0.23551701253110713,
    0.23547855371778662,
    0.23368430489843542,
    0.23323988833210685,
    0.23408292884176427,
    0.23490484248508106,
    0.23335222710262646,
    0.23400089036334645,
    0.2349408279765736,
    0.23579247458414598,
    0.23484335243701934,
    0.2348785863681273,
    0.23366294936700302,
    0.23379406305876646
  ],
  "val_loss": [
    0.26742543932050467,
    0.27402684930711985,
    0.2667180588468909,
    0.26397688034921885,
    0.264271286316216,
    0.26709329430013895,
    0.26345968153327703,
    0.2594131035730243,
    0.2754062516614795,
    0.26244847010821104,
    0.26283497642725706,
    0.26258171256631613,
    0.26156213227659464,
    0.2963595036417246,
    0.2594274040311575,
    0.2586614331230521,
    0.2585049709305167,
    0.257979080080986,
    0.2586061153560877,
    0.2588692670688033,
    0.25840138364583254,
    0.2576522855088115,
    0.2589296856895089,
    0.25888493098318577,
    0.2591026332229376,
    0.2583108376711607,
    0.2586360778659582,
    0.25959057826548815,
    0.2591616725549102,
    0.2586053218692541,
    0.2588541489094496,
    0.25921906996518373,
    0.2585599673911929,
    0.25862300395965576,
    0.2589675057679415,
    0.2579801604151726,
    0.2587298173457384
  ],
  "epochs": [
    0,
    1,
    2,
    3,
    4,
    5,
    6,
    7,
    8,
    9,
    10,
    11,
    12,
    13,
    14,
    15,
    16,
    17,
    18,
    19,
    20,
    21,
    22,
    23,
    24,
    25,
    26,
    27,
    28,
    29,
    30,
    31,
    32,
    33,
    34,
    35,
    36
  ]
}