{
  "summary": {
    "norm_name": "robust_normalized",
    "num_chips_requested": 10,
    "num_chips_processed": 10,
    "num_chips_with_metrics": 10,
    "generated_at": "2025-11-18T07:38:19.419439"
  },
  "averages": {
    "train": {
      "accuracy": 0.8944357142857143,
      "precision": 0.893197566908832,
      "recall": 0.8944357142857143,
      "f1": 0.8930773199480615,
      "num_chips": 10
    },
    "val": {
      "accuracy": 0.878735632183908,
      "precision": 0.8770730689931696,
      "recall": 0.878735632183908,
      "f1": 0.8772275138435539,
      "num_chips": 10
    },
    "test": {
      "accuracy": 0.879029029029029,
      "precision": 0.8774517912909859,
      "recall": 0.879029029029029,
      "f1": 0.8775467957645177,
      "num_chips": 10
    }
  },
  "per_chip": {
    "1": {
      "train": {
        "accuracy": 0.8989285714285714,
        "precision": 0.8977546498461895,
        "recall": 0.8989285714285714,
        "f1": 0.8975048375285486
      },
      "val": {
        "accuracy": 0.8745627186406797,
        "precision": 0.8729423752333018,
        "recall": 0.8745627186406797,
        "f1": 0.8731464091797105
      },
      "test": {
        "accuracy": 0.8963963963963963,
        "precision": 0.8952712791940435,
        "recall": 0.8963963963963963,
        "f1": 0.8946863488434181
      }
    },
    "2": {
      "train": {
        "accuracy": 0.884,
        "precision": 0.8823389813434555,
        "recall": 0.884,
        "f1": 0.8824457272063735
      },
      "val": {
        "accuracy": 0.8695652173913043,
        "precision": 0.8674485904142145,
        "recall": 0.8695652173913043,
        "f1": 0.8675225933445899
      },
      "test": {
        "accuracy": 0.8573573573573574,
        "precision": 0.855591189471737,
        "recall": 0.8573573573573574,
        "f1": 0.856145958359648
      }
    },
    "3": {
      "train": {
        "accuracy": 0.9126428571428571,
        "precision": 0.9118156347324208,
        "recall": 0.9126428571428571,
        "f1": 0.9118760286966543
      },
      "val": {
        "accuracy": 0.9027986006996501,
        "precision": 0.9018411279122002,
        "recall": 0.9027986006996501,
        "f1": 0.9020395630235667
      },
      "test": {
        "accuracy": 0.8823823823823824,
        "precision": 0.8805664139859077,
        "recall": 0.8823823823823824,
        "f1": 0.8805688288321671
      }
    },
    "4": {
      "train": {
        "accuracy": 0.9031428571428571,
        "precision": 0.9020833562769442,
        "recall": 0.9031428571428571,
        "f1": 0.9019446872080409
      },
      "val": {
        "accuracy": 0.882808595702149,
        "precision": 0.8811332197432149,
        "recall": 0.882808595702149,
        "f1": 0.8811337186472391
      },
      "test": {
        "accuracy": 0.8843843843843844,
        "precision": 0.8831841191324061,
        "recall": 0.8843843843843844,
        "f1": 0.8832972642003546
      }
    },
    "5": {
      "train": {
        "accuracy": 0.8837857142857143,
        "precision": 0.8824451611505025,
        "recall": 0.8837857142857143,
        "f1": 0.8821981916000627
      },
      "val": {
        "accuracy": 0.8710644677661169,
        "precision": 0.8691652588187576,
        "recall": 0.8710644677661169,
        "f1": 0.8694486170599699
      },
      "test": {
        "accuracy": 0.8648648648648649,
        "precision": 0.8634253266115359,
        "recall": 0.8648648648648649,
        "f1": 0.863544200941139
      }
    },
    "6": {
      "train": {
        "accuracy": 0.9051428571428571,
        "precision": 0.9041105751802611,
        "recall": 0.9051428571428571,
        "f1": 0.9040564369924103
      },
      "val": {
        "accuracy": 0.8840579710144928,
        "precision": 0.882661886490934,
        "recall": 0.8840579710144928,
        "f1": 0.88284653094392
      },
      "test": {
        "accuracy": 0.8853853853853854,
        "precision": 0.8837698319230634,
        "recall": 0.8853853853853854,
        "f1": 0.8836471313257818
      }
    },
    "7": {
      "train": {
        "accuracy": 0.8961428571428571,
        "precision": 0.8952076856803889,
        "recall": 0.8961428571428571,
        "f1": 0.895481763539605
      },
      "val": {
        "accuracy": 0.8845577211394303,
        "precision": 0.8831528374364047,
        "recall": 0.8845577211394303,
        "f1": 0.8833320133085094
      },
      "test": {
        "accuracy": 0.8868868868868869,
        "precision": 0.8861139299150539,
        "recall": 0.8868868868868869,
        "f1": 0.8863821127597475
      }
    },
    "8": {
      "train": {
        "accuracy": 0.8735,
        "precision": 0.8716235402999587,
        "recall": 0.8735,
        "f1": 0.8718444919090161
      },
      "val": {
        "accuracy": 0.8505747126436781,
        "precision": 0.8481311736327237,
        "recall": 0.8505747126436781,
        "f1": 0.8488510781625085
      },
      "test": {
        "accuracy": 0.8508508508508509,
        "precision": 0.8476925640310402,
        "recall": 0.8508508508508509,
        "f1": 0.8483312941296556
      }
    },
    "9": {
      "train": {
        "accuracy": 0.8878571428571429,
        "precision": 0.8865404794077705,
        "recall": 0.8878571428571429,
        "f1": 0.8855635920277272
      },
      "val": {
        "accuracy": 0.8808095952023988,
        "precision": 0.8792165655753439,
        "recall": 0.8808095952023988,
        "f1": 0.8789520418624744
      },
      "test": {
        "accuracy": 0.8868868868868869,
        "precision": 0.8852936485331098,
        "recall": 0.8868868868868869,
        "f1": 0.8854017154351127
      }
    },
    "10": {
      "train": {
        "accuracy": 0.8992142857142857,
        "precision": 0.8980556051704293,
        "recall": 0.8992142857142857,
        "f1": 0.8978574427721769
      },
      "val": {
        "accuracy": 0.8865567216391804,
        "precision": 0.8850376546746018,
        "recall": 0.8865567216391804,
        "f1": 0.8850025729030522
      },
      "test": {
        "accuracy": 0.8948948948948949,
        "precision": 0.8936096101119615,
        "recall": 0.8948948948948949,
        "f1": 0.8934631028181512
      }
    }
  }
}