{
  "train_loss": [
    0.834355591910226,
    0.6442061385154724,
    0.5860523886953082,
    0.5635775349072047,
    0.5481450265475681,
    0.5345563242503575,
    0.5252456384795052,
    0.5158017562185016,
    0.5102420363698686,
    0.5013162549291338,
    0.4980896904400417,
    0.4902039149011884,
    0.48503606748580935,
    0.4800363421372005,
    0.4794150982448033,
    0.4754866465772901,
    0.4732179812431335,
    0.4704484132085528,
    0.4685746860095433,
    0.4659337389401027,
    0.4632554042679923,
    0.46074411356789724,
    0.4559882526193346,
    0.45585440041678293,
    0.45341595893587383,
    0.45485579328536985,
    0.44968365671294075,
    0.44827199174336024,
    0.44552749309539796,
    0.4459555417742048,
    0.4440615594114576,
    0.4431376072543008,
    0.44370285684040617,
    0.43870494318008424,
    0.4384697593212128,
    0.43611014349801197,
    0.43504849294253756,
    0.4343952388218471,
    0.4327226808956691,
    0.4318884051595415,
    0.427092003093447,
    0.4327051063469478,
    0.42925098696436204,
    0.42818197223118376,
    0.427427472448349,
    0.4275837057658604,
    0.42664885332243785,
    0.42475113750185284,
    0.4206075505256653,
    0.4242944940839495,
    0.4237379428931645,
    0.42470275080544606,
    0.42161146358081275,
    0.4187109698295593,
    0.4197829407351358,
    0.41808158573423115,
    0.41736777351243154,
    0.4149606391293662,
    0.4199885307448251,
    0.41506970728465487,
    0.4181400507586343,
    0.41547124573162625,
    0.4137218407358442,
    0.4171420507158552,
    0.4141619888169425,
    0.4114300847326006,
    0.4138405219623021,
    0.41414322696413314,
    0.4101340675490243,
    0.41157000496046886,
    0.4080439398969923,
    0.4073135132789612,
    0.4104804512705122,
    0.4102786958626338,
    0.40825334427016124,
    0.40743471762793404
  ],
  "val_loss": [
    0.4669575671195984,
    0.4153311118125916,
    0.3927167375087738,
    0.3659171501159668,
    0.3805407424449921,
    0.36501423325538634,
    0.36830303025245664,
    0.35141720089912415,
    0.3439755770683289,
    0.3343781533241272,
    0.3373835437774658,
    0.337803765296936,
    0.3339451041698456,
    0.3256235454082489,
    0.32354932384490964,
    0.3292408108711243,
    0.329967331123352,
    0.31390148196220397,
    0.32665412907600405,
    0.31374075860977174,
    0.31513335018157956,
    0.3153074172496796,
    0.3074566656112671,
    0.3195041363239288,
    0.30593499488830567,
    0.30480720691680907,
    0.31233638648986817,
    0.30197636232376096,
    0.30298701300621034,
    0.29888393483161924,
    0.2985824855804443,
    0.3034318034648895,
    0.30692021770477296,
    0.30494625458717345,
    0.2930885280132294,
    0.29751107263565063,
    0.2994682545185089,
    0.2978121281147003,
    0.2904600892066956,
    0.2925925024986267,
    0.29748172149658203,
    0.29388155517578124,
    0.2960842782497406,
    0.29565585803985595,
    0.29381916675567626,
    0.2895781216144562,
    0.29094899597167967,
    0.2827744878768921,
    0.2917289978504181,
    0.2867139039993286,
    0.28620569858551026,
    0.28604153990745546,
    0.29318169116973875,
    0.2950625162124634,
    0.2877413178443909,
    0.2929707633495331,
    0.2920207118034363,
    0.2817944972038269,
    0.2882995626449585,
    0.28615779724121093,
    0.29377292051315307,
    0.2852639911174774,
    0.29048638591766357,
    0.28776415214538575,
    0.2884037905216217,
    0.2823409355163574,
    0.288184806060791,
    0.2799651468753815,
    0.27755855569839477,
    0.28813336639404297,
    0.2773540079593658,
    0.27427712631225587,
    0.28552256383895874,
    0.28014958314895627,
    0.2825118013381958,
    0.28224384393692015
  ],
  "epochs": [
    0,
    1,
    2,
    3,
    4,
    5,
    6,
    7,
    8,
    9,
    10,
    11,
    12,
    13,
    14,
    15,
    16,
    17,
    18,
    19,
    20,
    21,
    22,
    23,
    24,
    25,
    26,
    27,
    28,
    29,
    30,
    31,
    32,
    33,
    34,
    35,
    36,
    37,
    38,
    39,
    40,
    41,
    42,
    43,
    44,
    45,
    46,
    47,
    48,
    49,
    50,
    51,
    52,
    53,
    54,
    55,
    56,
    57,
    58,
    59,
    60,
    61,
    62,
    63,
    64,
    65,
    66,
    67,
    68,
    69,
    70,
    71,
    72,
    73,
    74,
    75
  ]
}