{
    "dataset": "train",
    "accuracy": 0.9071,
    "macro_precision": 0.906237060197717,
    "macro_recall": 0.9071,
    "macro_f1": 0.9063063230718502,
    "weighted_precision": 0.9062370601977172,
    "weighted_recall": 0.9071,
    "weighted_f1": 0.9063063230718501,
    "per_class_metrics": {
        "class_0": {
            "precision": 0.88756927949327,
            "recall": 0.9288285714285714,
            "f1_score": 0.9077303251567147,
            "support": 35000
        },
        "class_1": {
            "precision": 0.8368967623701894,
            "recall": 0.7828571428571428,
            "f1_score": 0.8089754945379392,
            "support": 35000
        },
        "class_2": {
            "precision": 0.9012255658075553,
            "recall": 0.9181428571428571,
            "f1_score": 0.9096055592510296,
            "support": 35000
        },
        "class_3": {
            "precision": 0.9992566331198536,
            "recall": 0.9985714285714286,
            "f1_score": 0.9989139133417172,
            "support": 35000
        }
    },
    "confusion_matrix": [
        [
            32509,
            2478,
            2,
            11
        ],
        [
            4092,
            27400,
            3503,
            5
        ],
        [
            6,
            2849,
            32135,
            10
        ],
        [
            20,
            13,
            17,
            34950
        ]
    ]
}