{
  "train_loss": [
    0.8195418909481593,
    0.6443562909126281,
    0.593393175125122,
    0.5681527325630188,
    0.5495387914998191,
    0.5383439573696681,
    0.5285403359004429,
    0.5216078141348702,
    0.510338897064754,
    0.5036066180365426,
    0.5001745319093976,
    0.490870926291602,
    0.4898875824655805,
    0.48584483588763644,
    0.4833060239110674,
    0.4786248670169285,
    0.4736193560872759,
    0.4705182256085532,
    0.46787838275091986,
    0.466473711177281,
    0.4648427920137133,
    0.4605281392846789,
    0.45943939874512807,
    0.45496238859721594,
    0.4554339961665017,
    0.4546701391083854,
    0.4514798227582659,
    0.4473577372823443,
    0.44759061863762994,
    0.44524188814163207,
    0.4439762706552233,
    0.442403462764195,
    0.4436374613557543,
    0.44112238973890033,
    0.4350498469352722,
    0.43626578707013813,
    0.4368242295060839,
    0.4380115254334041,
    0.43305644625936235,
    0.4343241592202868,
    0.4317641366549901,
    0.4335336927073343,
    0.4289972007070269,
    0.4289488367012569,
    0.42901840835980004,
    0.42770127370016914,
    0.42681994498797826,
    0.42637081216403416,
    0.42167589934212824,
    0.42274764630453926,
    0.42457583131108967,
    0.4255359438419342,
    0.4211932891505105,
    0.42017785891805376,
    0.4223708518028259,
    0.4188224874837058,
    0.41937886045319694,
    0.4169408808367593,
    0.41768667693819317,
    0.41775475506782533,
    0.41685612995283944,
    0.41768069737979346,
    0.4173679650783539,
    0.4174885159083775,
    0.4141845251219613,
    0.41027889776911053,
    0.4165177357128688,
    0.4135438893522535,
    0.4120560128961291,
    0.4122048410211291,
    0.4092457871164594,
    0.40957136358533586,
    0.4104057911123548,
    0.4081339461530958,
    0.40697042826925006,
    0.4080066776275635,
    0.40978283609662736,
    0.40851135041373116,
    0.40567598125594,
    0.4080435626098088,
    0.40571267619814194,
    0.40695259936196465,
    0.4039885403769357
  ],
  "val_loss": [
    0.47692138032913206,
    0.4143567770004272,
    0.3941490724563599,
    0.3644357065677643,
    0.3688098961353302,
    0.3765759910583496,
    0.35292947573661804,
    0.34598747692108156,
    0.3501503607749939,
    0.34060376734733583,
    0.33334409198760984,
    0.33494427070617677,
    0.33118702120780946,
    0.3303497500896454,
    0.32932252616882324,
    0.336018706035614,
    0.3257059357643127,
    0.32467999086380006,
    0.3180496658802032,
    0.3134107517719269,
    0.31229034051895144,
    0.3131440413475037,
    0.30654257984161376,
    0.31669550867080687,
    0.309315696144104,
    0.30857446603775024,
    0.31048013019561765,
    0.3115975880146027,
    0.30193228731155397,
    0.30561797280311587,
    0.29713603134155275,
    0.3020947654724121,
    0.31022000079154965,
    0.3023487950325012,
    0.29537781357765197,
    0.2951808747768402,
    0.30246594038009644,
    0.30758569240570066,
    0.29706080689430236,
    0.3001116917610168,
    0.2931618474960327,
    0.2980663879394531,
    0.29734536571502684,
    0.28999126572608946,
    0.29990916838645937,
    0.29939504041671755,
    0.2856753070354462,
    0.2900102257728577,
    0.292424747800827,
    0.29044460396766664,
    0.2975001483917236,
    0.29609391751289366,
    0.29197165355682375,
    0.29023314018249513,
    0.29449637031555176,
    0.29941086616516116,
    0.290509388256073,
    0.29026747608184816,
    0.2916390648841858,
    0.2841686562538147,
    0.29299226570129394,
    0.28218819670677187,
    0.2933276141166687,
    0.29141101398468017,
    0.2919720954895019,
    0.28731868805885313,
    0.2884092062473297,
    0.28394412450790407,
    0.2847502165794373,
    0.2846694763660431,
    0.28537752652168275,
    0.28219218320846556,
    0.28921637387275695,
    0.2862217860221863,
    0.28853525438308714,
    0.2870829056739807,
    0.2808082495212555,
    0.2839017420768738,
    0.28674515438079834,
    0.28734091119766236,
    0.28570492458343505,
    0.28155264983177186,
    0.28461302881240846
  ],
  "epochs": [
    0,
    1,
    2,
    3,
    4,
    5,
    6,
    7,
    8,
    9,
    10,
    11,
    12,
    13,
    14,
    15,
    16,
    17,
    18,
    19,
    20,
    21,
    22,
    23,
    24,
    25,
    26,
    27,
    28,
    29,
    30,
    31,
    32,
    33,
    34,
    35,
    36,
    37,
    38,
    39,
    40,
    41,
    42,
    43,
    44,
    45,
    46,
    47,
    48,
    49,
    50,
    51,
    52,
    53,
    54,
    55,
    56,
    57,
    58,
    59,
    60,
    61,
    62,
    63,
    64,
    65,
    66,
    67,
    68,
    69,
    70,
    71,
    72,
    73,
    74,
    75,
    76,
    77,
    78,
    79,
    80,
    81,
    82
  ]
}