{
    "dataset": "train",
    "accuracy": 0.90585,
    "macro_precision": 0.9050619028104648,
    "macro_recall": 0.90585,
    "macro_f1": 0.9053098545751828,
    "weighted_precision": 0.9050619028104648,
    "weighted_recall": 0.90585,
    "weighted_f1": 0.905309854575183,
    "per_class_metrics": {
        "class_0": {
            "precision": 0.8960202503164112,
            "recall": 0.9102285714285714,
            "f1_score": 0.9030685280986465,
            "support": 35000
        },
        "class_1": {
            "precision": 0.8266786034019695,
            "recall": 0.7914857142857142,
            "f1_score": 0.8086994599328565,
            "support": 35000
        },
        "class_2": {
            "precision": 0.899403833296189,
            "recall": 0.9224285714285714,
            "f1_score": 0.9107707063868201,
            "support": 35000
        },
        "class_3": {
            "precision": 0.9981449242272896,
            "recall": 0.9992571428571428,
            "f1_score": 0.9987007238824084,
            "support": 35000
        }
    },
    "confusion_matrix": [
        [
            31858,
            3123,
            3,
            16
        ],
        [
            3682,
            27702,
            3597,
            19
        ],
        [
            4,
            2681,
            32285,
            30
        ],
        [
            11,
            4,
            11,
            34974
        ]
    ]
}