{
  "summary": {
    "norm_name": "robust_normalized",
    "num_chips_requested": 10,
    "num_chips_processed": 10,
    "num_chips_with_metrics": 10,
    "generated_at": "2025-10-21T18:24:15.581023"
  },
  "averages": {
    "train": {
      "accuracy": 0.9035928571428571,
      "precision": 0.902837171218952,
      "recall": 0.9035928571428571,
      "f1": 0.9030290979299324,
      "num_chips": 10
    },
    "val": {
      "accuracy": 0.8909045477261369,
      "precision": 0.8902277163200931,
      "recall": 0.8909045477261369,
      "f1": 0.8903462084313064,
      "num_chips": 10
    },
    "test": {
      "accuracy": 0.893093093093093,
      "precision": 0.8920605419823552,
      "recall": 0.893093093093093,
      "f1": 0.8921585221660798,
      "num_chips": 10
    }
  },
  "per_chip": {
    "1": {
      "train": {
        "accuracy": 0.9203571428571429,
        "precision": 0.9199095270901293,
        "recall": 0.9203571428571429,
        "f1": 0.9200499541316597
      },
      "val": {
        "accuracy": 0.9117941029485257,
        "precision": 0.9110734038639416,
        "recall": 0.9117941029485257,
        "f1": 0.9112608665122137
      },
      "test": {
        "accuracy": 0.9109109109109109,
        "precision": 0.9100992310466453,
        "recall": 0.9109109109109109,
        "f1": 0.9102328110188476
      }
    },
    "2": {
      "train": {
        "accuracy": 0.9074285714285715,
        "precision": 0.9069198655067743,
        "recall": 0.9074285714285715,
        "f1": 0.9071242493181597
      },
      "val": {
        "accuracy": 0.9020489755122438,
        "precision": 0.9016792600987338,
        "recall": 0.9020489755122438,
        "f1": 0.9018488529354229
      },
      "test": {
        "accuracy": 0.8818818818818819,
        "precision": 0.8814540112244116,
        "recall": 0.8818818818818819,
        "f1": 0.8816263161172891
      }
    },
    "3": {
      "train": {
        "accuracy": 0.8927857142857143,
        "precision": 0.8917508933035668,
        "recall": 0.8927857142857143,
        "f1": 0.8920667655643798
      },
      "val": {
        "accuracy": 0.8798100949525237,
        "precision": 0.8804093964722477,
        "recall": 0.8798100949525237,
        "f1": 0.8800800223709239
      },
      "test": {
        "accuracy": 0.8978978978978979,
        "precision": 0.8973478447524912,
        "recall": 0.8978978978978979,
        "f1": 0.8975178164240317
      }
    },
    "4": {
      "train": {
        "accuracy": 0.9215,
        "precision": 0.9209321544240842,
        "recall": 0.9215,
        "f1": 0.9210362689508375
      },
      "val": {
        "accuracy": 0.9085457271364318,
        "precision": 0.9075481766245811,
        "recall": 0.9085457271364318,
        "f1": 0.9075056402348639
      },
      "test": {
        "accuracy": 0.9129129129129129,
        "precision": 0.9125018580599403,
        "recall": 0.9129129129129129,
        "f1": 0.9126473191660928
      }
    },
    "5": {
      "train": {
        "accuracy": 0.8980714285714285,
        "precision": 0.8975477884285192,
        "recall": 0.8980714285714285,
        "f1": 0.8976358397833277
      },
      "val": {
        "accuracy": 0.8888055972013993,
        "precision": 0.8877080997976109,
        "recall": 0.8888055972013993,
        "f1": 0.8879445843491032
      },
      "test": {
        "accuracy": 0.8993993993993994,
        "precision": 0.898380229336014,
        "recall": 0.8993993993993994,
        "f1": 0.8986206880766251
      }
    },
    "6": {
      "train": {
        "accuracy": 0.8671428571428571,
        "precision": 0.8651939370518382,
        "recall": 0.8671428571428571,
        "f1": 0.8655743296669017
      },
      "val": {
        "accuracy": 0.8525737131434283,
        "precision": 0.8510515907085437,
        "recall": 0.8525737131434283,
        "f1": 0.8514938284806542
      },
      "test": {
        "accuracy": 0.8513513513513513,
        "precision": 0.8486767009967136,
        "recall": 0.8513513513513513,
        "f1": 0.8488885630754562
      }
    },
    "7": {
      "train": {
        "accuracy": 0.9176428571428571,
        "precision": 0.916967318071974,
        "recall": 0.9176428571428571,
        "f1": 0.917046710608875
      },
      "val": {
        "accuracy": 0.9052973513243379,
        "precision": 0.9043346319931016,
        "recall": 0.9052973513243379,
        "f1": 0.9042424017646409
      },
      "test": {
        "accuracy": 0.8973973973973974,
        "precision": 0.8962470524866967,
        "recall": 0.8973973973973974,
        "f1": 0.8956165482785078
      }
    },
    "8": {
      "train": {
        "accuracy": 0.8822142857142857,
        "precision": 0.8814269606480469,
        "recall": 0.8822142857142857,
        "f1": 0.8817053151638676
      },
      "val": {
        "accuracy": 0.8653173413293354,
        "precision": 0.8644495950014404,
        "recall": 0.8653173413293354,
        "f1": 0.864837556331456
      },
      "test": {
        "accuracy": 0.8743743743743744,
        "precision": 0.8731155448692446,
        "recall": 0.8743743743743744,
        "f1": 0.8734249494715863
      }
    },
    "9": {
      "train": {
        "accuracy": 0.9116428571428571,
        "precision": 0.9111182016874382,
        "recall": 0.9116428571428571,
        "f1": 0.9113001022496012
      },
      "val": {
        "accuracy": 0.8938030984507747,
        "precision": 0.8928498477991295,
        "recall": 0.8938030984507747,
        "f1": 0.8931738477936851
      },
      "test": {
        "accuracy": 0.9049049049049049,
        "precision": 0.9039352158865918,
        "recall": 0.9049049049049049,
        "f1": 0.9041833848946096
      }
    },
    "10": {
      "train": {
        "accuracy": 0.9171428571428571,
        "precision": 0.9166050659771492,
        "recall": 0.9171428571428571,
        "f1": 0.916751443861714
      },
      "val": {
        "accuracy": 0.9010494752623688,
        "precision": 0.9011731608416005,
        "recall": 0.9010494752623688,
        "f1": 0.9010744835400991
      },
      "test": {
        "accuracy": 0.8998998998998999,
        "precision": 0.8988477311648044,
        "recall": 0.8998998998998999,
        "f1": 0.8988268251377514
      }
    }
  }
}