{
  "train_loss": [
    0.8014745658094232,
    0.37350223010236566,
    0.3062659949064255,
    0.2811850008639422,
    0.2811108938672326,
    0.2693095957691019,
    0.2672970316626809,
    0.26562326685948806,
    0.24871882200241088,
    0.2394931608980352,
    0.23658415133302862,
    0.2376994796774604,
    0.23992609869350087,
    0.23698871027339588,
    0.23624615506692367,
    0.23772677752104673,
    0.23745998469266025,
    0.23648359098217703,
    0.23469396585767918,
    0.23830544217066332,
    0.231200941584327,
    0.23576692749153483,
    0.23201176822185515,
    0.2332788424058394,
    0.2309870332479477,
    0.2313081613995812,
    0.2328328165141019,
    0.22966202172366054,
    0.23084365264935927,
    0.2335339291529222,
    0.23087336719036103,
    0.2292607827620073,
    0.2275563516400077,
    0.23196720508011906,
    0.23012275858358902,
    0.22888470129533248,
    0.23148732564666055,
    0.22856935967098582,
    0.22951982752843336,
    0.22920917516404932,
    0.2276883379979567,
    0.22776000743562524,
    0.22974147661165759,
    0.2304906728592786,
    0.2324045186693018,
    0.2308566239747134,
    0.22902431758967312,
    0.22865403213284233,
    0.23102005855603652,
    0.2309004789048975,
    0.2324582744728435,
    0.22855490771206943,
    0.23353005972775545,
    0.22847282778133046,
    0.23027828444134105,
    0.22826464365829122
  ],
  "val_loss": [
    0.5130749475210905,
    0.2788991183042526,
    0.368471909314394,
    0.32503074407577515,
    0.4252620991319418,
    0.29868373461067677,
    0.4111854378134012,
    0.5265404544770718,
    0.23488664906471968,
    0.23643722292035818,
    0.23413911182433367,
    0.2424164144322276,
    0.2359010288491845,
    0.2402219297364354,
    0.23482829239219427,
    0.23391277622431517,
    0.23932015895843506,
    0.23278313223272562,
    0.23211692459881306,
    0.2383491788059473,
    0.23523408360779285,
    0.2616160586476326,
    0.23354770429432392,
    0.26188470236957073,
    0.2328774854540825,
    0.23179141152650118,
    0.23088061064481735,
    0.23081635311245918,
    0.23093709163367748,
    0.2308218739926815,
    0.23060896061360836,
    0.23097689542919397,
    0.23077390156686306,
    0.2308165030553937,
    0.2334039667621255,
    0.23063855431973934,
    0.23085947427898645,
    0.23071399331092834,
    0.23055123910307884,
    0.23110765498131514,
    0.2303892746567726,
    0.23078901134431362,
    0.23068645596504211,
    0.23075298126786947,
    0.23059243988245726,
    0.23066394217312336,
    0.23066723253577948,
    0.2309413468465209,
    0.23049199394881725,
    0.23130952939391136,
    0.2312545096501708,
    0.23154486995190382,
    0.2330565256997943,
    0.2304588258266449,
    0.2307290006428957,
    0.2305071223527193
  ],
  "epochs": [
    0,
    1,
    2,
    3,
    4,
    5,
    6,
    7,
    8,
    9,
    10,
    11,
    12,
    13,
    14,
    15,
    16,
    17,
    18,
    19,
    20,
    21,
    22,
    23,
    24,
    25,
    26,
    27,
    28,
    29,
    30,
    31,
    32,
    33,
    34,
    35,
    36,
    37,
    38,
    39,
    40,
    41,
    42,
    43,
    44,
    45,
    46,
    47,
    48,
    49,
    50,
    51,
    52,
    53,
    54,
    55
  ]
}