{
  "train_loss": [
    0.8527497833425348,
    0.4923230295831507,
    0.383717775886709,
    0.3662610606713729,
    0.34814921671693977,
    0.35107545364986764,
    0.3342506460168145,
    0.3289378114721992,
    0.32109100601889873,
    0.3241124532439492,
    0.31745903437787837,
    0.3151730450716886,
    0.3149361556226557,
    0.3182425526055423,
    0.3086702067743648,
    0.31657033156264913,
    0.2985295607285066,
    0.2940604337237098,
    0.2929626738483256,
    0.29243008277632976,
    0.2947430821982297,
    0.29386401799592105,
    0.28990202248096464,
    0.28968951404094695,
    0.2944557095115835,
    0.29409339238296855,
    0.29195291129025547,
    0.29118740341880106,
    0.2889429122209549,
    0.29298207759857176,
    0.2898907092484561,
    0.29185859804803677,
    0.286721285906705,
    0.2879486276344819,
    0.2876941214908253,
    0.2888733275912025,
    0.2897553568536585,
    0.28831219591877677,
    0.28648929026993836,
    0.2862915635108948,
    0.2866379282691262,
    0.2858644539659673,
    0.28690801208669486,
    0.2870214034210552,
    0.28362811478701505,
    0.28830685967748815,
    0.28687014254656706,
    0.28579112724824385,
    0.2897199259562926,
    0.2887607010928067,
    0.28710733137347483,
    0.28746963901953265,
    0.2876168202270161
  ],
  "val_loss": [
    0.6880133412778378,
    0.4799691066145897,
    0.350287152454257,
    0.3496795818209648,
    0.4180149920284748,
    0.34814934618771076,
    0.5404510386288166,
    0.5269500818103552,
    0.36055464297533035,
    0.3226276785135269,
    0.413147522136569,
    0.4767132978886366,
    0.3230122644454241,
    0.7020351886749268,
    0.44717511907219887,
    0.33157713897526264,
    0.31621441431343555,
    0.3105831313878298,
    0.3126630615442991,
    0.31874658912420273,
    0.30936099775135517,
    0.3090997878462076,
    0.30776146054267883,
    0.30715602077543736,
    0.31550746597349644,
    0.3077893890440464,
    0.32731645181775093,
    0.32304451428353786,
    0.33271409943699837,
    0.33858129382133484,
    0.3063921593129635,
    0.3066618889570236,
    0.3064197711646557,
    0.306349940598011,
    0.3064401540905237,
    0.306552205234766,
    0.30701881274580956,
    0.30607336200773716,
    0.3065432645380497,
    0.3065541125833988,
    0.3070148713886738,
    0.3065200727432966,
    0.30628181248903275,
    0.30626436695456505,
    0.30622408725321293,
    0.306320171803236,
    0.3063101638108492,
    0.3064590822905302,
    0.3062630333006382,
    0.3064890466630459,
    0.3064382169395685,
    0.30729555524885654,
    0.3064056094735861
  ],
  "epochs": [
    0,
    1,
    2,
    3,
    4,
    5,
    6,
    7,
    8,
    9,
    10,
    11,
    12,
    13,
    14,
    15,
    16,
    17,
    18,
    19,
    20,
    21,
    22,
    23,
    24,
    25,
    26,
    27,
    28,
    29,
    30,
    31,
    32,
    33,
    34,
    35,
    36,
    37,
    38,
    39,
    40,
    41,
    42,
    43,
    44,
    45,
    46,
    47,
    48,
    49,
    50,
    51,
    52
  ]
}