{
  "train_loss": [
    0.8177625797011635,
    0.3836607732556083,
    0.30566159270026466,
    0.2941649244590239,
    0.28234211667017506,
    0.2804896966977553,
    0.2734950279647654,
    0.27052777138623324,
    0.2657557411627336,
    0.2665507040240548,
    0.26091451997106724,
    0.25293585089119996,
    0.25962792120196604,
    0.25667067305608227,
    0.25593241967938163,
    0.2613324382088401,
    0.2560048677704551,
    0.24697883914817464,
    0.25435915182937274,
    0.2590373310175809,
    0.23866799555041573,
    0.232412049445239,
    0.23454267490993846,
    0.23448234471407803,
    0.23031798953359778,
    0.23681740110570734,
    0.23296915970065377,
    0.23387921371243217,
    0.23137919902801513,
    0.23252280787988142,
    0.22717366191473873,
    0.2298885470086878,
    0.22649121257391844,
    0.2266938177022067,
    0.22946129630912435,
    0.22689476338299838,
    0.22621318101882934,
    0.23167470341378993,
    0.23005844002420253,
    0.22903790961612355,
    0.22574256685647098,
    0.23012122891165993,
    0.22771091813390906,
    0.22845493473789907,
    0.22846007347106934,
    0.2269719129258936,
    0.2298821590163491,
    0.22878221463073384,
    0.22585531256415628,
    0.22981337227604606,
    0.22916124165058135,
    0.2247287628325549,
    0.22893840833143755,
    0.22662238018079237,
    0.2296210223978216,
    0.22905948568474163,
    0.22902993722395462
  ],
  "val_loss": [
    0.5443814806640148,
    0.3952221982181072,
    0.2752540549263358,
    0.5655460488051176,
    0.4084091279655695,
    0.27678509522229433,
    0.42617247998714447,
    0.25851030834019184,
    0.5623052418231964,
    0.2659755488857627,
    0.2646817285567522,
    0.32923465967178345,
    0.7793360762298107,
    0.24209841154515743,
    0.5847400389611721,
    0.5237275063991547,
    0.28696569614112377,
    0.24346711579710245,
    0.2643383052200079,
    0.2755945110693574,
    0.2455879682675004,
    0.23740802519023418,
    0.23476700950413942,
    0.2383380765095353,
    0.23677552677690983,
    0.23531478829681873,
    0.23610078636556864,
    0.23497697804123163,
    0.23606372438371181,
    0.23499227780848742,
    0.23452790454030037,
    0.23420785553753376,
    0.23407273087650537,
    0.23405373934656382,
    0.23380835447460413,
    0.23374188225716352,
    0.23388795275241137,
    0.23403179831802845,
    0.23398179840296507,
    0.23390095587819815,
    0.23397271614521742,
    0.23368645645678043,
    0.23389109130948782,
    0.23419911041855812,
    0.23394569288939238,
    0.23404832556843758,
    0.23387080058455467,
    0.23393980786204338,
    0.23419128451496363,
    0.23401529155671597,
    0.23392854817211628,
    0.23434299044311047,
    0.23405858408659697,
    0.2341148518025875,
    0.2343568867072463,
    0.23502172902226448,
    0.2343960963189602
  ],
  "epochs": [
    0,
    1,
    2,
    3,
    4,
    5,
    6,
    7,
    8,
    9,
    10,
    11,
    12,
    13,
    14,
    15,
    16,
    17,
    18,
    19,
    20,
    21,
    22,
    23,
    24,
    25,
    26,
    27,
    28,
    29,
    30,
    31,
    32,
    33,
    34,
    35,
    36,
    37,
    38,
    39,
    40,
    41,
    42,
    43,
    44,
    45,
    46,
    47,
    48,
    49,
    50,
    51,
    52,
    53,
    54,
    55,
    56
  ]
}