{
  "train_loss": [
    0.7826978455890309,
    0.38389715606516056,
    0.32435775778510356,
    0.30127470601688733,
    0.2978477559306405,
    0.292480929331346,
    0.28843613564968107,
    0.28694572828032755,
    0.27279359942132775,
    0.27615318975665354,
    0.2704693604599346,
    0.26966834501786663,
    0.2666424339467829,
    0.2620461046695709,
    0.2730161718346856,
    0.26691701005805624,
    0.26579392823306,
    0.2660690201954408,
    0.24947261999953876,
    0.24476800615137273,
    0.24589930339293045,
    0.24651392562822863,
    0.2417556424032558,
    0.2467217892408371,
    0.24533909234133633,
    0.243844151225957,
    0.24370215182954616,
    0.24270753020590002,
    0.2413579146970402,
    0.24251283542676405,
    0.24291711097413843,
    0.24398475262251768,
    0.242301005395976,
    0.2429469116709449,
    0.2443950040773912
  ],
  "val_loss": [
    0.762559499591589,
    0.30043535120785236,
    0.8227464854717255,
    0.3843509554862976,
    0.28620187751948833,
    0.39467753656208515,
    0.33861082792282104,
    0.2919797720387578,
    0.2808713400736451,
    0.27181794680655,
    0.29956421721726656,
    0.264308356679976,
    0.3279613135382533,
    0.3100390760228038,
    0.306459778919816,
    0.43028557673096657,
    0.3142104418948293,
    0.27860437985509634,
    0.2561833178624511,
    0.2546800570562482,
    0.2559321131557226,
    0.2566894479095936,
    0.25518567953258753,
    0.2572017405182123,
    0.27031758427619934,
    0.25855359993875027,
    0.2589465044438839,
    0.25594786182045937,
    0.25619096029549837,
    0.25596434995532036,
    0.25677654799073935,
    0.2572194207459688,
    0.25635218620300293,
    0.255232491530478,
    0.2552829384803772
  ],
  "epochs": [
    0,
    1,
    2,
    3,
    4,
    5,
    6,
    7,
    8,
    9,
    10,
    11,
    12,
    13,
    14,
    15,
    16,
    17,
    18,
    19,
    20,
    21,
    22,
    23,
    24,
    25,
    26,
    27,
    28,
    29,
    30,
    31,
    32,
    33,
    34
  ]
}