{
  "train_loss": [
    0.8061234452507713,
    0.38655142296444284,
    0.31751844395290724,
    0.29903017336672005,
    0.2902981411327015,
    0.28336170532486654,
    0.28061331700194964,
    0.27719634825533085,
    0.2767477582801472,
    0.2776963447982615,
    0.26672500669956206,
    0.2789021987806667,
    0.2735529539259997,
    0.2700862003998323,
    0.2678310424089432,
    0.2602637057954615,
    0.26786123812198637,
    0.2613701855594462,
    0.2662809862331911,
    0.2586100719191811,
    0.2581138404932889,
    0.2483297724615444,
    0.24619008140130477,
    0.243359836935997,
    0.24007093337449162,
    0.240780539133332,
    0.24030158573930913,
    0.24415990899909626,
    0.24546093290502374,
    0.2413493657653982,
    0.23994042575359345,
    0.23827762332829563,
    0.2397948213598945,
    0.2398339323022149,
    0.2383943717588078,
    0.2401681984012777,
    0.2405420327728445,
    0.23960859071124685,
    0.23738668831911955,
    0.24188875989480452,
    0.24080856036056172,
    0.24392634711482308,
    0.24174618179147894,
    0.23674301857298072,
    0.23991883830590682
  ],
  "val_loss": [
    0.6207557171583176,
    0.3230644669383764,
    0.3069254830479622,
    0.36426737904548645,
    0.45314888283610344,
    0.30856493301689625,
    0.6356393061578274,
    0.36688425578176975,
    0.28382604476064444,
    0.32758770138025284,
    0.34377011377364397,
    0.41621129028499126,
    0.3238196223974228,
    0.4248375054448843,
    0.28236551582813263,
    0.29740360006690025,
    0.36034069769084454,
    0.5853321235626936,
    0.3792593367397785,
    0.4673877079039812,
    0.30818332359194756,
    0.2742556566372514,
    0.27341889403760433,
    0.274605430662632,
    0.2734406953677535,
    0.2798744533210993,
    0.2818090608343482,
    0.27943062875419855,
    0.2791682444512844,
    0.2732437429949641,
    0.2735185706987977,
    0.2737665977329016,
    0.2732638753950596,
    0.2740350170060992,
    0.27333921752870083,
    0.2737778928130865,
    0.27429431583732367,
    0.27362321224063635,
    0.2739657564088702,
    0.27375347539782524,
    0.27365961764007807,
    0.27338552195578814,
    0.27448354568332434,
    0.2740965969860554,
    0.2737888293340802
  ],
  "epochs": [
    0,
    1,
    2,
    3,
    4,
    5,
    6,
    7,
    8,
    9,
    10,
    11,
    12,
    13,
    14,
    15,
    16,
    17,
    18,
    19,
    20,
    21,
    22,
    23,
    24,
    25,
    26,
    27,
    28,
    29,
    30,
    31,
    32,
    33,
    34,
    35,
    36,
    37,
    38,
    39,
    40,
    41,
    42,
    43,
    44
  ]
}