{
  "train_loss": [
    0.8023262419483879,
    0.39813953042030337,
    0.3023827536539598,
    0.2906568437814713,
    0.2707365786487406,
    0.25411459641023115,
    0.2522207127376036,
    0.25236655365337024,
    0.2507759776982394,
    0.2405117769132961,
    0.24584805206819013,
    0.2500630698420785,
    0.2386496213349429,
    0.24302197911522605,
    0.24581015028736808,
    0.2460380711338737,
    0.23282957727258854,
    0.23907055421309037,
    0.23282761817628686,
    0.23108102950182827,
    0.2373260725628246,
    0.2432597358118404,
    0.24456509812311691,
    0.23640143221074886,
    0.23773687048391862,
    0.2294286381114613,
    0.23328296596353704,
    0.2178971076553518,
    0.21776700046929445,
    0.21492597298188643,
    0.21371659473939375,
    0.2089520679278807,
    0.21554125141013752,
    0.21713878431103445,
    0.2110108199444684,
    0.2112902056087147,
    0.2114141594279896,
    0.21092940975319255,
    0.2109671787782149,
    0.2136658094146035,
    0.211928206411275,
    0.21248366074128586,
    0.2098456090146845,
    0.21296164718541233,
    0.20947045358744534,
    0.2083301224491813,
    0.2098898020657626,
    0.20804067091508346,
    0.2105532643469897,
    0.20956690501083028,
    0.21395031051202254,
    0.20864760902794924,
    0.21058925579894672,
    0.2094270944595337,
    0.20590051873163742,
    0.2082776958292181,
    0.20738947797905316,
    0.20831362848932092,
    0.20726376419717615,
    0.20730143487453462,
    0.20893518843434072,
    0.2073094666004181,
    0.2066158037294041,
    0.20858863592147828,
    0.21002740995450453,
    0.21121788729320873,
    0.2093454740264199,
    0.20801802304658024,
    0.21113773801110008,
    0.21076146580956198,
    0.21102215430953286,
    0.20960207960822366,
    0.21023321720686824,
    0.20971775623885067,
    0.2094624708999287,
    0.20715956850485368
  ],
  "val_loss": [
    0.5335048362612724,
    0.40186489559710026,
    0.6324672605842352,
    0.42992289923131466,
    0.2587873078882694,
    0.25393905490636826,
    0.26216633059084415,
    0.4528749082237482,
    0.3642119448632002,
    0.6970242708921432,
    0.2836711974814534,
    0.23308071959763765,
    0.23500137124210596,
    0.33071862906217575,
    0.6687614861875772,
    0.27662582229822874,
    0.23231999017298222,
    0.2375298049300909,
    0.2321737501770258,
    0.27361339796334505,
    0.2294796984642744,
    0.24102492537349463,
    0.24717646185308695,
    0.2794335037469864,
    0.2688900800421834,
    0.30168750416487455,
    0.2912140181288123,
    0.22177670430392027,
    0.2176541667431593,
    0.21621348382905126,
    0.22092104610055685,
    0.22164803184568882,
    0.2170531926676631,
    0.21633101347833872,
    0.22362112998962402,
    0.2190646594390273,
    0.21466772072017193,
    0.2143726283684373,
    0.2143828421831131,
    0.2143230871297419,
    0.2145341862924397,
    0.21430045599117875,
    0.21428958233445883,
    0.21435558889061213,
    0.21423882199451327,
    0.2143205339089036,
    0.21442857151851058,
    0.21430258825421333,
    0.21438502613455057,
    0.214424854144454,
    0.21476572193205357,
    0.21430272329598665,
    0.21439532237127423,
    0.2143709915690124,
    0.2141813114285469,
    0.21420010272413492,
    0.21437727008014917,
    0.21479770401492715,
    0.21461638435721397,
    0.21418479224666953,
    0.2141772611066699,
    0.21435211831703782,
    0.21486105863004923,
    0.21452807821333408,
    0.2142208255827427,
    0.2147349719889462,
    0.214657558593899,
    0.21424344088882208,
    0.21494403900578618,
    0.21422009356319904,
    0.21528540318831801,
    0.2143442607484758,
    0.21424218453466892,
    0.21424994058907032,
    0.2145253336057067,
    0.2145725474692881
  ],
  "epochs": [
    0,
    1,
    2,
    3,
    4,
    5,
    6,
    7,
    8,
    9,
    10,
    11,
    12,
    13,
    14,
    15,
    16,
    17,
    18,
    19,
    20,
    21,
    22,
    23,
    24,
    25,
    26,
    27,
    28,
    29,
    30,
    31,
    32,
    33,
    34,
    35,
    36,
    37,
    38,
    39,
    40,
    41,
    42,
    43,
    44,
    45,
    46,
    47,
    48,
    49,
    50,
    51,
    52,
    53,
    54,
    55,
    56,
    57,
    58,
    59,
    60,
    61,
    62,
    63,
    64,
    65,
    66,
    67,
    68,
    69,
    70,
    71,
    72,
    73,
    74,
    75
  ]
}