{
  "train_loss": [
    0.7822576582431793,
    0.40294607064940713,
    0.3351133931766857,
    0.33244757814840836,
    0.3170219456607645,
    0.3180312684991143,
    0.2983940774744207,
    0.2951872224157507,
    0.30099696002223275,
    0.297759195078503,
    0.2942871887575496,
    0.29742455807599155,
    0.2919142538850958,
    0.2755781634287401,
    0.2679087113250386,
    0.26929880461909556,
    0.266602623462677,
    0.2699624413793737,
    0.2709558234973387,
    0.269940233501521,
    0.2702576062896035,
    0.2643593246286566,
    0.268212689594789,
    0.2653362935239619,
    0.26769994307648054,
    0.2673970173705708,
    0.26662370616739445,
    0.2656416031447324,
    0.2600465303117579,
    0.26061197817325593,
    0.26301740191199563,
    0.26236586489460684,
    0.26156239834698763,
    0.26047334969043734,
    0.26329288347200913,
    0.2628574474291368,
    0.2635272521864284,
    0.26428471776572143,
    0.26366184733130715,
    0.2626798721877011,
    0.2593779138543389,
    0.26168947978453205,
    0.2617664941332557,
    0.2619487171823328,
    0.26277827512134205,
    0.26132156442512167,
    0.261622294512662,
    0.2614816186102954,
    0.26157897250218826,
    0.2602382009679621,
    0.26094672788273204,
    0.26150612804022705,
    0.26318084570494565,
    0.25941038673574274
  ],
  "val_loss": [
    0.8378425724804401,
    0.36446978710591793,
    0.33159872330725193,
    0.4311819486320019,
    0.32802391424775124,
    0.5199926551431417,
    0.32427683286368847,
    0.4808591175824404,
    0.620339211076498,
    0.3919467981904745,
    0.38085118494927883,
    1.3527627736330032,
    0.3337389621883631,
    0.2997436551377177,
    0.2994879223406315,
    0.30334807746112347,
    0.30938371177762747,
    0.30207142792642117,
    0.3080476764589548,
    0.3029093090444803,
    0.29937753174453974,
    0.3029854968190193,
    0.30215509608387947,
    0.301819808781147,
    0.3003309825435281,
    0.3127364609390497,
    0.3037343053147197,
    0.29944037459790707,
    0.29933611024171114,
    0.2991992849856615,
    0.29923822544515133,
    0.2993686515837908,
    0.2992470655590296,
    0.2988317124545574,
    0.29958111327141523,
    0.2994355009868741,
    0.29883667826652527,
    0.29886044189333916,
    0.2983845481649041,
    0.29960623383522034,
    0.299174009822309,
    0.29987575579434633,
    0.29903656151145697,
    0.29904684890061617,
    0.2991341222077608,
    0.2996652405709028,
    0.29890716820955276,
    0.30006718821823597,
    0.2991180084645748,
    0.2988982116803527,
    0.30018104519695044,
    0.29921639524400234,
    0.2991898925974965,
    0.29919571056962013
  ],
  "epochs": [
    0,
    1,
    2,
    3,
    4,
    5,
    6,
    7,
    8,
    9,
    10,
    11,
    12,
    13,
    14,
    15,
    16,
    17,
    18,
    19,
    20,
    21,
    22,
    23,
    24,
    25,
    26,
    27,
    28,
    29,
    30,
    31,
    32,
    33,
    34,
    35,
    36,
    37,
    38,
    39,
    40,
    41,
    42,
    43,
    44,
    45,
    46,
    47,
    48,
    49,
    50,
    51,
    52,
    53
  ]
}