{
  "train_loss": [
    0.796073445406827,
    0.4212147430940108,
    0.36166696765206074,
    0.3352291670712558,
    0.3391114568168467,
    0.3212329615246166,
    0.322693069414659,
    0.3212325150316412,
    0.3184639199213548,
    0.3194877264174548,
    0.3122521928765557,
    0.3186530725522475,
    0.3070553178136999,
    0.31262225427410817,
    0.31097537875175474,
    0.31034089001742277,
    0.3058238736607812,
    0.29449701038273896,
    0.28987876881252633,
    0.2867410597476092,
    0.2846506568518552,
    0.28696473891084845,
    0.2891222327947617,
    0.28732734241268854,
    0.2849826530976729,
    0.28855790224942296,
    0.28768139454451475,
    0.2855806066231294,
    0.287058992006562,
    0.28438265811313285,
    0.28531308417970486,
    0.28203716440634297,
    0.28497838838533923,
    0.28220282901417126,
    0.28235636055469515,
    0.2836993623863567,
    0.2855166261846369,
    0.28225126943805,
    0.2841991516676816,
    0.2829828224398873,
    0.2858105803077871,
    0.28067496716976165,
    0.28322522613135254,
    0.2823259919881821,
    0.2836514497345144,
    0.2819493467157537,
    0.28164753588763153,
    0.28232044685970653,
    0.28123804520476947,
    0.28367173915559596
  ],
  "val_loss": [
    0.6958724819123745,
    0.3875697050243616,
    0.43756661377847195,
    1.0608331635594368,
    0.49489255622029305,
    0.3380279615521431,
    0.6012954413890839,
    0.31471253000199795,
    0.32872509956359863,
    0.3165954351425171,
    0.30359272938221693,
    0.31435326114296913,
    0.3168634753674269,
    0.40866801887750626,
    0.34514268301427364,
    0.31197244860231876,
    0.3292949851602316,
    0.29011473432183266,
    0.29478818736970425,
    0.29120613634586334,
    0.29122125543653965,
    0.2927386751398444,
    0.2916233167052269,
    0.2887533688917756,
    0.29968759417533875,
    0.29102074820548296,
    0.2895255144685507,
    0.2981134559959173,
    0.29098308086395264,
    0.2933871429413557,
    0.2891371613368392,
    0.2888662200421095,
    0.28874229453504086,
    0.2886652732267976,
    0.2883421592414379,
    0.28956252336502075,
    0.28847351390868425,
    0.2887294087558985,
    0.2884053224697709,
    0.28902837447822094,
    0.2890570890158415,
    0.28867939952760935,
    0.28923147823661566,
    0.2892806716263294,
    0.28846246656030416,
    0.28859117440879345,
    0.28907695412635803,
    0.28872521687299013,
    0.28892187122255564,
    0.28882729168981314
  ],
  "epochs": [
    0,
    1,
    2,
    3,
    4,
    5,
    6,
    7,
    8,
    9,
    10,
    11,
    12,
    13,
    14,
    15,
    16,
    17,
    18,
    19,
    20,
    21,
    22,
    23,
    24,
    25,
    26,
    27,
    28,
    29,
    30,
    31,
    32,
    33,
    34,
    35,
    36,
    37,
    38,
    39,
    40,
    41,
    42,
    43,
    44,
    45,
    46,
    47,
    48,
    49
  ]
}