{
  "train_loss": [
    0.8032537828792226,
    0.3805675978010351,
    0.3100606243718754,
    0.2829718405550176,
    0.26659949042580344,
    0.2732688624750484,
    0.2601246793161739,
    0.26489868570457803,
    0.25101398771459404,
    0.2521024002270265,
    0.24713726450096477,
    0.2522044279358604,
    0.24822711483998733,
    0.24880096316337585,
    0.2391238421201706,
    0.23855760097503662,
    0.2414977864785628,
    0.24058534855192357,
    0.2423697905106978,
    0.23914560052481565,
    0.2260180950164795,
    0.22606815235181288,
    0.2239848480983214,
    0.22371839068152688,
    0.22256583327596838,
    0.2242342320355502,
    0.2227061312307011,
    0.22058171982114966,
    0.2213715217330239,
    0.22002757679332385,
    0.22094733877615494,
    0.21929901973767715,
    0.21887058290568265,
    0.22043746384707363,
    0.21841088045727122,
    0.21560692868449471,
    0.21829320436174218,
    0.2165187968449159,
    0.21777280541983518,
    0.21990065520459956,
    0.21787090518257834,
    0.21566411636092447,
    0.21708545630628412,
    0.2167441435835578,
    0.21867735277522693,
    0.21881797882643614,
    0.21886196705428038,
    0.21592057076367466,
    0.22033067291433162,
    0.2205682464621284,
    0.21622271944176066,
    0.21852272423830899,
    0.21777463474056938,
    0.21909851377660577,
    0.21621502719142222,
    0.21951363709839908,
    0.21568444019014185,
    0.21697257892651992,
    0.21606910824775696,
    0.21944821883331644,
    0.21709883483973416,
    0.21652291823517192,
    0.21843302764675834,
    0.21607344882054763,
    0.21745118471709166,
    0.21708970151164314
  ],
  "val_loss": [
    0.519721994176507,
    0.28121851477772,
    0.39954182505607605,
    0.26827013306319714,
    0.2534890500828624,
    0.37523940578103065,
    0.30738375429064035,
    0.5171528123319149,
    0.25191465578973293,
    0.2806387720629573,
    0.2770157214254141,
    0.2912161434069276,
    0.2502439385280013,
    0.23198989778757095,
    0.2423406196758151,
    0.2679973840713501,
    0.25160059332847595,
    0.3153318725526333,
    0.27616807632148266,
    0.2535076607018709,
    0.22690645419061184,
    0.22969343233853579,
    0.23938364442437887,
    0.22651054244488478,
    0.22646663803607225,
    0.2275219764560461,
    0.22459149360656738,
    0.22463348787277937,
    0.22478750068694353,
    0.2281650137156248,
    0.22599293570965528,
    0.22614567819982767,
    0.2323558945208788,
    0.22463888861238956,
    0.22473000548779964,
    0.22477695625275373,
    0.22447051759809256,
    0.22489621210843325,
    0.22442003898322582,
    0.2247902788221836,
    0.22453413158655167,
    0.22467601113021374,
    0.2246397016569972,
    0.22438192833214998,
    0.22451037913560867,
    0.22451639268547297,
    0.22442677337676287,
    0.22485899832099676,
    0.22470608353614807,
    0.22442620247602463,
    0.22424961160868406,
    0.22450940310955048,
    0.22435379307717085,
    0.2248480962589383,
    0.22452412266284227,
    0.22459947504103184,
    0.22499254904687405,
    0.22443765681236982,
    0.22454512771219015,
    0.22460925113409758,
    0.2249454976990819,
    0.22453319001942873,
    0.22468238230794668,
    0.22453383542597294,
    0.22450788971036673,
    0.22445193771272898
  ],
  "epochs": [
    0,
    1,
    2,
    3,
    4,
    5,
    6,
    7,
    8,
    9,
    10,
    11,
    12,
    13,
    14,
    15,
    16,
    17,
    18,
    19,
    20,
    21,
    22,
    23,
    24,
    25,
    26,
    27,
    28,
    29,
    30,
    31,
    32,
    33,
    34,
    35,
    36,
    37,
    38,
    39,
    40,
    41,
    42,
    43,
    44,
    45,
    46,
    47,
    48,
    49,
    50,
    51,
    52,
    53,
    54,
    55,
    56,
    57,
    58,
    59,
    60,
    61,
    62,
    63,
    64,
    65
  ]
}