{
  "train_loss": [
    0.7339231030507521,
    0.3480324219573628,
    0.308677981116555,
    0.28500663583928887,
    0.27581127800724725,
    0.25979068929498844,
    0.26881110180508005,
    0.2645298857580532,
    0.2620540364222093,
    0.2522075918587771,
    0.2535104369575327,
    0.24880303875966506,
    0.2451309857043353,
    0.24294207990169525,
    0.24800191088156268,
    0.24024035876447505,
    0.23171042691577565,
    0.22880761921405793,
    0.22681937461549587,
    0.2303795416246761,
    0.22809743718667463,
    0.22602892545136538,
    0.2262503911148418,
    0.22491024976426904,
    0.22659295824441042,
    0.22483260712840342,
    0.2275595944036137,
    0.22449174929748883,
    0.22211057868870823,
    0.2222267053344033,
    0.22115628665143794,
    0.22176963741129094,
    0.22285582667047327,
    0.2253430258144032,
    0.22275781360539523,
    0.22219986780123277,
    0.2225459862839092,
    0.22193709205497394,
    0.21944305138154463,
    0.22169220772656528,
    0.22152710394425826,
    0.22424865744330666,
    0.22304336753758516,
    0.22379411892457443,
    0.22122788700190457,
    0.21931907724250446,
    0.22143564278429204,
    0.2214763495055112,
    0.2200826585292816
  ],
  "val_loss": [
    0.48735902085900307,
    0.28748710080981255,
    0.3279055990278721,
    0.32610454596579075,
    0.32255848962813616,
    0.5230683609843254,
    0.27135878428816795,
    0.2540505565702915,
    0.2580374823883176,
    0.25288501381874084,
    0.3311787061393261,
    0.25447917450219393,
    0.25622368790209293,
    0.33048344776034355,
    0.29611061327159405,
    0.3338319808244705,
    0.2374056251719594,
    0.23362368810921907,
    0.24034363124519587,
    0.23851538822054863,
    0.23261180240660906,
    0.23408360499888659,
    0.23369295615702868,
    0.24474637396633625,
    0.23552944231778383,
    0.24443344306200743,
    0.23326471354812384,
    0.23283385392278433,
    0.23301273118704557,
    0.23255452141165733,
    0.23270416166633368,
    0.23228050395846367,
    0.23207477014511824,
    0.23201177082955837,
    0.23310793284326792,
    0.2324293190613389,
    0.23294075671583414,
    0.23230521194636822,
    0.23212104756385088,
    0.23263809457421303,
    0.23220552131533623,
    0.2322548320516944,
    0.23304454144090414,
    0.2321924576535821,
    0.23264159727841616,
    0.23226971365511417,
    0.23243452329188585,
    0.23249561246484518,
    0.2324931314215064
  ],
  "epochs": [
    0,
    1,
    2,
    3,
    4,
    5,
    6,
    7,
    8,
    9,
    10,
    11,
    12,
    13,
    14,
    15,
    16,
    17,
    18,
    19,
    20,
    21,
    22,
    23,
    24,
    25,
    26,
    27,
    28,
    29,
    30,
    31,
    32,
    33,
    34,
    35,
    36,
    37,
    38,
    39,
    40,
    41,
    42,
    43,
    44,
    45,
    46,
    47,
    48
  ]
}