{
  "train_loss": [
    1.1660440039634703,
    0.7258672772754322,
    0.6382542265545238,
    0.5702579666267742,
    0.5206779993664135,
    0.48480347210710695,
    0.4565669523044066,
    0.4387109784104607,
    0.424802982265299,
    0.4069324086741967,
    0.394720601439476,
    0.379955129569227,
    0.3767442092570391,
    0.367724795720794,
    0.36368119797923343,
    0.35483129547400905,
    0.3528399166193875,
    0.34216545673933896,
    0.3391656072573228,
    0.33923000270670106,
    0.3296054236184467,
    0.3234407984939488,
    0.326477881480347,
    0.31977555182847106,
    0.314790337221189,
    0.31596476587382233,
    0.30736166298389433,
    0.3053107991543683,
    0.3033587610721588,
    0.3039601831273599,
    0.30157564642754464,
    0.2960906921733509,
    0.3024095528775995,
    0.2958932993357831,
    0.296999189609831,
    0.29654619731686327,
    0.2960518767075105,
    0.2937451444430785,
    0.2896012022278525,
    0.2944392519105564,
    0.29146280730312524,
    0.29288359306075357,
    0.28783391456712376,
    0.2928758509592576,
    0.2919577958638018
  ],
  "val_loss": [
    0.7176550043746829,
    0.5962034592404961,
    0.5126407898031174,
    0.4330475485883653,
    0.4230324639938772,
    0.3967722652480006,
    0.49696737546473735,
    0.37346323747187854,
    0.44714652751572426,
    0.43903489168733356,
    0.43099541324190793,
    0.39783953200094396,
    0.47281116880476476,
    0.46158261457458133,
    0.3624714179895818,
    0.3984892310574651,
    0.44299732814542947,
    0.4799761086236685,
    0.49457395188510417,
    0.4392873844597488,
    0.4541102209128439,
    0.4819228391628712,
    0.48240093062631784,
    0.4399339183233678,
    0.5046242131385952,
    0.40068891323171557,
    0.467558419983834,
    0.44781576325185596,
    0.5277888599317521,
    0.46343920258805155,
    0.4765865939669311,
    0.4328214430715888,
    0.42326111192815,
    0.431374560110271,
    0.4300364894559607,
    0.4587848250288516,
    0.4499946709023788,
    0.46197433273773636,
    0.43843119824305177,
    0.45220488717313856,
    0.43699252970982344,
    0.4121069140732288,
    0.4443278227001428,
    0.4333586738910526,
    0.4701273622224107
  ],
  "epochs": [
    0,
    1,
    2,
    3,
    4,
    5,
    6,
    7,
    8,
    9,
    10,
    11,
    12,
    13,
    14,
    15,
    16,
    17,
    18,
    19,
    20,
    21,
    22,
    23,
    24,
    25,
    26,
    27,
    28,
    29,
    30,
    31,
    32,
    33,
    34,
    35,
    36,
    37,
    38,
    39,
    40,
    41,
    42,
    43,
    44
  ]
}