{
  "train_loss": [
    1.31612248767506,
    0.814864456816153,
    0.7131230474602093,
    0.6453001670403914,
    0.5980951158566908,
    0.5644443390586159,
    0.5256874957409772,
    0.503646157763221,
    0.4830688058788126,
    0.46088252173228694,
    0.45213621424003075,
    0.4423552970994602,
    0.4275683866847645,
    0.41454121194102544,
    0.4100722818483006,
    0.3966392563418908,
    0.39318521984598853,
    0.38027198179201643,
    0.3731617218526927,
    0.37421827321702783,
    0.36668718432838265,
    0.35538550945845515,
    0.3566764534332535,
    0.35019581426273694,
    0.3490839301997965,
    0.34601017285477026,
    0.3425346524065191,
    0.342811502949758,
    0.34040472827174445,
    0.335057717913931,
    0.3350456491112709,
    0.3279264800385995,
    0.3320415839011019,
    0.32885051979260005,
    0.32521951856938275,
    0.3248827652768655,
    0.32348663064566524,
    0.32004535626281383,
    0.3191503354094245,
    0.32018695698543026,
    0.30795036494731903,
    0.3153797303546559,
    0.31763050737706094,
    0.31047651255672626,
    0.3141357436505231,
    0.30048172322186556,
    0.29648401301015503,
    0.3016974025151946,
    0.301381993104111,
    0.3030699589306658,
    0.3014455298402093,
    0.2926102463223717,
    0.2986486608602784,
    0.2939040768688375,
    0.2923482403159141,
    0.2968463211167942,
    0.29614401364868337,
    0.2927378063039346,
    0.29439974982630124,
    0.29235931358554146,
    0.28936596916480495,
    0.28717761275443165,
    0.28982960362326016,
    0.29231776622208683,
    0.292422969287092,
    0.28740709077228194,
    0.2876207047971812,
    0.2921378869902004,
    0.2902986315434629,
    0.2884282187440178,
    0.28562794200398706,
    0.28445514971559693,
    0.2827127262408083,
    0.28929767538200724,
    0.28836271158673543,
    0.29143347374417566,
    0.2865139026262543,
    0.28564964820038186,
    0.2862337787855755,
    0.28853889365087854,
    0.2839054826714776,
    0.2845204484462738,
    0.27815003210848027,
    0.2816416697068648,
    0.28155357702211903,
    0.28216094697063615,
    0.27778598985888736,
    0.2821545620939948,
    0.2776168511130593,
    0.28017515629529954,
    0.28367013963786036,
    0.28601863804188643,
    0.2736330285939303,
    0.28161960899829863,
    0.27771310389041903,
    0.28245494804599064,
    0.27378992262211715,
    0.2791675133867697
  ],
  "val_loss": [
    0.7773133859038353,
    0.6464072766713798,
    0.5762548224069178,
    0.5065885955467819,
    0.592439895030111,
    0.4651623875834047,
    0.42938947631046176,
    0.36139816548675296,
    0.4409724840894341,
    0.3584894810803234,
    0.4609113083686679,
    0.30698988959193224,
    0.3587458019610494,
    0.34560491782613095,
    0.31519556827843187,
    0.31353472918272013,
    0.3072660286445171,
    0.2682976770214736,
    0.3232836470007896,
    0.3108581613283604,
    0.2905213922727853,
    0.25534968338906766,
    0.2857601063326001,
    0.2551881361287087,
    0.24464346216991542,
    0.2384796661324799,
    0.25594274019822477,
    0.2405497174244374,
    0.24357187985442577,
    0.24722043438814578,
    0.28053266550414263,
    0.27637503771111366,
    0.3382191396318376,
    0.21921051586978138,
    0.22633802068885414,
    0.2859581666300073,
    0.24123328521382062,
    0.22236511160153893,
    0.33601397755555806,
    0.2912841108860448,
    0.23230330164078622,
    0.23419652613811193,
    0.23641514452174306,
    0.24903269060887392,
    0.2382861736230552,
    0.23952467730268834,
    0.2258287735050544,
    0.21762010157108308,
    0.23194441366940735,
    0.22440037759952244,
    0.2397943363059312,
    0.2304347826167941,
    0.22760548542719333,
    0.22905762346927075,
    0.22708520086016504,
    0.21626141800079493,
    0.25836264409590515,
    0.21934266802854835,
    0.23463615723885595,
    0.2345101678976789,
    0.21689502850640563,
    0.23381834609899668,
    0.23370614091400055,
    0.20895921585615723,
    0.21287559387274085,
    0.21440947945229707,
    0.24489693837240337,
    0.20767497550696132,
    0.23246865472756326,
    0.21293241512030361,
    0.21315957950428127,
    0.2153875141404569,
    0.21383462001103906,
    0.23654969264753162,
    0.22169109699316322,
    0.21511584494728594,
    0.23465028330683707,
    0.2132467377465218,
    0.22609968315809964,
    0.22015241628978402,
    0.2178568129893392,
    0.2251554549438879,
    0.2345434921560809,
    0.2112059611594304,
    0.23195942663587626,
    0.21591288172639905,
    0.21851429005619136,
    0.20847260628361255,
    0.21463655594270675,
    0.23098425788339225,
    0.2260338145541027,
    0.2240215858211741,
    0.22169824689626694,
    0.21671588860917837,
    0.22812621190678328,
    0.22334355965722352,
    0.21647750998381524,
    0.21812315043061972
  ],
  "epochs": [
    0,
    1,
    2,
    3,
    4,
    5,
    6,
    7,
    8,
    9,
    10,
    11,
    12,
    13,
    14,
    15,
    16,
    17,
    18,
    19,
    20,
    21,
    22,
    23,
    24,
    25,
    26,
    27,
    28,
    29,
    30,
    31,
    32,
    33,
    34,
    35,
    36,
    37,
    38,
    39,
    40,
    41,
    42,
    43,
    44,
    45,
    46,
    47,
    48,
    49,
    50,
    51,
    52,
    53,
    54,
    55,
    56,
    57,
    58,
    59,
    60,
    61,
    62,
    63,
    64,
    65,
    66,
    67,
    68,
    69,
    70,
    71,
    72,
    73,
    74,
    75,
    76,
    77,
    78,
    79,
    80,
    81,
    82,
    83,
    84,
    85,
    86,
    87,
    88,
    89,
    90,
    91,
    92,
    93,
    94,
    95,
    96,
    97
  ]
}