{
  "train_loss": [
    1.3090554052049463,
    0.8710320780493996,
    0.7639310006119988,
    0.7076231961900536,
    0.658416424664584,
    0.6013652722943913,
    0.5664835471456702,
    0.5319508337432687,
    0.5082783966714686,
    0.489138556366617,
    0.4756872988289053,
    0.46119872258468103,
    0.45526533056389207,
    0.4336796367168427,
    0.4304844614321536,
    0.41881055894223124,
    0.41616727325049313,
    0.4137891016494144,
    0.3939807179570198,
    0.3962378711050207,
    0.3905074468796903,
    0.38033636491407047,
    0.37884078163992274,
    0.3775135024298321,
    0.37070415708151727,
    0.3673207810250195,
    0.3540406985987316,
    0.3621303427761251,
    0.35864605104381386,
    0.3494189580462196,
    0.34789120866493745,
    0.350768080570481,
    0.34506801710887386,
    0.3467254521088166,
    0.33775168538093564,
    0.34411089200865136,
    0.33750807865099475,
    0.3439729494940151,
    0.33756075609814035,
    0.32968872129917143,
    0.32806159135970203,
    0.32608283896337853,
    0.3192506223646077,
    0.3283287449858405,
    0.32570180334828114,
    0.32349362796003167,
    0.3162543860890648,
    0.3232274823568084,
    0.3152441311424429,
    0.3159757840362462,
    0.3149275056882338,
    0.3123362716490572,
    0.3145792497288097,
    0.315169005475261,
    0.31122206124392426,
    0.3148463992639021,
    0.30565879932858725,
    0.30489217370748517,
    0.30620085851712664,
    0.3025748416239565,
    0.3119922464815053,
    0.30986825975504784,
    0.304144843545827,
    0.3003085986050692,
    0.2961091583696278,
    0.2954520784995773,
    0.2973961638320576,
    0.2946347841078585,
    0.29052090119231827,
    0.2927225018902258,
    0.294828485196287,
    0.2918428168513558,
    0.29211207378994336,
    0.29441259457306423,
    0.29456888315352525,
    0.2921363930268721,
    0.2923778532851826,
    0.2874300286444751,
    0.294231512140144,
    0.285899739428,
    0.28751213336532766,
    0.2876157907193357,
    0.28527910657904365,
    0.29108522854068064,
    0.2871703913266009,
    0.28701011478900906,
    0.2889835480939258,
    0.2826409234783866,
    0.28538271275433624,
    0.2794328000870618,
    0.2877423666823994,
    0.2859394780614159,
    0.28767933555624703,
    0.2854211379452185,
    0.2874290443550457,
    0.28620843201875684,
    0.2881057274341583,
    0.2838428550687703
  ],
  "val_loss": [
    0.8856844339519739,
    0.701452281884849,
    0.6212420545518398,
    0.5568660394288599,
    0.49487166823819273,
    0.43791008507832885,
    0.40262470263987776,
    0.37085064901039,
    0.34736450202763075,
    0.33859752239659424,
    0.32405577595345675,
    0.3199058137834072,
    0.32252744189463556,
    0.3323855767492205,
    0.29417625688947735,
    0.2870169484522193,
    0.2886793595738709,
    0.2712502769194543,
    0.26452827588655053,
    0.26092892456799743,
    0.27049735211767256,
    0.27322018528357145,
    0.2621222463902086,
    0.2556759995874017,
    0.2546727544162422,
    0.2532209617551416,
    0.24322436838410794,
    0.24587444886565207,
    0.253236467577517,
    0.2431298097129911,
    0.23528098347596824,
    0.23634901759214696,
    0.233847487391904,
    0.23767726775258777,
    0.23363788770511745,
    0.23743020971305667,
    0.2508169582579285,
    0.22710436405614018,
    0.23428421341814099,
    0.23094979687593878,
    0.2230634187348187,
    0.23671540278010067,
    0.22675647852011024,
    0.2307727334089577,
    0.2384253605734557,
    0.2610543001210317,
    0.22375889832619575,
    0.22432184424251317,
    0.218863038928248,
    0.2219825936714187,
    0.21225043013691902,
    0.23041007251013068,
    0.2466691870242357,
    0.2256458577234298,
    0.21294048002455382,
    0.21331893727183343,
    0.23851369908079503,
    0.21768771251663566,
    0.22333257521968333,
    0.22160169889684767,
    0.21311699096113443,
    0.24142673939932138,
    0.2220595848513767,
    0.2116867383942008,
    0.21397650635335594,
    0.20977568537928162,
    0.2179384591989219,
    0.20711066797375677,
    0.21640369466040282,
    0.2177505824714899,
    0.21202395944856106,
    0.21323425013106315,
    0.20833781445398927,
    0.21259800987318156,
    0.21134887470398098,
    0.22305680061690508,
    0.21677061209920795,
    0.2082963858731091,
    0.21594787021167577,
    0.2109825484221801,
    0.21102306160610168,
    0.2086670487653464,
    0.21166927646845576,
    0.2173917866544798,
    0.21503350685816258,
    0.21110339134465902,
    0.20853137935046107,
    0.21088692490011451,
    0.210651268530637,
    0.21070569318253546,
    0.21186773977242407,
    0.20773409255780279,
    0.21128487705718726,
    0.20847544167190787,
    0.20949798009824006,
    0.21025965081062165,
    0.20924939066171644,
    0.20909638192970303
  ],
  "epochs": [
    0,
    1,
    2,
    3,
    4,
    5,
    6,
    7,
    8,
    9,
    10,
    11,
    12,
    13,
    14,
    15,
    16,
    17,
    18,
    19,
    20,
    21,
    22,
    23,
    24,
    25,
    26,
    27,
    28,
    29,
    30,
    31,
    32,
    33,
    34,
    35,
    36,
    37,
    38,
    39,
    40,
    41,
    42,
    43,
    44,
    45,
    46,
    47,
    48,
    49,
    50,
    51,
    52,
    53,
    54,
    55,
    56,
    57,
    58,
    59,
    60,
    61,
    62,
    63,
    64,
    65,
    66,
    67,
    68,
    69,
    70,
    71,
    72,
    73,
    74,
    75,
    76,
    77,
    78,
    79,
    80,
    81,
    82,
    83,
    84,
    85,
    86,
    87,
    88,
    89,
    90,
    91,
    92,
    93,
    94,
    95,
    96,
    97
  ]
}