{
  "train_loss": [
    1.2020041918754576,
    0.742462061047554,
    0.6499424185536125,
    0.5734513748775828,
    0.508921653249047,
    0.47549317278645253,
    0.4471190423315221,
    0.43209533788941124,
    0.4141497821428559,
    0.3991607228463346,
    0.3890573406219482,
    0.388240965469317,
    0.37262567482211373,
    0.3721866929531097,
    0.35631965014067557,
    0.35191493424502285,
    0.34977268454703414,
    0.3390056823871352,
    0.3418020743131637,
    0.33572319916703486,
    0.3315030678835782,
    0.33271415723995723,
    0.32739459335803983,
    0.3225220493024046,
    0.3167282455617731,
    0.31896515415473414,
    0.3139120756225152,
    0.30858521079475226,
    0.31010955233465537,
    0.30942793577909466,
    0.3077210229906169,
    0.3017482962120663,
    0.30266879222609777,
    0.30769162998958066,
    0.301418899053877,
    0.2967551699822599,
    0.29425783918662507,
    0.2910718335346742,
    0.29730491516265,
    0.2892793517221104,
    0.2950842906941067,
    0.2890522812442346,
    0.28717397299679837,
    0.2876690357652577,
    0.28961320508610117,
    0.28573909664695907,
    0.28390329485589805,
    0.28379751733758235,
    0.28425823994658206,
    0.2837966422330249,
    0.282091736766425,
    0.27682195666161447,
    0.2720236171375621,
    0.27328343830325386,
    0.2708328409086574,
    0.27057768252762876,
    0.26812470744956624,
    0.2730051642114466,
    0.2690698729320006,
    0.27076825870708987,
    0.2636072225191376,
    0.2708217297088016,
    0.27373079188845373,
    0.26661136548627506,
    0.268737059506503,
    0.2641393230178139,
    0.2632690099694512,
    0.26433873558586296,
    0.26471643377434123,
    0.25835000563751565,
    0.2664522822878577,
    0.2577445869825103,
    0.26159010152925144,
    0.2659757510640404,
    0.2637828329747373,
    0.26359849138693375,
    0.26326782576062463,
    0.26401611723683094,
    0.25941898557272824,
    0.2632867137139494,
    0.26012266825545916,
    0.2602366003935987,
    0.265855683711442,
    0.2611705157702619,
    0.25973877584392374,
    0.2590271581032059,
    0.2590528620102189,
    0.25836618840694425,
    0.26061325612393293,
    0.25998790581117975,
    0.2581654971296137,
    0.26134786489334977,
    0.25847564022649416,
    0.2633557352152737,
    0.2647393010692163,
    0.2578777236288244,
    0.25608554021878677,
    0.26397042163393714,
    0.25982854108918796,
    0.25645731831138785
  ],
  "val_loss": [
    0.7279414447024465,
    0.6157613078132271,
    0.49098698962479825,
    0.40510498117655513,
    0.37680188762024047,
    0.3330343800596893,
    0.3213908550329506,
    0.30908478475175793,
    0.2874098221771419,
    0.2752988949883729,
    0.26711931833997365,
    0.29183195959776637,
    0.26042200475931165,
    0.27876909868791694,
    0.29704704247415065,
    0.24021175364032388,
    0.23712099380791185,
    0.23087348607368766,
    0.22827239288017154,
    0.24455171450972554,
    0.2563491286244243,
    0.24897640803828833,
    0.2306695207953453,
    0.2248195996508002,
    0.21756044093053786,
    0.21923462520353493,
    0.22318999131675807,
    0.20745478936005382,
    0.20412631048820912,
    0.28760063005611297,
    0.21424239503685386,
    0.20591958730947224,
    0.20414319643750786,
    0.21447239317931233,
    0.2005495823919773,
    0.20423221471719444,
    0.20396878775209187,
    0.22760168225504457,
    0.20128586036153134,
    0.18862933779601007,
    0.21505189333111047,
    0.20247041040565816,
    0.20292268292978405,
    0.19514959552325306,
    0.2327419971814379,
    0.22327066527213899,
    0.19078794210217892,
    0.19173320955596862,
    0.2065913336817175,
    0.20044151595793663,
    0.19650626729708162,
    0.1952428271761164,
    0.18908723201602698,
    0.18637038802262396,
    0.1914626800222322,
    0.20114722009748218,
    0.21323439714033154,
    0.19204179681837558,
    0.18885145517997443,
    0.19624136341735718,
    0.19050627544056623,
    0.19287302184384317,
    0.18976546998601407,
    0.19998766258358952,
    0.19603820720221846,
    0.1914486903231591,
    0.18760646439623085,
    0.18845312120392918,
    0.19216075683943926,
    0.184474997385405,
    0.19323981206398455,
    0.18677699039690196,
    0.18752746437676251,
    0.18451946272980418,
    0.19329638020135462,
    0.19141939363908023,
    0.1896172397537157,
    0.19153923608828335,
    0.18592002703808247,
    0.19533818967174738,
    0.19040743347723035,
    0.1925375983119011,
    0.19124967728275805,
    0.1866447107400745,
    0.1931384656112641,
    0.1902310636593029,
    0.18874358239118008,
    0.1887197383213788,
    0.19115168289281428,
    0.19185861062724144,
    0.18682647489476947,
    0.18799071589019148,
    0.18880405998788774,
    0.18774288380518556,
    0.18858436699956654,
    0.19023742876015604,
    0.18871758303139358,
    0.19136776558589189,
    0.18849261309951543,
    0.1876032924512401
  ],
  "epochs": [
    0,
    1,
    2,
    3,
    4,
    5,
    6,
    7,
    8,
    9,
    10,
    11,
    12,
    13,
    14,
    15,
    16,
    17,
    18,
    19,
    20,
    21,
    22,
    23,
    24,
    25,
    26,
    27,
    28,
    29,
    30,
    31,
    32,
    33,
    34,
    35,
    36,
    37,
    38,
    39,
    40,
    41,
    42,
    43,
    44,
    45,
    46,
    47,
    48,
    49,
    50,
    51,
    52,
    53,
    54,
    55,
    56,
    57,
    58,
    59,
    60,
    61,
    62,
    63,
    64,
    65,
    66,
    67,
    68,
    69,
    70,
    71,
    72,
    73,
    74,
    75,
    76,
    77,
    78,
    79,
    80,
    81,
    82,
    83,
    84,
    85,
    86,
    87,
    88,
    89,
    90,
    91,
    92,
    93,
    94,
    95,
    96,
    97,
    98,
    99
  ]
}