{
  "train_loss": [
    1.3424349317767401,
    0.8672600352222269,
    0.7292283038117668,
    0.647786390185356,
    0.5835825444893403,
    0.5395590334046971,
    0.5065043504671617,
    0.47776056744835593,
    0.45394171400503674,
    0.4488458944450725,
    0.4177376916733655,
    0.41484549809585913,
    0.40241708078167654,
    0.3927770015868274,
    0.38189357613975344,
    0.37714037656784055,
    0.37378630914471367,
    0.37312814016233786,
    0.36122599149292167,
    0.3580573007735339,
    0.35533787776123393,
    0.3477961427244273,
    0.3425090443004261,
    0.3392343809658831,
    0.33435610511086206,
    0.34175500872460274,
    0.32481402361934836,
    0.33261053470048035,
    0.3272985652360049,
    0.324421756836501,
    0.3165760100429708,
    0.31614546469666743,
    0.31392303946343336,
    0.3181096240065315,
    0.3119767768545584,
    0.3123569198901003,
    0.30664027254689824,
    0.3017573051561009,
    0.2997119610959833,
    0.3084738996083086,
    0.31004646439443934,
    0.3031650271469896,
    0.3012686083262617,
    0.29552183630791573,
    0.2996697268973697,
    0.2958736434578895,
    0.30364169258962975,
    0.29678157356652346,
    0.29624201617457646,
    0.30005071902816943,
    0.2886081511865962,
    0.28420217408375303,
    0.29389621011235495,
    0.2876860680634325,
    0.2881086403131485,
    0.29149306684732434,
    0.2895528569004752,
    0.28758589449253946,
    0.2823142817887393,
    0.28688202925703743,
    0.27117509817535224,
    0.27265769958496094,
    0.27848860973661593,
    0.273887778412212,
    0.2676577301458879,
    0.2707934737205505,
    0.27024008872834115,
    0.2748584159937772,
    0.2730943710695613,
    0.27063767145980483,
    0.2683741656758568,
    0.27053753793239593,
    0.27231846232305873,
    0.2640504457191987,
    0.26573709284717384,
    0.26712452641942286,
    0.27003236041827633,
    0.2673537785356695
  ],
  "val_loss": [
    0.8881761252880096,
    0.6637593407183886,
    0.5283481043763458,
    0.44763792809098957,
    0.4413858782500028,
    0.3584972032345831,
    0.33184943702071906,
    0.3315575742162764,
    0.36810356760397556,
    0.35501240203157064,
    0.29087453172542155,
    0.27524430509656667,
    0.2956911648157984,
    0.25615840456448496,
    0.26574051151983435,
    0.25543063045479353,
    0.301612724782899,
    0.2461788107641041,
    0.28751127580180763,
    0.2615117579232901,
    0.2539416254498064,
    0.23090241919271648,
    0.22458501849323512,
    0.26710485592484473,
    0.22204666384495791,
    0.27391285384073855,
    0.23602636172436178,
    0.2727419280447066,
    0.21858950518071651,
    0.21451919991523027,
    0.25789974471554156,
    0.2185788980219513,
    0.21916635381057856,
    0.22795296437107024,
    0.20844681742601096,
    0.24905328708700833,
    0.21178517795633522,
    0.21220232895575464,
    0.20572255628649144,
    0.2167524492368102,
    0.22556949225254355,
    0.2611509080510586,
    0.27700891364365815,
    0.21716219978407025,
    0.21353306090459226,
    0.2318925628205761,
    0.21415438055992125,
    0.194393426598981,
    0.2195197280263528,
    0.2107384391129017,
    0.22399668018333613,
    0.21029460236895828,
    0.21280035644304007,
    0.205626905313693,
    0.2796275237109512,
    0.21110376161523162,
    0.23267728779464958,
    0.2002000559819862,
    0.22767097200267014,
    0.2078486052341759,
    0.1995932929916307,
    0.2303445604862645,
    0.23109179956372827,
    0.20016960175707935,
    0.19942548859398812,
    0.20855435149278492,
    0.2028836383484304,
    0.20406022532843054,
    0.2021664196392521,
    0.20199994782451539,
    0.20028035091236235,
    0.22078717504628,
    0.20903581602033225,
    0.20888457701075822,
    0.20511460902635006,
    0.21308604003861545,
    0.20546563775278626,
    0.20796965714544058
  ],
  "epochs": [
    0,
    1,
    2,
    3,
    4,
    5,
    6,
    7,
    8,
    9,
    10,
    11,
    12,
    13,
    14,
    15,
    16,
    17,
    18,
    19,
    20,
    21,
    22,
    23,
    24,
    25,
    26,
    27,
    28,
    29,
    30,
    31,
    32,
    33,
    34,
    35,
    36,
    37,
    38,
    39,
    40,
    41,
    42,
    43,
    44,
    45,
    46,
    47,
    48,
    49,
    50,
    51,
    52,
    53,
    54,
    55,
    56,
    57,
    58,
    59,
    60,
    61,
    62,
    63,
    64,
    65,
    66,
    67,
    68,
    69,
    70,
    71,
    72,
    73,
    74,
    75,
    76,
    77
  ]
}