{
  "train_loss": [
    1.1504724850437857,
    0.6491947665539655,
    0.5329136539589274,
    0.4840268402207981,
    0.4602493591742082,
    0.43420217952945017,
    0.40042394307526674,
    0.39095913876186716,
    0.3723347747325897,
    0.3646124337478117,
    0.35122021363540123,
    0.34120646330443294,
    0.33054982342503286,
    0.3260299496759068,
    0.32167426559058104,
    0.31966698045080355,
    0.3074643806435845,
    0.31097487520087846,
    0.3071738423271613,
    0.3048656923933462,
    0.2926666934923692,
    0.2910184353860942,
    0.2861573096567934,
    0.28385424719615415,
    0.2762285720760172,
    0.2779002364928072,
    0.27414258420467374,
    0.2755680521509864,
    0.273808519244194,
    0.272920701964335,
    0.2709288807077841,
    0.2705214677344669,
    0.27278689322146504,
    0.2638364865021272,
    0.27271573356606743,
    0.2641999076984145,
    0.26547308908267453,
    0.2631264533237977,
    0.2643983394720337,
    0.2616357120058753,
    0.26128470653837377,
    0.2611342557722872,
    0.2587856381589716,
    0.26012154885313726,
    0.2541478124531833,
    0.25764064233411443,
    0.26221974091096356,
    0.260814392729239,
    0.26187405708161265,
    0.26045564857396214,
    0.2573518788814545,
    0.2572543319788846,
    0.2579752283746546,
    0.2595677785981785,
    0.26333901185881003
  ],
  "val_loss": [
    0.6688402153551578,
    0.457568209245801,
    0.39062841217964883,
    0.4049189259298146,
    0.40875755734741687,
    0.3104527229443192,
    0.3793494335375726,
    0.2886437964159995,
    0.31797942761331793,
    0.2787360964808613,
    0.3154135987628251,
    0.24380038063973186,
    0.2626396508421749,
    0.2661066607106477,
    0.27890293067321176,
    0.25984342019073664,
    0.2693415367975831,
    0.29831453501246863,
    0.2778841264080256,
    0.28406824776902795,
    0.30474968962371346,
    0.2670877811964601,
    0.3353418882470578,
    0.2805221145041287,
    0.23489804840646683,
    0.26478014946915207,
    0.26626866520382464,
    0.307738027558662,
    0.2824186778394505,
    0.29228655791375785,
    0.2816686678444967,
    0.24171409332193433,
    0.2882477149600163,
    0.27981471854727713,
    0.31412409923505036,
    0.3349558275192976,
    0.26173253711313005,
    0.28351561855524776,
    0.2714807678712532,
    0.27347091666888446,
    0.26832552314735947,
    0.27590502896346153,
    0.275907488190569,
    0.2679858617018908,
    0.2875227892305702,
    0.2926857579965144,
    0.28126488383859394,
    0.26738916330505164,
    0.29884258797392244,
    0.27227950796950606,
    0.28213346160482616,
    0.2698395444313064,
    0.2548993754433468,
    0.28086297542322425,
    0.2715651024132967
  ],
  "epochs": [
    0,
    1,
    2,
    3,
    4,
    5,
    6,
    7,
    8,
    9,
    10,
    11,
    12,
    13,
    14,
    15,
    16,
    17,
    18,
    19,
    20,
    21,
    22,
    23,
    24,
    25,
    26,
    27,
    28,
    29,
    30,
    31,
    32,
    33,
    34,
    35,
    36,
    37,
    38,
    39,
    40,
    41,
    42,
    43,
    44,
    45,
    46,
    47,
    48,
    49,
    50,
    51,
    52,
    53,
    54
  ]
}