{
  "train_loss": [
    1.207544831796126,
    0.6910791757973758,
    0.5754500587420031,
    0.5144776506857438,
    0.4692683204195716,
    0.4450423561984842,
    0.42053484136408026,
    0.40892566220326854,
    0.3959373352473432,
    0.3899207345193082,
    0.3696372274918989,
    0.36545634353702716,
    0.3609852105650035,
    0.354547181779688,
    0.3469422860308127,
    0.3470887200127948,
    0.3346976143663579,
    0.33719579642469233,
    0.3316565498438748,
    0.3298482611775398,
    0.32412174512039527,
    0.3184009948914701,
    0.3238791984590617,
    0.3164816841483116,
    0.3109477647326209,
    0.3099669109962203,
    0.3020667931437492,
    0.2975583466074683,
    0.29340834498405455,
    0.29309953797947275,
    0.2989089332385496,
    0.2899428543448448,
    0.2951285290447148,
    0.29355156432498586,
    0.2920122266086665,
    0.2880570179224014,
    0.28377764967354857,
    0.28944461784579534,
    0.2856906329501759,
    0.2858297332850369,
    0.27944201523607426,
    0.28599683187224645,
    0.28303523475473574,
    0.28381332408298143,
    0.282769631580873
  ],
  "val_loss": [
    0.7021186616271733,
    0.4942903620190918,
    0.47025407105684275,
    0.42623576158657667,
    0.43738152356818316,
    0.3527578145265579,
    0.36717150220647454,
    0.3215097372420132,
    0.3718480849638581,
    0.3503374838270247,
    0.326596941286698,
    0.40482266899198294,
    0.3264259425923228,
    0.4805498084519058,
    0.282856903411448,
    0.3003504660911858,
    0.3329844560939818,
    0.39592796247452494,
    0.38813203456811607,
    0.38312832210212944,
    0.330695225065574,
    0.35282631497830147,
    0.2881686789449304,
    0.35490297479555005,
    0.3888500450644642,
    0.47376741576008496,
    0.34036911246366797,
    0.36549304267391564,
    0.40201908121816815,
    0.36577630806714295,
    0.3589580497704446,
    0.4270488275215029,
    0.31967396619729693,
    0.41825087522156534,
    0.4378024902194738,
    0.3830610363744199,
    0.36003557983785867,
    0.37946441969834266,
    0.3759581245947629,
    0.3931795490439981,
    0.40101135969161983,
    0.389903393946588,
    0.396346128731966,
    0.37138823093846435,
    0.40880960742942984
  ],
  "epochs": [
    0,
    1,
    2,
    3,
    4,
    5,
    6,
    7,
    8,
    9,
    10,
    11,
    12,
    13,
    14,
    15,
    16,
    17,
    18,
    19,
    20,
    21,
    22,
    23,
    24,
    25,
    26,
    27,
    28,
    29,
    30,
    31,
    32,
    33,
    34,
    35,
    36,
    37,
    38,
    39,
    40,
    41,
    42,
    43,
    44
  ]
}