{
  "summary": {
    "norm_name": "robust_normalized",
    "num_chips_requested": 10,
    "num_chips_processed": 10,
    "num_chips_with_metrics": 10,
    "generated_at": "2025-11-18T11:03:58.411649"
  },
  "averages": {
    "train": {
      "accuracy": 0.8968714285714288,
      "precision": 0.8956510821214165,
      "recall": 0.8968714285714288,
      "f1": 0.8953272636783207,
      "num_chips": 10
    },
    "val": {
      "accuracy": 0.88055972013993,
      "precision": 0.8790057336636528,
      "recall": 0.88055972013993,
      "f1": 0.8787274096806504,
      "num_chips": 10
    },
    "test": {
      "accuracy": 0.8774274274274273,
      "precision": 0.8759579255823823,
      "recall": 0.8774274274274273,
      "f1": 0.8757806380328563,
      "num_chips": 10
    }
  },
  "per_chip": {
    "1": {
      "train": {
        "accuracy": 0.907,
        "precision": 0.906096688437884,
        "recall": 0.907,
        "f1": 0.9062530931736037
      },
      "val": {
        "accuracy": 0.887056471764118,
        "precision": 0.8860426772226266,
        "recall": 0.887056471764118,
        "f1": 0.886356247388494
      },
      "test": {
        "accuracy": 0.8853853853853854,
        "precision": 0.88417307713046,
        "recall": 0.8853853853853854,
        "f1": 0.8845349497317566
      }
    },
    "2": {
      "train": {
        "accuracy": 0.8887142857142857,
        "precision": 0.8872168453349719,
        "recall": 0.8887142857142857,
        "f1": 0.8867986192265718
      },
      "val": {
        "accuracy": 0.8698150924537731,
        "precision": 0.8678515711114809,
        "recall": 0.8698150924537731,
        "f1": 0.8677749549747926
      },
      "test": {
        "accuracy": 0.8773773773773774,
        "precision": 0.8759878293745171,
        "recall": 0.8773773773773774,
        "f1": 0.8759912844079505
      }
    },
    "3": {
      "train": {
        "accuracy": 0.9156428571428571,
        "precision": 0.9149195478641465,
        "recall": 0.9156428571428571,
        "f1": 0.9148624303040828
      },
      "val": {
        "accuracy": 0.8993003498250874,
        "precision": 0.8982789504842349,
        "recall": 0.8993003498250874,
        "f1": 0.8984914388364924
      },
      "test": {
        "accuracy": 0.8963963963963963,
        "precision": 0.8964409053740272,
        "recall": 0.8963963963963963,
        "f1": 0.896417332688273
      }
    },
    "4": {
      "train": {
        "accuracy": 0.8813571428571428,
        "precision": 0.8796321458990194,
        "recall": 0.8813571428571428,
        "f1": 0.879218192561061
      },
      "val": {
        "accuracy": 0.8780609695152424,
        "precision": 0.8763656523987762,
        "recall": 0.8780609695152424,
        "f1": 0.8753889188926699
      },
      "test": {
        "accuracy": 0.8593593593593594,
        "precision": 0.8576724511667116,
        "recall": 0.8593593593593594,
        "f1": 0.8580711902576132
      }
    },
    "5": {
      "train": {
        "accuracy": 0.8829285714285714,
        "precision": 0.8812339250683716,
        "recall": 0.8829285714285714,
        "f1": 0.8811076116413412
      },
      "val": {
        "accuracy": 0.8665667166416792,
        "precision": 0.8645271091041152,
        "recall": 0.8665667166416792,
        "f1": 0.8646539600452953
      },
      "test": {
        "accuracy": 0.8738738738738738,
        "precision": 0.8725085788016681,
        "recall": 0.8738738738738738,
        "f1": 0.8708680699259783
      }
    },
    "6": {
      "train": {
        "accuracy": 0.8975,
        "precision": 0.8963132123368879,
        "recall": 0.8975,
        "f1": 0.8959414253747054
      },
      "val": {
        "accuracy": 0.8798100949525237,
        "precision": 0.8781833907363692,
        "recall": 0.8798100949525237,
        "f1": 0.8784935775025632
      },
      "test": {
        "accuracy": 0.8733733733733734,
        "precision": 0.8713257601967389,
        "recall": 0.8733733733733734,
        "f1": 0.8714785594970308
      }
    },
    "7": {
      "train": {
        "accuracy": 0.9017142857142857,
        "precision": 0.9006794530398862,
        "recall": 0.9017142857142857,
        "f1": 0.9001237456838191
      },
      "val": {
        "accuracy": 0.8858070964517741,
        "precision": 0.884287881213445,
        "recall": 0.8858070964517741,
        "f1": 0.8840026843006499
      },
      "test": {
        "accuracy": 0.8798798798798799,
        "precision": 0.8784306394850566,
        "recall": 0.8798798798798799,
        "f1": 0.8779570699305794
      }
    },
    "8": {
      "train": {
        "accuracy": 0.8771428571428571,
        "precision": 0.8754365764091678,
        "recall": 0.8771428571428571,
        "f1": 0.8742373816504176
      },
      "val": {
        "accuracy": 0.8548225887056472,
        "precision": 0.8524274020092864,
        "recall": 0.8548225887056472,
        "f1": 0.8505031661756487
      },
      "test": {
        "accuracy": 0.8558558558558559,
        "precision": 0.8529568843586652,
        "recall": 0.8558558558558559,
        "f1": 0.8518460858815899
      }
    },
    "9": {
      "train": {
        "accuracy": 0.9075,
        "precision": 0.9065319115831834,
        "recall": 0.9075,
        "f1": 0.9063172733572713
      },
      "val": {
        "accuracy": 0.8883058470764618,
        "precision": 0.8871394967720924,
        "recall": 0.8883058470764618,
        "f1": 0.8864122635520946
      },
      "test": {
        "accuracy": 0.8883883883883884,
        "precision": 0.8872631272947255,
        "recall": 0.8883883883883884,
        "f1": 0.8874852652628228
      }
    },
    "10": {
      "train": {
        "accuracy": 0.9092142857142858,
        "precision": 0.9084505152406472,
        "recall": 0.9092142857142858,
        "f1": 0.9084128638103343
      },
      "val": {
        "accuracy": 0.8960519740129935,
        "precision": 0.8949532055841013,
        "recall": 0.8960519740129935,
        "f1": 0.895196885137803
      },
      "test": {
        "accuracy": 0.8843843843843844,
        "precision": 0.8828200026412515,
        "recall": 0.8843843843843844,
        "f1": 0.8831565727449687
      }
    }
  }
}