{
  "summary": {
    "norm_name": "robust_normalized",
    "num_chips_requested": 10,
    "num_chips_processed": 10,
    "num_chips_with_metrics": 10,
    "generated_at": "2025-11-18T10:20:24.438052"
  },
  "averages": {
    "train": {
      "accuracy": 0.9097857142857142,
      "accuracy_std": 0.009642486765373753,
      "precision": 0.909883743904269,
      "precision_std": 0.0100368873159407,
      "recall": 0.9097857142857142,
      "recall_std": 0.009642486765373753,
      "f1": 0.9097303423581102,
      "f1_std": 0.009774698793480285,
      "num_chips": 10
    },
    "val": {
      "accuracy": 0.8946776611694155,
      "accuracy_std": 0.009956353310650989,
      "precision": 0.8952256536514689,
      "precision_std": 0.009971850318329228,
      "recall": 0.8946776611694155,
      "recall_std": 0.009956353310650989,
      "f1": 0.8948309648929076,
      "f1_std": 0.009938771348133464,
      "num_chips": 10
    },
    "test": {
      "accuracy": 0.8932932932932932,
      "accuracy_std": 0.011571848661956685,
      "precision": 0.8934866262131778,
      "precision_std": 0.011708409237595209,
      "recall": 0.8932932932932932,
      "recall_std": 0.011571848661956685,
      "f1": 0.8931374276894868,
      "f1_std": 0.011625856183149607,
      "num_chips": 10
    }
  },
  "per_chip": {
    "1": {
      "train": {
        "accuracy": 0.9135,
        "precision": 0.9132452078394783,
        "recall": 0.9135,
        "f1": 0.9133572224931759
      },
      "val": {
        "accuracy": 0.8925537231384307,
        "precision": 0.8929417145712142,
        "recall": 0.8925537231384307,
        "f1": 0.8927283638399963
      },
      "test": {
        "accuracy": 0.9004004004004004,
        "precision": 0.9000291326429305,
        "recall": 0.9004004004004004,
        "f1": 0.9001493833148021
      }
    },
    "2": {
      "train": {
        "accuracy": 0.9008571428571429,
        "precision": 0.9006234971608297,
        "recall": 0.9008571428571429,
        "f1": 0.900688475898889
      },
      "val": {
        "accuracy": 0.8905547226386806,
        "precision": 0.8909266216864054,
        "recall": 0.8905547226386806,
        "f1": 0.8906151421563474
      },
      "test": {
        "accuracy": 0.8873873873873874,
        "precision": 0.8880733149105698,
        "recall": 0.8873873873873874,
        "f1": 0.8876195564320929
      }
    },
    "3": {
      "train": {
        "accuracy": 0.9291428571428572,
        "precision": 0.929872403661977,
        "recall": 0.9291428571428572,
        "f1": 0.9293955864682251
      },
      "val": {
        "accuracy": 0.9162918540729635,
        "precision": 0.9166753743894904,
        "recall": 0.9162918540729635,
        "f1": 0.9164591020892756
      },
      "test": {
        "accuracy": 0.9184184184184184,
        "precision": 0.9182180639868978,
        "recall": 0.9184184184184184,
        "f1": 0.9182844574249015
      }
    },
    "4": {
      "train": {
        "accuracy": 0.9176428571428571,
        "precision": 0.9199984280782273,
        "recall": 0.9176428571428571,
        "f1": 0.91831476555877
      },
      "val": {
        "accuracy": 0.8938030984507747,
        "precision": 0.897176729079553,
        "recall": 0.8938030984507747,
        "f1": 0.8948352223809183
      },
      "test": {
        "accuracy": 0.8923923923923924,
        "precision": 0.8971021509477491,
        "recall": 0.8923923923923924,
        "f1": 0.8937707818282705
      }
    },
    "5": {
      "train": {
        "accuracy": 0.9012142857142857,
        "precision": 0.9007640516707938,
        "recall": 0.9012142857142857,
        "f1": 0.9008756924195374
      },
      "val": {
        "accuracy": 0.8865567216391804,
        "precision": 0.8860209564249528,
        "recall": 0.8865567216391804,
        "f1": 0.8862420132890458
      },
      "test": {
        "accuracy": 0.8943943943943944,
        "precision": 0.8937547273773991,
        "recall": 0.8943943943943944,
        "f1": 0.8937694263586996
      }
    },
    "6": {
      "train": {
        "accuracy": 0.9042142857142857,
        "precision": 0.9039065379472039,
        "recall": 0.9042142857142857,
        "f1": 0.9040445858837658
      },
      "val": {
        "accuracy": 0.8900549725137431,
        "precision": 0.8901698101356337,
        "recall": 0.8900549725137431,
        "f1": 0.8901110523043946
      },
      "test": {
        "accuracy": 0.8798798798798799,
        "precision": 0.8790327628850919,
        "recall": 0.8798798798798799,
        "f1": 0.8791585504579604
      }
    },
    "7": {
      "train": {
        "accuracy": 0.9137857142857143,
        "precision": 0.9136338101050963,
        "recall": 0.9137857142857143,
        "f1": 0.9136980482582915
      },
      "val": {
        "accuracy": 0.8963018490754623,
        "precision": 0.8958908683230281,
        "recall": 0.8963018490754623,
        "f1": 0.8960637347421587
      },
      "test": {
        "accuracy": 0.8993993993993994,
        "precision": 0.8982054145087282,
        "recall": 0.8993993993993994,
        "f1": 0.8986374817622753
      }
    },
    "8": {
      "train": {
        "accuracy": 0.8937857142857143,
        "precision": 0.8937802236924782,
        "recall": 0.8937857142857143,
        "f1": 0.893775512077194
      },
      "val": {
        "accuracy": 0.8775612193903048,
        "precision": 0.8782250566908623,
        "recall": 0.8775612193903048,
        "f1": 0.8778733180965895
      },
      "test": {
        "accuracy": 0.8733733733733734,
        "precision": 0.8728240279019289,
        "recall": 0.8733733733733734,
        "f1": 0.8730873419831293
      }
    },
    "9": {
      "train": {
        "accuracy": 0.9145714285714286,
        "precision": 0.91384505647985,
        "recall": 0.9145714285714286,
        "f1": 0.9140539720756913
      },
      "val": {
        "accuracy": 0.9050474762618691,
        "precision": 0.9045757913704735,
        "recall": 0.9050474762618691,
        "f1": 0.9047384811618101
      },
      "test": {
        "accuracy": 0.8918918918918919,
        "precision": 0.8910173850708977,
        "recall": 0.8918918918918919,
        "f1": 0.8911079251213371
      }
    },
    "10": {
      "train": {
        "accuracy": 0.9091428571428571,
        "precision": 0.9091682224067553,
        "recall": 0.9091428571428571,
        "f1": 0.9090995624475628
      },
      "val": {
        "accuracy": 0.8980509745127436,
        "precision": 0.8996536138430747,
        "recall": 0.8980509745127436,
        "f1": 0.8986432188685385
      },
      "test": {
        "accuracy": 0.8953953953953954,
        "precision": 0.8966092818995849,
        "recall": 0.8953953953953954,
        "f1": 0.8957893722113974
      }
    }
  }
}