{
  "train_loss": [
    0.7812837069684809,
    0.3556307077407837,
    0.2860973325642672,
    0.2576979333704168,
    0.2510023631832816,
    0.2467799958857623,
    0.2382338364015926,
    0.2481585077264092,
    0.2371760449626229,
    0.24203669184988194,
    0.22234371439977127,
    0.21286545287479053,
    0.21408730122176084,
    0.21079450330950997,
    0.21026851697401566,
    0.20966587283394553,
    0.2129908732392571,
    0.2097500744191083,
    0.2116320937871933,
    0.211557906053283,
    0.20784967568787663,
    0.20811209678649903,
    0.207911431518468,
    0.2077160959894007,
    0.20621062110770833,
    0.20656513273715973,
    0.2079450555823066,
    0.20538565028797495,
    0.20597048591483724,
    0.20505861287767238,
    0.20972251296043395,
    0.20934124399315227,
    0.20838651115244086,
    0.2063480496406555,
    0.2079602452841672,
    0.20554619946263053,
    0.20592517202550714,
    0.2067625641822815,
    0.20484886196526614,
    0.20691301036964763,
    0.20659596757455306,
    0.20602294531735507,
    0.20487206849184902,
    0.20808013487945903
  ],
  "val_loss": [
    0.5346967410296202,
    0.4497545138001442,
    0.28020603209733963,
    0.2525755474343896,
    0.31101888604462147,
    0.4813263360410929,
    0.2759052459150553,
    0.3444367405027151,
    0.31569592747837305,
    0.25961754750460386,
    0.23353209625929594,
    0.2349534658715129,
    0.23527864273637533,
    0.2341237049549818,
    0.23352220188826323,
    0.2334348876029253,
    0.23549776524305344,
    0.2353807296603918,
    0.23727251309901476,
    0.23810941725969315,
    0.233521512709558,
    0.23602648731321096,
    0.23243487812578678,
    0.2329597044736147,
    0.23331263288855553,
    0.23264220729470253,
    0.23260991927236319,
    0.23266658652573824,
    0.23228642717003822,
    0.23293432593345642,
    0.2328696409240365,
    0.23331910837441683,
    0.23238613177090883,
    0.23276569973677397,
    0.23295645229518414,
    0.23280699271708727,
    0.23299043532460928,
    0.23273960128426552,
    0.2328286748379469,
    0.2325888006016612,
    0.23263405542820692,
    0.23276237957179546,
    0.23297580424696207,
    0.2324274703860283
  ],
  "epochs": [
    0,
    1,
    2,
    3,
    4,
    5,
    6,
    7,
    8,
    9,
    10,
    11,
    12,
    13,
    14,
    15,
    16,
    17,
    18,
    19,
    20,
    21,
    22,
    23,
    24,
    25,
    26,
    27,
    28,
    29,
    30,
    31,
    32,
    33,
    34,
    35,
    36,
    37,
    38,
    39,
    40,
    41,
    42,
    43
  ]
}