{
  "train_loss": [
    0.7775093663822521,
    0.37699714411388746,
    0.3029404101046649,
    0.28757179406556216,
    0.27839550294659354,
    0.2672319366173311,
    0.2649604315107519,
    0.2587417943911119,
    0.2682846949859099,
    0.2558264827186411,
    0.2554316374388608,
    0.2603257016702132,
    0.2550391657785936,
    0.2541215013373982,
    0.2523182530294765,
    0.25500389039516447,
    0.24759003032337534,
    0.24828134124929255,
    0.24088244140148163,
    0.24681175567887045,
    0.24910004436969757,
    0.2426922221075405,
    0.23310382610017602,
    0.22722467129880733,
    0.2268742639910091,
    0.22863411659544164,
    0.2264418523419987,
    0.22615651379932056,
    0.22638727426528932,
    0.23012882660735737,
    0.22723959575999866,
    0.22588285370306535,
    0.22548631212928077,
    0.22515046108852732,
    0.2283991049636494,
    0.22430047690868377,
    0.22742016261274164,
    0.2221038975498893,
    0.22258239144628697,
    0.2199906649914655,
    0.22342767092314633,
    0.22293314120986246,
    0.22459580627354708,
    0.22335343333807858,
    0.22462354383685373,
    0.2223760572346774
  ],
  "val_loss": [
    0.5177719183266163,
    0.3673096261918545,
    0.7047248743474483,
    0.5572914332151413,
    0.3447633646428585,
    0.27085271663963795,
    0.2841002931818366,
    0.2919569229707122,
    0.26872329134494066,
    0.4279846642166376,
    0.2535735135897994,
    0.3495098240673542,
    0.3366288300603628,
    0.2753243688493967,
    0.28204235155135393,
    0.25096896197646856,
    0.2844225848093629,
    0.2682444890961051,
    0.3195793367922306,
    0.6337051186710596,
    0.30126799549907446,
    0.2621940188109875,
    0.24135139491409063,
    0.24097020737826824,
    0.24013146944344044,
    0.23935965448617935,
    0.2427987726405263,
    0.23970352951437235,
    0.24122676812112331,
    0.2571745216846466,
    0.23818960785865784,
    0.24008269235491753,
    0.2409114446491003,
    0.24166036024689674,
    0.24031819310039282,
    0.24131567776203156,
    0.24604192096740007,
    0.23931039590388536,
    0.23865170404314995,
    0.23880593571811914,
    0.23889680206775665,
    0.2386129293590784,
    0.23906438145786524,
    0.23849821090698242,
    0.23868036083877087,
    0.23879291210323572
  ],
  "epochs": [
    0,
    1,
    2,
    3,
    4,
    5,
    6,
    7,
    8,
    9,
    10,
    11,
    12,
    13,
    14,
    15,
    16,
    17,
    18,
    19,
    20,
    21,
    22,
    23,
    24,
    25,
    26,
    27,
    28,
    29,
    30,
    31,
    32,
    33,
    34,
    35,
    36,
    37,
    38,
    39,
    40,
    41,
    42,
    43,
    44,
    45
  ]
}