{
  "train_loss": [
    0.7673259897665544,
    0.34993879307400094,
    0.29801753082058646,
    0.2720960256728259,
    0.25894774902950635,
    0.25793766433542425,
    0.25236328000372105,
    0.25663545619357714,
    0.23679679469628767,
    0.2437752303752032,
    0.2437658892436461,
    0.24070394391363317,
    0.2373147268186916,
    0.2422200533476743,
    0.23560260642658581,
    0.23634184138341383,
    0.23587193109772422,
    0.21753907664255662,
    0.21438068395311183,
    0.2127127468585968,
    0.21095904978838834,
    0.2086477821523493,
    0.2117493737827648,
    0.21207488775253297,
    0.21092401851307263,
    0.20976739959283308,
    0.2128471398895437,
    0.21104570437561382,
    0.20987712226130745,
    0.21148277060552076,
    0.21152846230701966,
    0.21037351922555403,
    0.2080098642544313,
    0.2084749779917977,
    0.2078118316151879,
    0.20677199119871312,
    0.20983172844756734,
    0.20836526318029924,
    0.2068082571029663,
    0.2082216197794134,
    0.203933262554082,
    0.20845720280300487,
    0.20511518093672665,
    0.20838235074823552,
    0.20854049704291605,
    0.20701466094363818,
    0.20447397259148684,
    0.21317420899868011
  ],
  "val_loss": [
    0.5088321007788181,
    0.3564627431333065,
    0.46789222210645676,
    0.26547857467085123,
    0.27017700020223856,
    0.2541538020595908,
    0.2570476057007909,
    0.25404807552695274,
    0.348917156457901,
    0.26888775546103716,
    0.2337583815678954,
    0.2761362297460437,
    0.23555206693708897,
    0.33767678774893284,
    0.3072045389562845,
    0.30267261900007725,
    0.24743159860372543,
    0.21754464507102966,
    0.21816363837569952,
    0.2181177157908678,
    0.21835046168416739,
    0.2174285063520074,
    0.21745430119335651,
    0.22120417561382055,
    0.2151706712320447,
    0.21722966618835926,
    0.22041641920804977,
    0.22020217776298523,
    0.21622676961123943,
    0.21927717234939337,
    0.21574761252850294,
    0.21434445679187775,
    0.21410431992262602,
    0.21530436165630817,
    0.21456884872168303,
    0.2143585728481412,
    0.21421951614320278,
    0.21411828976124525,
    0.21458715945482254,
    0.21414196863770485,
    0.21425802074372768,
    0.21441328153014183,
    0.21420038305222988,
    0.2143157385289669,
    0.21434531267732382,
    0.21497104223817587,
    0.21468745917081833,
    0.21441030595451593
  ],
  "epochs": [
    0,
    1,
    2,
    3,
    4,
    5,
    6,
    7,
    8,
    9,
    10,
    11,
    12,
    13,
    14,
    15,
    16,
    17,
    18,
    19,
    20,
    21,
    22,
    23,
    24,
    25,
    26,
    27,
    28,
    29,
    30,
    31,
    32,
    33,
    34,
    35,
    36,
    37,
    38,
    39,
    40,
    41,
    42,
    43,
    44,
    45,
    46,
    47
  ]
}