{
  "train_loss": [
    0.7988538389856165,
    0.39868446696888316,
    0.35229834589091213,
    0.3277706831693649,
    0.32632586549628867,
    0.3179714717648246,
    0.314080239426006,
    0.3111944594166496,
    0.30962432595816525,
    0.3059950443831357,
    0.3069110301407901,
    0.29487718072804536,
    0.28572500456463207,
    0.284515535289591,
    0.2892585448243401,
    0.28493456054817545,
    0.28543435795740646,
    0.2844500655477697,
    0.281689973581921,
    0.28320215263149956,
    0.2846640966155312,
    0.2826488952745091,
    0.2812676405364817,
    0.2817640513181686,
    0.2782100569118153,
    0.2829087349501523,
    0.28447097566994756,
    0.2829043824564327,
    0.282683914899826,
    0.28051551444963974,
    0.28215545388785274,
    0.2816050727259029,
    0.2818655014038086,
    0.2824768646196886
  ],
  "val_loss": [
    0.5196324065327644,
    0.40903922729194164,
    0.3825445380061865,
    0.9089198186993599,
    0.34225074388086796,
    0.41700926795601845,
    0.41633834689855576,
    0.542371105402708,
    0.3945460729300976,
    0.5751497372984886,
    0.42899683862924576,
    0.3170401696115732,
    0.3184239184483886,
    0.32647106796503067,
    0.3210157696157694,
    0.3232835717499256,
    0.3197462810203433,
    0.3243835670873523,
    0.3158871987834573,
    0.31605338118970394,
    0.31625640764832497,
    0.31621870025992393,
    0.3162163980305195,
    0.31614708714187145,
    0.31624210998415947,
    0.3161712884902954,
    0.3161827027797699,
    0.31622259225696325,
    0.31608258094638586,
    0.31616073846817017,
    0.31626445334404707,
    0.3163312468677759,
    0.316187622025609,
    0.31631501112133265
  ],
  "epochs": [
    0,
    1,
    2,
    3,
    4,
    5,
    6,
    7,
    8,
    9,
    10,
    11,
    12,
    13,
    14,
    15,
    16,
    17,
    18,
    19,
    20,
    21,
    22,
    23,
    24,
    25,
    26,
    27,
    28,
    29,
    30,
    31,
    32,
    33
  ]
}