{
  "train_loss": [
    0.8041291811249472,
    0.38719802553003485,
    0.301884924010797,
    0.266563896428455,
    0.26254660947756336,
    0.2585913701490922,
    0.24916422692212192,
    0.2519216318022121,
    0.24325235919518903,
    0.24179077446460723,
    0.2462406648830934,
    0.24756409417499195,
    0.2393833176656203,
    0.24226452058011835,
    0.2318159436637705,
    0.23673797168514946,
    0.2362167943607677,
    0.2326245202259584,
    0.21953122534535147,
    0.21624042879451405,
    0.2159821775826541,
    0.21712741472504354,
    0.21377746977589346,
    0.2139199370687658,
    0.21317164247686213,
    0.21254207681525839,
    0.21038652766834606,
    0.21154977787624707,
    0.212889565391974,
    0.21402910351753235,
    0.2129942390051755,
    0.20896821482615038,
    0.21177488348700785,
    0.20904831642454322,
    0.21153048249808223,
    0.2098989790136164,
    0.20781075683507053,
    0.20833243158730594,
    0.21157031790776687,
    0.2080847824161703,
    0.21131125688552857,
    0.2088306332176382,
    0.20999759489839728,
    0.20830624415115875,
    0.21416384929960425,
    0.20750935727899725,
    0.20925471782684327,
    0.2079257919029756,
    0.20925333445722408,
    0.21125025044788015,
    0.2071207962252877,
    0.20618992014364762,
    0.20870804000984539,
    0.21074851317839188,
    0.20850595723498952,
    0.20991355505856601,
    0.21198488744822416,
    0.21159375201572073,
    0.2111227655952627,
    0.209452993219549,
    0.21107083748687397,
    0.2097229697487571,
    0.2100479537790472,
    0.2068634797226299,
    0.21185269437052986,
    0.2085131908004934,
    0.20844853303649208,
    0.2079360322518782,
    0.20732395188374952,
    0.20801849311048334
  ],
  "val_loss": [
    0.5888832174241543,
    0.489823792129755,
    0.2787258056923747,
    0.4451762028038502,
    0.47444424591958523,
    0.32811459712684155,
    0.2829513130709529,
    0.2655669590458274,
    0.2753716241568327,
    0.2632715981453657,
    0.4143755417317152,
    0.23650645464658737,
    0.28083100263029337,
    0.4567733760923147,
    0.5164004806429148,
    0.41739901155233383,
    0.23751909751445055,
    0.24738658592104912,
    0.23300860915333033,
    0.23246407881379128,
    0.230036998167634,
    0.2314305305480957,
    0.24551554210484028,
    0.23187798168510199,
    0.22756031434983015,
    0.229205509647727,
    0.23269774112850428,
    0.22824745904654264,
    0.230748500674963,
    0.23482534755021334,
    0.22980879060924053,
    0.22724295128136873,
    0.22814467921853065,
    0.22715186793357134,
    0.22739981394261122,
    0.22711262479424477,
    0.22746799606829882,
    0.22866823431104422,
    0.22809052281081676,
    0.22817447409033775,
    0.22727786377072334,
    0.22704600729048252,
    0.22716316767036915,
    0.2285320581868291,
    0.2283872626721859,
    0.22706806287169456,
    0.22751470189541578,
    0.22671085689216852,
    0.2284063631668687,
    0.22812908701598644,
    0.22733080759644508,
    0.22696965374052525,
    0.22725580353289843,
    0.2270758245140314,
    0.22669443767517805,
    0.2268121289089322,
    0.22776584513485432,
    0.22672813292592764,
    0.22727243229746819,
    0.22710536513477564,
    0.22720599547028542,
    0.22731326520442963,
    0.22708546742796898,
    0.22682025004178286,
    0.22700764704495668,
    0.22680142149329185,
    0.22820149175822735,
    0.2284087585285306,
    0.22761186677962542,
    0.22694098856300116
  ],
  "epochs": [
    0,
    1,
    2,
    3,
    4,
    5,
    6,
    7,
    8,
    9,
    10,
    11,
    12,
    13,
    14,
    15,
    16,
    17,
    18,
    19,
    20,
    21,
    22,
    23,
    24,
    25,
    26,
    27,
    28,
    29,
    30,
    31,
    32,
    33,
    34,
    35,
    36,
    37,
    38,
    39,
    40,
    41,
    42,
    43,
    44,
    45,
    46,
    47,
    48,
    49,
    50,
    51,
    52,
    53,
    54,
    55,
    56,
    57,
    58,
    59,
    60,
    61,
    62,
    63,
    64,
    65,
    66,
    67,
    68,
    69
  ]
}