{
  "train_loss": [
    0.7408004722811959,
    0.35478473088958046,
    0.3209302075884559,
    0.29028247621926395,
    0.2839973100207069,
    0.2758096540516073,
    0.27230638292702763,
    0.2788160299712961,
    0.2803578631444411,
    0.2606794075532393,
    0.2675354941324754,
    0.2674855402924798,
    0.26631025753237986,
    0.2609464100816033,
    0.26557689200748097,
    0.26297486316074026,
    0.2573034178126942,
    0.26224803789095447,
    0.2570338227532127,
    0.2505998914892023,
    0.25555924881588327,
    0.25114548937840897,
    0.2618278668685393,
    0.25614816004579716,
    0.24967070655389265,
    0.2433446233922785,
    0.23639982288533992,
    0.2350007485259663,
    0.23678222840482538,
    0.2334565287286585,
    0.23355726382949135,
    0.23683427328413184,
    0.23663293665105647,
    0.2356945509260351,
    0.2372657765041698,
    0.23675646375526083,
    0.23275213539600373,
    0.23246634141965347,
    0.23423352810469542,
    0.233762740817937,
    0.2357729434967041,
    0.23351568958976052,
    0.2317378285256299,
    0.22950286892327396,
    0.23413589705120433,
    0.23081451004201717,
    0.234304618564519
  ],
  "val_loss": [
    0.5370655935257673,
    1.0574019141495228,
    0.4268753547221422,
    0.2957970714196563,
    0.2856376860290766,
    0.3003268074244261,
    0.3782338500022888,
    0.27906241547316313,
    0.2972707198932767,
    0.31045495718717575,
    0.2770869145169854,
    0.2893079109489918,
    0.39629998803138733,
    0.27685956191271544,
    0.49546816386282444,
    0.3352609723806381,
    0.2895098999142647,
    0.29609210789203644,
    0.27085643354803324,
    0.2777528678998351,
    0.28295247349888086,
    0.3816611021757126,
    0.27835406828671694,
    0.2828469295054674,
    0.3186280857771635,
    0.2609795453026891,
    0.2638560589402914,
    0.2683819569647312,
    0.26132159773260355,
    0.2593998843804002,
    0.2622594079002738,
    0.2592720901593566,
    0.2623244058340788,
    0.2648138301447034,
    0.2613141303882003,
    0.26123688742518425,
    0.2706548282876611,
    0.259749673306942,
    0.2595409778878093,
    0.26020610332489014,
    0.25959630869328976,
    0.2599637731909752,
    0.2599277012050152,
    0.2602421576157212,
    0.25987573713064194,
    0.26122371293604374,
    0.2606433443725109
  ],
  "epochs": [
    0,
    1,
    2,
    3,
    4,
    5,
    6,
    7,
    8,
    9,
    10,
    11,
    12,
    13,
    14,
    15,
    16,
    17,
    18,
    19,
    20,
    21,
    22,
    23,
    24,
    25,
    26,
    27,
    28,
    29,
    30,
    31,
    32,
    33,
    34,
    35,
    36,
    37,
    38,
    39,
    40,
    41,
    42,
    43,
    44,
    45,
    46
  ]
}