{
  "train_loss": [
    0.7678325582634319,
    0.3723666169426658,
    0.3066674438389865,
    0.2883568834174763,
    0.27601560083302584,
    0.26649318716742776,
    0.2664532352577556,
    0.25838268317959523,
    0.26582109359177675,
    0.257928159291094,
    0.2592511000958356,
    0.25947854031216017,
    0.2532383539459922,
    0.241008138385686,
    0.23114075606519527,
    0.23359400033950806,
    0.23385144390843132,
    0.23460706743327053,
    0.23516899211840195,
    0.22959251457994634,
    0.2344145495783199,
    0.23169341493736614,
    0.22569557401266965,
    0.23188833431764083,
    0.23261931430209767,
    0.22827220342376014,
    0.22785423723134127,
    0.2289861036972566,
    0.22994692759080368,
    0.23264224529266359,
    0.2285317748785019,
    0.22931728308851068,
    0.22891102053902365,
    0.22968643659895116,
    0.22978900345889006,
    0.22923356782306326,
    0.23188661336898803,
    0.22767967256632718,
    0.2285726016218012,
    0.23202262629162182,
    0.2250777932730588
  ],
  "val_loss": [
    0.4775645826011896,
    0.3445277754217386,
    0.4734252877533436,
    0.26082948688417673,
    0.2637241277843714,
    0.349458497017622,
    0.255955345928669,
    0.26239073276519775,
    0.3965468630194664,
    0.31988698337227106,
    0.262544902972877,
    0.4397565480321646,
    0.2841092124581337,
    0.24706294015049934,
    0.2531428299844265,
    0.24845882691442966,
    0.25094019901007414,
    0.2501290440559387,
    0.2529858434572816,
    0.258624448440969,
    0.24750781524926424,
    0.2467132080346346,
    0.24629992432892323,
    0.24655157141387463,
    0.24616366159170866,
    0.24610296450555325,
    0.2468209331855178,
    0.24702326487749815,
    0.24655794072896242,
    0.2465262645855546,
    0.2474617576226592,
    0.24646200239658356,
    0.2468811571598053,
    0.24703880213201046,
    0.24744296818971634,
    0.246508676558733,
    0.24650702252984047,
    0.2464453587308526,
    0.2462276527658105,
    0.24644220992922783,
    0.2463051239028573
  ],
  "epochs": [
    0,
    1,
    2,
    3,
    4,
    5,
    6,
    7,
    8,
    9,
    10,
    11,
    12,
    13,
    14,
    15,
    16,
    17,
    18,
    19,
    20,
    21,
    22,
    23,
    24,
    25,
    26,
    27,
    28,
    29,
    30,
    31,
    32,
    33,
    34,
    35,
    36,
    37,
    38,
    39,
    40
  ]
}