{
  "train_loss": [
    0.8001875964078036,
    0.40486064065586436,
    0.3222384230657057,
    0.3061020049181851,
    0.30625103901733053,
    0.2979318225925619,
    0.3017826500264081,
    0.28774752887812527,
    0.28091832426461305,
    0.2808012073690241,
    0.28134165839715436,
    0.27749444165013054,
    0.27799998982386154,
    0.26101871647618036,
    0.25758409256284887,
    0.25931738208640703,
    0.25584062012759123,
    0.25721716203472833,
    0.2566378262909976,
    0.25865547738292,
    0.25461537539958956,
    0.2527204378084703,
    0.25647049708799885,
    0.2556131904775446,
    0.257079417868094,
    0.2559740134260871,
    0.25433336062864825,
    0.25457681796767495,
    0.2569133736870506,
    0.2510921359062195,
    0.25302129740064794,
    0.2556792592460459,
    0.24993558038364758,
    0.2519087940454483,
    0.25198633535341786,
    0.2520877859809182,
    0.2505162772807208,
    0.2503063662485643,
    0.25157941065051337,
    0.2534075533801859,
    0.24960648905147206,
    0.2532702074809508,
    0.2495877889069644,
    0.24898803207007322,
    0.25039459521120244,
    0.25441749691963195,
    0.2513563974337144,
    0.2520256381143223,
    0.25133109986782076,
    0.25185727070678365,
    0.2497532240369103,
    0.25340449647469954,
    0.2524705778468739,
    0.2480828967961398
  ],
  "val_loss": [
    0.5514055006206036,
    0.33448952808976173,
    0.3080045785754919,
    0.30279804300516844,
    0.4812976308166981,
    0.31039451621472836,
    0.2894196566194296,
    0.3693774677813053,
    0.4779573008418083,
    0.36845732294023037,
    0.3221806213259697,
    0.3996588420122862,
    0.4441432561725378,
    0.28612140100449324,
    0.278099718503654,
    0.2775958739221096,
    0.2775029018521309,
    0.27755100559443235,
    0.2802077680826187,
    0.27633517421782017,
    0.2768053859472275,
    0.28266063053160906,
    0.275715216062963,
    0.290814271196723,
    0.28058966156095266,
    0.28220442682504654,
    0.28462372813373804,
    0.28223334811627865,
    0.2818486290052533,
    0.27434439957141876,
    0.2747288253158331,
    0.2743429159745574,
    0.27434912137687206,
    0.2744678873568773,
    0.27460139989852905,
    0.2743865279480815,
    0.2743705026805401,
    0.2744329711422324,
    0.2742704153060913,
    0.2743186494335532,
    0.27466396521776915,
    0.2746744640171528,
    0.2744639562442899,
    0.2745437463745475,
    0.27468991838395596,
    0.27428059093654156,
    0.27480198722332716,
    0.2758431416004896,
    0.27437109407037497,
    0.27432133723050356,
    0.2743102516978979,
    0.27442751731723547,
    0.27446465380489826,
    0.2743662456050515
  ],
  "epochs": [
    0,
    1,
    2,
    3,
    4,
    5,
    6,
    7,
    8,
    9,
    10,
    11,
    12,
    13,
    14,
    15,
    16,
    17,
    18,
    19,
    20,
    21,
    22,
    23,
    24,
    25,
    26,
    27,
    28,
    29,
    30,
    31,
    32,
    33,
    34,
    35,
    36,
    37,
    38,
    39,
    40,
    41,
    42,
    43,
    44,
    45,
    46,
    47,
    48,
    49,
    50,
    51,
    52,
    53
  ]
}