{
  "train_loss": [
    0.8069307977502996,
    0.3905360682444139,
    0.32876114411787555,
    0.3074839185584675,
    0.2970181037079204,
    0.3019538093696941,
    0.28949477997693146,
    0.28676416277885436,
    0.2865541880781,
    0.28974549093029717,
    0.2800786088813435,
    0.26977373551238665,
    0.26299656358632173,
    0.2601518487388437,
    0.2561769328334115,
    0.25949080207131126,
    0.25753206637772647,
    0.2592321355234493,
    0.25530598109418695,
    0.2584006293253465,
    0.25524893836541607,
    0.25655695416710594,
    0.2545741314237768,
    0.25522734983400863,
    0.25187678580934353,
    0.25445094379511746,
    0.2539305890148336,
    0.25280856842344457,
    0.2535862145098773,
    0.2540167486125773,
    0.25067294971509413,
    0.2534264458851381,
    0.25306127044287596,
    0.2523079200224443,
    0.2563740987669338,
    0.2564455677162517,
    0.2533163623376326,
    0.25527731505307283,
    0.2524436530741778,
    0.256100131706758,
    0.2539200487461957,
    0.25361704988913103,
    0.25206026407805354,
    0.25411063161763275,
    0.2507103844122453,
    0.25253177176822317,
    0.2536262108521028,
    0.25421066690574995,
    0.2526749540459026,
    0.2532851815223694,
    0.2541655353524468,
    0.253781414844773,
    0.2531392262740569,
    0.25214592678980396,
    0.2534904945980419,
    0.25265067355199294
  ],
  "val_loss": [
    0.5518192164599895,
    0.3966353051364422,
    0.5016501490026712,
    0.30670436285436153,
    0.28504932951182127,
    0.9359813258051872,
    0.5670907124876976,
    0.3191405087709427,
    0.2863934375345707,
    0.32128570321947336,
    0.502917256206274,
    0.2642375025898218,
    0.2672186056151986,
    0.26784907653927803,
    0.2662558564916253,
    0.26847970206290483,
    0.2840838758274913,
    0.2671209992840886,
    0.26246004831045866,
    0.26150390319526196,
    0.26178927905857563,
    0.2620962178334594,
    0.262089254334569,
    0.2616898724809289,
    0.26164097618311644,
    0.26177593413740396,
    0.2613479923456907,
    0.26143418438732624,
    0.26191011629998684,
    0.2626559315249324,
    0.2625852031633258,
    0.2623598212376237,
    0.26165459398180246,
    0.2629526127129793,
    0.26143426820635796,
    0.2615256141871214,
    0.2620618250221014,
    0.26185980439186096,
    0.2625170024111867,
    0.2615541210398078,
    0.2612645123153925,
    0.26167344115674496,
    0.26168972067534924,
    0.26167786959558725,
    0.26171943359076977,
    0.26182890962809324,
    0.26159409154206514,
    0.26186269987374544,
    0.2618204103782773,
    0.261917476542294,
    0.26212603226304054,
    0.2615746259689331,
    0.2615594333037734,
    0.2634790111333132,
    0.2613024106249213,
    0.26139046158641577
  ],
  "epochs": [
    0,
    1,
    2,
    3,
    4,
    5,
    6,
    7,
    8,
    9,
    10,
    11,
    12,
    13,
    14,
    15,
    16,
    17,
    18,
    19,
    20,
    21,
    22,
    23,
    24,
    25,
    26,
    27,
    28,
    29,
    30,
    31,
    32,
    33,
    34,
    35,
    36,
    37,
    38,
    39,
    40,
    41,
    42,
    43,
    44,
    45,
    46,
    47,
    48,
    49,
    50,
    51,
    52,
    53,
    54,
    55
  ]
}