{
  "train_loss": [
    0.7994126742536372,
    0.3896307495507327,
    0.3293592171235518,
    0.3015546879985116,
    0.29368773969736967,
    0.2784400845115835,
    0.28211781572211875,
    0.2712153686718507,
    0.26334340951659463,
    0.27427088103511116,
    0.26889878240498627,
    0.2607128072868694,
    0.26220240294933317,
    0.25318698720498517,
    0.258979824998162,
    0.24397242936221036,
    0.2356592674146999,
    0.2371135408228094,
    0.23449135476892644,
    0.23761695460839705,
    0.23659182082523,
    0.2374660993164236,
    0.23434310257434846,
    0.23447130078619177,
    0.23632414855740286,
    0.23407238288359208,
    0.2361148855902932,
    0.2353821025653319,
    0.2340321280739524,
    0.23211936137892983,
    0.23237864971160888,
    0.23211530907587571,
    0.23296032764694907,
    0.23356212052431974,
    0.23185715296051718,
    0.2305746224793521,
    0.23158818943934006,
    0.23224747045473618,
    0.23132429204203867,
    0.23290391835299404,
    0.2303026405247775,
    0.22952570048245516,
    0.23358220566402782,
    0.23200179717757485,
    0.23187678402120418,
    0.2316403722221201,
    0.23239898979663848,
    0.2303356102921746,
    0.2314412471922961,
    0.22885001789439807,
    0.23224224095994775,
    0.2323506089774045
  ],
  "val_loss": [
    0.5935344211757183,
    0.302033762447536,
    0.28235974442213774,
    0.3751188814640045,
    0.3417570423334837,
    0.412753252312541,
    0.46636332757771015,
    0.2802604027092457,
    0.2548629567027092,
    1.54655110090971,
    0.3281998224556446,
    0.3571301978081465,
    0.26053797360509634,
    0.3004390001296997,
    0.2950631221756339,
    0.24503217078745365,
    0.24503539875149727,
    0.24431739374995232,
    0.25276318565011024,
    0.24389851186424494,
    0.2434737291187048,
    0.24422509223222733,
    0.2428375519812107,
    0.24735934101045132,
    0.2645398387685418,
    0.24946910794824362,
    0.2439031945541501,
    0.264516637660563,
    0.24436016846448183,
    0.2424250217154622,
    0.24160894099622965,
    0.2416517147794366,
    0.2423636158928275,
    0.24255029018968344,
    0.24245102889835835,
    0.24159162770956755,
    0.24150745384395123,
    0.24159859120845795,
    0.24222956411540508,
    0.24168147519230843,
    0.24172270391136408,
    0.24205651320517063,
    0.24262855667620897,
    0.24203845486044884,
    0.24208879005163908,
    0.24362417310476303,
    0.2419913662597537,
    0.24172667786478996,
    0.24184273183345795,
    0.24267334025353193,
    0.24220346566289663,
    0.24303394462913275
  ],
  "epochs": [
    0,
    1,
    2,
    3,
    4,
    5,
    6,
    7,
    8,
    9,
    10,
    11,
    12,
    13,
    14,
    15,
    16,
    17,
    18,
    19,
    20,
    21,
    22,
    23,
    24,
    25,
    26,
    27,
    28,
    29,
    30,
    31,
    32,
    33,
    34,
    35,
    36,
    37,
    38,
    39,
    40,
    41,
    42,
    43,
    44,
    45,
    46,
    47,
    48,
    49,
    50,
    51
  ]
}