{
  "train_loss": [
    1.3170064780928872,
    0.8643374392119321,
    0.7508071718432686,
    0.6844727632132444,
    0.6269937779144806,
    0.5917440872842615,
    0.5562125343084335,
    0.5311449433456767,
    0.5066251082311977,
    0.48914533252065834,
    0.46948051187125117,
    0.4598575727235187,
    0.44447688154198906,
    0.4332263074950738,
    0.4239485834945332,
    0.4138372412594882,
    0.4096548473834991,
    0.4047435288537632,
    0.39973485350608823,
    0.3939707144823942,
    0.383132917962291,
    0.3823955474658446,
    0.37581141680479047,
    0.368679380281405,
    0.37631155523386867,
    0.3684684061733159,
    0.3634341141852465,
    0.36624074721878225,
    0.3557527738538655,
    0.3601073453643105,
    0.3510034186189825,
    0.35012634453448377,
    0.3493525479869409,
    0.3495325778831135,
    0.3371178013357249,
    0.34228456107052885,
    0.33863028230992226,
    0.33721953822807826,
    0.33718275387178764,
    0.33295133747837763,
    0.3361550190232016,
    0.33311993268403134,
    0.32176386816935104,
    0.3297852661663836,
    0.3304733728278767,
    0.32941832252524117,
    0.32486942518841133,
    0.3270005307143385,
    0.3195783104408871,
    0.3212067891250957,
    0.3216091252457012,
    0.3239650059017268,
    0.3220302841067314,
    0.3178697006539865,
    0.3190650329264727,
    0.31757312804460525,
    0.3171478276090188,
    0.3189573367075486,
    0.3111544107578017,
    0.310491502772678,
    0.3136744306846099,
    0.31617555653507057,
    0.31136365291747176,
    0.30766033283688804,
    0.31432114855809645,
    0.30748461831699714,
    0.3087139539285139,
    0.3053842586278915,
    0.3131679247455163,
    0.301575412560593,
    0.3134658042409203,
    0.30208445107394993,
    0.3010262268239801,
    0.30679411852901634,
    0.2988598256219517,
    0.3036728575825691,
    0.3050595740296624,
    0.30391649248925123,
    0.3065577413548123,
    0.2946563932570544,
    0.294604930146174,
    0.28794896041805096,
    0.289816451289437,
    0.28734690500931304,
    0.29479830414056774,
    0.2862283512679013,
    0.2933515444126996,
    0.2880489814010533,
    0.28592748157002706,
    0.28278104944662613,
    0.2878806403550234,
    0.2859020048379898,
    0.2795821965824474,
    0.286979483934966,
    0.27998301086100663,
    0.2879773546348918,
    0.28205070609396155,
    0.2823431560668078
  ],
  "val_loss": [
    0.8641168605536221,
    0.6655503839254379,
    0.6141903266310692,
    0.5388149255886674,
    0.48125466573983433,
    0.44290689742192624,
    0.40873954752460123,
    0.42120435656979677,
    0.3662386850453913,
    0.36215117406100034,
    0.34344477434642606,
    0.32828754354268314,
    0.3286382229067385,
    0.30251996843144296,
    0.2966595168225467,
    0.2914995308034122,
    0.2824164427816868,
    0.28204573392868043,
    0.2752933285664767,
    0.274013005848974,
    0.2977034345269203,
    0.27632289147004485,
    0.26458068867214024,
    0.3054654136300087,
    0.2526077334303409,
    0.2563195533119142,
    0.2667169384192675,
    0.25072909840382634,
    0.2603146148379892,
    0.27346568340435623,
    0.24511018232442436,
    0.24396411101333795,
    0.23635601215064525,
    0.24685052670538424,
    0.2523679863195866,
    0.2410707444883883,
    0.26518965968862174,
    0.25942915789783,
    0.2485623522195965,
    0.24776044129393993,
    0.2433801718987524,
    0.23587453830987212,
    0.2500262171495706,
    0.23327897675335404,
    0.2402043487643823,
    0.254076833371073,
    0.24979791559744624,
    0.25835081408731636,
    0.25461784144863486,
    0.26027004595380276,
    0.23542877798900008,
    0.2381035559810698,
    0.22971913607325403,
    0.21847426530439407,
    0.23747615716420115,
    0.2330089628463611,
    0.23405596073716878,
    0.235466470150277,
    0.22882461375556884,
    0.2323350239312276,
    0.22356451260857285,
    0.24123106636106967,
    0.21633517008740452,
    0.21972085470333694,
    0.2274866814026609,
    0.24303180337883531,
    0.2298010574420914,
    0.2145973687758669,
    0.23191089956089855,
    0.2491062872810289,
    0.2177585616474971,
    0.22958720677997915,
    0.21875763505231588,
    0.25192663455381986,
    0.21738782136235385,
    0.22739461350720375,
    0.22058757755439728,
    0.23707186195533722,
    0.22423174527939407,
    0.2216141339857131,
    0.21798552167601884,
    0.22209105663932857,
    0.21879451451823115,
    0.2238728395430371,
    0.2228053644299507,
    0.21972534444648772,
    0.22077909936197102,
    0.21961484828498212,
    0.22463410948403179,
    0.22207544047851116,
    0.21773782735690472,
    0.22189087297301738,
    0.22106675507966428,
    0.21823639764916153,
    0.21464941510930657,
    0.2229147125966847,
    0.21550506439525632,
    0.21705272211693227
  ],
  "epochs": [
    0,
    1,
    2,
    3,
    4,
    5,
    6,
    7,
    8,
    9,
    10,
    11,
    12,
    13,
    14,
    15,
    16,
    17,
    18,
    19,
    20,
    21,
    22,
    23,
    24,
    25,
    26,
    27,
    28,
    29,
    30,
    31,
    32,
    33,
    34,
    35,
    36,
    37,
    38,
    39,
    40,
    41,
    42,
    43,
    44,
    45,
    46,
    47,
    48,
    49,
    50,
    51,
    52,
    53,
    54,
    55,
    56,
    57,
    58,
    59,
    60,
    61,
    62,
    63,
    64,
    65,
    66,
    67,
    68,
    69,
    70,
    71,
    72,
    73,
    74,
    75,
    76,
    77,
    78,
    79,
    80,
    81,
    82,
    83,
    84,
    85,
    86,
    87,
    88,
    89,
    90,
    91,
    92,
    93,
    94,
    95,
    96,
    97
  ]
}