{
  "train_loss": [
    1.188971325267445,
    0.6756453451785175,
    0.5655188366499814,
    0.5143515759164636,
    0.4821380452134392,
    0.4595599887587807,
    0.43956903316757895,
    0.4263454103469848,
    0.40960367533293635,
    0.39540751722725953,
    0.3937254153056578,
    0.3813196472688155,
    0.36650463079864326,
    0.36456873048435556,
    0.3568736432628198,
    0.3555252705649896,
    0.3522808934612708,
    0.3392889910394495,
    0.3384500630877234,
    0.3411798460375179,
    0.33343122783032325,
    0.3309570376439528,
    0.3234626780043949,
    0.31972320946780114,
    0.31686994281682096,
    0.3180411728945645,
    0.3136449509046294,
    0.306960430578752,
    0.31345940023660657,
    0.3120805339650674,
    0.3032731639255177,
    0.30199865276163274,
    0.2980292978069999,
    0.3007385417006232,
    0.29925761152397495,
    0.30681669183752747,
    0.2967783544280312,
    0.29258607978170564,
    0.29283128852194007,
    0.29527181915261524,
    0.2922316707535223,
    0.29026596337556837,
    0.28909303388812324,
    0.2893250515515154,
    0.2872424168749289,
    0.2849644097143953,
    0.28610589655962854,
    0.28376051713119854,
    0.27912576900287106,
    0.27802147789434956,
    0.27580127453262154,
    0.2741264018145474,
    0.26780119532888585,
    0.2735689796100963,
    0.2707484088431705,
    0.27308905352245677,
    0.2717268313602968,
    0.27452219879085366,
    0.27278144058856096,
    0.2714027000015432,
    0.27425772312012586,
    0.2699856652183966,
    0.2727586125243794,
    0.27178002073006197,
    0.26783577233552935,
    0.26914826802232045,
    0.26882988387888124
  ],
  "val_loss": [
    0.6729020360857249,
    0.5238676184788346,
    0.4737367027439177,
    0.43280948838219047,
    0.40480320584028956,
    0.40961604649201033,
    0.4164143400266766,
    0.35879932548850774,
    0.3500147265382111,
    0.4155732177197933,
    0.44318829993717374,
    0.3664440473541617,
    0.4388927896041423,
    0.37555863466113804,
    0.3736250943504274,
    0.3906315888278186,
    0.36195146609097717,
    0.3480240342207253,
    0.4226140747778117,
    0.4543815831188112,
    0.3619056676980108,
    0.42924528792500494,
    0.34288229951634996,
    0.45222539571113884,
    0.40827828822657464,
    0.35401403238065543,
    0.3816159065812826,
    0.37194729791954156,
    0.3471358029637486,
    0.38990501998923716,
    0.40317296548746523,
    0.409377844678238,
    0.38815596108324824,
    0.3407462907023728,
    0.37912998702377076,
    0.35285880900919436,
    0.3146082524908706,
    0.39927498679608103,
    0.34509500300046053,
    0.3484880212228745,
    0.3223970777820796,
    0.33979130447842176,
    0.35651570043992253,
    0.34652374212164433,
    0.3629373339703307,
    0.40451700105331834,
    0.37651618865784253,
    0.35775885761249804,
    0.350989700271748,
    0.38987522760871796,
    0.3862524578580633,
    0.4113795928424224,
    0.3855015100678429,
    0.35498937861993907,
    0.3638860809151083,
    0.3381453330861405,
    0.39868596468586476,
    0.3504052180564031,
    0.35556918554939326,
    0.3617618829477578,
    0.38062684244941913,
    0.38049211716279385,
    0.36901118727400894,
    0.3816090373089537,
    0.38070621627848594,
    0.3813696700148284,
    0.3840845281956717
  ],
  "epochs": [
    0,
    1,
    2,
    3,
    4,
    5,
    6,
    7,
    8,
    9,
    10,
    11,
    12,
    13,
    14,
    15,
    16,
    17,
    18,
    19,
    20,
    21,
    22,
    23,
    24,
    25,
    26,
    27,
    28,
    29,
    30,
    31,
    32,
    33,
    34,
    35,
    36,
    37,
    38,
    39,
    40,
    41,
    42,
    43,
    44,
    45,
    46,
    47,
    48,
    49,
    50,
    51,
    52,
    53,
    54,
    55,
    56,
    57,
    58,
    59,
    60,
    61,
    62,
    63,
    64,
    65,
    66
  ]
}