{
  "train_loss": [
    1.3407544376633382,
    0.8378065874901685,
    0.6852445735172792,
    0.6064181700619784,
    0.5529742610996419,
    0.5239556393840096,
    0.4868647646362131,
    0.47056477579203515,
    0.44717989233407107,
    0.4364030277729034,
    0.42940304807641283,
    0.41088027523322534,
    0.4002649802240458,
    0.3953012859279459,
    0.387013719515367,
    0.3721848612210967,
    0.36564608917994934,
    0.37069158819588743,
    0.3595945730534467,
    0.35670282428914846,
    0.34984559321945363,
    0.3469510107961568,
    0.3393229805068536,
    0.33663128392262887,
    0.3425034459612586,
    0.3313538576798005,
    0.32710277649489317,
    0.33152126751162786,
    0.32140464246273037,
    0.32298884827982294,
    0.317956974289634,
    0.3119338769262487,
    0.3145552363991737,
    0.3136615753715688,
    0.30608178696849125,
    0.30774938228455456,
    0.31071539358659217,
    0.3031677653572776,
    0.2982818063009869,
    0.3094340778751807,
    0.3006824180483818,
    0.30573166641322047,
    0.30045040826905856,
    0.30107996108857066,
    0.2968140172145583,
    0.29930356543172487,
    0.29384133474393326,
    0.30130048941482196,
    0.28993026879700745,
    0.29294292493300006,
    0.29066718862815333,
    0.2908512687141245,
    0.28892616209658706,
    0.2860094285824082,
    0.2837147459387779,
    0.28705400014465504,
    0.29174999350851233,
    0.2846409848603335,
    0.283570989289067,
    0.28263744332573626,
    0.2851778120073405,
    0.27844763165170494,
    0.28195960497314276,
    0.2867571358789097,
    0.28636817216873167,
    0.28330818249420686,
    0.2822210689295422,
    0.2793583340536464,
    0.2719101545485583,
    0.2691568593274463,
    0.2724200299111279,
    0.26864415835250505,
    0.27051392406225205,
    0.26800343629988754,
    0.2696774676713077,
    0.26731927476146006,
    0.26554119809107346,
    0.2679502506147731,
    0.2642867424000393,
    0.2634577775001526,
    0.2610310474850915,
    0.26590537921948865,
    0.27354436340657146,
    0.25872584042224017,
    0.2613775636391206,
    0.26742143882946534
  ],
  "val_loss": [
    0.9144467025995254,
    0.5692792143672705,
    0.4853765233419835,
    0.42140668667852876,
    0.37027560528367753,
    0.3492961556650698,
    0.31718544932082293,
    0.30842666905373334,
    0.3008737199008465,
    0.2894344934262335,
    0.28704185262322424,
    0.2626228474546224,
    0.2861855904571712,
    0.2614022859372198,
    0.25908996067009865,
    0.25457785138860345,
    0.2631312872283161,
    0.24139570160768925,
    0.23151825298555193,
    0.2277380547020584,
    0.25961953890509903,
    0.26086010420694944,
    0.23236630195751784,
    0.24387713470496236,
    0.2305078552570194,
    0.22713935980573297,
    0.24543812205083668,
    0.24561929092742502,
    0.24373253961093722,
    0.23130169268697498,
    0.2607460370287299,
    0.21213656773325054,
    0.2220744804944843,
    0.24597734585404396,
    0.24839593027718362,
    0.2675400355597958,
    0.21641165330074727,
    0.21198499677702784,
    0.2221426111878827,
    0.22411936970893293,
    0.2673364300047979,
    0.22099037673324345,
    0.21634572660550475,
    0.2144832236226648,
    0.22384237113874406,
    0.2138971657725051,
    0.22466481172014027,
    0.2006355291465297,
    0.1987003450049087,
    0.22720108486246315,
    0.21147230057977137,
    0.22938068830408154,
    0.2530896102078259,
    0.21130636574234812,
    0.2518875698558986,
    0.1944654614198953,
    0.22899750166106966,
    0.20794985410757363,
    0.24028775978367775,
    0.21911743662785738,
    0.20246696274261922,
    0.26349195193033664,
    0.20344894845038652,
    0.24713644857984035,
    0.21778473653830585,
    0.21299618796911088,
    0.2408587985439226,
    0.2149012948386371,
    0.20663187382742762,
    0.20791334342211484,
    0.21347627148497847,
    0.21959013554733245,
    0.19675341013353317,
    0.2035761342383921,
    0.21036097873002288,
    0.20610960489138958,
    0.213767067133449,
    0.19663807780016213,
    0.20259573322255162,
    0.2019466394558549,
    0.20333441144321113,
    0.20286779119633136,
    0.20849868967197832,
    0.21345792214851828,
    0.21189422640018166,
    0.20463523275684564
  ],
  "epochs": [
    0,
    1,
    2,
    3,
    4,
    5,
    6,
    7,
    8,
    9,
    10,
    11,
    12,
    13,
    14,
    15,
    16,
    17,
    18,
    19,
    20,
    21,
    22,
    23,
    24,
    25,
    26,
    27,
    28,
    29,
    30,
    31,
    32,
    33,
    34,
    35,
    36,
    37,
    38,
    39,
    40,
    41,
    42,
    43,
    44,
    45,
    46,
    47,
    48,
    49,
    50,
    51,
    52,
    53,
    54,
    55,
    56,
    57,
    58,
    59,
    60,
    61,
    62,
    63,
    64,
    65,
    66,
    67,
    68,
    69,
    70,
    71,
    72,
    73,
    74,
    75,
    76,
    77,
    78,
    79,
    80,
    81,
    82,
    83,
    84,
    85
  ]
}