{
  "train_loss": [
    1.3069366373799065,
    0.8448725921999324,
    0.7391805466738613,
    0.677404239448634,
    0.6251698690652847,
    0.576113644675775,
    0.5329054155132987,
    0.510121600465341,
    0.4926085289499976,
    0.4840661485086787,
    0.4623038539832288,
    0.45062276040965865,
    0.4302914018251679,
    0.42422093264081256,
    0.4241665758057074,
    0.41549335127527065,
    0.40602106051011516,
    0.40271576477722687,
    0.401014681214636,
    0.38625679184090006,
    0.39018257482485336,
    0.38447602415626697,
    0.3736138935251669,
    0.36870082440701396,
    0.3736657415194945,
    0.3746691564538262,
    0.3659649604017084,
    0.36067007465796036,
    0.3620485123991966,
    0.35842056445100084,
    0.35986825057051397,
    0.35911533282561736,
    0.3569854459166526,
    0.35197777344421904,
    0.3504488363049247,
    0.34845567464828486,
    0.3368138554421338,
    0.3428620857271281,
    0.3410118908502839,
    0.3392533904855901,
    0.3388769834420898,
    0.3393527365001765,
    0.3367179897969419,
    0.3375869158723137,
    0.33498570621013635,
    0.34385674877600236,
    0.3383689453926953,
    0.3324686391516165,
    0.32583996022289446,
    0.3221430387551134,
    0.3198726143620231,
    0.3199107781052589,
    0.3166647073355588,
    0.31815181187608027,
    0.32326681790026757,
    0.31965838147835296,
    0.3159298467636108,
    0.31909039538015016,
    0.31993572565642264,
    0.3140847811373797,
    0.31554677437652234,
    0.31695287455211985,
    0.31233521391044966,
    0.3136535031145269,
    0.3135827121138573,
    0.3157942940701138,
    0.31856521292166273,
    0.31476886294104833,
    0.31209909040819517,
    0.31100223056294696,
    0.31286275739019564,
    0.30937591403722764,
    0.305010194290768,
    0.31306014890020545,
    0.31325275448235596,
    0.30846062909473065,
    0.3125972933931784,
    0.31110562920570367,
    0.3081056026707996,
    0.3077620396018028,
    0.3132715246081352,
    0.31294012551957906,
    0.31237940899350425,
    0.3091183586554094,
    0.3100600798292593,
    0.30873731003566224,
    0.3067789633707566
  ],
  "val_loss": [
    0.8534256907179951,
    0.6605442285537719,
    0.5908209615387022,
    0.508803668897599,
    0.45234454739838836,
    0.41114874929189676,
    0.42375615071505307,
    0.35485577797517176,
    0.34293017284944655,
    0.3671434943564236,
    0.3444530101958662,
    0.313331459229812,
    0.2958045602310449,
    0.31945859384723,
    0.30554349571466444,
    0.2943019547499716,
    0.28035203106701373,
    0.2798608993645757,
    0.2830652606673538,
    0.26908219647593795,
    0.26397910169325767,
    0.2859950622543692,
    0.27097745100036263,
    0.3139724164269864,
    0.363747617509216,
    0.2778813181910664,
    0.26031443672254684,
    0.2848083136137575,
    0.255014489358291,
    0.2636823160108179,
    0.2632702302187681,
    0.3019339664839208,
    0.2903814065735787,
    0.2539878461509943,
    0.2773091658484191,
    0.250638535618782,
    0.24257657239213584,
    0.3280508356168866,
    0.27004959103651344,
    0.24906296029221264,
    0.2521568582393229,
    0.2497748897410929,
    0.25905356197617946,
    0.2927404875634238,
    0.27689490583725274,
    0.25261919999029486,
    0.2521474127424881,
    0.26333469480741767,
    0.2426070540444925,
    0.24286725881975144,
    0.2520275409100577,
    0.24221097542904316,
    0.2510645848233253,
    0.26048310825135557,
    0.2576308319810778,
    0.27150396031793206,
    0.23692816793918609,
    0.2618884207680821,
    0.24142218159977347,
    0.2429566978244111,
    0.26113484031520784,
    0.24688067224342375,
    0.24106435955036432,
    0.24561348976567385,
    0.24303705741185694,
    0.27911041188053787,
    0.2598064841236919,
    0.25712016746401783,
    0.24904468848835676,
    0.24917492941021918,
    0.24204447655938563,
    0.26160047317389395,
    0.24846573662944135,
    0.254810411343351,
    0.24597511156462132,
    0.24511262709274886,
    0.2427941871806979,
    0.2487081896048039,
    0.24278399944305418,
    0.24627888181712476,
    0.24485200999770312,
    0.2434019020060077,
    0.24802572350017724,
    0.24820616878569124,
    0.24878358275163917,
    0.24062093573156743,
    0.2505444151349365
  ],
  "epochs": [
    0,
    1,
    2,
    3,
    4,
    5,
    6,
    7,
    8,
    9,
    10,
    11,
    12,
    13,
    14,
    15,
    16,
    17,
    18,
    19,
    20,
    21,
    22,
    23,
    24,
    25,
    26,
    27,
    28,
    29,
    30,
    31,
    32,
    33,
    34,
    35,
    36,
    37,
    38,
    39,
    40,
    41,
    42,
    43,
    44,
    45,
    46,
    47,
    48,
    49,
    50,
    51,
    52,
    53,
    54,
    55,
    56,
    57,
    58,
    59,
    60,
    61,
    62,
    63,
    64,
    65,
    66,
    67,
    68,
    69,
    70,
    71,
    72,
    73,
    74,
    75,
    76,
    77,
    78,
    79,
    80,
    81,
    82,
    83,
    84,
    85,
    86
  ]
}