{
  "train_loss": [
    1.1793708101185882,
    0.7161489548466422,
    0.6072389864379709,
    0.5368283948031338,
    0.49066419964486896,
    0.4610988904129375,
    0.44279012880542057,
    0.4182864625345577,
    0.40781897076151585,
    0.3967135520414872,
    0.39343695315447724,
    0.38243468639525496,
    0.3767884234948592,
    0.36661691112951794,
    0.3584346682104197,
    0.3560096382552927,
    0.35468055508353497,
    0.3503294787081805,
    0.3374607043916529,
    0.33489049627022305,
    0.336768438057466,
    0.3286821932955222,
    0.3324462492628531,
    0.32532631955363533,
    0.32221826826984235,
    0.31912795237519526,
    0.3153664584322409,
    0.3125912718068469,
    0.3106654487956654,
    0.3136539374969222,
    0.3059759409319271,
    0.3109539507735859,
    0.3041977215626023,
    0.3073524375395341,
    0.30569850523363457,
    0.30229559738527645,
    0.2961255627328699,
    0.3015617300434546,
    0.2984955596652898,
    0.29431499822573226,
    0.2925704918124459,
    0.286810300133445,
    0.2900572495839812,
    0.28890766246752303,
    0.29406230869618327,
    0.28553525707938454,
    0.28901035463268104,
    0.27854245088317175,
    0.28466621900146655,
    0.28041486032984475,
    0.2814689980311827,
    0.2839745099436153,
    0.28235938857902176,
    0.2804509198936549,
    0.27931931728666476,
    0.2827572131698782,
    0.28343947900967165,
    0.28224891367283733,
    0.28123147736896165,
    0.2759067087823694,
    0.27991794076832854,
    0.2808625622500073,
    0.27427575130354276,
    0.2650534639846195,
    0.2663878272338347,
    0.2733664043112235,
    0.26969570688226,
    0.2643743205612356,
    0.26452573399652135,
    0.26627872754227033,
    0.2670279550823298,
    0.2633542011542754,
    0.26449695392088457,
    0.26394135090437804,
    0.2607072451981631,
    0.2569586991992864,
    0.26129797285253353,
    0.2578688929026777,
    0.25386204925450406,
    0.2581688226894899,
    0.2603386904434724,
    0.26136185892603614
  ],
  "val_loss": [
    0.7174119113013148,
    0.5499283030629157,
    0.4332843387499451,
    0.43598795635625714,
    0.43146191593259575,
    0.3817767323926091,
    0.34129123785533005,
    0.3227447659242898,
    0.3147616615518927,
    0.30954612968489525,
    0.31226583761163057,
    0.3267669614870101,
    0.3097823170479387,
    0.3209019080270082,
    0.29387239273637533,
    0.3283821179531514,
    0.2962934963405132,
    0.3268632836639881,
    0.284694732632488,
    0.3536102987360209,
    0.36160497465170915,
    0.360513117024675,
    0.3290430785622448,
    0.2946297591086477,
    0.29937459665816274,
    0.3428320901468396,
    0.27470452717971056,
    0.29642816656269133,
    0.34088955677580085,
    0.37983536056708544,
    0.2705469368724152,
    0.3181636477122083,
    0.3400381595129147,
    0.32358916138764465,
    0.28012343687005337,
    0.3617704811040312,
    0.29227041243575513,
    0.2704852644354105,
    0.299218790163286,
    0.33925045053474606,
    0.3053295110352337,
    0.39937000193167477,
    0.2752218080218881,
    0.3167405312648043,
    0.2592864826321602,
    0.3279363143024966,
    0.2994199464330449,
    0.2946381008950993,
    0.3070903548970818,
    0.2591684148646891,
    0.31493311240337785,
    0.24073264077305792,
    0.2885314161190763,
    0.34642562808003274,
    0.2961107046110555,
    0.34679841110482806,
    0.32292735099326814,
    0.24470457478892058,
    0.2878215701319277,
    0.3101436863653361,
    0.2558838032418862,
    0.2852824945701286,
    0.2681740457424894,
    0.27112650824710727,
    0.2633837321540341,
    0.26992409001104534,
    0.26892840787768363,
    0.3382253244752064,
    0.28473004244733596,
    0.26740247060079125,
    0.272054059500806,
    0.31253733872435985,
    0.2940710798371583,
    0.2799054984934628,
    0.2693759259069338,
    0.2891552879940718,
    0.282614514301531,
    0.2807609759736806,
    0.27747058782260864,
    0.2875537548679858,
    0.28911374325398354,
    0.27733035518322136
  ],
  "epochs": [
    0,
    1,
    2,
    3,
    4,
    5,
    6,
    7,
    8,
    9,
    10,
    11,
    12,
    13,
    14,
    15,
    16,
    17,
    18,
    19,
    20,
    21,
    22,
    23,
    24,
    25,
    26,
    27,
    28,
    29,
    30,
    31,
    32,
    33,
    34,
    35,
    36,
    37,
    38,
    39,
    40,
    41,
    42,
    43,
    44,
    45,
    46,
    47,
    48,
    49,
    50,
    51,
    52,
    53,
    54,
    55,
    56,
    57,
    58,
    59,
    60,
    61,
    62,
    63,
    64,
    65,
    66,
    67,
    68,
    69,
    70,
    71,
    72,
    73,
    74,
    75,
    76,
    77,
    78,
    79,
    80,
    81
  ]
}