{
  "train_loss": [
    1.266184432398189,
    0.8051711574467745,
    0.702120684981346,
    0.65015118626031,
    0.6065812414884567,
    0.561613660400564,
    0.532974086891521,
    0.5060216980088841,
    0.4949591320753097,
    0.476029912721027,
    0.46239432275295256,
    0.45589796112342307,
    0.4421927553144368,
    0.43074347135695545,
    0.4196462819793007,
    0.41697237096049566,
    0.40541400803761046,
    0.40797899400646037,
    0.4004348101128231,
    0.3856369455023245,
    0.3859754708680239,
    0.3724017297137867,
    0.3734521238641305,
    0.3748026217113841,
    0.3690262319012122,
    0.36568258784034036,
    0.3571322459795258,
    0.3601981900225986,
    0.361132353164933,
    0.34972277020866216,
    0.35149100989103316,
    0.3495168622244488,
    0.3429610040783882,
    0.34583085802468383,
    0.347299064587463,
    0.3430028889395974,
    0.33050441888245663,
    0.33649704033678224,
    0.336791763305664,
    0.33203218647024846,
    0.3362577476555651,
    0.32646520739251916,
    0.3302034126357598,
    0.32490531078793783,
    0.3283974958007986,
    0.32311984054066917,
    0.3202013386108658,
    0.3235137895833362,
    0.329539852169427,
    0.3227298914573409,
    0.3225391602245244,
    0.3224754481423985,
    0.31792879781939765,
    0.3138169327107343,
    0.310651935420253,
    0.31492614523930984,
    0.32167302779176016,
    0.310680738389492,
    0.3095412431250919,
    0.30933564790270546,
    0.31125527203083037,
    0.30860711834647436,
    0.3099738798087293,
    0.30810596233064474,
    0.3068575264919888,
    0.31121845562349665,
    0.3086027653921734,
    0.2974973339384252,
    0.30490151624787937,
    0.30573223314502024,
    0.30610231805931437,
    0.30635604763572866,
    0.30685742524537174,
    0.30183975561098614,
    0.30768289820714434,
    0.306923565945842,
    0.30166827356273473,
    0.3013284323432229,
    0.2885410458662293,
    0.28768402516841884,
    0.28701025494120336,
    0.2896111007712104,
    0.2900626865300265,
    0.2894620154120705,
    0.286092452081767,
    0.2853679088570855,
    0.2828751621463082,
    0.28392924902114,
    0.2859866766767068,
    0.2853303738073869,
    0.2844939701123671,
    0.28202358123931015,
    0.2819534290649674,
    0.28589964779940513,
    0.2796100283752788,
    0.282959988144311,
    0.2776142594218254
  ],
  "val_loss": [
    0.7669512130320071,
    0.6397413454949855,
    0.661234175413847,
    0.5556644655764102,
    0.5361286519095301,
    0.46886275485157963,
    0.46849199384450907,
    0.4483602157793939,
    0.4552525944076478,
    0.5334752249997109,
    0.3700966383796185,
    0.38419763869605955,
    0.4336060324218124,
    0.3997603580821305,
    0.3473251173272729,
    0.45051429481245575,
    0.33889260664582255,
    0.37355574481189247,
    0.3954662018455565,
    0.3443803585600108,
    0.35044971299357713,
    0.3417332155164331,
    0.3850519111379981,
    0.3205521339084953,
    0.40269687068648635,
    0.3642164913471788,
    0.36697339797392486,
    0.46400144710205493,
    0.3116372468881309,
    0.3048662705346942,
    0.3762927749659866,
    0.3292116966098547,
    0.34607645953074095,
    0.4261768099386245,
    0.3450019575189799,
    0.34417182775214317,
    0.3029334234073758,
    0.2682978997007012,
    0.3202493682736531,
    0.3215904262848198,
    0.2695602209307253,
    0.3051983656128868,
    0.36461427954491227,
    0.294476476078853,
    0.2746819344814867,
    0.3093672804068774,
    0.33674046506639566,
    0.38326306829694656,
    0.264962426899001,
    0.3196260063908994,
    0.30168791187461463,
    0.3017469119513407,
    0.3110341306077316,
    0.34765268980991093,
    0.31756461632903665,
    0.3032322171377018,
    0.2579048312269151,
    0.3126767658162862,
    0.331855193269439,
    0.34356651157140733,
    0.29814161369577047,
    0.3146876615937799,
    0.31140248065348713,
    0.31170557064469906,
    0.2760707357665524,
    0.2856723673408851,
    0.25125889403279866,
    0.26621522000059483,
    0.3734233411960304,
    0.3150803236989304,
    0.27974159277509897,
    0.26309529070276766,
    0.27075986268464475,
    0.26924176535103467,
    0.26525130015797915,
    0.2693142043892294,
    0.30449524011928586,
    0.25462950817309316,
    0.3100448819343,
    0.27760055088438096,
    0.28585593635216355,
    0.298287046700716,
    0.2598390474449843,
    0.30030139596201477,
    0.2645619248505682,
    0.25414417712017895,
    0.2859524575294926,
    0.28435300299897787,
    0.28270268994383513,
    0.27807516604661936,
    0.26984031226020305,
    0.2660111577482894,
    0.29184823643881824,
    0.28151779084000733,
    0.2747403821442276,
    0.2656561944866553,
    0.2804340804927051
  ],
  "epochs": [
    0,
    1,
    2,
    3,
    4,
    5,
    6,
    7,
    8,
    9,
    10,
    11,
    12,
    13,
    14,
    15,
    16,
    17,
    18,
    19,
    20,
    21,
    22,
    23,
    24,
    25,
    26,
    27,
    28,
    29,
    30,
    31,
    32,
    33,
    34,
    35,
    36,
    37,
    38,
    39,
    40,
    41,
    42,
    43,
    44,
    45,
    46,
    47,
    48,
    49,
    50,
    51,
    52,
    53,
    54,
    55,
    56,
    57,
    58,
    59,
    60,
    61,
    62,
    63,
    64,
    65,
    66,
    67,
    68,
    69,
    70,
    71,
    72,
    73,
    74,
    75,
    76,
    77,
    78,
    79,
    80,
    81,
    82,
    83,
    84,
    85,
    86,
    87,
    88,
    89,
    90,
    91,
    92,
    93,
    94,
    95,
    96
  ]
}