{
  "train_loss": [
    1.1538682119412855,
    0.6239020992950959,
    0.5226138596101241,
    0.48428139437328677,
    0.4467828502980145,
    0.42660706005313176,
    0.3997026000239632,
    0.3841227970881895,
    0.37175177644599566,
    0.35673459724946455,
    0.35324234491044826,
    0.3449859650026668,
    0.3302363564751365,
    0.32148357811299233,
    0.3293064207922328,
    0.31689143476161086,
    0.3115945322405208,
    0.30727691626006903,
    0.3035918267206712,
    0.2942471806027672,
    0.2934109399535439,
    0.28958919167518615,
    0.28821351574225856,
    0.2865943920883265,
    0.28602824571457774,
    0.2824409841407429,
    0.2740333024209196,
    0.2771420550346374,
    0.2746994812651114,
    0.27585384352640674,
    0.2749776503172787,
    0.2721633935516531,
    0.26871563328938053,
    0.2675518567182801,
    0.26296234025196596,
    0.26640285342931747,
    0.26209597462957557,
    0.25553341610865155,
    0.251424062739719,
    0.25528144879774617,
    0.25556572580879383,
    0.25259517108852214,
    0.25366775634613903,
    0.2520150902325457,
    0.253480252623558,
    0.24628081470727917,
    0.2537564892118627,
    0.24204876141114667,
    0.24460672985423693,
    0.2422047839652408,
    0.24846415985714304,
    0.24799229564991865,
    0.24394930611957205,
    0.2445237337188287,
    0.24512296245856716
  ],
  "val_loss": [
    0.6314728921279311,
    0.44531470630317926,
    0.4128056370653212,
    0.3773786962032318,
    0.37444594129920006,
    0.40052673099562525,
    0.3918833242729306,
    0.3755262356251478,
    0.3886929963249713,
    0.4409066061489284,
    0.36345251770690085,
    0.47711175936274225,
    0.40732834083028135,
    0.4677851204760372,
    0.36105932579375805,
    0.3371010939590633,
    0.40779736572876574,
    0.401716771768406,
    0.33913095290772616,
    0.46849562446586784,
    0.3733590436168015,
    0.3331881420686841,
    0.44392060022801155,
    0.3316863581072539,
    0.3189472645986825,
    0.36425379249267276,
    0.404525906778872,
    0.3957285423763096,
    0.5336571210995317,
    0.4223074932582676,
    0.34337717550806696,
    0.3456414240878075,
    0.3448462731204927,
    0.35747257014736533,
    0.34357689872849734,
    0.47428433888126165,
    0.3859085138654336,
    0.4630066584795713,
    0.384695596108213,
    0.4418164359172806,
    0.4347928589209914,
    0.4050488775130361,
    0.39755956127773967,
    0.39893022386822846,
    0.37866199896670877,
    0.44253764881286767,
    0.3696377187734469,
    0.45030235396698115,
    0.41077861848752945,
    0.4000332216266542,
    0.3828782518859952,
    0.4059725419618189,
    0.4142111224122345,
    0.39558087941259146,
    0.4139925215393304
  ],
  "epochs": [
    0,
    1,
    2,
    3,
    4,
    5,
    6,
    7,
    8,
    9,
    10,
    11,
    12,
    13,
    14,
    15,
    16,
    17,
    18,
    19,
    20,
    21,
    22,
    23,
    24,
    25,
    26,
    27,
    28,
    29,
    30,
    31,
    32,
    33,
    34,
    35,
    36,
    37,
    38,
    39,
    40,
    41,
    42,
    43,
    44,
    45,
    46,
    47,
    48,
    49,
    50,
    51,
    52,
    53,
    54
  ]
}