{
  "train_loss": [
    0.49156750548969613,
    0.33425218679688196,
    0.32743581425059926,
    0.3215561926364899,
    0.31909325556321577,
    0.31762784800746224,
    0.3129630527713082,
    0.3147058600729162,
    0.3101616824215109,
    0.3067126133225181,
    0.30776526711203833,
    0.30831206874413924,
    0.3071569621562958,
    0.30670021826570687,
    0.30542520663955,
    0.3074447463859211,
    0.30701000717553223,
    0.30589319955218924,
    0.30362577031959187,
    0.30363146635619076,
    0.3055792608044364,
    0.30145366977561605,
    0.3087237447500229,
    0.3032882126894864,
    0.30585346682505177,
    0.30348673300309614,
    0.30366461412473156,
    0.3073874909769405,
    0.30409183448011223,
    0.3032126464627006,
    0.3043863142078573,
    0.3051809736273505,
    0.3040454452688044,
    0.3054203521121632,
    0.3027694479985671,
    0.3051431338895451,
    0.30461764633655547,
    0.30401684099977666,
    0.30421306545084176,
    0.30336266322569416,
    0.3028177096085115,
    0.30196722583337265,
    0.29981519932096656,
    0.2989639133214951,
    0.30090745199810376,
    0.30261707522652365,
    0.30323846204714344,
    0.3016585184769197,
    0.3003378377719359,
    0.3025771157308058,
    0.3030854943123731,
    0.3013387839902531,
    0.30138045441020617,
    0.3013640457933599,
    0.30233459824865516
  ],
  "val_loss": [
    0.34961307793855667,
    0.3512806314975023,
    0.3385811857879162,
    0.3551946319639683,
    0.3764062635600567,
    0.36103261820971966,
    0.3417536821216345,
    0.34285162203013897,
    0.3385673612356186,
    0.3343937750905752,
    0.3374432008713484,
    0.3334925025701523,
    0.33297083992511034,
    0.33681976795196533,
    0.3328047227114439,
    0.3335118070244789,
    0.33223642501980066,
    0.33262777514755726,
    0.33246949687600136,
    0.333010321483016,
    0.332621144130826,
    0.33494720607995987,
    0.33175861928611994,
    0.333113607019186,
    0.3330944189801812,
    0.33427744545042515,
    0.3344481997191906,
    0.3315519895404577,
    0.33381075598299503,
    0.33247935213148594,
    0.3328964188694954,
    0.3322438281029463,
    0.33252993412315845,
    0.33141924627125263,
    0.332047114148736,
    0.3326826598495245,
    0.3345136735588312,
    0.3333688974380493,
    0.33377882838249207,
    0.3314018566161394,
    0.33144174702465534,
    0.331579577177763,
    0.3314891029149294,
    0.33200690150260925,
    0.3317969720810652,
    0.3320076707750559,
    0.331699900329113,
    0.33161718770861626,
    0.3315887451171875,
    0.3316343631595373,
    0.33204441145062447,
    0.33143336698412895,
    0.3315350553020835,
    0.33188276924192905,
    0.33147259894758463
  ],
  "epochs": [
    0,
    1,
    2,
    3,
    4,
    5,
    6,
    7,
    8,
    9,
    10,
    11,
    12,
    13,
    14,
    15,
    16,
    17,
    18,
    19,
    20,
    21,
    22,
    23,
    24,
    25,
    26,
    27,
    28,
    29,
    30,
    31,
    32,
    33,
    34,
    35,
    36,
    37,
    38,
    39,
    40,
    41,
    42,
    43,
    44,
    45,
    46,
    47,
    48,
    49,
    50,
    51,
    52,
    53,
    54
  ]
}