{
  "train_loss": [
    0.39651016945188694,
    0.22802167345177043,
    0.21792586906389758,
    0.21439738138155504,
    0.20827427723191,
    0.21049658073620361,
    0.20813751735470512,
    0.20790418765761637,
    0.20584095797755503,
    0.20526866398074411,
    0.2033276165073568,
    0.20516205592588946,
    0.20578771829605103,
    0.2042227948253805,
    0.20179378877986562,
    0.20355468148534947,
    0.20300896628336473,
    0.2002302210439335,
    0.2008009826595133,
    0.20056288215247067,
    0.19927477646957745,
    0.19809556305408477,
    0.19801218618046154,
    0.19889715313911438,
    0.20044159455732866,
    0.19755242629484696,
    0.19714026749134064,
    0.19661901931871067,
    0.1972956971688704,
    0.1985920030962337,
    0.1988622939044779,
    0.19959532672708685,
    0.19860408035191623,
    0.19849741648543964,
    0.19672941755164752
  ],
  "val_loss": [
    0.2327861599624157,
    0.23027622140944004,
    0.22347583901137114,
    0.22445655148476362,
    0.22449302300810814,
    0.218895117752254,
    0.2221372164785862,
    0.219811306335032,
    0.2246373789384961,
    0.22218694910407066,
    0.21838549245148897,
    0.2216442972421646,
    0.22191153839230537,
    0.22111861128360033,
    0.22108805365860462,
    0.2275194562971592,
    0.22376741003245115,
    0.21704353112727404,
    0.21538293175399303,
    0.2150696823373437,
    0.21622438170015812,
    0.2165896687656641,
    0.21781429648399353,
    0.21600216999650002,
    0.21568746026605368,
    0.21623687911778688,
    0.21628927811980247,
    0.2160819573327899,
    0.216234908439219,
    0.21608568262308836,
    0.21632978413254023,
    0.21592475101351738,
    0.21590260043740273,
    0.21600873675197363,
    0.21585084777325392
  ],
  "epochs": [
    0,
    1,
    2,
    3,
    4,
    5,
    6,
    7,
    8,
    9,
    10,
    11,
    12,
    13,
    14,
    15,
    16,
    17,
    18,
    19,
    20,
    21,
    22,
    23,
    24,
    25,
    26,
    27,
    28,
    29,
    30,
    31,
    32,
    33,
    34
  ]
}