{
  "train_loss": [
    0.43624592450532046,
    0.2683276366103779,
    0.2587849719957872,
    0.25614115731282666,
    0.25365973196246405,
    0.25121964947743847,
    0.25352765213359485,
    0.2514313597570766,
    0.25041774132034994,
    0.24652969322421334,
    0.24586423391645604,
    0.24491905299100009,
    0.24478554888205095,
    0.24411494786089116,
    0.24210800528526305,
    0.24339402670210059,
    0.2462478811090643,
    0.24152385267344387,
    0.24202032658186826,
    0.23863260041583667,
    0.242317596077919,
    0.241947909376838,
    0.24190029122612694,
    0.2424511576240713,
    0.23706143606792796,
    0.23665412935343655,
    0.23640738129615785,
    0.23609278716824272,
    0.23648259097879584,
    0.23598808375271885,
    0.23633282482624055,
    0.2376305103302002,
    0.23629635328596288,
    0.237347181818702,
    0.23672916238958186,
    0.23387436785481192,
    0.2351755212653767,
    0.2358278041536158,
    0.2360878109931946,
    0.23599139153957366,
    0.2353228991681879,
    0.23602378991517153
  ],
  "val_loss": [
    0.27908964082598686,
    0.28760807029902935,
    0.27559705451130867,
    0.2723385728895664,
    0.27732248697429895,
    0.2793120974674821,
    0.2805310608819127,
    0.2793558668345213,
    0.2706146165728569,
    0.2711126944050193,
    0.2906783800572157,
    0.2954103462398052,
    0.2648148834705353,
    0.2925907392054796,
    0.2827785313129425,
    0.2680074330419302,
    0.27169588953256607,
    0.26348377019166946,
    0.26416037045419216,
    0.30286762304604053,
    0.2674527410417795,
    0.2700021769851446,
    0.2651296127587557,
    0.27726789098232985,
    0.2619626959785819,
    0.2612561760470271,
    0.26005262695252895,
    0.2605821592733264,
    0.26081694290041924,
    0.2643373440951109,
    0.2601350164040923,
    0.26064628176391125,
    0.26228157989680767,
    0.2613111240789294,
    0.2605547225102782,
    0.26078234426677227,
    0.26049733255058527,
    0.2604990787804127,
    0.2607272993773222,
    0.26048571430146694,
    0.2606553714722395,
    0.2603034731000662
  ],
  "epochs": [
    0,
    1,
    2,
    3,
    4,
    5,
    6,
    7,
    8,
    9,
    10,
    11,
    12,
    13,
    14,
    15,
    16,
    17,
    18,
    19,
    20,
    21,
    22,
    23,
    24,
    25,
    26,
    27,
    28,
    29,
    30,
    31,
    32,
    33,
    34,
    35,
    36,
    37,
    38,
    39,
    40,
    41
  ]
}