{
  "train_loss": [
    0.45778882693160666,
    0.29072590605779125,
    0.28302233490076933,
    0.2798289962790229,
    0.2750279193574732,
    0.2728927018967542,
    0.27398984134197235,
    0.26972886459393935,
    0.27160132310607216,
    0.2732508740641854,
    0.2656782497059215,
    0.26921871385791085,
    0.2672452357682315,
    0.26664342365481636,
    0.2663791390982541,
    0.2660657191818411,
    0.2619165962392634,
    0.2633944424715909,
    0.26102542877197266,
    0.26276883347467944,
    0.2612387730316682,
    0.26290887892246245,
    0.25920522131703116,
    0.26235261153091083,
    0.259605428034609,
    0.26054632717912846,
    0.2612028988924893,
    0.2616984689777548,
    0.2622479455037551,
    0.26088015816428445,
    0.2588686444542625,
    0.25740842548283666,
    0.260093968835744,
    0.2602145731449127,
    0.25771582587198777,
    0.2592747531153939,
    0.259424399245869,
    0.2607891871170564,
    0.2573086846958507
  ],
  "val_loss": [
    0.31548248045146465,
    0.3311464861035347,
    0.3138415664434433,
    0.3040301762521267,
    0.37232546508312225,
    0.312201788648963,
    0.3124972004443407,
    0.40702572651207447,
    0.33361113257706165,
    0.3007968729361892,
    0.3138171983882785,
    0.32560797594487667,
    0.30968561582267284,
    0.31785422191023827,
    0.31433732621371746,
    0.3166047353297472,
    0.29890439193695784,
    0.29913622327148914,
    0.3036220818758011,
    0.30147195514291525,
    0.30016365367919207,
    0.29762990213930607,
    0.29971962608397007,
    0.29675472993403673,
    0.30138982366770506,
    0.29925743117928505,
    0.297298819757998,
    0.2973566874861717,
    0.2974457209929824,
    0.29828847106546164,
    0.2983687063679099,
    0.29792845249176025,
    0.2977787908166647,
    0.2975597642362118,
    0.29759959504008293,
    0.2975583290681243,
    0.29758917167782784,
    0.2976974630728364,
    0.2976154424250126
  ],
  "epochs": [
    0,
    1,
    2,
    3,
    4,
    5,
    6,
    7,
    8,
    9,
    10,
    11,
    12,
    13,
    14,
    15,
    16,
    17,
    18,
    19,
    20,
    21,
    22,
    23,
    24,
    25,
    26,
    27,
    28,
    29,
    30,
    31,
    32,
    33,
    34,
    35,
    36,
    37,
    38
  ]
}