{
  "train_loss": [
    0.4294819791208614,
    0.27302390472455457,
    0.2637912338430231,
    0.2601656063036485,
    0.2583581490950151,
    0.25478872873566366,
    0.2548441656611182,
    0.25401562587781384,
    0.2522318197922273,
    0.2511067073453556,
    0.25215398831800984,
    0.24958124892278152,
    0.248364473472942,
    0.24576682204549963,
    0.2479326462203806,
    0.2470660840923136,
    0.24772000908851624,
    0.2463866965337233,
    0.246423325213519,
    0.2460618569092317,
    0.2451574463735927,
    0.24540554935281927,
    0.2455547191879966,
    0.24522932171821593,
    0.2458211763338609,
    0.24522866254503076,
    0.24665662700479682
  ],
  "val_loss": [
    0.33315296843647957,
    0.2840789435431361,
    0.28716818802058697,
    0.2926547070965171,
    0.27651654183864594,
    0.2813877500593662,
    0.2807377716526389,
    0.28188242949545383,
    0.2853153748437762,
    0.2782588843256235,
    0.27721009962260723,
    0.27471286337822676,
    0.2750698961317539,
    0.27573676593601704,
    0.2747599044814706,
    0.27593259513378143,
    0.2754446668550372,
    0.27479032427072525,
    0.2752764457836747,
    0.27488853223621845,
    0.27497738413512707,
    0.27501887641847134,
    0.27507074270397425,
    0.2753411056473851,
    0.2753731496632099,
    0.27501291409134865,
    0.2752961553633213
  ],
  "epochs": [
    0,
    1,
    2,
    3,
    4,
    5,
    6,
    7,
    8,
    9,
    10,
    11,
    12,
    13,
    14,
    15,
    16,
    17,
    18,
    19,
    20,
    21,
    22,
    23,
    24,
    25,
    26
  ]
}