{
  "train_loss": [
    0.4059322389689359,
    0.24828259484334425,
    0.23555009527639909,
    0.23384844389828768,
    0.23036154508590698,
    0.22937702265652743,
    0.23059805496172472,
    0.22725381309335882,
    0.2294048087163405,
    0.22694691825996746,
    0.2268702181902799,
    0.2254564729603854,
    0.22378710210323333,
    0.22164175754243678,
    0.22300657846710897,
    0.22232146859169005,
    0.221506822922013,
    0.22035043320872566,
    0.22017945728518745,
    0.21996870013800535,
    0.22248336510224775
  ],
  "val_loss": [
    0.2772771930322051,
    0.2738247290253639,
    0.282728249207139,
    0.27472375705838203,
    0.2706664465367794,
    0.2632184000685811,
    0.2732108645141125,
    0.29772245325148106,
    0.27186432108283043,
    0.2684989655390382,
    0.2757554668933153,
    0.26802416145801544,
    0.26769607700407505,
    0.2695325156673789,
    0.2659626789391041,
    0.26897934824228287,
    0.26805420592427254,
    0.2672736970707774,
    0.26713099982589483,
    0.2663478581234813,
    0.26694518607109785
  ],
  "epochs": [
    0,
    1,
    2,
    3,
    4,
    5,
    6,
    7,
    8,
    9,
    10,
    11,
    12,
    13,
    14,
    15,
    16,
    17,
    18,
    19,
    20
  ]
}