{
  "train_loss": [
    0.4313658914782784,
    0.26813466440547595,
    0.25966729467565364,
    0.25251858857544984,
    0.24925499287518588,
    0.2524414149197665,
    0.25607024837623943,
    0.24873641702261837,
    0.25018575543707067,
    0.2446435654705221,
    0.24222722188992935,
    0.24345129430294038,
    0.24205646271055395,
    0.2419716715812683,
    0.24286123676733537,
    0.24286354021592574,
    0.24205532561648976,
    0.24321964383125305,
    0.24171689613298936,
    0.2401513934135437,
    0.24438587481325322,
    0.24163338081403213,
    0.242449767481197,
    0.2438622924414548,
    0.24324148351495917,
    0.24253472956744107,
    0.24100414568727666,
    0.2410938634113832,
    0.24003263847394424,
    0.2382393018765883,
    0.24053547517819837,
    0.24207195477052168
  ],
  "val_loss": [
    0.2956591881811619,
    0.29413960222154856,
    0.2829140117391944,
    0.283622357994318,
    0.293454366736114,
    0.29420968424528837,
    0.297114385291934,
    0.2886364022269845,
    0.2869386840611696,
    0.2783248769119382,
    0.27763740718364716,
    0.27864539809525013,
    0.2785941604524851,
    0.2801648145541549,
    0.2774590440094471,
    0.2788722924888134,
    0.27717577386647463,
    0.2775703491643071,
    0.27811433468014,
    0.279284349642694,
    0.2788978535681963,
    0.27889221254736185,
    0.27873477805405855,
    0.2790995854884386,
    0.27792332880198956,
    0.27812790870666504,
    0.27816253434866667,
    0.2782185170799494,
    0.27760897669941187,
    0.2777916584163904,
    0.27767044119536877,
    0.2782648652791977
  ],
  "epochs": [
    0,
    1,
    2,
    3,
    4,
    5,
    6,
    7,
    8,
    9,
    10,
    11,
    12,
    13,
    14,
    15,
    16,
    17,
    18,
    19,
    20,
    21,
    22,
    23,
    24,
    25,
    26,
    27,
    28,
    29,
    30,
    31
  ]
}