{
  "train_loss": [
    0.4297040370377627,
    0.256495692784136,
    0.24816150692376224,
    0.24085774530063975,
    0.23925975344397804,
    0.23796423023397273,
    0.23666785034266385,
    0.23616613718596371,
    0.23393695571205833,
    0.2305902822451158,
    0.23115400780331005,
    0.23117994991215793,
    0.2321529047055678,
    0.2287636093117974,
    0.23006782206622037,
    0.23076543401588093,
    0.2289109395308928,
    0.22997475076805463,
    0.22932419370521198,
    0.23004229989918795,
    0.229507240653038,
    0.2293097441846674,
    0.2292305583303625,
    0.2291255379265005,
    0.2294416899030859,
    0.23012479435313832,
    0.22873836240985176,
    0.22897426756945524
  ],
  "val_loss": [
    0.3031471520662308,
    0.2974196784198284,
    0.27465889882296324,
    0.2800867026671767,
    0.3130881357938051,
    0.28089595679193735,
    0.27502147015184164,
    0.2783194649964571,
    0.29517524410039186,
    0.2730757687240839,
    0.2700425945222378,
    0.27152520418167114,
    0.27001631539314985,
    0.27130942046642303,
    0.2716075163334608,
    0.27198627032339573,
    0.27162767946720123,
    0.27075694873929024,
    0.27152703888714314,
    0.2706184918060899,
    0.27124910335987806,
    0.27175865415483713,
    0.27032262552529573,
    0.27117561735212803,
    0.27098133973777294,
    0.27051044162362814,
    0.2707317778840661,
    0.27094405610114336
  ],
  "epochs": [
    0,
    1,
    2,
    3,
    4,
    5,
    6,
    7,
    8,
    9,
    10,
    11,
    12,
    13,
    14,
    15,
    16,
    17,
    18,
    19,
    20,
    21,
    22,
    23,
    24,
    25,
    26,
    27
  ]
}