{
  "train_loss": [
    0.4180875060233203,
    0.2502376743338325,
    0.24595447101376272,
    0.24489930055358194,
    0.2400891290469603,
    0.23938341818072578,
    0.23926596695726568,
    0.23427095169370823,
    0.23269955759698693,
    0.23175539455630562,
    0.2321790649132295,
    0.229844270511107,
    0.229034114967693,
    0.2289273896000602,
    0.23183128481561488,
    0.2286694131114266,
    0.22895911281759088,
    0.22734874812039463,
    0.22898800481449474,
    0.22928548238494179,
    0.2301465768705715,
    0.22749900248917668,
    0.22874288965355266,
    0.22871506187048826,
    0.2284603002396497,
    0.2273324874314395,
    0.227185673605312,
    0.2256467740644108,
    0.22628784017129377,
    0.2273025095462799,
    0.22655539295890115,
    0.22671975954012438,
    0.22837962941689924,
    0.22812015278772874
  ],
  "val_loss": [
    0.30085692275315523,
    0.2750376369804144,
    0.2629820676520467,
    0.27185073401778936,
    0.2703018244355917,
    0.36374546959996223,
    0.2651776848360896,
    0.32668110728263855,
    0.29028971400111914,
    0.2601897129788995,
    0.25906097516417503,
    0.2598778223618865,
    0.2585969930514693,
    0.2613061247393489,
    0.2601872319355607,
    0.2596968337893486,
    0.2593570528551936,
    0.26009817980229855,
    0.25798111502081156,
    0.26644118316471577,
    0.2603248246014118,
    0.2579927472397685,
    0.25846008211374283,
    0.2581709027290344,
    0.25912495609372854,
    0.2587132519111037,
    0.25806023366749287,
    0.25848385971039534,
    0.2580263391137123,
    0.25810469314455986,
    0.2584174396470189,
    0.25823389273136854,
    0.25865226797759533,
    0.2581868879497051
  ],
  "epochs": [
    0,
    1,
    2,
    3,
    4,
    5,
    6,
    7,
    8,
    9,
    10,
    11,
    12,
    13,
    14,
    15,
    16,
    17,
    18,
    19,
    20,
    21,
    22,
    23,
    24,
    25,
    26,
    27,
    28,
    29,
    30,
    31,
    32,
    33
  ]
}