{
  "train_loss": [
    0.4269686449657787,
    0.2484317115762017,
    0.23662243675101888,
    0.23420716632496227,
    0.23237011161717502,
    0.23000229813835837,
    0.23296923501925035,
    0.2313916945999319,
    0.23456869911063802,
    0.22883556376804004,
    0.2245336036790501,
    0.22669953676787288,
    0.22578982521187174,
    0.2247755299914967,
    0.22502774867144498,
    0.22564289488575676,
    0.22917259227145803,
    0.22692156461152163,
    0.22611143399368633,
    0.22711798440326345,
    0.22526353218338707,
    0.22741325849836522,
    0.22767841734669425,
    0.2260419487953186,
    0.2238089621067047,
    0.22405237365852704,
    0.22309945848855106,
    0.2255965536290949,
    0.22386705116792158,
    0.2245164164087989,
    0.22325483018701728,
    0.22374691583893516,
    0.22066957164894452,
    0.21832966939969498,
    0.22232885631647978,
    0.2185028241439299,
    0.21931085153059526,
    0.21913057674061168,
    0.2194037602706389,
    0.2190832490270788,
    0.2189704567193985
  ],
  "val_loss": [
    0.27783719170838594,
    0.2830078611150384,
    0.27254713512957096,
    0.2832794366404414,
    0.27777262683957815,
    0.2721419157460332,
    0.26661446411162615,
    0.2707696733996272,
    0.2743873381987214,
    0.26797043811529875,
    0.26927014254033566,
    0.26632576528936625,
    0.2824546108022332,
    0.26840508356690407,
    0.27449264377355576,
    0.27042046189308167,
    0.27372253499925137,
    0.2636468047276139,
    0.27549602929502726,
    0.27909361850470304,
    0.26345391385257244,
    0.2694556200876832,
    0.26770934648811817,
    0.26639421842992306,
    0.27364421635866165,
    0.26231635082513094,
    0.2746086735278368,
    0.26323109585791826,
    0.29634806234389544,
    0.27051646169275045,
    0.2814712831750512,
    0.300906790420413,
    0.2629019785672426,
    0.26370798889547586,
    0.2631311109289527,
    0.26300596725195646,
    0.2631819602102041,
    0.26300073880702257,
    0.263051625341177,
    0.26303989067673683,
    0.2632068181410432
  ],
  "epochs": [
    0,
    1,
    2,
    3,
    4,
    5,
    6,
    7,
    8,
    9,
    10,
    11,
    12,
    13,
    14,
    15,
    16,
    17,
    18,
    19,
    20,
    21,
    22,
    23,
    24,
    25,
    26,
    27,
    28,
    29,
    30,
    31,
    32,
    33,
    34,
    35,
    36,
    37,
    38,
    39,
    40
  ]
}