{
  "summary": {
    "norm_name": "robust_normalized",
    "num_chips_requested": 10,
    "num_chips_processed": 10,
    "num_chips_with_metrics": 10,
    "generated_at": "2025-11-18T02:50:56.426370"
  },
  "averages": {
    "train": {
      "accuracy": 0.8943714285714286,
      "precision": 0.8931518045144738,
      "recall": 0.8943714285714286,
      "f1": 0.8931051902554573,
      "num_chips": 10
    },
    "val": {
      "accuracy": 0.8817341329335331,
      "precision": 0.8801971489795749,
      "recall": 0.8817341329335331,
      "f1": 0.8801688028945343,
      "num_chips": 10
    },
    "test": {
      "accuracy": 0.8789289289289289,
      "precision": 0.8774467021722501,
      "recall": 0.8789289289289289,
      "f1": 0.8772458989653341,
      "num_chips": 10
    }
  },
  "per_chip": {
    "1": {
      "train": {
        "accuracy": 0.8985714285714286,
        "precision": 0.8973857953976836,
        "recall": 0.8985714285714286,
        "f1": 0.8975218078162445
      },
      "val": {
        "accuracy": 0.8833083458270865,
        "precision": 0.881868192085634,
        "recall": 0.8833083458270865,
        "f1": 0.8821706104724605
      },
      "test": {
        "accuracy": 0.8913913913913913,
        "precision": 0.889896346314447,
        "recall": 0.8913913913913913,
        "f1": 0.8898709777479376
      }
    },
    "2": {
      "train": {
        "accuracy": 0.8941428571428571,
        "precision": 0.8928545122377498,
        "recall": 0.8941428571428571,
        "f1": 0.8925791463937707
      },
      "val": {
        "accuracy": 0.8755622188905547,
        "precision": 0.8736105147154175,
        "recall": 0.8755622188905547,
        "f1": 0.873759303631223
      },
      "test": {
        "accuracy": 0.8743743743743744,
        "precision": 0.8728116013897448,
        "recall": 0.8743743743743744,
        "f1": 0.8722595494320261
      }
    },
    "3": {
      "train": {
        "accuracy": 0.8995,
        "precision": 0.8984767848294049,
        "recall": 0.8995,
        "f1": 0.8986726996207546
      },
      "val": {
        "accuracy": 0.8910544727636182,
        "precision": 0.8900943313851829,
        "recall": 0.8910544727636182,
        "f1": 0.8904085637592944
      },
      "test": {
        "accuracy": 0.8903903903903904,
        "precision": 0.8890730432879215,
        "recall": 0.8903903903903904,
        "f1": 0.8891174948686704
      }
    },
    "4": {
      "train": {
        "accuracy": 0.9002142857142857,
        "precision": 0.8990208106667859,
        "recall": 0.9002142857142857,
        "f1": 0.8988406976072969
      },
      "val": {
        "accuracy": 0.8868065967016492,
        "precision": 0.8853375711818021,
        "recall": 0.8868065967016492,
        "f1": 0.8847874947744975
      },
      "test": {
        "accuracy": 0.8783783783783784,
        "precision": 0.877214429507762,
        "recall": 0.8783783783783784,
        "f1": 0.8775239839469269
      }
    },
    "5": {
      "train": {
        "accuracy": 0.8865,
        "precision": 0.8851739197031644,
        "recall": 0.8865,
        "f1": 0.8849433544312214
      },
      "val": {
        "accuracy": 0.867816091954023,
        "precision": 0.8657767649719624,
        "recall": 0.867816091954023,
        "f1": 0.8661443910545025
      },
      "test": {
        "accuracy": 0.8618618618618619,
        "precision": 0.8598932146317824,
        "recall": 0.8618618618618619,
        "f1": 0.8599109082430496
      }
    },
    "6": {
      "train": {
        "accuracy": 0.9010714285714285,
        "precision": 0.8999352085031798,
        "recall": 0.9010714285714285,
        "f1": 0.899665046749353
      },
      "val": {
        "accuracy": 0.8930534732633684,
        "precision": 0.8917998595711718,
        "recall": 0.8930534732633684,
        "f1": 0.8914380609213418
      },
      "test": {
        "accuracy": 0.8848848848848849,
        "precision": 0.8836160693348574,
        "recall": 0.8848848848848849,
        "f1": 0.8821135343628346
      }
    },
    "7": {
      "train": {
        "accuracy": 0.9012142857142857,
        "precision": 0.9002613715903495,
        "recall": 0.9012142857142857,
        "f1": 0.9004968886268744
      },
      "val": {
        "accuracy": 0.892303848075962,
        "precision": 0.8909460310221713,
        "recall": 0.892303848075962,
        "f1": 0.89082769629925
      },
      "test": {
        "accuracy": 0.8868868868868869,
        "precision": 0.8855366030038104,
        "recall": 0.8868868868868869,
        "f1": 0.88591752443221
      }
    },
    "8": {
      "train": {
        "accuracy": 0.8641428571428571,
        "precision": 0.8619069277798018,
        "recall": 0.8641428571428571,
        "f1": 0.8621456871428688
      },
      "val": {
        "accuracy": 0.8583208395802099,
        "precision": 0.8555483393688544,
        "recall": 0.8583208395802099,
        "f1": 0.8550691693491734
      },
      "test": {
        "accuracy": 0.8343343343343343,
        "precision": 0.8304853920119232,
        "recall": 0.8343343343343343,
        "f1": 0.8311038203049038
      }
    },
    "9": {
      "train": {
        "accuracy": 0.8942142857142857,
        "precision": 0.8929658012964884,
        "recall": 0.8942142857142857,
        "f1": 0.8925764879694608
      },
      "val": {
        "accuracy": 0.8778110944527736,
        "precision": 0.8766652176159399,
        "recall": 0.8778110944527736,
        "f1": 0.8764750357962265
      },
      "test": {
        "accuracy": 0.8873873873873874,
        "precision": 0.8864717009189688,
        "recall": 0.8873873873873874,
        "f1": 0.8852130404647582
      }
    },
    "10": {
      "train": {
        "accuracy": 0.9041428571428571,
        "precision": 0.9035369131401289,
        "recall": 0.9041428571428571,
        "f1": 0.9036100861967287
      },
      "val": {
        "accuracy": 0.8913043478260869,
        "precision": 0.890324667877613,
        "recall": 0.8913043478260869,
        "f1": 0.8906077028873736
      },
      "test": {
        "accuracy": 0.8993993993993994,
        "precision": 0.8994686213212831,
        "recall": 0.8993993993993994,
        "f1": 0.899428155850025
      }
    }
  }
}