{
  "train_loss": [
    0.5319240784645081,
    0.4298974129286679,
    0.3179567454348911,
    0.22486437778581275,
    0.16259351760149005,
    0.12529193451458756,
    0.10323877909644083,
    0.09067784553901717,
    0.08189536696807906,
    0.07680787368592891,
    0.07322486320002512,
    0.07089242654090577,
    0.06877034582536329,
    0.06704001482237469,
    0.0664521658691493,
    0.06436090880835599,
    0.06409058145162734,
    0.06377116159281948,
    0.06285782612182877,
    0.061836916736581114,
    0.060543851056559524,
    0.060391188507730315,
    0.05948597069152377,
    0.06002345170487057,
    0.05891003612090241,
    0.0587515557252548,
    0.0581448467719284,
    0.05791697233576666,
    0.05730072961950844,
    0.056727060211653066,
    0.05579383383759043,
    0.05715253735130484,
    0.055774179832501845,
    0.05528364083645018,
    0.0545798179066994,
    0.0550296935337511,
    0.05461802321062846,
    0.054011956209486185,
    0.05449023768644441,
    0.05366246057166295,
    0.05351511881771413,
    0.05369180078533563,
    0.05296551963822408,
    0.0524855717339299,
    0.052993110215122055,
    0.052502101329578596,
    0.052456460270014674,
    0.052913410809229726,
    0.05243229064582424,
    0.05188916470686143,
    0.05221178251572631,
    0.0518120908415453,
    0.05187975546006452,
    0.05063036505979571,
    0.05149994824420322,
    0.05082294805991379,
    0.05086753791536798,
    0.05077811627902768,
    0.05036519871008667,
    0.0503731874816797,
    0.050011453865603975,
    0.05089230132881891,
    0.05023584342476997,
    0.04989963989874179,
    0.04832977360283787,
    0.049054683211513544,
    0.04929004900665446,
    0.0499749803441492,
    0.04858390685848215,
    0.04780207030136477,
    0.048779251492497594,
    0.04808534579012882,
    0.047998374365270144,
    0.04727004286748442,
    0.04733696849170056,
    0.0473785709742118,
    0.04674167535691099,
    0.046889429200779306,
    0.046775765639137136,
    0.0474706246432933,
    0.046413048769940034,
    0.04710338754918088,
    0.04673540854318575,
    0.04662308676676317,
    0.04599165928126736,
    0.04697964946993373,
    0.04579197830266574,
    0.045862086750566966,
    0.046632091142237195,
    0.04688226154751399
  ],
  "val_loss": [
    0.509569443948567,
    0.36332543026655917,
    0.24713180540129542,
    0.1664214449003339,
    0.11578584504313767,
    0.08716644402593375,
    0.07094633905217052,
    0.06098226077156142,
    0.053076141083147385,
    0.051178539829561484,
    0.04857238589320332,
    0.04726488624582999,
    0.0454534029820934,
    0.04339022319181823,
    0.04260668895440176,
    0.04374797070049681,
    0.041345953883137554,
    0.043070946098305286,
    0.041634776006685574,
    0.03979397535440512,
    0.04090738449012861,
    0.040619066485669465,
    0.04032375743845478,
    0.040516928833676503,
    0.03925437386496924,
    0.03795195995480754,
    0.03921302717062645,
    0.038600631785811856,
    0.03807996771647595,
    0.039026311234920286,
    0.038661474507534876,
    0.03970268302364275,
    0.03867482232162729,
    0.03678083308041096,
    0.03765071263769641,
    0.03756770307954867,
    0.03759215707832482,
    0.036810594817507085,
    0.036266289884224534,
    0.03562499816471245,
    0.036964861920569095,
    0.03672349868575111,
    0.03825653083913494,
    0.03628797975834459,
    0.03674402427568566,
    0.03730814133014064,
    0.036727411384345036,
    0.036848690037732015,
    0.035376289146370254,
    0.03629513365740422,
    0.037471447882126085,
    0.03503346721699927,
    0.03527481955825351,
    0.034496683976612985,
    0.03598651723586954,
    0.035769423079909754,
    0.03666016989736818,
    0.035792631923686716,
    0.03453794385131914,
    0.03316056225739885,
    0.037009390638559125,
    0.03508858886489179,
    0.03837686417391524,
    0.03576727849140298,
    0.03457073993631639,
    0.034916207662899976,
    0.034270072917570366,
    0.03612266386626288,
    0.034482990336255175,
    0.03383776972768828,
    0.03599273555737455,
    0.03492808211885858,
    0.03433325492078439,
    0.034613217637524944,
    0.034120209675165825,
    0.03381641806045082,
    0.034283418019185774,
    0.03398597560590133,
    0.03363575296534691,
    0.03370853383967187,
    0.033531055433559234,
    0.03403214009013027,
    0.033197769214166326,
    0.033562914963113144,
    0.0342079411202576,
    0.03354099697316997,
    0.03438063344510738,
    0.03365250904171262,
    0.03374160092498642,
    0.03384861701633781
  ],
  "epochs": [
    0,
    1,
    2,
    3,
    4,
    5,
    6,
    7,
    8,
    9,
    10,
    11,
    12,
    13,
    14,
    15,
    16,
    17,
    18,
    19,
    20,
    21,
    22,
    23,
    24,
    25,
    26,
    27,
    28,
    29,
    30,
    31,
    32,
    33,
    34,
    35,
    36,
    37,
    38,
    39,
    40,
    41,
    42,
    43,
    44,
    45,
    46,
    47,
    48,
    49,
    50,
    51,
    52,
    53,
    54,
    55,
    56,
    57,
    58,
    59,
    60,
    61,
    62,
    63,
    64,
    65,
    66,
    67,
    68,
    69,
    70,
    71,
    72,
    73,
    74,
    75,
    76,
    77,
    78,
    79,
    80,
    81,
    82,
    83,
    84,
    85,
    86,
    87,
    88,
    89
  ]
}