{
  "train_loss": [
    0.6360757641358809,
    0.504396515976299,
    0.3654364000396295,
    0.25038379262794147,
    0.173165399689566,
    0.12725556047125297,
    0.10211170958524401,
    0.08746644763783976,
    0.0804014303399758,
    0.07507191718640653,
    0.07129554464397106,
    0.06730220227417621,
    0.06603006981990554,
    0.0635351182926785,
    0.06373984147201886,
    0.06230883191255006,
    0.06156351624564692,
    0.060695822899314494,
    0.058479903966865754,
    0.058945608650418854,
    0.0581960702822967,
    0.05657816183160652,
    0.0568944967131723,
    0.055253550789572975,
    0.0561047841439193,
    0.05539582554250956,
    0.05434698437425223,
    0.054413194673305215,
    0.053564215803688225,
    0.05353373430330645,
    0.053161334043199365,
    0.05225953088565306,
    0.052575684216889476,
    0.05146146445958452,
    0.052630044767125087,
    0.051363947056233886,
    0.04979400641877543,
    0.05096374001015316,
    0.050687650042501364,
    0.04997861325740814,
    0.04883518855680119,
    0.048447867960415114,
    0.049223448376763956,
    0.048636134569956496,
    0.048261750599538744,
    0.04924335221675309,
    0.048937046300958506,
    0.04814062831754034,
    0.04808853889392181,
    0.04717695490541783,
    0.04730996286157858,
    0.04707090935754506,
    0.047408056057650944,
    0.046289483484896754,
    0.046768987673250106,
    0.04636284123428843,
    0.04716538068245757,
    0.046921633461659604,
    0.04512474098666147,
    0.04566984208639373,
    0.04605169917541471,
    0.045602295811880716,
    0.046015210542827846,
    0.04587232221933928,
    0.04502772731537169,
    0.04555236215957187,
    0.04508311336860061,
    0.04455918011001565,
    0.04381980371238156,
    0.04580145224590194,
    0.045070154754952955,
    0.04425315648317337,
    0.04448347986421802,
    0.044474077019840484,
    0.04510590777817097,
    0.04473295113410462,
    0.043463783333586026,
    0.04294463590634141,
    0.04319184352559122,
    0.04255994496867061,
    0.04281814423305067,
    0.043049009628593926,
    0.043389785790985284,
    0.042014951980249446,
    0.042226037300107155,
    0.04203747815706513,
    0.04206865180453116,
    0.043049387054687194,
    0.04099535158242691,
    0.041505346320230854,
    0.042368865763260564,
    0.041170806896618825,
    0.041536099443381484,
    0.04167952869426121,
    0.043022384315051815
  ],
  "val_loss": [
    0.6132771581411361,
    0.4162312595173717,
    0.2786123317666352,
    0.1803432564251125,
    0.12071564937941731,
    0.08636181326583028,
    0.06795304274419323,
    0.056869844964239746,
    0.05119346118299291,
    0.05053343396866695,
    0.04604253190336749,
    0.04457985206972808,
    0.0455256509478204,
    0.040927063615527004,
    0.04194443040178158,
    0.04214914382901043,
    0.04101276599103585,
    0.03957067493465729,
    0.0415510551771149,
    0.038040245926822536,
    0.03952564137580339,
    0.03638093059416861,
    0.03590773869073018,
    0.038229626641259534,
    0.03494025375402998,
    0.036353669778327456,
    0.03601443835359533,
    0.03526429525227286,
    0.03593752070155461,
    0.035370938797132115,
    0.03611867675499525,
    0.0336447078792844,
    0.03400457796233241,
    0.034593065222725275,
    0.03276057217444759,
    0.03462000552972313,
    0.032526064198464155,
    0.03374868387763854,
    0.03417235825618264,
    0.03699428327381611,
    0.03361707957810722,
    0.03422660664655268,
    0.03333714318287093,
    0.031605675883474765,
    0.033586447226116437,
    0.03681319927854929,
    0.03374211256159469,
    0.03176458973030094,
    0.030626963276881726,
    0.03143593165732454,
    0.03062683022581041,
    0.031331993703497575,
    0.032368066103663294,
    0.03154922281682957,
    0.03264074054604862,
    0.031679047309444285,
    0.030490884487517182,
    0.03257464061607607,
    0.029755668333382345,
    0.03258095677592792,
    0.030874964129179717,
    0.03012408772483468,
    0.032377271674340596,
    0.03181875256705098,
    0.028822131527704187,
    0.03271426388528198,
    0.030935206092544833,
    0.03246940904646181,
    0.031286662680213344,
    0.03068882916122675,
    0.034093455626862126,
    0.02972339437401388,
    0.03128855243267026,
    0.03249333752610255,
    0.03031939494831022,
    0.03082355912483763,
    0.03222263869247399,
    0.031116459646727893,
    0.03012788012274541,
    0.031050720703206025,
    0.029674440735834653,
    0.030458889817236923,
    0.030519318929873408,
    0.02944138189777732,
    0.030529627398937012,
    0.030144184004166165,
    0.029639904905343427,
    0.03214687988511287,
    0.030988606624305248,
    0.030250827345298607,
    0.029540490967337976,
    0.030028393119573595,
    0.03099322665075306,
    0.029781824833480644,
    0.030213533504866063
  ],
  "epochs": [
    0,
    1,
    2,
    3,
    4,
    5,
    6,
    7,
    8,
    9,
    10,
    11,
    12,
    13,
    14,
    15,
    16,
    17,
    18,
    19,
    20,
    21,
    22,
    23,
    24,
    25,
    26,
    27,
    28,
    29,
    30,
    31,
    32,
    33,
    34,
    35,
    36,
    37,
    38,
    39,
    40,
    41,
    42,
    43,
    44,
    45,
    46,
    47,
    48,
    49,
    50,
    51,
    52,
    53,
    54,
    55,
    56,
    57,
    58,
    59,
    60,
    61,
    62,
    63,
    64,
    65,
    66,
    67,
    68,
    69,
    70,
    71,
    72,
    73,
    74,
    75,
    76,
    77,
    78,
    79,
    80,
    81,
    82,
    83,
    84,
    85,
    86,
    87,
    88,
    89,
    90,
    91,
    92,
    93,
    94
  ]
}