{
  "train_loss": [
    0.43121482242237436,
    0.2545782205733386,
    0.2452203094959259,
    0.23691198311068795,
    0.2359717610207471,
    0.23233824399384587,
    0.23533395745537497,
    0.23069456734440544,
    0.23406697457486933,
    0.23234708417545666,
    0.23283718797293576,
    0.23025619983673096,
    0.22864782403815875,
    0.22697514593601226,
    0.22685190899805588,
    0.22755551907149227,
    0.22735051187601957,
    0.22695648995312778,
    0.2261599215594205,
    0.22688971161842347,
    0.22670068795030768,
    0.22467385909774087,
    0.22560058669610458,
    0.2247709959745407,
    0.2259837971492247,
    0.2263009876012802,
    0.22617300423708828,
    0.2251699071038853
  ],
  "val_loss": [
    0.2736862124875188,
    0.2729765838012099,
    0.2592749409377575,
    0.26607887633144855,
    0.2702846433967352,
    0.25346988439559937,
    0.2577355317771435,
    0.2577476194128394,
    0.25753124989569187,
    0.2662671357393265,
    0.25440956745296717,
    0.25578299816697836,
    0.25258046481758356,
    0.25390178710222244,
    0.2540362197905779,
    0.25296901166439056,
    0.2531329169869423,
    0.2529567116871476,
    0.2526315823197365,
    0.2526829158887267,
    0.25272087939083576,
    0.2528526624664664,
    0.2528803367167711,
    0.2529039140790701,
    0.25275802332907915,
    0.25302106235176325,
    0.25299619883298874,
    0.2529448280110955
  ],
  "epochs": [
    0,
    1,
    2,
    3,
    4,
    5,
    6,
    7,
    8,
    9,
    10,
    11,
    12,
    13,
    14,
    15,
    16,
    17,
    18,
    19,
    20,
    21,
    22,
    23,
    24,
    25,
    26,
    27
  ]
}