{
  "train_loss": [
    0.3985846679319035,
    0.24337981749664653,
    0.23639539073814045,
    0.2316222450949929,
    0.2315528165210377,
    0.22677332027391953,
    0.22767492017962715,
    0.22643178349191492,
    0.22687685354189438,
    0.22710970748554576,
    0.22276421920819717,
    0.22423887605016882,
    0.2229107211936604,
    0.22257801619443027,
    0.2194924370809035,
    0.21956668496131898,
    0.21813471506942403,
    0.21693464598872444,
    0.22041399641470474,
    0.21691212843764912,
    0.21603019318797373,
    0.21817883388562637,
    0.21744731989773838,
    0.218637369166721,
    0.2167989573695443,
    0.2185610524632714,
    0.219036573713476,
    0.2160235185514797,
    0.21834462826902215,
    0.2163006386973641,
    0.21776418956843288,
    0.21758227429606697,
    0.2172032889994708,
    0.2159804942932996,
    0.21909369284456426,
    0.2174246766350486,
    0.2173174335197969,
    0.2171220676465468,
    0.21812841242009942,
    0.21773115667429838,
    0.21848700940608978,
    0.21897128143093803,
    0.21646576794711025,
    0.2164566327225078,
    0.21604539806192571,
    0.21591300774704325,
    0.21840244152329186,
    0.21657015816731887,
    0.21694062541831624
  ],
  "val_loss": [
    0.2949750442057848,
    0.27703320048749447,
    0.2751109357923269,
    0.27807376626878977,
    0.27680546697229147,
    0.26960665453225374,
    0.2746292185038328,
    0.26673827040940523,
    0.2738811355084181,
    0.26770005375146866,
    0.2717584203928709,
    0.2670281361788511,
    0.2731915144249797,
    0.2714397618547082,
    0.26909774728119373,
    0.266100793145597,
    0.2670464888215065,
    0.26637219823896885,
    0.26926832459867,
    0.26823374070227146,
    0.26719813607633114,
    0.2661740854382515,
    0.2662407364696264,
    0.2660916121676564,
    0.2661120966076851,
    0.2664578966796398,
    0.2664639502763748,
    0.266208385117352,
    0.2664598636329174,
    0.2663643416017294,
    0.26631733775138855,
    0.2661289609968662,
    0.2667991938069463,
    0.26598330307751894,
    0.2664204901084304,
    0.26649901270866394,
    0.26626523584127426,
    0.26621115673333406,
    0.26617164071649313,
    0.2663490427657962,
    0.2661884864792228,
    0.2661813432350755,
    0.2665339969098568,
    0.26637568045407534,
    0.2663007564842701,
    0.2661359189078212,
    0.2668928438797593,
    0.2660619458183646,
    0.26619954500347376
  ],
  "epochs": [
    0,
    1,
    2,
    3,
    4,
    5,
    6,
    7,
    8,
    9,
    10,
    11,
    12,
    13,
    14,
    15,
    16,
    17,
    18,
    19,
    20,
    21,
    22,
    23,
    24,
    25,
    26,
    27,
    28,
    29,
    30,
    31,
    32,
    33,
    34,
    35,
    36,
    37,
    38,
    39,
    40,
    41,
    42,
    43,
    44,
    45,
    46,
    47,
    48
  ]
}