{
  "train_loss": [
    0.4142129505222494,
    0.2306856101209467,
    0.22185221531174398,
    0.22004006965593859,
    0.2133561372756958,
    0.21223573955622585,
    0.21484917889941824,
    0.21115454855290325,
    0.21116326315836473,
    0.20958503159609707,
    0.21102072190154683,
    0.2096431862224232,
    0.20866621028293264,
    0.21122162585908716,
    0.20943710600787943,
    0.2094028789888729,
    0.2079194198955189,
    0.20662015270103107,
    0.20514602281830527,
    0.20438653718341482,
    0.2053554594516754,
    0.203575876084241,
    0.20520643348043616,
    0.20264674127101898,
    0.20409609783779492,
    0.20327744809064,
    0.20310926247726788,
    0.20567571195689113,
    0.20396086979996075,
    0.2036256118254228,
    0.20370283397761257,
    0.20340269912372935,
    0.20325953364372254,
    0.20621859485452826,
    0.2045016359199177,
    0.20436531928452578,
    0.2030967189507051,
    0.20291191068562595,
    0.20309140600941397,
    0.20370597622611306,
    0.2025247340852564,
    0.20054668188095093,
    0.2036645298654383,
    0.20439210534095764,
    0.20264785316857425
  ],
  "val_loss": [
    0.23733937460929155,
    0.2336714081466198,
    0.23169072903692722,
    0.2264237841591239,
    0.23227583710104227,
    0.2233868082985282,
    0.2288487246260047,
    0.23643448296934366,
    0.22233817726373672,
    0.22204591799527407,
    0.221420475281775,
    0.24439603090286255,
    0.22336396668106318,
    0.23798510152846575,
    0.237191298045218,
    0.22337205335497856,
    0.22963955625891685,
    0.21940118819475174,
    0.21936407126486301,
    0.21942182630300522,
    0.2189251771196723,
    0.21912821847945452,
    0.2192057641223073,
    0.21885660104453564,
    0.2198498984798789,
    0.21941573545336723,
    0.218992929905653,
    0.2192661501467228,
    0.2196341333910823,
    0.21873528230935335,
    0.21974334865808487,
    0.21921831276267767,
    0.21907695848494768,
    0.21912731975317,
    0.2188616981729865,
    0.2191358944401145,
    0.21904585789889097,
    0.2192552387714386,
    0.2191823236644268,
    0.21919412724673748,
    0.21925488021224737,
    0.21912734117358923,
    0.21935238875448704,
    0.21920063439756632,
    0.2192803816869855
  ],
  "epochs": [
    0,
    1,
    2,
    3,
    4,
    5,
    6,
    7,
    8,
    9,
    10,
    11,
    12,
    13,
    14,
    15,
    16,
    17,
    18,
    19,
    20,
    21,
    22,
    23,
    24,
    25,
    26,
    27,
    28,
    29,
    30,
    31,
    32,
    33,
    34,
    35,
    36,
    37,
    38,
    39,
    40,
    41,
    42,
    43,
    44
  ]
}