{
  "train_loss": [
    0.45364442765712737,
    0.24933816546743567,
    0.24086807532743973,
    0.23759368712251835,
    0.235790431228551,
    0.23277561353011564,
    0.23232912123203278,
    0.2297037666494196,
    0.23019913109866055,
    0.23042879863218826,
    0.22618283873254602,
    0.22776985385201193,
    0.22794158323244615,
    0.2264101031151685,
    0.22556472447785464,
    0.22657002996314657,
    0.2288496897979216,
    0.22441903352737427,
    0.22601963091980326,
    0.22622972320426593,
    0.2257110213691538,
    0.22518224553628402,
    0.22507936954498292,
    0.22643316401676697,
    0.22502670829946345,
    0.2246562800624154,
    0.22270978499542582,
    0.2251716283234683,
    0.22562786286527461,
    0.22220510108904404,
    0.2254553575407375,
    0.22459448467601428,
    0.22259063910354268,
    0.22372092631730167,
    0.2191655234857039,
    0.2191667914390564,
    0.21864452362060546,
    0.22292607751759616,
    0.21992407928813587,
    0.2213517278432846,
    0.2181324454871091,
    0.2196158460595391,
    0.21954374503005636
  ],
  "val_loss": [
    0.3031755117699504,
    0.3236936330795288,
    0.3000504430383444,
    0.2994745522737503,
    0.3066058224067092,
    0.30553777422755957,
    0.31234460789710283,
    0.3370489040389657,
    0.29708180017769337,
    0.3011394990608096,
    0.3082687724381685,
    0.2840320095419884,
    0.2885395959019661,
    0.29501605965197086,
    0.3069875743240118,
    0.2915644980967045,
    0.2937312489375472,
    0.28173930384218693,
    0.283085610717535,
    0.30356463324278593,
    0.28794571943581104,
    0.28182001132518053,
    0.2975729163736105,
    0.2783631831407547,
    0.2855745228007436,
    0.2779160412028432,
    0.2972021270543337,
    0.2765210447832942,
    0.2799258576706052,
    0.2849167650565505,
    0.2859788201749325,
    0.2949264785274863,
    0.2848774679005146,
    0.2814652733504772,
    0.27963138930499554,
    0.2812504405155778,
    0.28041298408061266,
    0.2818444147706032,
    0.28065398428589106,
    0.281878381036222,
    0.28062407206743956,
    0.2807553932070732,
    0.28059899620711803
  ],
  "epochs": [
    0,
    1,
    2,
    3,
    4,
    5,
    6,
    7,
    8,
    9,
    10,
    11,
    12,
    13,
    14,
    15,
    16,
    17,
    18,
    19,
    20,
    21,
    22,
    23,
    24,
    25,
    26,
    27,
    28,
    29,
    30,
    31,
    32,
    33,
    34,
    35,
    36,
    37,
    38,
    39,
    40,
    41,
    42
  ]
}