{
  "train_loss": [
    0.42936390096491034,
    0.2654773438518698,
    0.2575623506849462,
    0.25365970568223434,
    0.25468368150971155,
    0.25438219688155433,
    0.25294310775670137,
    0.2520789663900029,
    0.24866155927831476,
    0.252695986086672,
    0.25073119320652704,
    0.2500305758281188,
    0.24730984595688907,
    0.24868893975561315,
    0.24753530702807686,
    0.2505497967655009,
    0.24557728306813673,
    0.24647071253169667,
    0.24549700942906466,
    0.24550200565294786,
    0.24701724025336178,
    0.24738888442516327,
    0.2438761375167153,
    0.24248183017427272,
    0.24153758937662298,
    0.2422977314753966,
    0.24150762341239235,
    0.24291852089491758,
    0.2414689540863037,
    0.24216768524863502,
    0.24169791638851165
  ],
  "val_loss": [
    0.3160999212414026,
    0.3061099834740162,
    0.29745301976799965,
    0.3150523155927658,
    0.30921896919608116,
    0.3004129137843847,
    0.29808274656534195,
    0.29701102152466774,
    0.29508152790367603,
    0.2962018698453903,
    0.29127896670252085,
    0.3040799396112561,
    0.29566487669944763,
    0.2997044865041971,
    0.30175596568733454,
    0.2879671286791563,
    0.3121087858453393,
    0.30292800161987543,
    0.2947653438895941,
    0.2963734045624733,
    0.2935855509713292,
    0.3016744405031204,
    0.2901279479265213,
    0.29170428682118654,
    0.2905136737972498,
    0.2897804528474808,
    0.2903449712321162,
    0.2888501388952136,
    0.28948595747351646,
    0.2896267008036375,
    0.28972209617495537
  ],
  "epochs": [
    0,
    1,
    2,
    3,
    4,
    5,
    6,
    7,
    8,
    9,
    10,
    11,
    12,
    13,
    14,
    15,
    16,
    17,
    18,
    19,
    20,
    21,
    22,
    23,
    24,
    25,
    26,
    27,
    28,
    29,
    30
  ]
}