{
  "train_loss": [
    0.4521756302226673,
    0.28945748724720693,
    0.2731995715336366,
    0.269792121106928,
    0.27102281993085686,
    0.26927350136366757,
    0.26552200425754896,
    0.2657929837703705,
    0.26698735166679727,
    0.26559266312555835,
    0.2632218179377643,
    0.25885283052921293,
    0.26342555582523347,
    0.2616876637393778,
    0.26176348057660187,
    0.2589584017341787,
    0.2572584843093699,
    0.2554247056896036,
    0.25540154061534187,
    0.2544340044260025,
    0.25813712098381736,
    0.2556397619572553,
    0.2562034555456855,
    0.25571427778764205,
    0.25539281883023,
    0.25461139570582997,
    0.2557329521937804,
    0.2554066603833979,
    0.25709444284439087,
    0.25526112507690085,
    0.25342122072523293,
    0.2544936169277538,
    0.25814699232578275,
    0.2537289020690051,
    0.25590502213348043,
    0.25206200913949445,
    0.2531358610499989,
    0.25314182341098784,
    0.25496575453064657,
    0.2528303848071532,
    0.25352043970064686,
    0.2549415103413842,
    0.253579134832729
  ],
  "val_loss": [
    0.31011207588016987,
    0.30359439365565777,
    0.30252890195697546,
    0.31359408143907785,
    0.29874284751713276,
    0.30786526296287775,
    0.2963333688676357,
    0.31840723752975464,
    0.29319652635604143,
    0.3288222886621952,
    0.29887731093913317,
    0.3024261053651571,
    0.3099177172407508,
    0.2993643367663026,
    0.3028588676825166,
    0.2906317003071308,
    0.2909938767552376,
    0.29015136789530516,
    0.2910985955968499,
    0.2893719058483839,
    0.29115876369178295,
    0.289996980689466,
    0.29009545128792524,
    0.2888944437727332,
    0.2909902250394225,
    0.28964621014893055,
    0.2920941561460495,
    0.28884640242904425,
    0.2904198933392763,
    0.29075946751981974,
    0.2891579819843173,
    0.2942057214677334,
    0.2895166948437691,
    0.2906263740733266,
    0.2901510652154684,
    0.29012127313762903,
    0.28967517614364624,
    0.2899136207997799,
    0.2896763300523162,
    0.2897364627569914,
    0.2897502901032567,
    0.29010386671870947,
    0.28973886743187904
  ],
  "epochs": [
    0,
    1,
    2,
    3,
    4,
    5,
    6,
    7,
    8,
    9,
    10,
    11,
    12,
    13,
    14,
    15,
    16,
    17,
    18,
    19,
    20,
    21,
    22,
    23,
    24,
    25,
    26,
    27,
    28,
    29,
    30,
    31,
    32,
    33,
    34,
    35,
    36,
    37,
    38,
    39,
    40,
    41,
    42
  ]
}