{
  "train_loss": [
    0.4578052309426394,
    0.31360448788512835,
    0.3110232645815069,
    0.30162365707484157,
    0.2987141573970968,
    0.29484775201840835,
    0.2944833118807186,
    0.29626435474915935,
    0.2933184878392653,
    0.29121230271729553,
    0.29325347298925575,
    0.2946941161697561,
    0.2917839537967335,
    0.2926198710094799,
    0.28785772648724645,
    0.2896652327342467,
    0.2877770047296177,
    0.290712279623205,
    0.28276047706604,
    0.28310590846972034,
    0.28371461169286205,
    0.2845070028846914,
    0.2820659334009344,
    0.2856168196959929,
    0.2824088573455811,
    0.2837143673138185,
    0.2823974598537792,
    0.28279074322093617,
    0.283830851316452,
    0.2817172595045783,
    0.2838784393939105,
    0.2815708415074782,
    0.2812575294212861,
    0.28064576333219354,
    0.283412245999683,
    0.2828142063184218,
    0.2816358869726008,
    0.2823987191373652,
    0.2825534227219495,
    0.28228612515059387,
    0.28133467788046057,
    0.2824339441277764,
    0.28152566145766866,
    0.28304186869751324,
    0.28245675645091317,
    0.2809908132661473,
    0.27889185087247326,
    0.27876920158212837,
    0.28012768842957236,
    0.2798619584603743,
    0.2805613016540354,
    0.2812680165876042,
    0.2804099670865319,
    0.28035740852355956
  ],
  "val_loss": [
    0.31901463493704796,
    0.32793600857257843,
    0.33756646141409874,
    0.31184881646186113,
    0.31751335598528385,
    0.31079573556780815,
    0.31538670882582664,
    0.32386201806366444,
    0.3127837684005499,
    0.31214024126529694,
    0.32069836370646954,
    0.3058138145133853,
    0.32794302701950073,
    0.31269126012921333,
    0.30840771179646254,
    0.308117819018662,
    0.3427216615527868,
    0.31483812909573317,
    0.30542065389454365,
    0.3052110932767391,
    0.30559471528977156,
    0.3051182022318244,
    0.3045509569346905,
    0.3054389413446188,
    0.3046625778079033,
    0.3056884538382292,
    0.30637723859399557,
    0.3059945087879896,
    0.3043412081897259,
    0.30536354146897793,
    0.3048906745389104,
    0.30505167227238417,
    0.30389922484755516,
    0.3052193643525243,
    0.3059681933373213,
    0.3090385012328625,
    0.3056669617071748,
    0.30561997275799513,
    0.3033122466877103,
    0.30380634870380163,
    0.30491969734430313,
    0.3036334775388241,
    0.30597139708697796,
    0.30530191492289305,
    0.30467651411890984,
    0.303989858366549,
    0.30408861860632896,
    0.3045548368245363,
    0.3040798855945468,
    0.3043099967762828,
    0.30431514605879784,
    0.30409404169768095,
    0.30422787740826607,
    0.30435162875801325
  ],
  "epochs": [
    0,
    1,
    2,
    3,
    4,
    5,
    6,
    7,
    8,
    9,
    10,
    11,
    12,
    13,
    14,
    15,
    16,
    17,
    18,
    19,
    20,
    21,
    22,
    23,
    24,
    25,
    26,
    27,
    28,
    29,
    30,
    31,
    32,
    33,
    34,
    35,
    36,
    37,
    38,
    39,
    40,
    41,
    42,
    43,
    44,
    45,
    46,
    47,
    48,
    49,
    50,
    51,
    52,
    53
  ]
}