{
  "train_loss": [
    0.4257689039815556,
    0.25887885093688967,
    0.25581517842682927,
    0.25450656739148225,
    0.24839013571088964,
    0.24434163705869155,
    0.24459876634857872,
    0.24389182247898794,
    0.24519543674859134,
    0.24458251622590152,
    0.24223944246768953,
    0.23960444954308596,
    0.23873544254086235,
    0.2375576680356806,
    0.23901561769572172,
    0.23815600817853755,
    0.23729402179067785,
    0.23995679264718836,
    0.2378164459358562,
    0.23996321911161597,
    0.23758169927380302,
    0.2376281957734715,
    0.23906096734783866,
    0.24051897688345475,
    0.23657782944765957,
    0.2361459111625498
  ],
  "val_loss": [
    0.2772474028170109,
    0.2849274994805455,
    0.2944177919998765,
    0.27495918795466423,
    0.279474388808012,
    0.2927642846480012,
    0.28434779960662127,
    0.2768720043823123,
    0.2836997117847204,
    0.28118828404694796,
    0.2712182644754648,
    0.27139351796358824,
    0.27176421601325274,
    0.27237446140497923,
    0.2728135883808136,
    0.2718580327928066,
    0.2726232698187232,
    0.2725582290440798,
    0.2722894437611103,
    0.27206767257303,
    0.2723184637725353,
    0.27200663555413485,
    0.2721281638368964,
    0.2718972349539399,
    0.27193569112569094,
    0.2719415910542011
  ],
  "epochs": [
    0,
    1,
    2,
    3,
    4,
    5,
    6,
    7,
    8,
    9,
    10,
    11,
    12,
    13,
    14,
    15,
    16,
    17,
    18,
    19,
    20,
    21,
    22,
    23,
    24,
    25
  ]
}