{
  "train_loss": [
    0.4322040286931125,
    0.26658081005920065,
    0.25692579041827807,
    0.2562737229195508,
    0.2476463558998975,
    0.25124099498445335,
    0.24278349280357361,
    0.2437871659343893,
    0.24453993358395315,
    0.2440784979950298,
    0.24250464195554908,
    0.24080452485518022,
    0.24279841672290456,
    0.24693989022211596,
    0.23778452629392796,
    0.23915399638089266,
    0.23956092487681996,
    0.235046802054752,
    0.23636733103882182,
    0.23856067332354458,
    0.2378700779242949,
    0.2363004906611009,
    0.2364706749265844,
    0.2375408728014339,
    0.2371875440532511,
    0.23714356259866196,
    0.23653514710339632,
    0.23657828081737864,
    0.23545325073328885,
    0.23750696940855545,
    0.2376054885712537,
    0.23614437525922602,
    0.2362144730307839,
    0.23557085530324415,
    0.23551644818349318,
    0.23625253303484484,
    0.23736538778651844,
    0.23719667250459844,
    0.2368439658121629,
    0.23567358174107292,
    0.23584737615151838,
    0.23656225583770057,
    0.23644500158049844,
    0.23445882445031946,
    0.23656258610161868,
    0.2354390946301547,
    0.23608258393677797,
    0.23587648651816628,
    0.23699199936606669,
    0.23801174516027623,
    0.23747122883796692,
    0.23788082870570096
  ],
  "val_loss": [
    0.26572625059634447,
    0.27341281343251467,
    0.2556519815698266,
    0.2713896669447422,
    0.26102414727211,
    0.265506817959249,
    0.25678883865475655,
    0.24931071791797876,
    0.2904462954029441,
    0.2538208123296499,
    0.25574920512735844,
    0.252432843670249,
    0.25249632354825735,
    0.24944937601685524,
    0.24763744324445724,
    0.24748936016112566,
    0.24803165812045336,
    0.24813500232994556,
    0.2479821015149355,
    0.24783231876790524,
    0.24816330336034298,
    0.2481251647695899,
    0.24784961994737387,
    0.24784827418625355,
    0.24782881885766983,
    0.2476020259782672,
    0.24793265387415886,
    0.24747110344469547,
    0.24755163956433535,
    0.24757083412259817,
    0.2475154483690858,
    0.24750022403895855,
    0.24764271453022957,
    0.2475829040631652,
    0.24755085725337267,
    0.2476982595399022,
    0.24742447677999735,
    0.24771977588534355,
    0.24753679521381855,
    0.24752712529152632,
    0.2477618996053934,
    0.24756113812327385,
    0.2475507901981473,
    0.2475325707346201,
    0.24747244082391262,
    0.24783112294971943,
    0.24745323229581118,
    0.24755721166729927,
    0.24746869131922722,
    0.2474567499011755,
    0.24753919802606106,
    0.2475096993148327
  ],
  "epochs": [
    0,
    1,
    2,
    3,
    4,
    5,
    6,
    7,
    8,
    9,
    10,
    11,
    12,
    13,
    14,
    15,
    16,
    17,
    18,
    19,
    20,
    21,
    22,
    23,
    24,
    25,
    26,
    27,
    28,
    29,
    30,
    31,
    32,
    33,
    34,
    35,
    36,
    37,
    38,
    39,
    40,
    41,
    42,
    43,
    44,
    45,
    46,
    47,
    48,
    49,
    50,
    51
  ]
}