{
  "train_loss": [
    0.4381696885282343,
    0.26667288650165905,
    0.25757661732760345,
    0.2502745501019738,
    0.2522746506062421,
    0.24832067841833289,
    0.25102417821233924,
    0.24601722061634063,
    0.24319420890374618,
    0.2435270683331923,
    0.24166419831189243,
    0.2409502080895684,
    0.23921812122518366,
    0.2413605570793152,
    0.23819124319336632,
    0.23836414488879118,
    0.23909006796099924,
    0.23543545359914952,
    0.23758050176230344,
    0.236812593720176,
    0.23723836514082822,
    0.23909749253229662,
    0.23946793323213403,
    0.23660009530457585,
    0.23761436722495338,
    0.23875579075379805,
    0.23798465241085398,
    0.2365950272841887,
    0.23956819149580869,
    0.2383055483753031
  ],
  "val_loss": [
    0.28586265724152327,
    0.2967864768579602,
    0.280615015886724,
    0.37273059226572514,
    0.2839684123173356,
    0.35014010965824127,
    0.30271479301154613,
    0.30936163384467363,
    0.3072444908320904,
    0.2667804518714547,
    0.26828251499682665,
    0.2698846096172929,
    0.26937699783593416,
    0.2667820882052183,
    0.26677372492849827,
    0.2698524622246623,
    0.26921538822352886,
    0.2682703621685505,
    0.2680308185517788,
    0.2678273282945156,
    0.26749516371637583,
    0.2674763984978199,
    0.2673426987603307,
    0.266961588524282,
    0.2674469454213977,
    0.26727693248540163,
    0.26725876051932573,
    0.26712472923099995,
    0.26735035236924887,
    0.2673533530905843
  ],
  "epochs": [
    0,
    1,
    2,
    3,
    4,
    5,
    6,
    7,
    8,
    9,
    10,
    11,
    12,
    13,
    14,
    15,
    16,
    17,
    18,
    19,
    20,
    21,
    22,
    23,
    24,
    25,
    26,
    27,
    28,
    29
  ]
}