{
  "summary": {
    "norm_name": "robust_normalized",
    "num_chips_requested": 10,
    "num_chips_processed": 10,
    "num_chips_with_metrics": 10,
    "generated_at": "2025-11-18T14:35:59.589651"
  },
  "averages": {
    "train": {
      "accuracy": 0.9090714285714286,
      "accuracy_std": 0.00939202875217238,
      "precision": 0.9090490939888429,
      "precision_std": 0.009283364407794705,
      "recall": 0.9090714285714286,
      "recall_std": 0.00939202875217238,
      "f1": 0.9090055008790678,
      "f1_std": 0.009330521935965489,
      "num_chips": 10
    },
    "val": {
      "accuracy": 0.8920289855072463,
      "accuracy_std": 0.011683068808309558,
      "precision": 0.8923474973558306,
      "precision_std": 0.011652278803072156,
      "recall": 0.8920289855072463,
      "recall_std": 0.011683068808309558,
      "f1": 0.8921020682826718,
      "f1_std": 0.011675454501612215,
      "num_chips": 10
    },
    "test": {
      "accuracy": 0.892992992992993,
      "accuracy_std": 0.016189934089355332,
      "precision": 0.8931111404221665,
      "precision_std": 0.01614427324147793,
      "recall": 0.892992992992993,
      "recall_std": 0.016189934089355332,
      "f1": 0.8929167889500225,
      "f1_std": 0.016153255703292516,
      "num_chips": 10
    }
  },
  "per_chip": {
    "1": {
      "train": {
        "accuracy": 0.9133571428571429,
        "precision": 0.9134288562564145,
        "recall": 0.9133571428571429,
        "f1": 0.9133920919208357
      },
      "val": {
        "accuracy": 0.899800099950025,
        "precision": 0.9003815974195151,
        "recall": 0.899800099950025,
        "f1": 0.9000360491746469
      },
      "test": {
        "accuracy": 0.9094094094094094,
        "precision": 0.9097006582613855,
        "recall": 0.9094094094094094,
        "f1": 0.9095141190987732
      }
    },
    "2": {
      "train": {
        "accuracy": 0.9063571428571429,
        "precision": 0.9057824645412634,
        "recall": 0.9063571428571429,
        "f1": 0.9059738131823727
      },
      "val": {
        "accuracy": 0.8845577211394303,
        "precision": 0.8831429203533202,
        "recall": 0.8845577211394303,
        "f1": 0.8835698835345609
      },
      "test": {
        "accuracy": 0.8838838838838838,
        "precision": 0.8825336032702481,
        "recall": 0.8838838838838838,
        "f1": 0.8829903662944573
      }
    },
    "3": {
      "train": {
        "accuracy": 0.9280714285714285,
        "precision": 0.927636299254933,
        "recall": 0.9280714285714285,
        "f1": 0.9277364319596392
      },
      "val": {
        "accuracy": 0.9207896051974013,
        "precision": 0.920780073453676,
        "recall": 0.9207896051974013,
        "f1": 0.9207124625574054
      },
      "test": {
        "accuracy": 0.91991991991992,
        "precision": 0.919284178380925,
        "recall": 0.91991991991992,
        "f1": 0.919410581937134
      }
    },
    "4": {
      "train": {
        "accuracy": 0.9165,
        "precision": 0.9162946269489216,
        "recall": 0.9165,
        "f1": 0.9163862762328656
      },
      "val": {
        "accuracy": 0.8985507246376812,
        "precision": 0.8986500414576626,
        "recall": 0.8985507246376812,
        "f1": 0.8985915028512096
      },
      "test": {
        "accuracy": 0.9079079079079079,
        "precision": 0.9071752750271872,
        "recall": 0.9079079079079079,
        "f1": 0.9073854969830232
      }
    },
    "5": {
      "train": {
        "accuracy": 0.8969285714285714,
        "precision": 0.8978846008100975,
        "recall": 0.8969285714285714,
        "f1": 0.8973127064340666
      },
      "val": {
        "accuracy": 0.8830584707646177,
        "precision": 0.8833926554698771,
        "recall": 0.8830584707646177,
        "f1": 0.8832115898377593
      },
      "test": {
        "accuracy": 0.8818818818818819,
        "precision": 0.8837353909569307,
        "recall": 0.8818818818818819,
        "f1": 0.8825506879624524
      }
    },
    "6": {
      "train": {
        "accuracy": 0.9025714285714286,
        "precision": 0.9027250108223551,
        "recall": 0.9025714285714286,
        "f1": 0.9026156104341961
      },
      "val": {
        "accuracy": 0.882808595702149,
        "precision": 0.883797096502534,
        "recall": 0.882808595702149,
        "f1": 0.8832363401836709
      },
      "test": {
        "accuracy": 0.8873873873873874,
        "precision": 0.88916923137452,
        "recall": 0.8873873873873874,
        "f1": 0.888070159980657
      }
    },
    "7": {
      "train": {
        "accuracy": 0.9122857142857143,
        "precision": 0.9129079712631902,
        "recall": 0.9122857142857143,
        "f1": 0.9125455555581471
      },
      "val": {
        "accuracy": 0.8928035982008995,
        "precision": 0.8946392343861569,
        "recall": 0.8928035982008995,
        "f1": 0.8935142503342126
      },
      "test": {
        "accuracy": 0.8933933933933934,
        "precision": 0.8944563669436073,
        "recall": 0.8933933933933934,
        "f1": 0.8938562557962125
      }
    },
    "8": {
      "train": {
        "accuracy": 0.8937142857142857,
        "precision": 0.8932180337005025,
        "recall": 0.8937142857142857,
        "f1": 0.8934302424170955
      },
      "val": {
        "accuracy": 0.8780609695152424,
        "precision": 0.8790048236518816,
        "recall": 0.8780609695152424,
        "f1": 0.8784396729762466
      },
      "test": {
        "accuracy": 0.8588588588588588,
        "precision": 0.8580333265247125,
        "recall": 0.8588588588588588,
        "f1": 0.8583991131117397
      }
    },
    "9": {
      "train": {
        "accuracy": 0.9109285714285714,
        "precision": 0.9108800114278639,
        "recall": 0.9109285714285714,
        "f1": 0.9108977158922953
      },
      "val": {
        "accuracy": 0.8920539730134932,
        "precision": 0.8922130399467019,
        "recall": 0.8920539730134932,
        "f1": 0.8921291356693778
      },
      "test": {
        "accuracy": 0.8938938938938938,
        "precision": 0.8930509641901294,
        "recall": 0.8938938938938938,
        "f1": 0.89335673642774
      }
    },
    "10": {
      "train": {
        "accuracy": 0.91,
        "precision": 0.9097330648628885,
        "recall": 0.91,
        "f1": 0.9097645647591643
      },
      "val": {
        "accuracy": 0.8878060969515242,
        "precision": 0.8874734909169826,
        "recall": 0.8878060969515242,
        "f1": 0.887579795707628
      },
      "test": {
        "accuracy": 0.8933933933933934,
        "precision": 0.8939724092920189,
        "recall": 0.8933933933933934,
        "f1": 0.893634371908034
      }
    }
  }
}