{
  "summary": {
    "norm_name": "robust_normalized",
    "num_chips_requested": 10,
    "num_chips_processed": 10,
    "num_chips_with_metrics": 10,
    "generated_at": "2025-10-22T09:11:29.444005"
  },
  "averages": {
    "train": {
      "accuracy": 0.9107857142857142,
      "precision": 0.9101205940024455,
      "recall": 0.9107857142857142,
      "f1": 0.9102794935659123,
      "num_chips": 10
    },
    "val": {
      "accuracy": 0.898775612193903,
      "precision": 0.898139881841543,
      "recall": 0.898775612193903,
      "f1": 0.8983324459563848,
      "num_chips": 10
    },
    "test": {
      "accuracy": 0.8974974974974975,
      "precision": 0.897018025826393,
      "recall": 0.8974974974974975,
      "f1": 0.8970981906193851,
      "num_chips": 10
    }
  },
  "per_chip": {
    "1": {
      "train": {
        "accuracy": 0.9202857142857143,
        "precision": 0.9197769367124121,
        "recall": 0.9202857142857143,
        "f1": 0.9199346487146178
      },
      "val": {
        "accuracy": 0.9097951024487756,
        "precision": 0.9096081749104569,
        "recall": 0.9097951024487756,
        "f1": 0.9096774984648317
      },
      "test": {
        "accuracy": 0.9084084084084084,
        "precision": 0.9078909961793818,
        "recall": 0.9084084084084084,
        "f1": 0.9080391205396545
      }
    },
    "2": {
      "train": {
        "accuracy": 0.9019285714285714,
        "precision": 0.9008516051194246,
        "recall": 0.9019285714285714,
        "f1": 0.9010046526573663
      },
      "val": {
        "accuracy": 0.894552723638181,
        "precision": 0.8937642783007013,
        "recall": 0.894552723638181,
        "f1": 0.8940367502972
      },
      "test": {
        "accuracy": 0.8938938938938938,
        "precision": 0.8939585842267563,
        "recall": 0.8938938938938938,
        "f1": 0.8938918845594445
      }
    },
    "3": {
      "train": {
        "accuracy": 0.923,
        "precision": 0.9224992506662971,
        "recall": 0.923,
        "f1": 0.9226486443914965
      },
      "val": {
        "accuracy": 0.912543728135932,
        "precision": 0.9120648902897704,
        "recall": 0.912543728135932,
        "f1": 0.9122382610759137
      },
      "test": {
        "accuracy": 0.9069069069069069,
        "precision": 0.9068284771812871,
        "recall": 0.9069069069069069,
        "f1": 0.9068591974656419
      }
    },
    "4": {
      "train": {
        "accuracy": 0.92,
        "precision": 0.9194837149203352,
        "recall": 0.92,
        "f1": 0.9196377412655641
      },
      "val": {
        "accuracy": 0.9075462268865567,
        "precision": 0.9068069044003022,
        "recall": 0.9075462268865567,
        "f1": 0.9070105588962505
      },
      "test": {
        "accuracy": 0.9064064064064065,
        "precision": 0.9059814874131872,
        "recall": 0.9064064064064065,
        "f1": 0.9059750220976188
      }
    },
    "5": {
      "train": {
        "accuracy": 0.9045,
        "precision": 0.9036352499960271,
        "recall": 0.9045,
        "f1": 0.903872419231176
      },
      "val": {
        "accuracy": 0.896551724137931,
        "precision": 0.8960613546523132,
        "recall": 0.896551724137931,
        "f1": 0.8961843618530967
      },
      "test": {
        "accuracy": 0.8953953953953954,
        "precision": 0.8943540884025863,
        "recall": 0.8953953953953954,
        "f1": 0.8945187569475461
      }
    },
    "6": {
      "train": {
        "accuracy": 0.9104285714285715,
        "precision": 0.9097236372294568,
        "recall": 0.9104285714285715,
        "f1": 0.90992891845158
      },
      "val": {
        "accuracy": 0.8938030984507747,
        "precision": 0.8934870556244812,
        "recall": 0.8938030984507747,
        "f1": 0.8936245858077158
      },
      "test": {
        "accuracy": 0.8958958958958959,
        "precision": 0.8953601034822182,
        "recall": 0.8958958958958959,
        "f1": 0.8955725164298887
      }
    },
    "7": {
      "train": {
        "accuracy": 0.9137857142857143,
        "precision": 0.9138608226341137,
        "recall": 0.9137857142857143,
        "f1": 0.9138222879465998
      },
      "val": {
        "accuracy": 0.9037981009495253,
        "precision": 0.9033372961686232,
        "recall": 0.9037981009495253,
        "f1": 0.9035346624786534
      },
      "test": {
        "accuracy": 0.8923923923923924,
        "precision": 0.891752990331265,
        "recall": 0.8923923923923924,
        "f1": 0.8919941356240977
      }
    },
    "8": {
      "train": {
        "accuracy": 0.888,
        "precision": 0.886842257495384,
        "recall": 0.888,
        "f1": 0.8871350867086424
      },
      "val": {
        "accuracy": 0.8643178410794603,
        "precision": 0.8629218782699466,
        "recall": 0.8643178410794603,
        "f1": 0.8632753021509394
      },
      "test": {
        "accuracy": 0.8758758758758759,
        "precision": 0.8746049724427157,
        "recall": 0.8758758758758759,
        "f1": 0.8748509695015496
      }
    },
    "9": {
      "train": {
        "accuracy": 0.9159285714285714,
        "precision": 0.9151954754952029,
        "recall": 0.9159285714285714,
        "f1": 0.9152830738425133
      },
      "val": {
        "accuracy": 0.9025487256371814,
        "precision": 0.9017983861396286,
        "recall": 0.9025487256371814,
        "f1": 0.901943170912114
      },
      "test": {
        "accuracy": 0.9094094094094094,
        "precision": 0.9085822670992468,
        "recall": 0.9094094094094094,
        "f1": 0.9086733704804839
      }
    },
    "10": {
      "train": {
        "accuracy": 0.91,
        "precision": 0.9093369897558021,
        "recall": 0.91,
        "f1": 0.9095274624495682
      },
      "val": {
        "accuracy": 0.9022988505747126,
        "precision": 0.9015485996592066,
        "recall": 0.9022988505747126,
        "f1": 0.9017993076271306
      },
      "test": {
        "accuracy": 0.8903903903903904,
        "precision": 0.8908662915052848,
        "recall": 0.8903903903903904,
        "f1": 0.8906069325479253
      }
    }
  }
}