{
  "summary": {
    "norm_name": "robust_normalized",
    "num_chips_requested": 10,
    "num_chips_processed": 10,
    "num_chips_with_metrics": 10,
    "generated_at": "2025-10-22T03:33:30.965026"
  },
  "averages": {
    "train": {
      "accuracy": 0.908507142857143,
      "precision": 0.9078012071352003,
      "recall": 0.908507142857143,
      "f1": 0.9079865966415346,
      "num_chips": 10
    },
    "val": {
      "accuracy": 0.8982758620689655,
      "precision": 0.8973490815584224,
      "recall": 0.8982758620689655,
      "f1": 0.8976083185060718,
      "num_chips": 10
    },
    "test": {
      "accuracy": 0.8973973973973977,
      "precision": 0.8967215730711,
      "recall": 0.8973973973973977,
      "f1": 0.8967280403571969,
      "num_chips": 10
    }
  },
  "per_chip": {
    "1": {
      "train": {
        "accuracy": 0.9143571428571429,
        "precision": 0.9137984976665666,
        "recall": 0.9143571428571429,
        "f1": 0.9139883703500485
      },
      "val": {
        "accuracy": 0.9032983508245878,
        "precision": 0.9026276554927996,
        "recall": 0.9032983508245878,
        "f1": 0.9028559393035006
      },
      "test": {
        "accuracy": 0.908908908908909,
        "precision": 0.908688366487503,
        "recall": 0.908908908908909,
        "f1": 0.9087196039101789
      }
    },
    "2": {
      "train": {
        "accuracy": 0.9054285714285715,
        "precision": 0.904608437791257,
        "recall": 0.9054285714285715,
        "f1": 0.9047984583279117
      },
      "val": {
        "accuracy": 0.8900549725137431,
        "precision": 0.888997916590057,
        "recall": 0.8900549725137431,
        "f1": 0.8892382825719801
      },
      "test": {
        "accuracy": 0.8968968968968969,
        "precision": 0.8962935344918802,
        "recall": 0.8968968968968969,
        "f1": 0.8964501632627411
      }
    },
    "3": {
      "train": {
        "accuracy": 0.9317857142857143,
        "precision": 0.9313662943028034,
        "recall": 0.9317857142857143,
        "f1": 0.9313883021479136
      },
      "val": {
        "accuracy": 0.9245377311344328,
        "precision": 0.9239464259990935,
        "recall": 0.9245377311344328,
        "f1": 0.9240538968620634
      },
      "test": {
        "accuracy": 0.9174174174174174,
        "precision": 0.9170334326096979,
        "recall": 0.9174174174174174,
        "f1": 0.916931291245971
      }
    },
    "4": {
      "train": {
        "accuracy": 0.9221428571428572,
        "precision": 0.9215806491551959,
        "recall": 0.9221428571428572,
        "f1": 0.9216390764111643
      },
      "val": {
        "accuracy": 0.907296351824088,
        "precision": 0.9066647091518674,
        "recall": 0.907296351824088,
        "f1": 0.9067691606033409
      },
      "test": {
        "accuracy": 0.9044044044044044,
        "precision": 0.9035578383544217,
        "recall": 0.9044044044044044,
        "f1": 0.9031836129479638
      }
    },
    "5": {
      "train": {
        "accuracy": 0.8921428571428571,
        "precision": 0.8912379942740613,
        "recall": 0.8921428571428571,
        "f1": 0.8915144790736566
      },
      "val": {
        "accuracy": 0.876311844077961,
        "precision": 0.874820243804695,
        "recall": 0.876311844077961,
        "f1": 0.8752327640769646
      },
      "test": {
        "accuracy": 0.8813813813813813,
        "precision": 0.8800591299998464,
        "recall": 0.8813813813813813,
        "f1": 0.8805034979714479
      }
    },
    "6": {
      "train": {
        "accuracy": 0.8998571428571429,
        "precision": 0.8989846480272128,
        "recall": 0.8998571428571429,
        "f1": 0.8992495895698746
      },
      "val": {
        "accuracy": 0.8893053473263368,
        "precision": 0.8881867779210433,
        "recall": 0.8893053473263368,
        "f1": 0.8884967754449591
      },
      "test": {
        "accuracy": 0.9019019019019019,
        "precision": 0.9009683693374022,
        "recall": 0.9019019019019019,
        "f1": 0.9011916518117661
      }
    },
    "7": {
      "train": {
        "accuracy": 0.9096428571428572,
        "precision": 0.9089473984381607,
        "recall": 0.9096428571428572,
        "f1": 0.9091390875282284
      },
      "val": {
        "accuracy": 0.9075462268865567,
        "precision": 0.9069638625043808,
        "recall": 0.9075462268865567,
        "f1": 0.9072037073702053
      },
      "test": {
        "accuracy": 0.8913913913913913,
        "precision": 0.8900411689610603,
        "recall": 0.8913913913913913,
        "f1": 0.8900283632049689
      }
    },
    "8": {
      "train": {
        "accuracy": 0.879,
        "precision": 0.8780417921889186,
        "recall": 0.879,
        "f1": 0.8784016981763835
      },
      "val": {
        "accuracy": 0.8675662168915542,
        "precision": 0.8658542049134932,
        "recall": 0.8675662168915542,
        "f1": 0.866387120106183
      },
      "test": {
        "accuracy": 0.8653653653653653,
        "precision": 0.8654492912349461,
        "recall": 0.8653653653653653,
        "f1": 0.8653440113563752
      }
    },
    "9": {
      "train": {
        "accuracy": 0.9137142857142857,
        "precision": 0.9129603528183741,
        "recall": 0.9137142857142857,
        "f1": 0.9130853398720483
      },
      "val": {
        "accuracy": 0.9107946026986506,
        "precision": 0.9100643658349604,
        "recall": 0.9107946026986506,
        "f1": 0.9102593332752924
      },
      "test": {
        "accuracy": 0.8988988988988988,
        "precision": 0.8977597036169376,
        "recall": 0.8988988988988988,
        "f1": 0.8975424860315055
      }
    },
    "10": {
      "train": {
        "accuracy": 0.917,
        "precision": 0.916486006689451,
        "recall": 0.917,
        "f1": 0.9166615649581149
      },
      "val": {
        "accuracy": 0.9060469765117442,
        "precision": 0.9053646533718328,
        "recall": 0.9060469765117442,
        "f1": 0.9055862054462277
      },
      "test": {
        "accuracy": 0.9074074074074074,
        "precision": 0.9073648956173065,
        "recall": 0.9074074074074074,
        "f1": 0.9073857218290518
      }
    }
  }
}