{
  "summary": {
    "norm_name": "robust_normalized",
    "num_chips_requested": 10,
    "num_chips_processed": 10,
    "num_chips_with_metrics": 10,
    "generated_at": "2025-10-21T21:53:40.640461"
  },
  "averages": {
    "train": {
      "accuracy": 0.9049214285714287,
      "accuracy_std": 0.016802163672623622,
      "precision": 0.9049553464412574,
      "precision_std": 0.0168604888082238,
      "recall": 0.9049214285714287,
      "recall_std": 0.016802163672623622,
      "f1": 0.9048927596222189,
      "f1_std": 0.016818908118506202,
      "num_chips": 10
    },
    "val": {
      "accuracy": 0.8909295352323838,
      "accuracy_std": 0.017656197375395272,
      "precision": 0.8912479292019618,
      "precision_std": 0.01774091971572619,
      "recall": 0.8909295352323838,
      "recall_std": 0.017656197375395272,
      "f1": 0.8910507765359054,
      "f1_std": 0.017687896866081118,
      "num_chips": 10
    },
    "test": {
      "accuracy": 0.8895895895895896,
      "accuracy_std": 0.01865893790577533,
      "precision": 0.8902537956145486,
      "precision_std": 0.018318801664235714,
      "recall": 0.8895895895895896,
      "recall_std": 0.01865893790577533,
      "f1": 0.8898004450450259,
      "f1_std": 0.0185035001354149,
      "num_chips": 10
    }
  },
  "per_chip": {
    "1": {
      "train": {
        "accuracy": 0.9040714285714285,
        "precision": 0.9050317675043165,
        "recall": 0.9040714285714285,
        "f1": 0.9044571750819376
      },
      "val": {
        "accuracy": 0.8948025987006497,
        "precision": 0.8963761637596832,
        "recall": 0.8948025987006497,
        "f1": 0.8954069306384953
      },
      "test": {
        "accuracy": 0.8968968968968969,
        "precision": 0.8962983923706821,
        "recall": 0.8968968968968969,
        "f1": 0.8965251987673413
      }
    },
    "2": {
      "train": {
        "accuracy": 0.9191428571428572,
        "precision": 0.9200280796730196,
        "recall": 0.9191428571428572,
        "f1": 0.9194579241482983
      },
      "val": {
        "accuracy": 0.8960519740129935,
        "precision": 0.8968928399860531,
        "recall": 0.8960519740129935,
        "f1": 0.8964011655527035
      },
      "test": {
        "accuracy": 0.8968968968968969,
        "precision": 0.8974073965187672,
        "recall": 0.8968968968968969,
        "f1": 0.8971154747848405
      }
    },
    "3": {
      "train": {
        "accuracy": 0.8878571428571429,
        "precision": 0.8877461560695286,
        "recall": 0.8878571428571429,
        "f1": 0.8877751846260808
      },
      "val": {
        "accuracy": 0.8798100949525237,
        "precision": 0.8798840390051582,
        "recall": 0.8798100949525237,
        "f1": 0.8798364670264244
      },
      "test": {
        "accuracy": 0.8898898898898899,
        "precision": 0.8900278611532974,
        "recall": 0.8898898898898899,
        "f1": 0.889928949940602
      }
    },
    "4": {
      "train": {
        "accuracy": 0.9295714285714286,
        "precision": 0.9294455916362775,
        "recall": 0.9295714285714286,
        "f1": 0.929495703640377
      },
      "val": {
        "accuracy": 0.9167916041979011,
        "precision": 0.9168017547044712,
        "recall": 0.9167916041979011,
        "f1": 0.9167941744135032
      },
      "test": {
        "accuracy": 0.9169169169169169,
        "precision": 0.9179306827253818,
        "recall": 0.9169169169169169,
        "f1": 0.9172111033193884
      }
    },
    "5": {
      "train": {
        "accuracy": 0.9025,
        "precision": 0.9017899716393559,
        "recall": 0.9025,
        "f1": 0.9020615007837391
      },
      "val": {
        "accuracy": 0.8820589705147426,
        "precision": 0.8820496795508225,
        "recall": 0.8820589705147426,
        "f1": 0.882048382995378
      },
      "test": {
        "accuracy": 0.8773773773773774,
        "precision": 0.8778332363267067,
        "recall": 0.8773773773773774,
        "f1": 0.8775839549860986
      }
    },
    "6": {
      "train": {
        "accuracy": 0.8955,
        "precision": 0.8951540448912962,
        "recall": 0.8955,
        "f1": 0.8953083563532335
      },
      "val": {
        "accuracy": 0.8748125937031485,
        "precision": 0.8744599742456297,
        "recall": 0.8748125937031485,
        "f1": 0.8746063803150919
      },
      "test": {
        "accuracy": 0.8828828828828829,
        "precision": 0.885744582517956,
        "recall": 0.8828828828828829,
        "f1": 0.8838874983998333
      }
    },
    "7": {
      "train": {
        "accuracy": 0.9101428571428571,
        "precision": 0.9096556262657877,
        "recall": 0.9101428571428571,
        "f1": 0.9098503941263324
      },
      "val": {
        "accuracy": 0.8988005997001499,
        "precision": 0.8987925736334194,
        "recall": 0.8988005997001499,
        "f1": 0.8987876123347391
      },
      "test": {
        "accuracy": 0.8988988988988988,
        "precision": 0.8988876580659219,
        "recall": 0.8988988988988988,
        "f1": 0.8988860585948102
      }
    },
    "8": {
      "train": {
        "accuracy": 0.8689285714285714,
        "precision": 0.8690276902125105,
        "recall": 0.8689285714285714,
        "f1": 0.8689757946350165
      },
      "val": {
        "accuracy": 0.8555722138930535,
        "precision": 0.8560692053748845,
        "recall": 0.8555722138930535,
        "f1": 0.855812333870498
      },
      "test": {
        "accuracy": 0.8423423423423423,
        "precision": 0.8439163063712141,
        "recall": 0.8423423423423423,
        "f1": 0.84293478138227
      }
    },
    "9": {
      "train": {
        "accuracy": 0.9216428571428571,
        "precision": 0.921486723593564,
        "recall": 0.9216428571428571,
        "f1": 0.9215552397382285
      },
      "val": {
        "accuracy": 0.915792103948026,
        "precision": 0.9164295804028224,
        "recall": 0.915792103948026,
        "f1": 0.9160667035383262
      },
      "test": {
        "accuracy": 0.8988988988988988,
        "precision": 0.8992363053886308,
        "recall": 0.8988988988988988,
        "f1": 0.8989501466478376
      }
    },
    "10": {
      "train": {
        "accuracy": 0.9098571428571428,
        "precision": 0.9101878129269171,
        "recall": 0.9098571428571428,
        "f1": 0.9099903230889438
      },
      "val": {
        "accuracy": 0.8948025987006497,
        "precision": 0.894723481356675,
        "recall": 0.8948025987006497,
        "f1": 0.8947476146738951
      },
      "test": {
        "accuracy": 0.8948948948948949,
        "precision": 0.8952555347069276,
        "recall": 0.8948948948948949,
        "f1": 0.8949812836272362
      }
    }
  }
}