{
  "train_loss": [
    0.7297677411079406,
    0.6561737471035549,
    0.6339053629466466,
    0.6210122562817165,
    0.6110935964584351,
    0.6050734524181911,
    0.5976451227051871,
    0.5950293197904314,
    0.5899321813583374,
    0.5835772428103856,
    0.5842005878857204,
    0.5776081453868321,
    0.5748429879324777,
    0.5740395965984889,
    0.568993207182203,
    0.5668316079139709,
    0.5653830250740052,
    0.5625286979266575,
    0.5628261961391994,
    0.5587276435715811,
    0.555505837059021,
    0.5568869698251997,
    0.5510852728434972,
    0.5505220330783299,
    0.5492688460622515,
    0.551051613003867,
    0.5473643945012774,
    0.5414699178286961,
    0.5448460751533508,
    0.5412320617812021,
    0.5417274821281433,
    0.5368478953497751,
    0.5409179918697902,
    0.5362580447060721,
    0.5383956555230277,
    0.5359122066361564,
    0.5309191578183855,
    0.5323590398856571,
    0.5303180564131056,
    0.5330602030754089,
    0.5313828607967922,
    0.5300341478484017,
    0.5286470775468008,
    0.5240587243080139,
    0.5243331541606359,
    0.5239605914797102,
    0.5244474049840655,
    0.5274202878202711,
    0.5259908205168587,
    0.5233576174327306,
    0.5241336821828569,
    0.5200480781827654,
    0.519239678968702,
    0.5242138768468584
  ],
  "val_loss": [
    0.4322329185009003,
    0.42993385019302366,
    0.4064960991859436,
    0.39130453143119814,
    0.3925227257728577,
    0.4065083607673645,
    0.40013545751571655,
    0.387478653049469,
    0.3838531536579132,
    0.3756119714260101,
    0.39468336491584777,
    0.39548142037391665,
    0.39343142466545106,
    0.40021693243980405,
    0.38475630111694337,
    0.3835999293327332,
    0.38536277365684507,
    0.37808855791091917,
    0.37440930833816527,
    0.38387841453552246,
    0.3818090784072876,
    0.3803035336494446,
    0.3685987247943878,
    0.3781693535804749,
    0.3841657162666321,
    0.37684360122680666,
    0.37800157017707825,
    0.3636281792640686,
    0.36035271763801574,
    0.36587779636383055,
    0.3686020899295807,
    0.366309482383728,
    0.3632633487701416,
    0.3648972332000732,
    0.36558680353164674,
    0.37167838587760926,
    0.36259919066429136,
    0.3761157259941101,
    0.36417044687271116,
    0.3713405355453491,
    0.3611728428840637,
    0.3776248345375061,
    0.3637194080352783,
    0.356743838596344,
    0.35512656450271607,
    0.36421128101348876,
    0.3509979717254639,
    0.36226299781799315,
    0.3582842272758484,
    0.36357227210998533,
    0.36653627882003786,
    0.36074213819503786,
    0.3540183295726776,
    0.34746059875488283
  ],
  "epochs": [
    0,
    1,
    2,
    3,
    4,
    5,
    6,
    7,
    8,
    9,
    10,
    11,
    12,
    13,
    14,
    15,
    16,
    17,
    18,
    19,
    20,
    21,
    22,
    23,
    24,
    25,
    26,
    27,
    28,
    29,
    30,
    31,
    32,
    33,
    34,
    35,
    36,
    37,
    38,
    39,
    40,
    41,
    42,
    43,
    44,
    45,
    46,
    47,
    48,
    49,
    50,
    51,
    52,
    53
  ]
}