{
    "dataset": "train",
    "accuracy": 0.8783214285714286,
    "macro_precision": 0.8765825356994287,
    "macro_recall": 0.8783214285714286,
    "macro_f1": 0.8765438165084619,
    "weighted_precision": 0.8765825356994288,
    "weighted_recall": 0.8783214285714286,
    "weighted_f1": 0.876543816508462,
    "per_class_metrics": {
        "class_0": {
            "precision": 0.8717045486314966,
            "recall": 0.8908571428571429,
            "f1_score": 0.8811767864460428,
            "support": 35000
        },
        "class_1": {
            "precision": 0.7894250382457929,
            "recall": 0.7076857142857143,
            "f1_score": 0.746323972520188,
            "support": 35000
        },
        "class_2": {
            "precision": 0.849135991955331,
            "recall": 0.9168,
            "f1_score": 0.8816716811606149,
            "support": 35000
        },
        "class_3": {
            "precision": 0.9960645639650944,
            "recall": 0.9979428571428571,
            "f1_score": 0.997002825907002,
            "support": 35000
        }
    },
    "confusion_matrix": [
        [
            31180,
            3739,
            18,
            63
        ],
        [
            4558,
            24769,
            5644,
            29
        ],
        [
            11,
            2855,
            32088,
            46
        ],
        [
            20,
            13,
            39,
            34928
        ]
    ]
}