{
  "train_loss": [
    0.8595943689346314,
    0.6583527879281478,
    0.5288841410116716,
    0.44846786585721105,
    0.4443909617987546,
    0.4202224043282596,
    0.39174058708277615,
    0.40342081893574105,
    0.3898579136891799,
    0.3850988810712641,
    0.38153712153434755,
    0.38689230030233207,
    0.3675894477150657,
    0.37062116048552773,
    0.3630913414738395,
    0.3763362223451788,
    0.3656663851304488,
    0.3580912172794342,
    0.3527699947357178,
    0.359479129856283,
    0.3538406865163283,
    0.3290402320298282,
    0.31668594127351585,
    0.31949427805163644,
    0.3165458137338812,
    0.31579188216816295,
    0.3163823959502307,
    0.3136208406903527,
    0.3147878755222667,
    0.31541892127557236,
    0.31379291388121516,
    0.3162980328906666,
    0.30984694036570465,
    0.3079219327731566,
    0.31288775313984263,
    0.3137359697710384,
    0.31365667500279165,
    0.30805750435048884,
    0.3057672898877751,
    0.3033158161423423,
    0.3049556650898673,
    0.305147926102985,
    0.3067556538365104,
    0.30681903010064904,
    0.3049626117402857,
    0.3068313468586315,
    0.30294301293113013,
    0.3039805685931986,
    0.3070294892246073,
    0.30782248377799987,
    0.3056579890576276,
    0.30688717446543956,
    0.30174875963817943,
    0.3053269481117075,
    0.30275631113485857,
    0.3073997627605091
  ],
  "val_loss": [
    0.8102609291672707,
    0.6878081485629082,
    0.9387820959091187,
    0.4750775471329689,
    0.4400390461087227,
    0.6853008791804314,
    0.4474262557923794,
    0.42179650999605656,
    0.4590449817478657,
    0.3950124476104975,
    0.5108166877180338,
    0.38992650620639324,
    0.3866498526185751,
    1.2203840985894203,
    0.38356849551200867,
    1.1420269757509232,
    0.506494278088212,
    0.5636809337884188,
    0.42875210754573345,
    0.4091647267341614,
    0.7574060186743736,
    0.35940285213291645,
    0.35582990013062954,
    0.3586082924157381,
    0.35439140908420086,
    0.37004868127405643,
    0.3561807610094547,
    0.3633554019033909,
    0.456892516463995,
    0.35716296173632145,
    0.3520506266504526,
    0.3590791877359152,
    0.3531051129102707,
    0.35540605150163174,
    0.3959514405578375,
    0.3698407020419836,
    0.3613561000674963,
    0.34810014069080353,
    0.3476511910557747,
    0.34975737892091274,
    0.3476353604346514,
    0.3481713645160198,
    0.34831063263118267,
    0.34795828349888325,
    0.34959323331713676,
    0.34784618951380253,
    0.3487722035497427,
    0.3482051994651556,
    0.34956372156739235,
    0.3484574481844902,
    0.34799240715801716,
    0.34777235612273216,
    0.3480051402002573,
    0.3489075265824795,
    0.34797765500843525,
    0.34795956313610077
  ],
  "epochs": [
    0,
    1,
    2,
    3,
    4,
    5,
    6,
    7,
    8,
    9,
    10,
    11,
    12,
    13,
    14,
    15,
    16,
    17,
    18,
    19,
    20,
    21,
    22,
    23,
    24,
    25,
    26,
    27,
    28,
    29,
    30,
    31,
    32,
    33,
    34,
    35,
    36,
    37,
    38,
    39,
    40,
    41,
    42,
    43,
    44,
    45,
    46,
    47,
    48,
    49,
    50,
    51,
    52,
    53,
    54,
    55
  ]
}