{
  "train_loss": [
    0.890696056322618,
    0.7469882770018144,
    0.5990579030730507,
    0.5321557299657301,
    0.5247938958081332,
    0.4860960066318512,
    0.45790708606893366,
    0.4612058016386899,
    0.4483198323033073,
    0.4415451694618572,
    0.4304203076796098,
    0.42140732949430293,
    0.42719249508597634,
    0.4135634709488262,
    0.4077866191213781,
    0.40971687165173615,
    0.4169824773615057,
    0.4041848041794517,
    0.37397289763797414,
    0.36950350078669464,
    0.36707752455364573,
    0.36833174391226337,
    0.3629250970753756,
    0.36256214597008446,
    0.36098354133692656,
    0.3666124874895269,
    0.36201720400290055,
    0.35957555825060067,
    0.36280320503494956,
    0.36386705257675866,
    0.3582070041786541,
    0.35645543065938085,
    0.35769342942671345,
    0.35911945646459403,
    0.35703501918099145,
    0.3564094738526778,
    0.35591174472462045,
    0.3571261714805256,
    0.3535121809352528,
    0.35040377541021867,
    0.34867823774164375,
    0.34773939414457844,
    0.34894755482673645,
    0.3500030495903709,
    0.3520158491351388,
    0.34925029602917756,
    0.35038922754201024,
    0.3508546092293479,
    0.3468812828714197,
    0.3466550290584564,
    0.3482847625559026,
    0.3461224301294847,
    0.3485851461237127,
    0.3488917367024855,
    0.34649892449378966,
    0.34625338207591666,
    0.34877722534266387,
    0.34859571077606893,
    0.3466310338540511,
    0.34543510458686133,
    0.34794391014359216,
    0.3448157808997414
  ],
  "val_loss": [
    0.806713230907917,
    0.8364014513790607,
    0.5455565005540848,
    0.5472470074892044,
    0.6689181961119175,
    0.5246978532522917,
    1.2733659148216248,
    0.7549845986068249,
    0.5088032148778439,
    0.5801422540098429,
    0.5927481949329376,
    0.41695621237158775,
    0.4182006102055311,
    0.4783230144530535,
    0.5647121146321297,
    0.7357968650758266,
    0.4237686302512884,
    0.4874932076781988,
    0.4121788553893566,
    0.3702581413090229,
    0.36909520253539085,
    0.36747540906071663,
    0.3950924761593342,
    0.36749391071498394,
    0.38528427109122276,
    0.4385671615600586,
    0.36865462362766266,
    0.36478148214519024,
    0.3684198446571827,
    0.3762054368853569,
    0.3897735942155123,
    0.3693197797983885,
    0.3624486569315195,
    0.40093877352774143,
    0.3935369495302439,
    0.37469974905252457,
    0.36674054339528084,
    0.3985887598246336,
    0.39057706482708454,
    0.3598958570510149,
    0.35988377407193184,
    0.35823430866003036,
    0.3636145945638418,
    0.35810426250100136,
    0.3599287196993828,
    0.35792008601129055,
    0.35767674446105957,
    0.36307113245129585,
    0.3582073040306568,
    0.35803634487092495,
    0.3599345814436674,
    0.36020653508603573,
    0.3646121695637703,
    0.3621111437678337,
    0.36066627874970436,
    0.3602806180715561,
    0.3591534197330475,
    0.3587001506239176,
    0.3593714311718941,
    0.3583166990429163,
    0.3606194965541363,
    0.3586841095238924
  ],
  "epochs": [
    0,
    1,
    2,
    3,
    4,
    5,
    6,
    7,
    8,
    9,
    10,
    11,
    12,
    13,
    14,
    15,
    16,
    17,
    18,
    19,
    20,
    21,
    22,
    23,
    24,
    25,
    26,
    27,
    28,
    29,
    30,
    31,
    32,
    33,
    34,
    35,
    36,
    37,
    38,
    39,
    40,
    41,
    42,
    43,
    44,
    45,
    46,
    47,
    48,
    49,
    50,
    51,
    52,
    53,
    54,
    55,
    56,
    57,
    58,
    59,
    60,
    61
  ]
}