{
  "train_loss": [
    0.8413372148167003,
    0.5526592287150296,
    0.4194155292077498,
    0.3836572354490107,
    0.34603708386421206,
    0.3422653767195615,
    0.33123270219022577,
    0.32879872647198766,
    0.30781599608334625,
    0.31185602193528955,
    0.31373824964870106,
    0.3005847603082657,
    0.3003460637547753,
    0.31332640864632344,
    0.2777530599724163,
    0.27020523466847157,
    0.26878864954818377,
    0.26664852635426955,
    0.2674709498882294,
    0.2700462002645839,
    0.2658831284804778,
    0.2652031852440401,
    0.2675634186376225,
    0.2645531337369572,
    0.26838147965344517,
    0.26501874896613037,
    0.2617057797583667,
    0.2600261823697524,
    0.2591718860647895,
    0.2587668172337792,
    0.25907271206378935,
    0.2619150224057111,
    0.2623307889158076,
    0.26087860383770684,
    0.25865873450582677,
    0.2592074540528384,
    0.2629279678518122,
    0.2597584664821625,
    0.2594429579648105,
    0.25980549346316945,
    0.26147698760032656,
    0.2611691732298244,
    0.2596535081213171,
    0.25770595425909215,
    0.2556110539219596,
    0.2597381041808562,
    0.25949110144918613,
    0.25839834944768386,
    0.25829859972000124,
    0.25982555692846127,
    0.25960903574119915,
    0.2577867399562489,
    0.25621706572445957,
    0.25880291191014376
  ],
  "val_loss": [
    0.7439973540604115,
    0.4734617918729782,
    0.5510846674442291,
    0.3914452660828829,
    0.4224603660404682,
    0.47931941971182823,
    0.3954472094774246,
    0.30138454400002956,
    0.3517811484634876,
    0.3303086403757334,
    0.3750283792614937,
    0.3357998300343752,
    0.3613914791494608,
    0.43887084163725376,
    0.2889220481738448,
    0.2944851629436016,
    0.29101515747606754,
    0.28742300998419523,
    0.2800070382654667,
    0.2976442165672779,
    0.28057585190981627,
    0.28157126996666193,
    0.2890034932643175,
    0.29864535573869944,
    0.36445880867540836,
    0.27863709535449743,
    0.27887399587780237,
    0.27785263769328594,
    0.2776855528354645,
    0.2781192185357213,
    0.27818375919014215,
    0.27757731173187494,
    0.27851902041584253,
    0.2782892119139433,
    0.2777411239221692,
    0.27755271829664707,
    0.2777970330789685,
    0.27802674286067486,
    0.27728138118982315,
    0.27797083277255297,
    0.27795156836509705,
    0.2773654805496335,
    0.27766195498406887,
    0.2775083752349019,
    0.27747143153101206,
    0.2776665920391679,
    0.2773350887000561,
    0.2790153697133064,
    0.2776928134262562,
    0.2777421521022916,
    0.27753009367734194,
    0.277623038738966,
    0.2777204206213355,
    0.2773639941588044
  ],
  "epochs": [
    0,
    1,
    2,
    3,
    4,
    5,
    6,
    7,
    8,
    9,
    10,
    11,
    12,
    13,
    14,
    15,
    16,
    17,
    18,
    19,
    20,
    21,
    22,
    23,
    24,
    25,
    26,
    27,
    28,
    29,
    30,
    31,
    32,
    33,
    34,
    35,
    36,
    37,
    38,
    39,
    40,
    41,
    42,
    43,
    44,
    45,
    46,
    47,
    48,
    49,
    50,
    51,
    52,
    53
  ]
}