{
  "train_loss": [
    0.8470313581553373,
    0.5145913725549525,
    0.4201827482743697,
    0.36617445078763095,
    0.332616339488463,
    0.3184808682311665,
    0.3098299497907812,
    0.2989276796579361,
    0.3025214598937468,
    0.29796072949062696,
    0.3020448012785478,
    0.26148140674287623,
    0.25687237219376996,
    0.26043828536163677,
    0.2561848071488467,
    0.25650608160279015,
    0.25466358878395773,
    0.25443178848786785,
    0.25693071294914593,
    0.2514840703118931,
    0.25331533442844045,
    0.25249240019104696,
    0.24396673982793635,
    0.24688517993146722,
    0.24729843491857703,
    0.2487165402282368,
    0.24481837234713816,
    0.24405608935789627,
    0.24852265417575836,
    0.24539260268211366,
    0.24251333502205935,
    0.24795809252695603,
    0.24506635963916779,
    0.24648494178598576,
    0.24512044977058065,
    0.24730060642415827,
    0.2410455890677192,
    0.24601478739218277,
    0.24419484328139912,
    0.24343409484083003,
    0.24698166738856922,
    0.24204381975260647,
    0.24393476898019964,
    0.2443238613280383,
    0.24431341859427366,
    0.24625185132026672,
    0.24657483940774744,
    0.2425330476327376,
    0.24327518018809233,
    0.24161709709600968
  ],
  "val_loss": [
    0.7008579783141613,
    0.4802238419651985,
    0.3739960975944996,
    0.36300775595009327,
    0.341328963637352,
    0.9795630164444447,
    0.3741273358464241,
    0.622315788641572,
    0.35525158792734146,
    0.40042656287550926,
    0.7002866044640541,
    0.26407799590379,
    0.32910665590316057,
    0.2976249782368541,
    0.368535915389657,
    0.2611598651856184,
    0.2825901173055172,
    0.28200615011155605,
    0.2679281374439597,
    0.2882442194968462,
    0.2821881575509906,
    0.2651883326470852,
    0.2596429493278265,
    0.25813958048820496,
    0.2584401145577431,
    0.25831292755901814,
    0.25985524896532297,
    0.2582763824611902,
    0.257546610198915,
    0.25863450206816196,
    0.2590232100337744,
    0.25765776354819536,
    0.25810167472809553,
    0.25852215848863125,
    0.2572606420144439,
    0.25783897563815117,
    0.26034523360431194,
    0.25855412520468235,
    0.2588042803108692,
    0.2579171508550644,
    0.2578090447932482,
    0.25785984471440315,
    0.2574638957157731,
    0.25927348155528307,
    0.25773620419204235,
    0.2575564105063677,
    0.25728852301836014,
    0.257760738953948,
    0.25812756177037954,
    0.25837720464915037
  ],
  "epochs": [
    0,
    1,
    2,
    3,
    4,
    5,
    6,
    7,
    8,
    9,
    10,
    11,
    12,
    13,
    14,
    15,
    16,
    17,
    18,
    19,
    20,
    21,
    22,
    23,
    24,
    25,
    26,
    27,
    28,
    29,
    30,
    31,
    32,
    33,
    34,
    35,
    36,
    37,
    38,
    39,
    40,
    41,
    42,
    43,
    44,
    45,
    46,
    47,
    48,
    49
  ]
}