{
  "train_loss": [
    0.8724429195577448,
    0.650539126179435,
    0.4769897997379303,
    0.4380854460326108,
    0.39074436697092924,
    0.36771397536451167,
    0.37764220346104016,
    0.34892658374526286,
    0.3410645165226676,
    0.34202835993333297,
    0.3314366213300011,
    0.3348555586554787,
    0.30870707604018127,
    0.29244102889841256,
    0.2976959932934154,
    0.29128748097202994,
    0.2916469991207123,
    0.29208249558102,
    0.28863120675086973,
    0.2847299960526553,
    0.2861576353961771,
    0.2855444065549157,
    0.28553078851916575,
    0.2819535661827434,
    0.2861903626810421,
    0.2835704039443623,
    0.28134240914474834,
    0.28027964722026477,
    0.2809514449401335,
    0.28167164136062967,
    0.28318684832616287,
    0.2845723317428069,
    0.275263112783432,
    0.27515243481506,
    0.27856357395648956,
    0.273399310762232,
    0.27368182458660817,
    0.2723364147272977,
    0.27460866028612313,
    0.2748830475590446,
    0.27445197051221676,
    0.2738761611960151,
    0.2727111195976084,
    0.2733684545213526,
    0.2749448516152122,
    0.27197186377915467,
    0.27230652408166367,
    0.2750767336650328,
    0.2736167132854462,
    0.27580545571717346,
    0.2744332104921341,
    0.27213392528620634,
    0.27404389571059834,
    0.2727166332981803,
    0.27421279847621916,
    0.2755445258183913,
    0.27566469718109476,
    0.2726444490931251,
    0.27661369199102576,
    0.27358492721210825,
    0.2727381852540103,
    0.2733063440431248,
    0.27570636001500215,
    0.2758085161447525,
    0.2710004611448808,
    0.27313548001376065,
    0.27418511753732505,
    0.27414294941858813,
    0.2744371601126411
  ],
  "val_loss": [
    0.7680852860212326,
    0.49944549053907394,
    1.3501709923148155,
    0.7440651282668114,
    0.4899034220725298,
    0.3403178546577692,
    0.5960549600422382,
    0.7002808526158333,
    0.37412014976143837,
    0.5449860859662294,
    1.0778471231460571,
    1.0702982880175114,
    0.29726049490273,
    0.3023110833019018,
    0.3111360361799598,
    0.2964015603065491,
    0.3307800851762295,
    0.3497977554798126,
    0.2927436400204897,
    0.2974975500255823,
    0.2979299509897828,
    0.28943245857954025,
    0.29005642514675856,
    0.317157912068069,
    0.30090176314115524,
    0.28769220784306526,
    0.2953871404752135,
    0.2891570180654526,
    0.2886061016470194,
    0.2913363752886653,
    0.31955232843756676,
    0.3326298277825117,
    0.28635946474969387,
    0.2859990792348981,
    0.28393947519361973,
    0.28373815678060055,
    0.286955245770514,
    0.2836703835055232,
    0.2843965534120798,
    0.2836825782433152,
    0.28501687198877335,
    0.2890486139804125,
    0.2887474028393626,
    0.28464173898100853,
    0.2849689181894064,
    0.2837732369080186,
    0.2836924623697996,
    0.2849770626053214,
    0.2838045284152031,
    0.28431291691958904,
    0.2838306063786149,
    0.28351544216275215,
    0.284489662386477,
    0.28349556494504213,
    0.28521163389086723,
    0.2847358202561736,
    0.28381858207285404,
    0.2846396900713444,
    0.28368394263088703,
    0.28606913331896067,
    0.28409344144165516,
    0.28356596641242504,
    0.28555422741919756,
    0.28409586660563946,
    0.2845969134941697,
    0.2835705867037177,
    0.2841284452006221,
    0.2837284104898572,
    0.2838708786293864
  ],
  "epochs": [
    0,
    1,
    2,
    3,
    4,
    5,
    6,
    7,
    8,
    9,
    10,
    11,
    12,
    13,
    14,
    15,
    16,
    17,
    18,
    19,
    20,
    21,
    22,
    23,
    24,
    25,
    26,
    27,
    28,
    29,
    30,
    31,
    32,
    33,
    34,
    35,
    36,
    37,
    38,
    39,
    40,
    41,
    42,
    43,
    44,
    45,
    46,
    47,
    48,
    49,
    50,
    51,
    52,
    53,
    54,
    55,
    56,
    57,
    58,
    59,
    60,
    61,
    62,
    63,
    64,
    65,
    66,
    67,
    68
  ]
}