{
  "train_loss": [
    0.8629553025419062,
    0.6561438582160256,
    0.5178077957846902,
    0.4822645246982574,
    0.4380869605324485,
    0.41426765539429405,
    0.40053156289187347,
    0.37919988415457984,
    0.3859827399253845,
    0.3727284821597013,
    0.3594497469338504,
    0.34811708981340583,
    0.37536610744216226,
    0.35443719896403225,
    0.35467889146371323,
    0.34581344398585234,
    0.3517809586091475,
    0.3452537872574546,
    0.3439784908836538,
    0.3405726197091016,
    0.31478246423331174,
    0.30531053380532697,
    0.3031036661429839,
    0.30411366305568,
    0.3001025514169173,
    0.2981440606442365,
    0.2962928652763367,
    0.298782124302604,
    0.29965720908208326,
    0.2992089398882606,
    0.2944818065925078,
    0.29496616341850973,
    0.2932239215482365,
    0.29630641070279207,
    0.29484770135446026,
    0.2897507198832252,
    0.2958354310555892,
    0.2894843193617734,
    0.2960688788782467,
    0.28999212167479776,
    0.28968956687233666,
    0.29020798856561836,
    0.2923106762495908,
    0.2878685460849242,
    0.28886790709062055,
    0.290389943393794,
    0.2887741381471807,
    0.2899692261760885,
    0.29170304347168313,
    0.29119574481790717,
    0.2882133524526249,
    0.29123421799052845,
    0.29171143932776017,
    0.2865702138705687,
    0.28763310611248016,
    0.28700401295315137,
    0.28678161854093726,
    0.2879835456609726,
    0.29142370278185065,
    0.29129607623273673
  ],
  "val_loss": [
    0.7740145176649094,
    0.5498054903000593,
    0.6108180247247219,
    0.4379326533526182,
    0.4265857469290495,
    0.5766290165483952,
    0.4391091391444206,
    0.3868731502443552,
    1.026299137622118,
    0.4879495445638895,
    0.4708005618304014,
    0.39639689959585667,
    0.46828815527260303,
    0.3408833034336567,
    0.4231041707098484,
    0.4973166659474373,
    0.46405977196991444,
    0.3711125832051039,
    0.4637793842703104,
    0.367314912378788,
    0.3276929333806038,
    0.3288572756573558,
    0.325501455925405,
    0.33682170417159796,
    0.34566701762378216,
    0.3293210295960307,
    0.3457203507423401,
    0.3247536923736334,
    0.32228787150233984,
    0.34722392074763775,
    0.33649006579071283,
    0.35424124635756016,
    0.3329887641593814,
    0.32681907434016466,
    0.3491617515683174,
    0.3212877893820405,
    0.31994040217250586,
    0.3204715196043253,
    0.319925001822412,
    0.319550771266222,
    0.31970724277198315,
    0.3207518421113491,
    0.319802382029593,
    0.3212900888174772,
    0.31927848886698484,
    0.3201654767617583,
    0.32070397678762674,
    0.32106964755803347,
    0.319517994299531,
    0.3203088380396366,
    0.31976243294775486,
    0.32001549005508423,
    0.31992275081574917,
    0.3195076994597912,
    0.31974016036838293,
    0.3197509031742811,
    0.31956151500344276,
    0.3194785872474313,
    0.3201258722692728,
    0.3199366135522723
  ],
  "epochs": [
    0,
    1,
    2,
    3,
    4,
    5,
    6,
    7,
    8,
    9,
    10,
    11,
    12,
    13,
    14,
    15,
    16,
    17,
    18,
    19,
    20,
    21,
    22,
    23,
    24,
    25,
    26,
    27,
    28,
    29,
    30,
    31,
    32,
    33,
    34,
    35,
    36,
    37,
    38,
    39,
    40,
    41,
    42,
    43,
    44,
    45,
    46,
    47,
    48,
    49,
    50,
    51,
    52,
    53,
    54,
    55,
    56,
    57,
    58,
    59
  ]
}