{
  "train_loss": [
    0.8676343711939725,
    0.6699446136301214,
    0.49414231181144713,
    0.43329922665249215,
    0.42381408648057417,
    0.3935255381194028,
    0.36480583115057513,
    0.3529693614352833,
    0.34967405633492904,
    0.36935684247450395,
    0.3558720052242279,
    0.3384085969491438,
    0.35721441182223235,
    0.34682478254491633,
    0.333254720677029,
    0.3501987711949782,
    0.33636468594724483,
    0.32032419090921227,
    0.32024009227752687,
    0.31936299827965825,
    0.2948963745073839,
    0.29010403698140924,
    0.29053239063783126,
    0.2850566923618317,
    0.2828718440099196,
    0.2869954672726718,
    0.28428395038301296,
    0.2879329505291852,
    0.2804801837964491,
    0.28292816985737196,
    0.28323462930592624,
    0.2817057170651176,
    0.28311945552175694,
    0.2795432857491753,
    0.2807755781845613,
    0.2817397060719403,
    0.28162452497265555,
    0.2795241364023902,
    0.2787540823221207,
    0.28350546928969295,
    0.2827353724024513,
    0.2776406713507392,
    0.27761456830935044,
    0.2786388391798193,
    0.27034059329466387,
    0.2739630262960087,
    0.27612821595235304,
    0.2755591397935694,
    0.2732096257534894,
    0.274430235136639,
    0.2715603129430251,
    0.27227475507692855,
    0.2745178764516657,
    0.2713825588876551,
    0.2711169023405422,
    0.2749787046150728,
    0.27121499126607723,
    0.2736851066350937,
    0.27209981463172217,
    0.2734619904648174,
    0.27401392459869384,
    0.27027682309800927,
    0.2728101532567631,
    0.26916338828476993,
    0.2705462862144817,
    0.273278531703082,
    0.27033537382429296,
    0.2718806629831141,
    0.271955916556445,
    0.2752595982768319,
    0.27569855316118763,
    0.2726414978504181
  ],
  "val_loss": [
    0.7795337662100792,
    0.6269845515489578,
    0.5258048307150602,
    0.5420627035200596,
    1.1182693913578987,
    0.6632774695754051,
    0.43968686275184155,
    0.4276549890637398,
    0.9308573044836521,
    0.5147818122059107,
    0.7574200928211212,
    0.6270616427063942,
    0.3822513781487942,
    0.32491712272167206,
    0.3338555060327053,
    0.8172569759190083,
    0.33904368430376053,
    0.375356225296855,
    0.3877186309546232,
    0.33080821111798286,
    0.3069644644856453,
    0.3052760437130928,
    0.3215032648295164,
    0.2983006164431572,
    0.3038615304976702,
    0.3014931222423911,
    0.29750362504273653,
    0.3119866233319044,
    0.31071035750210285,
    0.29461557138711214,
    0.29558027163147926,
    0.2956839483231306,
    0.2913040267303586,
    0.2911212472245097,
    0.3259042762219906,
    0.2915036166086793,
    0.30494350381195545,
    0.2898911666125059,
    0.30615652538836,
    0.32178395707160234,
    0.2958349511027336,
    0.35624886490404606,
    0.32972295954823494,
    0.3193699177354574,
    0.28810675255954266,
    0.28773671947419643,
    0.28733664844185114,
    0.2881890591233969,
    0.2869800589978695,
    0.28750050626695156,
    0.28754102531820536,
    0.28797156549990177,
    0.28688929323107004,
    0.2877693213522434,
    0.2902178466320038,
    0.2866915361955762,
    0.28663873206824064,
    0.2870651064440608,
    0.28718086425215006,
    0.28873818274587393,
    0.28829923551529646,
    0.28932562936097383,
    0.2901493851095438,
    0.287562457844615,
    0.2869568672031164,
    0.28872111439704895,
    0.2878029700368643,
    0.28842060826718807,
    0.28827593103051186,
    0.28820751421153545,
    0.2872328646481037,
    0.28812965005636215
  ],
  "epochs": [
    0,
    1,
    2,
    3,
    4,
    5,
    6,
    7,
    8,
    9,
    10,
    11,
    12,
    13,
    14,
    15,
    16,
    17,
    18,
    19,
    20,
    21,
    22,
    23,
    24,
    25,
    26,
    27,
    28,
    29,
    30,
    31,
    32,
    33,
    34,
    35,
    36,
    37,
    38,
    39,
    40,
    41,
    42,
    43,
    44,
    45,
    46,
    47,
    48,
    49,
    50,
    51,
    52,
    53,
    54,
    55,
    56,
    57,
    58,
    59,
    60,
    61,
    62,
    63,
    64,
    65,
    66,
    67,
    68,
    69,
    70,
    71
  ]
}