{
  "train_loss": [
    0.8882626414299011,
    0.6940698862075806,
    0.5566099199381742,
    0.48922062570398506,
    0.46222315430641175,
    0.45126701268282804,
    0.4294281536882574,
    0.416925107349049,
    0.3999637408690019,
    0.38840337233109906,
    0.38587148026986556,
    0.3840924918651581,
    0.3732138606635007,
    0.3675879868594083,
    0.37456643689762464,
    0.33611306873234836,
    0.32712315050038426,
    0.3242502445524389,
    0.32228867194869304,
    0.32300491333007814,
    0.31713149086995557,
    0.31710498062047093,
    0.32108848528428513,
    0.31958085759119553,
    0.3191752829334953,
    0.31558685275641357,
    0.31922435597939924,
    0.30961364697326316,
    0.30857879411090505,
    0.30903001021255144,
    0.3102716901085594,
    0.3075583956458352,
    0.3074239202521064,
    0.3063659234480424,
    0.3088908550414172,
    0.31063791648908096,
    0.3107895894484086,
    0.3062564616853541,
    0.3057818280024962,
    0.30446449274366555,
    0.307581026987596,
    0.30397578152743254,
    0.3078325472094796,
    0.3095931895754554,
    0.306497845324603,
    0.30823444669896904,
    0.30596938946030355,
    0.30434483262625606,
    0.3051481401378458,
    0.3088305064223029,
    0.3080916141921824,
    0.30620449618859724,
    0.3105930236252871,
    0.30366860736500134,
    0.3074947806921872,
    0.30743744725530797,
    0.30444923097437077,
    0.3077824272892692,
    0.3067926116965034,
    0.30615020963278683,
    0.30741182999177413,
    0.3063651523806832,
    0.3059154486114329,
    0.30333917195146737,
    0.3072403764182871,
    0.3067012651400133,
    0.303766441616145,
    0.30432229773564773,
    0.3066490241072395,
    0.30397422232411125,
    0.30179186246611855,
    0.3041580392555757,
    0.30335018905726346,
    0.30275704020803623,
    0.30484074679288,
    0.30838037702170285,
    0.3043139119039882,
    0.3020026770505038,
    0.30275471616875044,
    0.3046766010197726,
    0.30435390905900434,
    0.3043769218704917,
    0.3019840142943642,
    0.30405424481088467,
    0.3065375363284891,
    0.30339461835947906,
    0.3031445931304585,
    0.3044594978744333,
    0.3077045204964551,
    0.303657298467376,
    0.30557019006122244,
    0.3063859931447289,
    0.3032332330942154,
    0.30402106751095165,
    0.304539339650761,
    0.30444669750603764,
    0.30174112915992735
  ],
  "val_loss": [
    0.8045798130333424,
    0.5854366309940815,
    0.5615642759948969,
    0.5566796455532312,
    0.5574569627642632,
    0.4531969167292118,
    0.458392858505249,
    0.7352599389851093,
    0.37908550538122654,
    0.7776364758610725,
    0.5672302301973104,
    0.45691658183932304,
    0.4425322078168392,
    0.6048363149166107,
    0.39142144843935966,
    0.3330832701176405,
    0.34633344411849976,
    0.36809567734599113,
    0.3509268332272768,
    0.34876973927021027,
    0.320796225219965,
    0.4048513565212488,
    0.3966784942895174,
    0.3395923990756273,
    0.3395075350999832,
    0.3317369129508734,
    0.3281510919332504,
    0.31682113464921713,
    0.31606617756187916,
    0.3159231152385473,
    0.3159051090478897,
    0.31594138592481613,
    0.3160722581669688,
    0.3152225986123085,
    0.315990237519145,
    0.3177559645846486,
    0.31750913336873055,
    0.3149540824815631,
    0.3158919531852007,
    0.3154081217944622,
    0.3149551982060075,
    0.31580126099288464,
    0.3142883311957121,
    0.3142666555941105,
    0.3151673786342144,
    0.3143341075628996,
    0.31400029826909304,
    0.3166639432311058,
    0.3158596996217966,
    0.31386358849704266,
    0.31653934344649315,
    0.3141219737008214,
    0.3135759187862277,
    0.3148406697437167,
    0.3145738299936056,
    0.31303081288933754,
    0.3159048492088914,
    0.3159570600837469,
    0.31344062089920044,
    0.31322324834764004,
    0.31545185297727585,
    0.31546330265700817,
    0.3128213379532099,
    0.31318554002791643,
    0.31311122234910727,
    0.3129254337400198,
    0.312580157071352,
    0.31293274462223053,
    0.31295576225966215,
    0.31292645167559385,
    0.31382191460579634,
    0.3131506172940135,
    0.31338564213365316,
    0.3130743904039264,
    0.3133299071341753,
    0.31260487623512745,
    0.31273009069263935,
    0.31259471643716097,
    0.31268530152738094,
    0.3130373936146498,
    0.31294956151396036,
    0.31257839500904083,
    0.3128490764647722,
    0.31274285167455673,
    0.31319515593349934,
    0.3127673212438822,
    0.3127578990533948,
    0.31278159469366074,
    0.3131124246865511,
    0.3126746844500303,
    0.31285098753869534,
    0.31287191435694695,
    0.3130737906321883,
    0.3127318453043699,
    0.3127221968024969,
    0.31283622048795223,
    0.3128497488796711
  ],
  "epochs": [
    0,
    1,
    2,
    3,
    4,
    5,
    6,
    7,
    8,
    9,
    10,
    11,
    12,
    13,
    14,
    15,
    16,
    17,
    18,
    19,
    20,
    21,
    22,
    23,
    24,
    25,
    26,
    27,
    28,
    29,
    30,
    31,
    32,
    33,
    34,
    35,
    36,
    37,
    38,
    39,
    40,
    41,
    42,
    43,
    44,
    45,
    46,
    47,
    48,
    49,
    50,
    51,
    52,
    53,
    54,
    55,
    56,
    57,
    58,
    59,
    60,
    61,
    62,
    63,
    64,
    65,
    66,
    67,
    68,
    69,
    70,
    71,
    72,
    73,
    74,
    75,
    76,
    77,
    78,
    79,
    80,
    81,
    82,
    83,
    84,
    85,
    86,
    87,
    88,
    89,
    90,
    91,
    92,
    93,
    94,
    95,
    96
  ]
}