{
  "train_loss": [
    0.6390634513446263,
    0.5574249203818185,
    0.5308260248320443,
    0.5228042212213788,
    0.5116049823829106,
    0.4993434109824044,
    0.49750251858575,
    0.48994740458897185,
    0.4867319514478956,
    0.48104717327526636,
    0.47628724805286954,
    0.47418595450265066,
    0.4724023876326425,
    0.4672338006564549,
    0.46545659722600663,
    0.4618959412097931,
    0.46376492146083287,
    0.4557670605318887,
    0.45395338465145657,
    0.4515424387386867,
    0.44969489560808457,
    0.4525726410729545,
    0.4445214715753283,
    0.4444567140851702,
    0.4417077756472996,
    0.44022466141836986,
    0.441378068453925,
    0.4394591207027435,
    0.4398782814366477,
    0.4348700056212289,
    0.4347580630915506,
    0.43515058948653085,
    0.43356992472921096,
    0.4344744124344417,
    0.4292851250239781,
    0.4332394122668675,
    0.4273955964429038,
    0.42935416849681307,
    0.42677570075307575,
    0.4225001995835985,
    0.42320058565820967,
    0.4226953747136252,
    0.4254170052868979,
    0.42347093206133163,
    0.42153244085993086,
    0.41813888960565837,
    0.4197769986833845,
    0.4200736345563616,
    0.42025765716688973,
    0.4186172148704529,
    0.4166022357259478,
    0.41343170976638793,
    0.41481584402493066,
    0.41430969134739465,
    0.4171122230393546,
    0.41485195810454234,
    0.41123158712387087,
    0.4141670625891004,
    0.41109634413719176,
    0.4141109287125724,
    0.41295439171791076,
    0.4108101875441415,
    0.4104739522320884,
    0.40713928516932896,
    0.4100324828624725,
    0.4079992474828448
  ],
  "val_loss": [
    0.36440489854812624,
    0.33909690475463866,
    0.34984982957839966,
    0.33873268876075746,
    0.3498639974117279,
    0.32644321341514587,
    0.33657672662734983,
    0.32746771173477174,
    0.33144848566055296,
    0.31706727108955385,
    0.3281239641189575,
    0.32260678815841676,
    0.3147866973876953,
    0.315981991815567,
    0.3236894829273224,
    0.30958529958724973,
    0.32141826491355896,
    0.31374539947509766,
    0.3134961706161499,
    0.3007352058887482,
    0.3066212038993835,
    0.3122601502895355,
    0.30333306348323824,
    0.3089869200706482,
    0.306097852897644,
    0.2991029211997986,
    0.3147949870109558,
    0.3054830319881439,
    0.3027364902496338,
    0.30019711484909056,
    0.3022712314605713,
    0.2998004741191864,
    0.30126153149604795,
    0.2996570616722107,
    0.29871211013793947,
    0.29831088767051694,
    0.2962565239429474,
    0.2928773000717163,
    0.2957247948646545,
    0.2993037292480469,
    0.2985738726615906,
    0.29480031328201295,
    0.29565702118873594,
    0.29636458511352537,
    0.29340661153793335,
    0.2917427125930786,
    0.2892004689693451,
    0.2919329834938049,
    0.28678109273910524,
    0.292472952246666,
    0.2852236383914947,
    0.2857556169509888,
    0.2915868513584137,
    0.2925238220930099,
    0.28625633754730223,
    0.2873864904403686,
    0.28970147576332095,
    0.28908376388549806,
    0.284696146440506,
    0.2896935210227966,
    0.2877459995031357,
    0.28532426071166994,
    0.28969013738632204,
    0.2875533405303955,
    0.29292109031677244,
    0.29315395493507385
  ],
  "epochs": [
    0,
    1,
    2,
    3,
    4,
    5,
    6,
    7,
    8,
    9,
    10,
    11,
    12,
    13,
    14,
    15,
    16,
    17,
    18,
    19,
    20,
    21,
    22,
    23,
    24,
    25,
    26,
    27,
    28,
    29,
    30,
    31,
    32,
    33,
    34,
    35,
    36,
    37,
    38,
    39,
    40,
    41,
    42,
    43,
    44,
    45,
    46,
    47,
    48,
    49,
    50,
    51,
    52,
    53,
    54,
    55,
    56,
    57,
    58,
    59,
    60,
    61,
    62,
    63,
    64,
    65
  ]
}