{
    "dataset": "train",
    "accuracy": 0.9042071428571429,
    "macro_precision": 0.9043784795280974,
    "macro_recall": 0.9042071428571429,
    "macro_f1": 0.9040892249674716,
    "weighted_precision": 0.9043784795280975,
    "weighted_recall": 0.9042071428571429,
    "weighted_f1": 0.9040892249674716,
    "per_class_metrics": {
        "class_0": {
            "precision": 0.8843182748737546,
            "recall": 0.9256285714285715,
            "f1_score": 0.9045019892510644,
            "support": 35000
        },
        "class_1": {
            "precision": 0.8126027871548516,
            "recall": 0.8046857142857143,
            "f1_score": 0.8086248725936347,
            "support": 35000
        },
        "class_2": {
            "precision": 0.9220497908073945,
            "recall": 0.8878285714285714,
            "f1_score": 0.9046156533383793,
            "support": 35000
        },
        "class_3": {
            "precision": 0.9985430652763891,
            "recall": 0.9986857142857143,
            "f1_score": 0.9986143846868081,
            "support": 35000
        }
    },
    "confusion_matrix": [
        [
            32397,
            2577,
            4,
            22
        ],
        [
            4213,
            28164,
            2612,
            11
        ],
        [
            4,
            3904,
            31074,
            18
        ],
        [
            21,
            14,
            11,
            34954
        ]
    ]
}