{
  "summary": {
    "norm_name": "robust_normalized",
    "num_chips_requested": 10,
    "num_chips_processed": 10,
    "num_chips_with_metrics": 10,
    "generated_at": "2025-10-22T00:37:25.470757"
  },
  "averages": {
    "train": {
      "accuracy": 0.8995,
      "accuracy_std": 0.01696776656018158,
      "precision": 0.8995303068391524,
      "precision_std": 0.017064099209228408,
      "recall": 0.8995,
      "recall_std": 0.01696776656018158,
      "f1": 0.8994686484810991,
      "f1_std": 0.017012182168448214,
      "num_chips": 10
    },
    "val": {
      "accuracy": 0.8849325337331333,
      "accuracy_std": 0.016635093311698886,
      "precision": 0.8848266850894693,
      "precision_std": 0.016857846457680205,
      "recall": 0.8849325337331333,
      "recall_std": 0.016635093311698886,
      "f1": 0.8848480071425792,
      "f1_std": 0.016735718605286644,
      "num_chips": 10
    },
    "test": {
      "accuracy": 0.8872872872872872,
      "accuracy_std": 0.018067721457748653,
      "precision": 0.8875719520640798,
      "precision_std": 0.018340455195113427,
      "recall": 0.8872872872872872,
      "recall_std": 0.018067721457748653,
      "f1": 0.8872913912121241,
      "f1_std": 0.018155911317235193,
      "num_chips": 10
    }
  },
  "per_chip": {
    "1": {
      "train": {
        "accuracy": 0.8971428571428571,
        "precision": 0.8971125970336862,
        "recall": 0.8971428571428571,
        "f1": 0.8971212978367976
      },
      "val": {
        "accuracy": 0.8903048475762119,
        "precision": 0.8907411810049434,
        "recall": 0.8903048475762119,
        "f1": 0.8905058636672517
      },
      "test": {
        "accuracy": 0.8843843843843844,
        "precision": 0.8848622471414334,
        "recall": 0.8843843843843844,
        "f1": 0.8845961418889728
      }
    },
    "2": {
      "train": {
        "accuracy": 0.8949285714285714,
        "precision": 0.8939291083040279,
        "recall": 0.8949285714285714,
        "f1": 0.894186032274675
      },
      "val": {
        "accuracy": 0.8750624687656172,
        "precision": 0.8742768917495005,
        "recall": 0.8750624687656172,
        "f1": 0.874615121280768
      },
      "test": {
        "accuracy": 0.8823823823823824,
        "precision": 0.8807314640102911,
        "recall": 0.8823823823823824,
        "f1": 0.8810096926613027
      }
    },
    "3": {
      "train": {
        "accuracy": 0.8781428571428571,
        "precision": 0.8777759011112253,
        "recall": 0.8781428571428571,
        "f1": 0.8779440441062191
      },
      "val": {
        "accuracy": 0.8693153423288356,
        "precision": 0.868712741773322,
        "recall": 0.8693153423288356,
        "f1": 0.8689844319274277
      },
      "test": {
        "accuracy": 0.8563563563563563,
        "precision": 0.8560884215594173,
        "recall": 0.8563563563563563,
        "f1": 0.8562139874836913
      }
    },
    "4": {
      "train": {
        "accuracy": 0.9148571428571428,
        "precision": 0.9149647224769772,
        "recall": 0.9148571428571428,
        "f1": 0.914893098715368
      },
      "val": {
        "accuracy": 0.904047976011994,
        "precision": 0.9041149377850073,
        "recall": 0.904047976011994,
        "f1": 0.9040591635795624
      },
      "test": {
        "accuracy": 0.9079079079079079,
        "precision": 0.9093094412120167,
        "recall": 0.9079079079079079,
        "f1": 0.9082490060246216
      }
    },
    "5": {
      "train": {
        "accuracy": 0.8911428571428571,
        "precision": 0.8915808431321435,
        "recall": 0.8911428571428571,
        "f1": 0.8913404158230255
      },
      "val": {
        "accuracy": 0.88055972013993,
        "precision": 0.8804188175372393,
        "recall": 0.88055972013993,
        "f1": 0.8804873618500011
      },
      "test": {
        "accuracy": 0.8863863863863863,
        "precision": 0.887125024870754,
        "recall": 0.8863863863863863,
        "f1": 0.8866863468870354
      }
    },
    "6": {
      "train": {
        "accuracy": 0.9137142857142857,
        "precision": 0.9139415567584087,
        "recall": 0.9137142857142857,
        "f1": 0.9138067710884192
      },
      "val": {
        "accuracy": 0.8953023488255872,
        "precision": 0.895887573942363,
        "recall": 0.8953023488255872,
        "f1": 0.8955567633807944
      },
      "test": {
        "accuracy": 0.8968968968968969,
        "precision": 0.8979000844588327,
        "recall": 0.8968968968968969,
        "f1": 0.8972631625046846
      }
    },
    "7": {
      "train": {
        "accuracy": 0.9146428571428571,
        "precision": 0.9143480607421213,
        "recall": 0.9146428571428571,
        "f1": 0.9144756037580016
      },
      "val": {
        "accuracy": 0.8990504747626187,
        "precision": 0.8983478082827355,
        "recall": 0.8990504747626187,
        "f1": 0.8986291428867482
      },
      "test": {
        "accuracy": 0.9029029029029029,
        "precision": 0.9029886868094574,
        "recall": 0.9029029029029029,
        "f1": 0.9029448899178207
      }
    },
    "8": {
      "train": {
        "accuracy": 0.8637857142857143,
        "precision": 0.8640044938206098,
        "recall": 0.8637857142857143,
        "f1": 0.8638871648259026
      },
      "val": {
        "accuracy": 0.8460769615192404,
        "precision": 0.845714009995943,
        "recall": 0.8460769615192404,
        "f1": 0.8458928182029357
      },
      "test": {
        "accuracy": 0.8538538538538538,
        "precision": 0.8542819170299547,
        "recall": 0.8538538538538538,
        "f1": 0.8540537226445968
      }
    },
    "9": {
      "train": {
        "accuracy": 0.9142857142857143,
        "precision": 0.9148371382640622,
        "recall": 0.9142857142857143,
        "f1": 0.9145026153616684
      },
      "val": {
        "accuracy": 0.8940529735132434,
        "precision": 0.8941809431424422,
        "recall": 0.8940529735132434,
        "f1": 0.8940970260565194
      },
      "test": {
        "accuracy": 0.8973973973973974,
        "precision": 0.8979944405164947,
        "recall": 0.8973973973973974,
        "f1": 0.897631006858875
      }
    },
    "10": {
      "train": {
        "accuracy": 0.9123571428571429,
        "precision": 0.9128086467482618,
        "recall": 0.9123571428571429,
        "f1": 0.9125294410209149
      },
      "val": {
        "accuracy": 0.895552223888056,
        "precision": 0.8958719456811962,
        "recall": 0.895552223888056,
        "f1": 0.8956523785937824
      },
      "test": {
        "accuracy": 0.9044044044044044,
        "precision": 0.9044377930321458,
        "recall": 0.9044044044044044,
        "f1": 0.904265955249639
      }
    }
  }
}