{
  "train_loss": [
    0.8535918886011297,
    0.6296696836298162,
    0.5011974009600553,
    0.4504721576517278,
    0.41225109046155756,
    0.39496703798120675,
    0.3769812378016385,
    0.37082715088670903,
    0.3555840047923001,
    0.3518922583623366,
    0.3456018957224759,
    0.33769989230416037,
    0.33899768590927126,
    0.33545876091176813,
    0.33153611638329245,
    0.3313327829946171,
    0.33841872350736096,
    0.32844503061337904,
    0.320578623901714,
    0.322025853395462,
    0.3197714239358902,
    0.3136398564685475,
    0.3221190157261762,
    0.3234299876473167,
    0.3175594682043249,
    0.3148000077767806,
    0.3222932596098293,
    0.30467356795614414,
    0.31986764615232294,
    0.3106222144582055,
    0.3066150565039028,
    0.2901025907559828,
    0.2805161169984124,
    0.27918028127063405,
    0.27528048103505914,
    0.27483382387594746,
    0.2768736113201488,
    0.27500796074217015,
    0.27558071640404785,
    0.2760524798523296,
    0.27623553926294503,
    0.27409552769227463,
    0.269451522285288,
    0.2692140359770168,
    0.2705253712155602,
    0.26921006657860497,
    0.2691384933211587,
    0.27192848080938514,
    0.27100502956997263,
    0.270229678533294,
    0.2690322851592844,
    0.2662488333203576,
    0.26874248683452606,
    0.2684468922289935,
    0.2688296117565849,
    0.2707180310379375,
    0.2666735687039115,
    0.2691613240675493,
    0.2694547766988928,
    0.26539733762090856,
    0.26722020506858823,
    0.2680525286631151,
    0.27199829491701993,
    0.2673665209250017,
    0.27071173814210026,
    0.2682884590192275,
    0.2705922151153738,
    0.26945814192295076,
    0.2684199631214142,
    0.2708011889999563,
    0.2665215093981136,
    0.2678594396872954,
    0.2713332089510831
  ],
  "val_loss": [
    0.784082468599081,
    0.6296449117362499,
    0.48651652224361897,
    1.9217895418405533,
    0.5023024845868349,
    0.49928488209843636,
    0.5249129384756088,
    0.5677202753722668,
    0.41305760480463505,
    0.8363418951630592,
    0.5586156044155359,
    0.426743246614933,
    0.410069240257144,
    0.4687818791717291,
    0.4524700101464987,
    0.4227563887834549,
    0.41559455543756485,
    0.345012366771698,
    0.538661127910018,
    0.35440139286220074,
    0.5853061564266682,
    0.3395241219550371,
    0.4409240856766701,
    0.4022044576704502,
    0.331701073795557,
    0.3982066623866558,
    0.35765895061194897,
    0.36752201057970524,
    0.42346745170652866,
    0.43361181765794754,
    0.437780411913991,
    0.3211438823491335,
    0.3284929133951664,
    0.3363672085106373,
    0.32178813964128494,
    0.3101701568812132,
    0.3126972522586584,
    0.32072126492857933,
    0.32384473644196987,
    0.3108134102076292,
    0.31045866198837757,
    0.31839667074382305,
    0.31058609671890736,
    0.30973503831773996,
    0.3095500823110342,
    0.3090355731546879,
    0.31184215284883976,
    0.30897272005677223,
    0.30917938798666,
    0.30866044014692307,
    0.3093891367316246,
    0.30906520038843155,
    0.30924359522759914,
    0.3088436108082533,
    0.3091257866472006,
    0.3087875172495842,
    0.3088307250291109,
    0.3084884053096175,
    0.30864478275179863,
    0.30858596600592136,
    0.30906960740685463,
    0.3085200656205416,
    0.30848968401551247,
    0.30852510407567024,
    0.3094935417175293,
    0.308872627094388,
    0.3087593298405409,
    0.30850914493203163,
    0.30857615545392036,
    0.30923030711710453,
    0.31016140058636665,
    0.3095242977142334,
    0.30875053629279137
  ],
  "epochs": [
    0,
    1,
    2,
    3,
    4,
    5,
    6,
    7,
    8,
    9,
    10,
    11,
    12,
    13,
    14,
    15,
    16,
    17,
    18,
    19,
    20,
    21,
    22,
    23,
    24,
    25,
    26,
    27,
    28,
    29,
    30,
    31,
    32,
    33,
    34,
    35,
    36,
    37,
    38,
    39,
    40,
    41,
    42,
    43,
    44,
    45,
    46,
    47,
    48,
    49,
    50,
    51,
    52,
    53,
    54,
    55,
    56,
    57,
    58,
    59,
    60,
    61,
    62,
    63,
    64,
    65,
    66,
    67,
    68,
    69,
    70,
    71,
    72
  ]
}