{
  "train_loss": [
    0.8528235197067261,
    0.5306571911681782,
    0.4224997086958452,
    0.37268574346195565,
    0.35190999887206337,
    0.3472140593962236,
    0.3346523328260942,
    0.33554601669311523,
    0.3260412560267882,
    0.3231939651749351,
    0.33100139986384997,
    0.31482508426362815,
    0.31130204688418994,
    0.327156662940979,
    0.3203870935873552,
    0.3108965147625316,
    0.30587919679555026,
    0.30281218154863876,
    0.2847253807566383,
    0.27619291002100166,
    0.27844153290445156,
    0.2779173832048069,
    0.27799263921650974,
    0.2746338990601626,
    0.273656245524233,
    0.27399957992813806,
    0.26972000300884247,
    0.2689570183103735,
    0.2682491811839017,
    0.26803633868694304,
    0.26952511017972774,
    0.2674324929714203,
    0.27149602581154214,
    0.2674279963428324,
    0.269021242315119,
    0.2669312479821118,
    0.269835458018563,
    0.2663883970542388,
    0.2699805731123144,
    0.2647176986390894,
    0.26926387385888534,
    0.2652256824753501,
    0.26631911207329145,
    0.26753702895207837,
    0.26972637230699714,
    0.2663149944760583,
    0.2677405129779469,
    0.2660240991549058,
    0.2661479912020943,
    0.2662512464956804,
    0.26765937182036315,
    0.26602627282792873,
    0.2642597678032788,
    0.2686525496569547,
    0.2680160638960925,
    0.2686524984511462,
    0.26492802771654994,
    0.26776645319028336,
    0.26524084291674876,
    0.2696779923005538,
    0.2662090231071819,
    0.2668588256294077,
    0.2673840820789337,
    0.2666216720234264,
    0.26726463437080383,
    0.2669476441361687,
    0.26843042834238573,
    0.26864136999303645,
    0.26570158898830415,
    0.26564903909509835,
    0.26561721102757885,
    0.266352334076708,
    0.2654853230172938,
    0.2685612505132502,
    0.2626948421651667,
    0.2644420249895616,
    0.26799629682844334,
    0.26973868852311916,
    0.2656790232116526,
    0.26683555082841354,
    0.26655484221198344,
    0.26515791605819355,
    0.2667273613539609,
    0.26961214569481934,
    0.26751919903538446,
    0.26769881221381103,
    0.2665299117565155,
    0.2712484882636504,
    0.2680831055749546
  ],
  "val_loss": [
    0.6961362548172474,
    0.8972096405923367,
    0.37785966135561466,
    0.8009401075541973,
    0.6703609935939312,
    0.39281134866178036,
    0.3140193996950984,
    0.3702995963394642,
    0.4170334655791521,
    0.6003725230693817,
    0.3813942354172468,
    0.3132950933650136,
    0.32777225133031607,
    0.3264755979180336,
    0.33621880784630775,
    0.4380819834768772,
    0.42545524425804615,
    0.31682942621409893,
    0.3029359746724367,
    0.291295163333416,
    0.28412607964128256,
    0.2851512487977743,
    0.28657932113856077,
    0.2845977917313576,
    0.2845417195931077,
    0.28597964253276587,
    0.30408285558223724,
    0.28398063592612743,
    0.28237684071063995,
    0.2832991471514106,
    0.28234737552702427,
    0.28203399293124676,
    0.28192178439348936,
    0.2818361911922693,
    0.28202682733535767,
    0.2836362523958087,
    0.2819820549339056,
    0.28288328647613525,
    0.2816180596128106,
    0.2819483755156398,
    0.2815540190786123,
    0.2821004977449775,
    0.28184718266129494,
    0.2818859098479152,
    0.2822047732770443,
    0.28128223959356546,
    0.28183406963944435,
    0.2813822217285633,
    0.28138765320181847,
    0.28152172919362783,
    0.2813653592020273,
    0.2815986191853881,
    0.28146092873066664,
    0.28142602927982807,
    0.28139345347881317,
    0.2815088238567114,
    0.2812860067933798,
    0.2815563650801778,
    0.28118477389216423,
    0.2814177703112364,
    0.28232418186962605,
    0.28150419890880585,
    0.2812348110601306,
    0.2812200766056776,
    0.2811794728040695,
    0.2818386908620596,
    0.2818059930577874,
    0.2811110755428672,
    0.28138810489326715,
    0.2812484875321388,
    0.28157569095492363,
    0.2812429824844003,
    0.2814598884433508,
    0.28105482272803783,
    0.28122169617563486,
    0.2816347284242511,
    0.2811238020658493,
    0.2811721973121166,
    0.28171916492283344,
    0.2815451789647341,
    0.28110982570797205,
    0.28136065509170294,
    0.28147988114506006,
    0.28143183421343565,
    0.2816675007343292,
    0.281401539221406,
    0.2811130974441767,
    0.2811643108725548,
    0.2814062414690852
  ],
  "epochs": [
    0,
    1,
    2,
    3,
    4,
    5,
    6,
    7,
    8,
    9,
    10,
    11,
    12,
    13,
    14,
    15,
    16,
    17,
    18,
    19,
    20,
    21,
    22,
    23,
    24,
    25,
    26,
    27,
    28,
    29,
    30,
    31,
    32,
    33,
    34,
    35,
    36,
    37,
    38,
    39,
    40,
    41,
    42,
    43,
    44,
    45,
    46,
    47,
    48,
    49,
    50,
    51,
    52,
    53,
    54,
    55,
    56,
    57,
    58,
    59,
    60,
    61,
    62,
    63,
    64,
    65,
    66,
    67,
    68,
    69,
    70,
    71,
    72,
    73,
    74,
    75,
    76,
    77,
    78,
    79,
    80,
    81,
    82,
    83,
    84,
    85,
    86,
    87,
    88
  ]
}