{
  "train_loss": [
    0.841442614251917,
    0.5650241645899686,
    0.4536489020694386,
    0.41998235041444953,
    0.37636141939596696,
    0.3636797634038058,
    0.34066323150287975,
    0.33498363223942845,
    0.3361606421795758,
    0.3315691416913813,
    0.30601435682990336,
    0.30434407185424456,
    0.304075994274833,
    0.2752867078239268,
    0.2565824549306523,
    0.2568642629818483,
    0.25489004200155085,
    0.25058772672306406,
    0.2554541831666773,
    0.25247218879786404,
    0.24835364357991652,
    0.25131767934018917,
    0.24688381200486964,
    0.246274886618961,
    0.24952601329846816,
    0.24539784599434245,
    0.2456458706747402,
    0.24739708331498234,
    0.24372771111401645,
    0.24311619753187352,
    0.24721424308690157,
    0.23809258097952063,
    0.23817660483446987,
    0.23475677994164554,
    0.23820392977107654,
    0.23853206065568058,
    0.2362350499088114,
    0.23247107484123924,
    0.23836404654112728,
    0.23283515951850198,
    0.237659491463141,
    0.23445683690634642,
    0.237092384966937,
    0.23467318605292928,
    0.2335611405697736,
    0.23588282872330057,
    0.23459449762647802,
    0.23700960278511046,
    0.23726636550643226,
    0.23793671131134034,
    0.23404197096824647,
    0.23549702736464415,
    0.23571043312549592,
    0.23394255177541212,
    0.23424417620355434,
    0.236526833339171,
    0.23392129865559666,
    0.2319951742887497,
    0.2330160298130729,
    0.23275031799619847,
    0.23416721712459218,
    0.23060134540904653,
    0.23423099924217572,
    0.2347976643930782,
    0.23805666647174142,
    0.2340958123857325,
    0.2357682471925562,
    0.2359252149408514,
    0.23701585802164946,
    0.2339597756212408,
    0.23089268911968577,
    0.23271517157554628,
    0.23726382661949505,
    0.2325389163060622,
    0.23305630900643087,
    0.23362196683883668
  ],
  "val_loss": [
    0.6740569397807121,
    0.6288239546120167,
    0.4609358999878168,
    0.6517844684422016,
    0.3703647442162037,
    0.40491783432662487,
    0.3248590975999832,
    0.5110230315476656,
    0.6427156589925289,
    0.3757129143923521,
    0.6283412799239159,
    0.33414301835000515,
    0.32609937340021133,
    0.28695787861943245,
    0.3056510081514716,
    0.2762261601164937,
    0.2705567264929414,
    0.2753307353705168,
    0.28012880589812994,
    0.30993461795151234,
    0.2728088879957795,
    0.26910389587283134,
    0.27964247670024633,
    0.27867203298956156,
    0.2629436496645212,
    0.2704264996573329,
    0.26548294071108103,
    0.287177131511271,
    0.2643369222059846,
    0.2967659533023834,
    0.26909740176051855,
    0.26062312442809343,
    0.26276312954723835,
    0.26457240246236324,
    0.2608667239546776,
    0.2636961378157139,
    0.2598077096045017,
    0.2605800088495016,
    0.26134047843515873,
    0.26150910649448633,
    0.25938675832003355,
    0.25947103649377823,
    0.2602047994732857,
    0.26015108823776245,
    0.26138001680374146,
    0.2596514169126749,
    0.26065825019031763,
    0.260006551630795,
    0.2593004684895277,
    0.2592976465821266,
    0.2591275107115507,
    0.2594492994248867,
    0.2590494193136692,
    0.25953839253634214,
    0.25940028857439756,
    0.2601818088442087,
    0.25897111743688583,
    0.258962569758296,
    0.25913681276142597,
    0.2589682461693883,
    0.25886521209031343,
    0.2596662864089012,
    0.25896604266017675,
    0.25886742305010557,
    0.2589594116434455,
    0.2589648747816682,
    0.2588998330757022,
    0.259020552970469,
    0.25901562720537186,
    0.2596393181011081,
    0.25926305167376995,
    0.2596299918368459,
    0.2591810431331396,
    0.2594083957374096,
    0.2591002145782113,
    0.25903400778770447
  ],
  "epochs": [
    0,
    1,
    2,
    3,
    4,
    5,
    6,
    7,
    8,
    9,
    10,
    11,
    12,
    13,
    14,
    15,
    16,
    17,
    18,
    19,
    20,
    21,
    22,
    23,
    24,
    25,
    26,
    27,
    28,
    29,
    30,
    31,
    32,
    33,
    34,
    35,
    36,
    37,
    38,
    39,
    40,
    41,
    42,
    43,
    44,
    45,
    46,
    47,
    48,
    49,
    50,
    51,
    52,
    53,
    54,
    55,
    56,
    57,
    58,
    59,
    60,
    61,
    62,
    63,
    64,
    65,
    66,
    67,
    68,
    69,
    70,
    71,
    72,
    73,
    74,
    75
  ]
}