{
  "train_loss": [
    0.8698084516958757,
    0.7110017343000932,
    0.6038615356792103,
    0.5450221105055375,
    0.5046986265615984,
    0.4731665053150871,
    0.45033965327522973,
    0.4332818941636519,
    0.41885302500291305,
    0.40655218091878026,
    0.43326615420254794,
    0.4260998395356265,
    0.3943439689549533,
    0.3962515755133195,
    0.40139677741310814,
    0.36641141718084164,
    0.3482537096196955,
    0.3429080800576644,
    0.34915639487179845,
    0.34242172132838855,
    0.3386792540550232,
    0.3405804395675659,
    0.3351904514161023,
    0.33672048883004624,
    0.3399036066098647,
    0.33623533736575734,
    0.3306587268005718,
    0.33400673866271974,
    0.3334615701978857,
    0.33102385076609525,
    0.32946928522803565,
    0.3325166561386802,
    0.3257915561849421,
    0.32674997503107245,
    0.3241657601161437,
    0.3227732848037373,
    0.3300496434623545,
    0.3265505389733748,
    0.3289292270487005,
    0.327181431109255,
    0.31929854398423974,
    0.3229528876868161,
    0.3147828771309419,
    0.314353069933978,
    0.3163240882483396,
    0.3125619189305739,
    0.3095711328766563,
    0.3130493475632234,
    0.3153677160089666,
    0.3171206680211154,
    0.3140763987194408,
    0.31649082032116976,
    0.31175106872211805,
    0.31225121238014913,
    0.3164297485893423,
    0.31523901305415414,
    0.31325203695080495,
    0.3136155746199868,
    0.31537832075899297,
    0.3139355117624456,
    0.31425454616546633,
    0.3101917646147988,
    0.3110641915689815,
    0.3119823211973364,
    0.30975786555897106,
    0.3096308047121221,
    0.31213488334959205,
    0.31418312652544544,
    0.3122978895902634,
    0.3116901695728302,
    0.3096432398666035,
    0.3129726377400485,
    0.31526677229187705,
    0.30909422012892634,
    0.3136475378816778,
    0.3130631170489571,
    0.3131752615625208,
    0.3097878290848298,
    0.31167575391856106
  ],
  "val_loss": [
    0.79576600715518,
    0.7225253731012344,
    1.5443018823862076,
    0.9257222041487694,
    0.4649560134857893,
    0.7620139755308628,
    0.5309138130396605,
    0.40720721520483494,
    0.3868568502366543,
    0.4343419596552849,
    1.0190779566764832,
    0.39461183175444603,
    0.4882359653711319,
    0.3994746394455433,
    0.9151106998324394,
    0.3506900779902935,
    0.3420281708240509,
    0.3350242543965578,
    0.34742095693945885,
    0.3307181429117918,
    0.3400774151086807,
    0.3850964456796646,
    0.3280074615031481,
    0.39022830314934254,
    0.3372152727097273,
    0.3344338648021221,
    0.3415503613650799,
    0.35637229681015015,
    0.32589755579829216,
    0.3247542232275009,
    0.32712195441126823,
    0.323299752548337,
    0.32747497595846653,
    0.31886548921465874,
    0.3663914315402508,
    0.31411938183009624,
    0.31554448045790195,
    0.31783085130155087,
    0.3168898243457079,
    0.3447250295430422,
    0.35143253579735756,
    0.3161438051611185,
    0.3129179645329714,
    0.3110126983374357,
    0.31147338077425957,
    0.3099484946578741,
    0.31015526317059994,
    0.3090471774339676,
    0.3117675818502903,
    0.3095279037952423,
    0.3092060461640358,
    0.3105861097574234,
    0.3089697454124689,
    0.3109868783503771,
    0.30863887816667557,
    0.3081210069358349,
    0.3085941206663847,
    0.3093429673463106,
    0.3086834643036127,
    0.3108280189335346,
    0.3087600339204073,
    0.30938551761209965,
    0.30845259688794613,
    0.3078820966184139,
    0.30842562206089497,
    0.3088568188250065,
    0.30850004591047764,
    0.3082719724625349,
    0.30835588462650776,
    0.30910942144691944,
    0.30803955532610416,
    0.3085460588335991,
    0.3094923831522465,
    0.3083952572196722,
    0.30831076204776764,
    0.3080124743282795,
    0.3082667365670204,
    0.30848889611661434,
    0.30887637473642826
  ],
  "epochs": [
    0,
    1,
    2,
    3,
    4,
    5,
    6,
    7,
    8,
    9,
    10,
    11,
    12,
    13,
    14,
    15,
    16,
    17,
    18,
    19,
    20,
    21,
    22,
    23,
    24,
    25,
    26,
    27,
    28,
    29,
    30,
    31,
    32,
    33,
    34,
    35,
    36,
    37,
    38,
    39,
    40,
    41,
    42,
    43,
    44,
    45,
    46,
    47,
    48,
    49,
    50,
    51,
    52,
    53,
    54,
    55,
    56,
    57,
    58,
    59,
    60,
    61,
    62,
    63,
    64,
    65,
    66,
    67,
    68,
    69,
    70,
    71,
    72,
    73,
    74,
    75,
    76,
    77,
    78
  ]
}