{
  "train_loss": [
    0.8593341870741411,
    0.6588575254787098,
    0.5056404514746232,
    0.4308879841457714,
    0.4048243945295161,
    0.36473714492537757,
    0.3610784806988456,
    0.36271538680249993,
    0.36412396214225073,
    0.3514968704093586,
    0.34470494226975873,
    0.33039893291213296,
    0.34053129337050697,
    0.3207167628136548,
    0.31307757821950044,
    0.31934721415693107,
    0.31496992653066463,
    0.3053332662040537,
    0.30435206321152775,
    0.30518879782069813,
    0.30493831634521484,
    0.30724142789840697,
    0.3027739614248276,
    0.2918635755777359,
    0.30023977919058364,
    0.29271585887128654,
    0.29712477868253534,
    0.2911776445128701,
    0.2918693409724669,
    0.30043257637457416,
    0.28265902481295846,
    0.283488271724094,
    0.290102095766501,
    0.287565523927862,
    0.26432522426952015,
    0.2532326281070709,
    0.2547399239106612,
    0.25473850450732494,
    0.2514946775002913,
    0.2521821433847601,
    0.25060780969533053,
    0.2524848295883699,
    0.24970776818015358,
    0.24755308546803215,
    0.2489576903256503,
    0.2510002686218782,
    0.24484398879788138,
    0.2481343610720201,
    0.24747312610799616,
    0.24786397923122752,
    0.2470570296049118,
    0.24850606620311738,
    0.24697573645548387,
    0.24688194692134857,
    0.24358813681385733,
    0.2448333523490212,
    0.24481245062567972,
    0.24663671417669816,
    0.247868950529532,
    0.24244055504148657,
    0.2397869741374796,
    0.23977279744365,
    0.2409935707395727,
    0.24401787627827037,
    0.24293998642401263,
    0.24107915921644732,
    0.23927182501012628,
    0.24206113571470433,
    0.24060858948664232,
    0.2421700030565262,
    0.24022667109966278,
    0.23827022097327494,
    0.24186830114234578,
    0.24200081066651777,
    0.23796776858243077,
    0.23825368935411625,
    0.244224460829388,
    0.23991706831888718,
    0.24081354168328373,
    0.24042763872580095,
    0.2420111835002899,
    0.24281612824309956,
    0.24023077162829312,
    0.2404816202142022
  ],
  "val_loss": [
    0.7572355903685093,
    0.673529040068388,
    0.44844828359782696,
    0.6969655081629753,
    0.38145797327160835,
    1.252096600830555,
    0.3819244299083948,
    0.49108290299773216,
    0.40847515501081944,
    0.3722882494330406,
    0.369729395955801,
    0.4556833542883396,
    0.849771324545145,
    0.35396506637334824,
    0.42077372036874294,
    0.7541099041700363,
    0.7209483608603477,
    0.6446801703423262,
    0.5313208121806383,
    0.33268669061362743,
    0.3303843829780817,
    0.32220454048365355,
    0.4452652893960476,
    0.7392450906336308,
    0.3132834807038307,
    0.31561445351690054,
    0.31559783313423395,
    0.299300966784358,
    0.4112901035696268,
    0.3143048584461212,
    0.5513500981032848,
    0.39996795170009136,
    0.36398888006806374,
    0.3865840621292591,
    0.277437356300652,
    0.2748340433463454,
    0.28206430934369564,
    0.27586936485022306,
    0.2871672911569476,
    0.2734716609120369,
    0.27169913053512573,
    0.27199135813862085,
    0.2799029219895601,
    0.29109780490398407,
    0.27179202903062105,
    0.27700152713805437,
    0.27045245561748743,
    0.28918059449642897,
    0.27635769359767437,
    0.27334750816226006,
    0.27211792673915625,
    0.26996124163269997,
    0.2738820342347026,
    0.2726971451193094,
    0.272556496784091,
    0.28294272907078266,
    0.2865589438006282,
    0.29337856359779835,
    0.2668070364743471,
    0.2665096428245306,
    0.26670976635068655,
    0.2665938576683402,
    0.2665221272036433,
    0.2670199070125818,
    0.2672024816274643,
    0.2671282971277833,
    0.26667465176433325,
    0.26651336066424847,
    0.26619809307157993,
    0.2664553942158818,
    0.2672511534765363,
    0.2663931641727686,
    0.26654100324958563,
    0.2665033061057329,
    0.2668761285021901,
    0.26710235327482224,
    0.2675658240914345,
    0.2673247354105115,
    0.2669547973200679,
    0.26657755114138126,
    0.26710295490920544,
    0.266621433198452,
    0.26829234044998884,
    0.2668464947491884
  ],
  "epochs": [
    0,
    1,
    2,
    3,
    4,
    5,
    6,
    7,
    8,
    9,
    10,
    11,
    12,
    13,
    14,
    15,
    16,
    17,
    18,
    19,
    20,
    21,
    22,
    23,
    24,
    25,
    26,
    27,
    28,
    29,
    30,
    31,
    32,
    33,
    34,
    35,
    36,
    37,
    38,
    39,
    40,
    41,
    42,
    43,
    44,
    45,
    46,
    47,
    48,
    49,
    50,
    51,
    52,
    53,
    54,
    55,
    56,
    57,
    58,
    59,
    60,
    61,
    62,
    63,
    64,
    65,
    66,
    67,
    68,
    69,
    70,
    71,
    72,
    73,
    74,
    75,
    76,
    77,
    78,
    79,
    80,
    81,
    82,
    83
  ]
}