{
  "train_loss": [
    0.8718332399021496,
    0.6152156759392131,
    0.43670469522476196,
    0.3971651001410051,
    0.38123454830863257,
    0.35493452711538837,
    0.3618281765417619,
    0.3389840386130593,
    0.3522501815449108,
    0.33294870365749707,
    0.33473773219368674,
    0.315357415784489,
    0.3324735484339974,
    0.31860036253929136,
    0.31350177336822854,
    0.30764576467600735,
    0.29963892020962457,
    0.3053697176954963,
    0.3093783134763891,
    0.30580289255489,
    0.27529846998778257,
    0.2667250324379314,
    0.26590160212733527,
    0.26404999792575834,
    0.262982991066846,
    0.2663023433902047,
    0.26456871086900885,
    0.2630487699400295,
    0.26530215550552716,
    0.2580467755144293,
    0.2558611333370209,
    0.2571093098683791,
    0.2574207175861705,
    0.2583496624773199,
    0.2565457883206281,
    0.257519515265118,
    0.25391586287455126,
    0.25759347514672715,
    0.2568658040328459,
    0.2567293638532812,
    0.2587010795419866,
    0.25691278685222974,
    0.2571534693241119,
    0.2586377807638862,
    0.2573571966453032,
    0.25617230995134876,
    0.25731797353787855,
    0.25764348100532186,
    0.2575497033921155,
    0.258105359565128,
    0.2563448635014621,
    0.25818797566673973,
    0.2547838926315308,
    0.25395338941704143,
    0.25531309924342416,
    0.25493364198641344,
    0.25460796681317416,
    0.2598659951578487,
    0.25909716270186683,
    0.2564149975776672,
    0.2564534691247073,
    0.2570017318833958,
    0.2542585294355046,
    0.25679568485780196,
    0.25711694766174664
  ],
  "val_loss": [
    0.7722525075078011,
    0.6360635682940483,
    0.38534582406282425,
    0.4083657283335924,
    0.44771559350192547,
    0.35569688491523266,
    0.3792878035455942,
    0.44347585551440716,
    0.46680372580885887,
    0.5834305807948112,
    0.34541672840714455,
    0.3361819740384817,
    0.4320934973657131,
    0.3263336382806301,
    0.3294802773743868,
    0.375505905598402,
    0.3584517054259777,
    0.40403427369892597,
    0.912449698895216,
    0.8118247613310814,
    0.2990220123901963,
    0.2950832350179553,
    0.2919339397922158,
    0.31244063656777143,
    0.3034561341628432,
    0.29333260748535395,
    0.2942287940531969,
    0.3142114896327257,
    0.3035420645028353,
    0.29080410581082106,
    0.2905509388074279,
    0.2901307847350836,
    0.290319531224668,
    0.2899103034287691,
    0.2901993514969945,
    0.2900682110339403,
    0.28985375817865133,
    0.2907771645113826,
    0.29029638413339853,
    0.2908685337752104,
    0.2902847221121192,
    0.2899708794429898,
    0.29025026969611645,
    0.29014499485492706,
    0.2898961054161191,
    0.29036980867385864,
    0.29017894342541695,
    0.2897375859320164,
    0.29003107734024525,
    0.2895695772022009,
    0.2906320942565799,
    0.2903273990377784,
    0.2896787263453007,
    0.2898732516914606,
    0.2901897244155407,
    0.2899721786379814,
    0.2905796654522419,
    0.2910925280302763,
    0.2902123089879751,
    0.2896666983142495,
    0.28969469387084246,
    0.2897495962679386,
    0.2903082827106118,
    0.289755430072546,
    0.2898973524570465
  ],
  "epochs": [
    0,
    1,
    2,
    3,
    4,
    5,
    6,
    7,
    8,
    9,
    10,
    11,
    12,
    13,
    14,
    15,
    16,
    17,
    18,
    19,
    20,
    21,
    22,
    23,
    24,
    25,
    26,
    27,
    28,
    29,
    30,
    31,
    32,
    33,
    34,
    35,
    36,
    37,
    38,
    39,
    40,
    41,
    42,
    43,
    44,
    45,
    46,
    47,
    48,
    49,
    50,
    51,
    52,
    53,
    54,
    55,
    56,
    57,
    58,
    59,
    60,
    61,
    62,
    63,
    64
  ]
}