{
  "train_loss": [
    0.8786655057560314,
    0.6676635520024733,
    0.4995934638110074,
    0.45078361630439756,
    0.42310991829091854,
    0.4062488761815158,
    0.3806202297860926,
    0.38088221820917995,
    0.3633931848135861,
    0.3696867980740287,
    0.3637488002126867,
    0.3324970478361303,
    0.3179845658215609,
    0.31530827798626637,
    0.3153213487430052,
    0.30975358296524397,
    0.31634639664129777,
    0.31609378511255437,
    0.3113540234890851,
    0.31060359288345685,
    0.31046314374967054,
    0.3099976867437363,
    0.3077060358090834,
    0.31222271187738937,
    0.3087465977126902,
    0.30400233539668,
    0.3046831103888425,
    0.30255407230420545,
    0.30254709666425533,
    0.30188696790825237,
    0.3046714728528803,
    0.3008475512266159,
    0.29895920618013905,
    0.2965306677601554,
    0.29642728187821127,
    0.29705943113023586,
    0.29738866172053596,
    0.29848283312537455,
    0.2973787697878751,
    0.2925068367611278,
    0.2952694616534493,
    0.29402021928267047,
    0.29436595168980684,
    0.29416893964464014,
    0.29010311473499645,
    0.2965587748722597,
    0.29177087166092613,
    0.2943089078773152,
    0.2937421075322411,
    0.2942850971763784,
    0.29184848015958614,
    0.29198168949647385,
    0.2952893419699235,
    0.29360234195535834,
    0.2947785559025678,
    0.2929019979455254,
    0.29252547350796787,
    0.2934123621745543,
    0.29504133571277963,
    0.2927028268575668,
    0.29642676575617355,
    0.29275923560966144,
    0.2895368467677723,
    0.2955896534702995,
    0.29340031390840354,
    0.2941376041282307,
    0.29138241572813556,
    0.2955384799025276,
    0.2939055922356519,
    0.2925473443486474,
    0.2911020268093456
  ],
  "val_loss": [
    0.7903139851987362,
    0.5754384212195873,
    0.518045587465167,
    1.2852121591567993,
    0.45484693720936775,
    0.6676248013973236,
    1.5870716869831085,
    0.45898240990936756,
    0.5589856095612049,
    0.6025417223572731,
    0.4590791929513216,
    0.3452065456658602,
    0.34473477490246296,
    0.3538693077862263,
    0.3459908291697502,
    0.34281755425035954,
    0.401584979146719,
    0.33933533914387226,
    0.34325114265084267,
    0.3580494895577431,
    0.3333264533430338,
    0.3397246617823839,
    0.3682345375418663,
    0.4093833863735199,
    0.3612518832087517,
    0.3301553763449192,
    0.3731277920305729,
    0.33123905677348375,
    0.40125141851603985,
    0.3456193059682846,
    0.33279317431151867,
    0.36667499877512455,
    0.3265518816187978,
    0.32828295044600964,
    0.3272946337237954,
    0.32725105341523886,
    0.3269519414752722,
    0.32512614503502846,
    0.325230048969388,
    0.32830129843205214,
    0.3253292916342616,
    0.32549664191901684,
    0.3257829137146473,
    0.3274038275703788,
    0.3254386615008116,
    0.32532959431409836,
    0.32497261464595795,
    0.32572231255471706,
    0.32591466046869755,
    0.326677224598825,
    0.32607521396130323,
    0.3250653641298413,
    0.3252515019848943,
    0.3268087077885866,
    0.3256936054676771,
    0.32488312292844057,
    0.32581152115017176,
    0.32520859129726887,
    0.3253919370472431,
    0.32489973306655884,
    0.32670642621815205,
    0.32553496863693,
    0.32541737612336874,
    0.3256106534972787,
    0.32562992349267006,
    0.3248883467167616,
    0.324905414134264,
    0.32508520781993866,
    0.32587345875799656,
    0.3257855698466301,
    0.32505614776164293
  ],
  "epochs": [
    0,
    1,
    2,
    3,
    4,
    5,
    6,
    7,
    8,
    9,
    10,
    11,
    12,
    13,
    14,
    15,
    16,
    17,
    18,
    19,
    20,
    21,
    22,
    23,
    24,
    25,
    26,
    27,
    28,
    29,
    30,
    31,
    32,
    33,
    34,
    35,
    36,
    37,
    38,
    39,
    40,
    41,
    42,
    43,
    44,
    45,
    46,
    47,
    48,
    49,
    50,
    51,
    52,
    53,
    54,
    55,
    56,
    57,
    58,
    59,
    60,
    61,
    62,
    63,
    64,
    65,
    66,
    67,
    68,
    69,
    70
  ]
}