{
  "train_loss": [
    0.8847203460606662,
    0.7257688186385415,
    0.542310736396096,
    0.5002996661446312,
    0.440947116505016,
    0.4355536021969535,
    0.4104410778392445,
    0.40264293388886885,
    0.39992755543101915,
    0.40122305317358536,
    0.37458948276259685,
    0.38311484726992523,
    0.38273910067298195,
    0.37973769036206334,
    0.37098754319277677,
    0.3597152428193526,
    0.34113232547586614,
    0.3311170263723894,
    0.329622223702344,
    0.3328719361261888,
    0.3257561970840801,
    0.3259736023165963,
    0.3293818435885689,
    0.3240716890855269,
    0.3248458661816337,
    0.32534903369166635,
    0.3202341998165304,
    0.31723843623291365,
    0.3167888251217929,
    0.3197666030038487,
    0.3207476767626676,
    0.31733621033755216,
    0.319978711550886,
    0.3186249315738678,
    0.320873978192156,
    0.3162022742358121,
    0.3157090100375089,
    0.31623545722527935,
    0.3237723464315588,
    0.3200927942991257,
    0.3180677045475353,
    0.3183167121627114,
    0.31903373409401287,
    0.3186072915792465,
    0.31816484548828816,
    0.32236125794324005,
    0.32094022740017286,
    0.31859671690247277,
    0.31788459853692486,
    0.31976167451251636,
    0.3216141692616723
  ],
  "val_loss": [
    0.8031422682106495,
    0.5939586609601974,
    0.497451588511467,
    0.44383358024060726,
    0.47485982067883015,
    0.5383631866425276,
    0.6452385149896145,
    0.482355197891593,
    0.540874321013689,
    0.41917874477803707,
    0.6922635808587074,
    0.7365945130586624,
    0.49235426262021065,
    0.5934881307184696,
    0.68806491792202,
    0.4523418638855219,
    0.3818959668278694,
    0.38775158673524857,
    0.3935497086495161,
    0.3703151158988476,
    0.38458046689629555,
    0.3746872991323471,
    0.46594102308154106,
    0.3962795361876488,
    0.3979811333119869,
    0.37628973461687565,
    0.35808267444372177,
    0.35827781073749065,
    0.359518526121974,
    0.35883509553968906,
    0.35937597788870335,
    0.358222933486104,
    0.3586988467723131,
    0.35761052183806896,
    0.3577547259628773,
    0.3575902860611677,
    0.35803172178566456,
    0.3576218690723181,
    0.3576439078897238,
    0.3582587018609047,
    0.3577476926147938,
    0.35787195712327957,
    0.35776943154633045,
    0.35780448466539383,
    0.3577635530382395,
    0.35766636580228806,
    0.35787773318588734,
    0.35786085948348045,
    0.358139107003808,
    0.35781736485660076,
    0.3577478416264057
  ],
  "epochs": [
    0,
    1,
    2,
    3,
    4,
    5,
    6,
    7,
    8,
    9,
    10,
    11,
    12,
    13,
    14,
    15,
    16,
    17,
    18,
    19,
    20,
    21,
    22,
    23,
    24,
    25,
    26,
    27,
    28,
    29,
    30,
    31,
    32,
    33,
    34,
    35,
    36,
    37,
    38,
    39,
    40,
    41,
    42,
    43,
    44,
    45,
    46,
    47,
    48,
    49,
    50
  ]
}