{
  "train_loss": [
    0.8784810228781267,
    0.6871296936815435,
    0.5291150136427446,
    0.4751400850035927,
    0.42917885346846146,
    0.4054560596292669,
    0.3924498043277047,
    0.39052551605484703,
    0.3632251452315937,
    0.36947706612673675,
    0.3562000388448889,
    0.35331010222435,
    0.34425292773680255,
    0.3352394716306166,
    0.3204516432502053,
    0.33031174703077837,
    0.31366948566653513,
    0.3325814155015078,
    0.3175339492884549,
    0.31227255761623385,
    0.3159521755847064,
    0.31332407675006174,
    0.30814283056692643,
    0.3063420222564177,
    0.30118351551619443,
    0.27298464179039,
    0.26819311840967697,
    0.2664026618003845,
    0.2634937809272246,
    0.264529133384878,
    0.2636749947612936,
    0.26062593893571334,
    0.2657137564637444,
    0.2595019847154617,
    0.2602186005223881,
    0.26009421782060105,
    0.2566721038384871,
    0.25478522723371333,
    0.25734550898725334,
    0.25815877047452057,
    0.25564699335531754,
    0.2571800085631284,
    0.2568872286514802,
    0.2552609359676188,
    0.2553461470387199,
    0.25407482873309745,
    0.2551427656953985,
    0.2564897106452422,
    0.25474359664050017,
    0.256035439805551,
    0.25672553154555233,
    0.2554267707196149,
    0.2548508722673763,
    0.25360217202793467,
    0.2544559885155071,
    0.2539567581631921,
    0.25426549694754863,
    0.2558722964741967,
    0.2554483177987012,
    0.25251018730076874,
    0.2563706037673083,
    0.2533590021458539,
    0.25695789429274474,
    0.2553266408768567,
    0.2545320600271225,
    0.25340057611465455,
    0.2533175446770408,
    0.2540199342099103,
    0.2542948397723111,
    0.2564794586463408,
    0.2533312892371958,
    0.2522688326510516,
    0.2549719875509089,
    0.25762277001684364,
    0.25531650293957103
  ],
  "val_loss": [
    0.7855025976896286,
    0.6939262673258781,
    0.6854510605335236,
    0.7417822852730751,
    0.418844735249877,
    0.3599702939391136,
    0.8883468732237816,
    0.7877688780426979,
    0.33972340635955334,
    0.4372533466666937,
    1.0475085377693176,
    0.4062123466283083,
    0.3174377214163542,
    1.10082096606493,
    0.40925583615899086,
    0.33257666416466236,
    0.3268481958657503,
    0.40764505974948406,
    0.31619659438729286,
    0.42283841595053673,
    1.737849935889244,
    0.3603410925716162,
    0.47034026123583317,
    0.4373952839523554,
    0.9119011573493481,
    0.2718797391280532,
    0.27165612764656544,
    0.30058213230222464,
    0.2700312901288271,
    0.27106388099491596,
    0.2705125454813242,
    0.36429370380938053,
    0.2920737359672785,
    0.2710957555100322,
    0.37716832756996155,
    0.26711515709757805,
    0.2669439595192671,
    0.2668312890455127,
    0.26831976138055325,
    0.2672503646463156,
    0.2659524539485574,
    0.2666742317378521,
    0.2685148511081934,
    0.26646662317216396,
    0.2655447758734226,
    0.26686648838222027,
    0.26904622092843056,
    0.26607909705489874,
    0.26719937287271023,
    0.265591430477798,
    0.26639348547905684,
    0.2656577145680785,
    0.2663883166387677,
    0.26558294612914324,
    0.26730166748166084,
    0.2660521725192666,
    0.26580063719302416,
    0.2657850617542863,
    0.26562598906457424,
    0.2653746213763952,
    0.26566755305975676,
    0.26588142290711403,
    0.26554167084395885,
    0.2683289907872677,
    0.26691414322704077,
    0.26631355471909046,
    0.2658273158594966,
    0.2657250761985779,
    0.26574746053665876,
    0.265532155521214,
    0.26609201449900866,
    0.2661210708320141,
    0.2667050752788782,
    0.2655558567494154,
    0.2660389356315136
  ],
  "epochs": [
    0,
    1,
    2,
    3,
    4,
    5,
    6,
    7,
    8,
    9,
    10,
    11,
    12,
    13,
    14,
    15,
    16,
    17,
    18,
    19,
    20,
    21,
    22,
    23,
    24,
    25,
    26,
    27,
    28,
    29,
    30,
    31,
    32,
    33,
    34,
    35,
    36,
    37,
    38,
    39,
    40,
    41,
    42,
    43,
    44,
    45,
    46,
    47,
    48,
    49,
    50,
    51,
    52,
    53,
    54,
    55,
    56,
    57,
    58,
    59,
    60,
    61,
    62,
    63,
    64,
    65,
    66,
    67,
    68,
    69,
    70,
    71,
    72,
    73,
    74
  ]
}