{
  "train_loss": [
    0.8747753240845421,
    0.7100982785224914,
    0.582647769017653,
    0.5254963262514635,
    0.48845226873051034,
    0.47023068070411683,
    0.43675277774984184,
    0.43167129863392223,
    0.4129720812494105,
    0.40871742313558407,
    0.39388326027176596,
    0.399757013537667,
    0.40142468376593154,
    0.3897980413653634,
    0.3826211479577151,
    0.37547320235859266,
    0.36909834038127554,
    0.3445426025173881,
    0.3394700836051594,
    0.3385114182125438,
    0.3329274784434925,
    0.3310279152610085,
    0.33346468345685437,
    0.33310977166349237,
    0.33059780380942605,
    0.33036526170643893,
    0.32930373061787,
    0.33297726674513384,
    0.32584850517186253,
    0.32660635980692776,
    0.33187758434902537,
    0.32488591887734153,
    0.3253748888319189,
    0.3298007775436748,
    0.33031627373261885,
    0.32877077568661084,
    0.323217634992166,
    0.3204680627042597,
    0.32145015597343446,
    0.3191855571486733,
    0.31744968295097353,
    0.3158112162893469,
    0.32242413000626996,
    0.31795200949365443,
    0.31903798119588334,
    0.31985694630579514,
    0.32163776755332946,
    0.32151838947426187,
    0.3165543794631958,
    0.31912322369488805,
    0.31772190576249904,
    0.31944876150651413,
    0.31877062618732455,
    0.3218045045029033,
    0.318609065359289,
    0.31989029131152413,
    0.3204207526011901,
    0.31811230697415094,
    0.31873505332253194,
    0.317605351859873,
    0.3172076520594684,
    0.3182490549304269,
    0.32194656079465694,
    0.3197446405887604,
    0.322159925645048,
    0.3189080872318961,
    0.31808943829753183,
    0.32005449777299705,
    0.31487201289697125,
    0.31691547307101164,
    0.31959488175132056,
    0.320209737257524,
    0.3211201331832192,
    0.3132156014442444,
    0.31629351512952286
  ],
  "val_loss": [
    0.7835543341934681,
    0.7857335805892944,
    0.6491488963365555,
    0.9036037921905518,
    1.0794035121798515,
    0.5964430943131447,
    0.5581074543297291,
    0.5132087580859661,
    0.5589381959289312,
    0.5252984408289194,
    0.3825954720377922,
    0.6135314963757992,
    0.4370705671608448,
    0.3988707549870014,
    0.4917628113180399,
    0.5142147894948721,
    0.3953369688242674,
    0.3456918001174927,
    0.3445051722228527,
    0.34205204248428345,
    0.3603904228657484,
    0.3459705486893654,
    0.34116847813129425,
    0.3424581941217184,
    0.34848371893167496,
    0.3999891132116318,
    0.33743169344961643,
    0.34149792790412903,
    0.3649897165596485,
    0.41263823583722115,
    0.3358320239931345,
    0.4507712982594967,
    0.35258688777685165,
    0.3528901915997267,
    0.33669887483119965,
    0.34033613465726376,
    0.33593846671283245,
    0.3330110125243664,
    0.33006679452955723,
    0.33015237003564835,
    0.3295836206525564,
    0.32903341203927994,
    0.3287877943366766,
    0.3340007569640875,
    0.3297451715916395,
    0.3294179495424032,
    0.33041074499487877,
    0.33032194897532463,
    0.32931445725262165,
    0.32907093688845634,
    0.32865135185420513,
    0.328226912766695,
    0.3283147681504488,
    0.32908822037279606,
    0.32862307876348495,
    0.3281401488929987,
    0.328188918530941,
    0.3282349109649658,
    0.32821444422006607,
    0.3280755262821913,
    0.32841082476079464,
    0.3283758405596018,
    0.3282963093370199,
    0.32856806367635727,
    0.3288482688367367,
    0.32852927967906,
    0.32818579487502575,
    0.3291209042072296,
    0.32921362295746803,
    0.32885882444679737,
    0.32822456024587154,
    0.3283155523240566,
    0.32864890061318874,
    0.32827218621969223,
    0.3286066669970751
  ],
  "epochs": [
    0,
    1,
    2,
    3,
    4,
    5,
    6,
    7,
    8,
    9,
    10,
    11,
    12,
    13,
    14,
    15,
    16,
    17,
    18,
    19,
    20,
    21,
    22,
    23,
    24,
    25,
    26,
    27,
    28,
    29,
    30,
    31,
    32,
    33,
    34,
    35,
    36,
    37,
    38,
    39,
    40,
    41,
    42,
    43,
    44,
    45,
    46,
    47,
    48,
    49,
    50,
    51,
    52,
    53,
    54,
    55,
    56,
    57,
    58,
    59,
    60,
    61,
    62,
    63,
    64,
    65,
    66,
    67,
    68,
    69,
    70,
    71,
    72,
    73,
    74
  ]
}