{
  "train_loss": [
    1.4669121951406652,
    1.2037874395197088,
    1.0772390794754028,
    0.977504444880919,
    0.8849955821037292,
    0.8119359217990529,
    0.7455401223897933,
    0.6900270057266409,
    0.645145784128796,
    0.619134562828324,
    0.5950869105620817,
    0.5719884262301704,
    0.549589709422805,
    0.5331860219890421,
    0.5193812656944448,
    0.5065416422757235,
    0.490864090106704,
    0.4794326505335894,
    0.4749836583571,
    0.46464617853814905,
    0.45089686540040097,
    0.44167330281300976,
    0.43831982710144735,
    0.431113393089988,
    0.42763010588559236,
    0.41969142166051,
    0.4105670830878344,
    0.41177700096910647,
    0.4120511295578696,
    0.4070403669097207,
    0.3979920922084288,
    0.40104511596939785,
    0.3988494935360821,
    0.38652451157569884,
    0.3928672475706447,
    0.383129062869332,
    0.3884830314462835,
    0.3857053133574399,
    0.3803591191768646,
    0.3790742045099085,
    0.38075566053390497,
    0.3829807344891808,
    0.37195895736867735,
    0.37443743646144867,
    0.3734324295954271,
    0.3752174852652983,
    0.36917635218663647,
    0.3692192705111069,
    0.3738754979046908,
    0.36172330945730213,
    0.36379310510375285,
    0.3619400307265195,
    0.36026838045228615,
    0.35699592492797155,
    0.3567784630710428,
    0.35421358135613523,
    0.3570183783227747,
    0.359581236243248,
    0.35516235167329957,
    0.35490184393796054,
    0.35315565082159905,
    0.35282903427427464,
    0.3519644635915756,
    0.3492642734809355,
    0.3515952717174183,
    0.3493943260745569,
    0.3446028640324419,
    0.34266946505416523,
    0.35298112909902224,
    0.34800067435611376,
    0.34565141518007625,
    0.3434664889357307,
    0.34571428943764076,
    0.34916474632241506,
    0.3383925187587738,
    0.34514021710916,
    0.3449089099060405,
    0.33981643460013644,
    0.33625070515004074,
    0.33667050025679846,
    0.3346067253026095,
    0.33399340006438166,
    0.3333828904141079,
    0.3331204397570003,
    0.32823061523112385,
    0.3309612748839639,
    0.3302772090380842,
    0.33697742692448873,
    0.33612567443739283,
    0.32779299169778825,
    0.3251319209012118,
    0.33067877959121356,
    0.3319056847691536,
    0.32994499878449873,
    0.3297288112748753,
    0.32633517801761625,
    0.32866184773770246
  ],
  "val_loss": [
    1.3716191451996562,
    1.067602490633726,
    0.954399330355227,
    0.8568963374942541,
    0.7718449868261814,
    0.6897352939471602,
    0.6271142778918146,
    0.5918833309784531,
    0.5321508055552839,
    0.512784974090755,
    0.48952666521072385,
    0.4699915675446391,
    0.4374929310753941,
    0.41710036247968674,
    0.41673095189034937,
    0.39498058073222636,
    0.3893305880948901,
    0.35551489293575284,
    0.35689443610608573,
    0.341510421782732,
    0.3234191083349287,
    0.3073396968655288,
    0.30424634730443356,
    0.3123931111767888,
    0.2835685471072793,
    0.3000911154784262,
    0.2880952315405011,
    0.27943396000191567,
    0.2714199054986238,
    0.264768214803189,
    0.28282641209661963,
    0.27718978989869353,
    0.26542890574783085,
    0.273827498126775,
    0.27208655430004003,
    0.2699303883127868,
    0.2479834192432463,
    0.24897929849103093,
    0.2490230227820575,
    0.24583270689472556,
    0.24111141990870236,
    0.24202141538262367,
    0.24593158327043058,
    0.24751875000074505,
    0.2678019195795059,
    0.2447580005042255,
    0.23892784286290406,
    0.23678300073370337,
    0.23185250228270887,
    0.23618814200162888,
    0.2318142605945468,
    0.23045779559761287,
    0.23879505880177018,
    0.228045829385519,
    0.2303008415736258,
    0.23414600053802131,
    0.2253589717671275,
    0.23152887718752027,
    0.23297731075435876,
    0.22923744469881058,
    0.23149399440735577,
    0.22276719016954302,
    0.22803557431325314,
    0.23373641464859246,
    0.23489295905455945,
    0.22539363680407404,
    0.2102371260523796,
    0.22314980048686267,
    0.22475706739351153,
    0.2158639655448496,
    0.23097340678796172,
    0.21927575692534446,
    0.21667817002162337,
    0.2321845369413495,
    0.21416042717173694,
    0.21969996057450772,
    0.22442996008321642,
    0.21563489669933916,
    0.21762603195384145,
    0.21847348921000956,
    0.21924210572615263,
    0.21132844211533666,
    0.2151304768398404,
    0.21769627016037701,
    0.21277772802859546,
    0.21382563998922705,
    0.21748386230319738,
    0.21450973274186252,
    0.22184942699968813,
    0.21370140751823782,
    0.2130807200446725,
    0.21459059240296482,
    0.21125241145491597,
    0.2111309648491442,
    0.2144400321878493,
    0.2168366844765842,
    0.21086558811366557
  ],
  "epochs": [
    0,
    1,
    2,
    3,
    4,
    5,
    6,
    7,
    8,
    9,
    10,
    11,
    12,
    13,
    14,
    15,
    16,
    17,
    18,
    19,
    20,
    21,
    22,
    23,
    24,
    25,
    26,
    27,
    28,
    29,
    30,
    31,
    32,
    33,
    34,
    35,
    36,
    37,
    38,
    39,
    40,
    41,
    42,
    43,
    44,
    45,
    46,
    47,
    48,
    49,
    50,
    51,
    52,
    53,
    54,
    55,
    56,
    57,
    58,
    59,
    60,
    61,
    62,
    63,
    64,
    65,
    66,
    67,
    68,
    69,
    70,
    71,
    72,
    73,
    74,
    75,
    76,
    77,
    78,
    79,
    80,
    81,
    82,
    83,
    84,
    85,
    86,
    87,
    88,
    89,
    90,
    91,
    92,
    93,
    94,
    95,
    96
  ]
}