{
  "train_loss": [
    0.8193293127146635,
    0.424823318828236,
    0.33012582876465535,
    0.31226902062242684,
    0.2963155895471573,
    0.2916263458403674,
    0.28753498169508845,
    0.2859013630585237,
    0.2787519324909557,
    0.28266217952424827,
    0.2791683007370342,
    0.27255645936185663,
    0.27394472252238883,
    0.2709310989488255,
    0.2683540379459208,
    0.2694945308295163,
    0.2648439109325409,
    0.2628463953733444,
    0.24986494779586793,
    0.24993152808059346,
    0.24240426773374732,
    0.24680190682411193,
    0.24664892012422734,
    0.2482794544913552,
    0.24943534677678889,
    0.2413182404908267,
    0.24264674457636745,
    0.24086975807493383,
    0.24158181033351206,
    0.24461961469867013,
    0.24274666146798568,
    0.24280838072299957,
    0.24528374536470934,
    0.24460575390945782
  ],
  "val_loss": [
    0.57962716370821,
    0.3664115760475397,
    0.35190661810338497,
    0.29510248079895973,
    0.30234026722609997,
    0.297485938295722,
    0.30140239745378494,
    0.3226941842585802,
    0.2910961164161563,
    0.2920824531465769,
    0.4195664022117853,
    0.27931022085249424,
    0.31946287490427494,
    0.2818128876388073,
    0.43637499399483204,
    0.284282848238945,
    0.2854612972587347,
    0.3360301200300455,
    0.2639520540833473,
    0.26750489696860313,
    0.26547835674136877,
    0.2643484603613615,
    0.2716909805312753,
    0.26418617740273476,
    0.2771256836131215,
    0.26431076880544424,
    0.26454061456024647,
    0.2647202415391803,
    0.26464765798300505,
    0.2640019804239273,
    0.2645123368129134,
    0.26470498368144035,
    0.2647550432011485,
    0.2651473581790924
  ],
  "epochs": [
    0,
    1,
    2,
    3,
    4,
    5,
    6,
    7,
    8,
    9,
    10,
    11,
    12,
    13,
    14,
    15,
    16,
    17,
    18,
    19,
    20,
    21,
    22,
    23,
    24,
    25,
    26,
    27,
    28,
    29,
    30,
    31,
    32,
    33
  ]
}