{
  "train_loss": [
    0.8038660352880305,
    0.3844515854662115,
    0.3182810051874681,
    0.29203000420873815,
    0.28423735905777325,
    0.28383748829364774,
    0.27905089313333686,
    0.2704823989759792,
    0.26320923106236893,
    0.26037976795976814,
    0.2689325730909001,
    0.2624262422323227,
    0.25991148352622984,
    0.25612019869414243,
    0.26249869357455863,
    0.258038316802545,
    0.24350701733068986,
    0.23848093233325265,
    0.23811855858022515,
    0.24033607000654394,
    0.24119609079577706,
    0.24102193794467233,
    0.2404628268697045,
    0.2361845463514328,
    0.2380481088703329,
    0.23641503155231475,
    0.2365935891866684,
    0.2382066867568276,
    0.23424012877724387,
    0.2374627256935293,
    0.23540365425023166,
    0.23629640584642236,
    0.23608151891014792,
    0.2341533986004916,
    0.23402276770635086,
    0.23484704115174032,
    0.2363792836666107,
    0.2347370765425942,
    0.2335877144878561,
    0.23343875083056362,
    0.23432783755389128,
    0.23523966128175908,
    0.23499976938421077,
    0.234586655551737,
    0.23386025726795195,
    0.2376350088552995,
    0.23543314039707183
  ],
  "val_loss": [
    0.5513354688882828,
    0.3509118463844061,
    0.5695289485156536,
    0.44548644311726093,
    0.3573800902813673,
    0.5553027633577585,
    0.26640155352652073,
    0.26597851514816284,
    0.2693659858778119,
    0.2568335449323058,
    0.259776514954865,
    0.26569600123912096,
    0.6131180301308632,
    0.2790831867605448,
    0.2827908853068948,
    0.5974467173218727,
    0.24445239268243313,
    0.2430220376700163,
    0.24171406868845224,
    0.24598324298858643,
    0.2451837994158268,
    0.24425819981843233,
    0.2505288077518344,
    0.2414047596976161,
    0.24463061708956957,
    0.2442605523392558,
    0.2501471368595958,
    0.2421671338379383,
    0.24148828070610762,
    0.24266815185546875,
    0.24072667211294174,
    0.24067581817507744,
    0.2415043991059065,
    0.24093773309141397,
    0.24108383245766163,
    0.24132527690380812,
    0.2410666225478053,
    0.2408461943268776,
    0.24109450168907642,
    0.24079694505780935,
    0.24104431737214327,
    0.24151987116783857,
    0.24176981579512358,
    0.24132374208420515,
    0.2411563079804182,
    0.2409804118797183,
    0.24073066376149654
  ],
  "epochs": [
    0,
    1,
    2,
    3,
    4,
    5,
    6,
    7,
    8,
    9,
    10,
    11,
    12,
    13,
    14,
    15,
    16,
    17,
    18,
    19,
    20,
    21,
    22,
    23,
    24,
    25,
    26,
    27,
    28,
    29,
    30,
    31,
    32,
    33,
    34,
    35,
    36,
    37,
    38,
    39,
    40,
    41,
    42,
    43,
    44,
    45,
    46
  ]
}