{
  "train_loss": [
    0.8202596642754295,
    0.4307785017923875,
    0.34852590235796843,
    0.31814081262458455,
    0.31707332919944414,
    0.3057950109243393,
    0.29708146398717705,
    0.3011170040477406,
    0.2974736105312001,
    0.27667640583081676,
    0.2746545642614365,
    0.2765028035098856,
    0.27015861706300215,
    0.2717020224441182,
    0.2736943724480542,
    0.2686049848794937,
    0.2710955023765564,
    0.267193602160974,
    0.27094526941126046,
    0.2711448008363897,
    0.26910420927134426,
    0.27086242599920796,
    0.26940845061432234,
    0.26803611408580436,
    0.2675627432086251,
    0.26470611610195854,
    0.26538595232096585,
    0.2644330157475038,
    0.26652219945734196,
    0.2665727214379744,
    0.26438257667151366,
    0.26381231573494995,
    0.2670806383544749,
    0.2620646186850288,
    0.2643234613266858,
    0.2669133814898404,
    0.2658958920023658,
    0.2644126965240999,
    0.26616128899834374,
    0.2657593464309519,
    0.2620941720225594,
    0.26343808607621627,
    0.26570915444330734,
    0.26565854901617225,
    0.26595999706875195,
    0.26508338261734354,
    0.26551191183653744,
    0.26388983618129386,
    0.2640610846606168,
    0.26665595905347306,
    0.26584609177979557,
    0.26457941775972194,
    0.26515500382943585,
    0.2618704519488595,
    0.26483804095875135,
    0.26631447320634666,
    0.26541405022144315,
    0.2657720140435479,
    0.2659890581261028,
    0.26513481627811086,
    0.2687451823191209,
    0.26700771992856803,
    0.2694109469652176,
    0.2610530002550645
  ],
  "val_loss": [
    0.6002328842878342,
    0.41198298521339893,
    0.30425712279975414,
    0.3102373955771327,
    0.6299689151346684,
    0.3125263676047325,
    0.3108693100512028,
    0.4694659002125263,
    0.3863672986626625,
    0.28747907001525164,
    0.2830290738493204,
    0.2819366427138448,
    0.28929245099425316,
    0.2826183792203665,
    0.281996825709939,
    0.2802856480702758,
    0.2786820027977228,
    0.2832011617720127,
    0.29015503730624914,
    0.2830347325652838,
    0.28269628901034594,
    0.2801705049350858,
    0.2794950548559427,
    0.2777273440733552,
    0.27755879890173674,
    0.27732739970088005,
    0.277708038687706,
    0.27733372524380684,
    0.2772608334198594,
    0.2775579420849681,
    0.2773484932258725,
    0.27767740096896887,
    0.27729590330272913,
    0.27725604735314846,
    0.27781976386904716,
    0.2773464862257242,
    0.2777843065559864,
    0.27721706591546535,
    0.2774002430960536,
    0.2777065159752965,
    0.277103453874588,
    0.2777902018278837,
    0.2773345420137048,
    0.2773579703643918,
    0.27729609329253435,
    0.27722389064729214,
    0.2773127192631364,
    0.27754083927720785,
    0.27707615215331316,
    0.27736874856054783,
    0.27720928750932217,
    0.2771517327055335,
    0.2772378483787179,
    0.2772911097854376,
    0.27714731730520725,
    0.2775997668504715,
    0.27726783975958824,
    0.27733046282082796,
    0.2776021445170045,
    0.27719513326883316,
    0.2784264935180545,
    0.2773230066522956,
    0.27716005966067314,
    0.2775037167593837
  ],
  "epochs": [
    0,
    1,
    2,
    3,
    4,
    5,
    6,
    7,
    8,
    9,
    10,
    11,
    12,
    13,
    14,
    15,
    16,
    17,
    18,
    19,
    20,
    21,
    22,
    23,
    24,
    25,
    26,
    27,
    28,
    29,
    30,
    31,
    32,
    33,
    34,
    35,
    36,
    37,
    38,
    39,
    40,
    41,
    42,
    43,
    44,
    45,
    46,
    47,
    48,
    49,
    50,
    51,
    52,
    53,
    54,
    55,
    56,
    57,
    58,
    59,
    60,
    61,
    62,
    63
  ]
}