{
  "train_loss": [
    0.8847809878262607,
    0.6267462253570557,
    0.4826749254356731,
    0.45896138440478934,
    0.43293938745151866,
    0.42560573491183196,
    0.40987443978136234,
    0.41114823384718463,
    0.40721366838975387,
    0.4037783779881217,
    0.3982966433871876,
    0.3884122295813127,
    0.3848889345472509,
    0.3999941489913247,
    0.39181439226323905,
    0.38181161934679203,
    0.35969627662138504,
    0.3574747489257292,
    0.357326034524224,
    0.3561947681687095,
    0.354462296854366,
    0.35991008064963603,
    0.3535974128679796,
    0.35020934722640296,
    0.35293239951133726,
    0.35106626911596817,
    0.3549194899472323,
    0.3486509642817757,
    0.34976509592749855,
    0.3487419361417944,
    0.35357567993077366,
    0.34844626567580483,
    0.3498582455244931,
    0.3526225664398887,
    0.3513905790719119,
    0.3491057574748993,
    0.3500568593090231,
    0.34966390512206336,
    0.3492180965163491,
    0.3511235172098333,
    0.35285674983804877,
    0.35059076655994764,
    0.348583953759887,
    0.35124912749637255,
    0.3514477150006728,
    0.35124491669914937,
    0.34864290139891885
  ],
  "val_loss": [
    0.789532020688057,
    0.48436078429222107,
    0.9869915954768658,
    0.5327179729938507,
    0.5103079918771982,
    0.41165544278919697,
    0.4413274321705103,
    0.8890722617506981,
    0.4349648002535105,
    0.3958958871662617,
    0.42342778481543064,
    0.4554234929382801,
    0.40462083742022514,
    0.4516141563653946,
    0.40781393460929394,
    0.5011828802525997,
    0.3789353333413601,
    0.402329595759511,
    0.3737479094415903,
    0.37855957821011543,
    0.37643491104245186,
    0.3881015367805958,
    0.41637238673865795,
    0.4000230245292187,
    0.3765933383256197,
    0.3736443258821964,
    0.3732547927647829,
    0.37392829172313213,
    0.3735614102333784,
    0.3737173266708851,
    0.37415396235883236,
    0.37297655642032623,
    0.3733307998627424,
    0.3734501414000988,
    0.37378146313130856,
    0.37342902831733227,
    0.37415628880262375,
    0.3731707874685526,
    0.37355812266469,
    0.3743885103613138,
    0.37349780462682247,
    0.3730691336095333,
    0.37313970923423767,
    0.37394464388489723,
    0.37308676540851593,
    0.37349233962595463,
    0.3732787240296602
  ],
  "epochs": [
    0,
    1,
    2,
    3,
    4,
    5,
    6,
    7,
    8,
    9,
    10,
    11,
    12,
    13,
    14,
    15,
    16,
    17,
    18,
    19,
    20,
    21,
    22,
    23,
    24,
    25,
    26,
    27,
    28,
    29,
    30,
    31,
    32,
    33,
    34,
    35,
    36,
    37,
    38,
    39,
    40,
    41,
    42,
    43,
    44,
    45,
    46
  ]
}