{
  "train_loss": [
    0.7902430469339544,
    0.3792184672572396,
    0.33657356121323323,
    0.2994577624581077,
    0.2966376548463648,
    0.28658631281419233,
    0.28250405300747267,
    0.2839548021554947,
    0.2899401859803633,
    0.27440178150480443,
    0.2741640426895835,
    0.25731625340201636,
    0.2528996781869368,
    0.2581449075178667,
    0.25599200183695014,
    0.2555432547222484,
    0.2538241746750745,
    0.2560601326552304,
    0.2539389743046327,
    0.25219360319050876,
    0.2537236769090999,
    0.2518820968541232,
    0.248262267221104,
    0.2493433098901402,
    0.2497698409990831,
    0.2503974649039182,
    0.25089122382077306,
    0.25207081545482984,
    0.2513692701404745,
    0.2510123166170987,
    0.2478757988322865,
    0.25008705908601936,
    0.24649668363007632,
    0.2503036328337409,
    0.24966598396951503,
    0.2513086248527874,
    0.24990516792644155,
    0.24894920099865306,
    0.24656048958951776,
    0.25261058780280027,
    0.24949274930087004,
    0.24911672229116613,
    0.2515308875929226,
    0.24791740287433972,
    0.24633123983036387
  ],
  "val_loss": [
    0.5552395507693291,
    0.3295685928314924,
    0.3134307786822319,
    0.3724661525338888,
    0.29175914637744427,
    0.29808533284813166,
    0.7197362780570984,
    0.466555779799819,
    0.5278442930430174,
    0.43269102461636066,
    0.3100356440991163,
    0.2752444166690111,
    0.2748326063156128,
    0.27474191412329674,
    0.27468247152864933,
    0.28782663960009813,
    0.2748448709025979,
    0.28915073350071907,
    0.309133131057024,
    0.27700373250991106,
    0.27471405547112226,
    0.27464702259749174,
    0.2743180887773633,
    0.2743840282782912,
    0.27406603191047907,
    0.27321510575711727,
    0.27360557578504086,
    0.2737383199855685,
    0.2747486801818013,
    0.27321053110063076,
    0.2741085849702358,
    0.2737011890858412,
    0.27390764001756907,
    0.2743053073063493,
    0.2738446006551385,
    0.27459328807890415,
    0.2742019398137927,
    0.2744118869304657,
    0.27417899668216705,
    0.273270133882761,
    0.27503144554793835,
    0.2735691610723734,
    0.27321135252714157,
    0.27461230009794235,
    0.27470488008111715
  ],
  "epochs": [
    0,
    1,
    2,
    3,
    4,
    5,
    6,
    7,
    8,
    9,
    10,
    11,
    12,
    13,
    14,
    15,
    16,
    17,
    18,
    19,
    20,
    21,
    22,
    23,
    24,
    25,
    26,
    27,
    28,
    29,
    30,
    31,
    32,
    33,
    34,
    35,
    36,
    37,
    38,
    39,
    40,
    41,
    42,
    43,
    44
  ]
}