{
  "train_loss": [
    0.8029290903698314,
    0.3521369977430864,
    0.26962042965672234,
    0.2353945556012067,
    0.22559005563909357,
    0.22024728547443043,
    0.21605880748141895,
    0.21505952233617956,
    0.21294179992242293,
    0.20900638564066454,
    0.20112989192659206,
    0.1870473479682749,
    0.18234984603795137,
    0.1846472062847831,
    0.1840952674096281,
    0.1841297455809333,
    0.1812901570038362,
    0.18564893305301666,
    0.1819839453155344,
    0.18307676775888962,
    0.17865660705349662,
    0.17711978568272158,
    0.17908268597992985,
    0.17465555776249278,
    0.17973815419457176,
    0.1782527752897956,
    0.17682567685842515,
    0.18042541606859727,
    0.18077199784192172
  ],
  "val_loss": [
    0.503017745912075,
    0.34845121391117573,
    0.4222008176147938,
    0.46933929435908794,
    0.22954338695853949,
    0.23408644925802946,
    0.28058724384754896,
    0.3291546069085598,
    0.2551749758422375,
    0.26619717571884394,
    0.24839184898883104,
    0.21132841613143682,
    0.22054803930222988,
    0.21114733535796404,
    0.2133865188807249,
    0.21925221011042595,
    0.22373539581894875,
    0.2161242663860321,
    0.2135165072977543,
    0.21230441145598888,
    0.2117286790162325,
    0.2115439549088478,
    0.21168158575892448,
    0.21165200602263212,
    0.21177636738866568,
    0.21145438961684704,
    0.21250797249376774,
    0.21206604316830635,
    0.21187271364033222
  ],
  "epochs": [
    0,
    1,
    2,
    3,
    4,
    5,
    6,
    7,
    8,
    9,
    10,
    11,
    12,
    13,
    14,
    15,
    16,
    17,
    18,
    19,
    20,
    21,
    22,
    23,
    24,
    25,
    26,
    27,
    28
  ]
}