{
  "train_loss": [
    0.7967096756805073,
    0.37057497122071004,
    0.29823058328845287,
    0.27302222306078133,
    0.26777337383140215,
    0.26648959761316127,
    0.2600080438635566,
    0.2537171651016582,
    0.2487414167685942,
    0.24460674605586313,
    0.2520296202464537,
    0.2504607048901645,
    0.25432333106344396,
    0.2500801146030426,
    0.2436065969142047,
    0.24647786698558113,
    0.2305537454106591,
    0.23012166781858964,
    0.2259430386803367,
    0.2244358303872022,
    0.22563892494548451,
    0.22157875245267694,
    0.22644610594619405,
    0.22402295443144712,
    0.22436407641931014,
    0.22385819987817243,
    0.22345074631951073,
    0.22455580180341547,
    0.21893892748789354,
    0.2215849060903896,
    0.2230076188390905,
    0.2207194284959273,
    0.22241668132218448,
    0.21914616227149963,
    0.21967539543455297,
    0.22165556224909697,
    0.22201286283406343,
    0.22139383148063313,
    0.22052480551329526,
    0.21979214386506515,
    0.22030656202272936,
    0.218543818322095,
    0.2192887623201717,
    0.2215916308489713,
    0.22020371041514658,
    0.2203754026781429,
    0.22031164386055685,
    0.22095923721790314,
    0.21977193667130038
  ],
  "val_loss": [
    0.5236494690179825,
    0.744681753218174,
    0.2958221836015582,
    0.2540984842926264,
    0.27345319651067257,
    0.3059403048828244,
    0.25607255194336176,
    0.30747294519096613,
    0.30917823128402233,
    0.24620999116450548,
    0.3572687916457653,
    0.2590889008715749,
    0.29936796333640814,
    0.30433360673487186,
    0.2511015338823199,
    0.3684486038982868,
    0.23218644596636295,
    0.2318169279024005,
    0.23422369081526995,
    0.23106862418353558,
    0.23174143116921186,
    0.2295774146914482,
    0.23218353744596243,
    0.23571590892970562,
    0.23791579063981771,
    0.23030161578208208,
    0.23082945682108402,
    0.2301567643880844,
    0.22938911616802216,
    0.22928126715123653,
    0.2296148743480444,
    0.22922205086797476,
    0.22943512350320816,
    0.22918671648949385,
    0.22921171877533197,
    0.22931851353496313,
    0.2292512459680438,
    0.22926439344882965,
    0.22940808162093163,
    0.22952299658209085,
    0.22921930998563766,
    0.23004532884806395,
    0.2295635212212801,
    0.22931396402418613,
    0.22950464859604836,
    0.22949251905083656,
    0.22965876385569572,
    0.22938714176416397,
    0.22937917057424784
  ],
  "epochs": [
    0,
    1,
    2,
    3,
    4,
    5,
    6,
    7,
    8,
    9,
    10,
    11,
    12,
    13,
    14,
    15,
    16,
    17,
    18,
    19,
    20,
    21,
    22,
    23,
    24,
    25,
    26,
    27,
    28,
    29,
    30,
    31,
    32,
    33,
    34,
    35,
    36,
    37,
    38,
    39,
    40,
    41,
    42,
    43,
    44,
    45,
    46,
    47,
    48
  ]
}