{
  "train_loss": [
    0.7919502431696112,
    0.3699335965243253,
    0.2965506648475474,
    0.2709846843372692,
    0.2686005855148489,
    0.254207413575866,
    0.25770886621691963,
    0.24336740455844186,
    0.2555387169122696,
    0.24817580689083446,
    0.24573125595396214,
    0.2423775388435884,
    0.24139228734103116,
    0.23680546554652127,
    0.2412762240930037,
    0.23599052943966606,
    0.24440167383714156,
    0.2392564508047971,
    0.22135859511115336,
    0.21711921339685267,
    0.21976669593290848,
    0.21731473207473756,
    0.2155272047628056,
    0.2179655668410388,
    0.21953066966750406,
    0.21662990694696252,
    0.21691566082564268,
    0.21482963399453597,
    0.21504262631589716,
    0.214807990193367,
    0.21502636996182528,
    0.21617220477624374,
    0.21645254303108563,
    0.21647495952519505,
    0.21284599250013178,
    0.21398840207945216,
    0.21258949881250208,
    0.21434154537591069,
    0.21346712356263942,
    0.21413596055724404,
    0.21219453784552486,
    0.21180598112669857,
    0.21088449656963348,
    0.2113761465657841,
    0.213350578465245,
    0.21057572202249006,
    0.21289139552549882,
    0.21311693001877177,
    0.21573620601133867,
    0.21617853966626255,
    0.2139501238411123,
    0.21021812639453194,
    0.21278101856058293,
    0.21280539956959812
  ],
  "val_loss": [
    0.5926467925310135,
    0.5869451928883791,
    0.3342690095305443,
    0.26454010140150785,
    0.26567449048161507,
    0.26952300406992435,
    0.3554457202553749,
    0.25750440172851086,
    0.43843645602464676,
    0.2694283239543438,
    0.25255868025124073,
    0.24978413339704275,
    0.3412943687289953,
    0.3149334602057934,
    0.25786161981523037,
    0.3061222257092595,
    0.3081218469887972,
    0.2653024699538946,
    0.23584493435919285,
    0.24066422414034605,
    0.23923342302441597,
    0.23589634709060192,
    0.23484098259359598,
    0.23549235705286264,
    0.23599309381097555,
    0.23610077518969774,
    0.23439190536737442,
    0.23898177593946457,
    0.23459840659052134,
    0.23689459171146154,
    0.23571600392460823,
    0.23678923211991787,
    0.2375209480524063,
    0.2344606937840581,
    0.2345049101859331,
    0.23434433992952108,
    0.234131483361125,
    0.2342362543568015,
    0.23407710902392864,
    0.23440053407102823,
    0.23435430694371462,
    0.2344754245132208,
    0.23499331437051296,
    0.23437797278165817,
    0.2342262053862214,
    0.23415557108819485,
    0.23436657711863518,
    0.23414334654808044,
    0.23448109440505505,
    0.2341276267543435,
    0.234326783567667,
    0.2342737875878811,
    0.23437319975346327,
    0.2349581066519022
  ],
  "epochs": [
    0,
    1,
    2,
    3,
    4,
    5,
    6,
    7,
    8,
    9,
    10,
    11,
    12,
    13,
    14,
    15,
    16,
    17,
    18,
    19,
    20,
    21,
    22,
    23,
    24,
    25,
    26,
    27,
    28,
    29,
    30,
    31,
    32,
    33,
    34,
    35,
    36,
    37,
    38,
    39,
    40,
    41,
    42,
    43,
    44,
    45,
    46,
    47,
    48,
    49,
    50,
    51,
    52,
    53
  ]
}