{
  "train_loss": [
    0.7750873527743599,
    0.37554735758087854,
    0.3011456473307176,
    0.2760506757281043,
    0.2768952670422467,
    0.26823972978375177,
    0.2683713856068524,
    0.26215098852461033,
    0.2582714999263937,
    0.252889164740389,
    0.2544751145622947,
    0.2544519836252386,
    0.2556233495473862,
    0.24669601998545906,
    0.24786927618763663,
    0.25251279852607034,
    0.25548352084376597,
    0.2516885586760261,
    0.24747553115541285,
    0.2428561505946246,
    0.23023284321481532,
    0.23054238828745754,
    0.2254794779148969,
    0.22976558885791085,
    0.2274093571034345,
    0.22776824019171976,
    0.22977316731756384,
    0.2242254774678837,
    0.22443639527667653,
    0.2239010119980032,
    0.22323680899359963,
    0.22559978447177192,
    0.2238267721100287,
    0.22454639537767931,
    0.2250747106292031,
    0.2260252364657142,
    0.22438839755275033,
    0.22547449415380305,
    0.2239604811776768,
    0.22550554438070816,
    0.22549068467183547,
    0.22325069389560007,
    0.22791950025341728,
    0.22509491470727053,
    0.22533415095372633,
    0.224780933694406,
    0.22481112615628676,
    0.2254065519029444,
    0.22492472637783398,
    0.22416722557761454,
    0.22616513534025712,
    0.22539539066228,
    0.2233829295093363,
    0.22639281262050975,
    0.2237643997777592,
    0.22299396747892553,
    0.22608655907891012,
    0.2265532685951753,
    0.22739985314282504,
    0.22456752088936893,
    0.22543966011567548,
    0.22403232130137357,
    0.2250402889468453,
    0.22396296777508476,
    0.22641094841740347,
    0.22235787835988133,
    0.22370920235460454,
    0.22500454051928087
  ],
  "val_loss": [
    0.4845777116715908,
    0.3582814671099186,
    0.3092669602483511,
    0.2799102319404483,
    0.2799502117559314,
    0.26853536162525415,
    0.2703978894278407,
    0.25820832047611475,
    0.39402503333985806,
    0.3227210519835353,
    0.26222395058721304,
    0.29814143013209105,
    0.2642534114420414,
    0.2557067843154073,
    0.2590664466843009,
    0.2626216961070895,
    0.2979482552036643,
    0.4431140087544918,
    0.2588528301566839,
    0.28441387601196766,
    0.24714823625981808,
    0.250302841886878,
    0.24814081192016602,
    0.2488810969516635,
    0.25412604957818985,
    0.2483635749667883,
    0.24728108663111925,
    0.24703345447778702,
    0.24684732966125011,
    0.24701009411364794,
    0.2488213051110506,
    0.24679677840322256,
    0.2472291085869074,
    0.2467409148812294,
    0.24763708468526602,
    0.24789012596011162,
    0.24706842936575413,
    0.24741673562675714,
    0.24710345454514027,
    0.2474479554221034,
    0.24696698412299156,
    0.2477720770984888,
    0.24798685032874346,
    0.24897632841020823,
    0.2466808333992958,
    0.24713345896452665,
    0.24669944867491722,
    0.2467554658651352,
    0.24788744188845158,
    0.24816092289984226,
    0.24745639599859715,
    0.24828396551311016,
    0.24667724687606096,
    0.24757103063166142,
    0.24748408142477274,
    0.24694932252168655,
    0.24763035494834185,
    0.2468381766229868,
    0.24679325427860022,
    0.24714163597673178,
    0.2472229478880763,
    0.24691782891750336,
    0.24773056898266077,
    0.2479099566116929,
    0.24678883142769337,
    0.2467244416475296,
    0.24749145098030567,
    0.24815538246184587
  ],
  "epochs": [
    0,
    1,
    2,
    3,
    4,
    5,
    6,
    7,
    8,
    9,
    10,
    11,
    12,
    13,
    14,
    15,
    16,
    17,
    18,
    19,
    20,
    21,
    22,
    23,
    24,
    25,
    26,
    27,
    28,
    29,
    30,
    31,
    32,
    33,
    34,
    35,
    36,
    37,
    38,
    39,
    40,
    41,
    42,
    43,
    44,
    45,
    46,
    47,
    48,
    49,
    50,
    51,
    52,
    53,
    54,
    55,
    56,
    57,
    58,
    59,
    60,
    61,
    62,
    63,
    64,
    65,
    66,
    67
  ]
}