{
  "train_loss": [
    1.297981667843732,
    0.8423264293779026,
    0.7466457786343315,
    0.7094660095735029,
    0.6580880439281462,
    0.6106661682779139,
    0.5744230131669478,
    0.5374729489738291,
    0.5180022991245443,
    0.5032921509580178,
    0.4869039208780635,
    0.470031590597196,
    0.45888173122297626,
    0.450017983073538,
    0.4410335483605211,
    0.43401723181659524,
    0.4229980760541829,
    0.4123557377945293,
    0.4137122295932336,
    0.407589120729403,
    0.4040793112462217,
    0.39526370866732163,
    0.38982402636246244,
    0.3980376317826184,
    0.3902731793847951,
    0.39297568787227977,
    0.3932872439785437,
    0.3744401869719679,
    0.373706800151955,
    0.36844211678613314,
    0.37092695073647924,
    0.3689232887192206,
    0.3640204827352003,
    0.36514871559359807,
    0.36585260599851605,
    0.36498128484595904,
    0.3648837069489739,
    0.36235296141017564,
    0.36079450748183506,
    0.3562053048881617,
    0.3603494824333624,
    0.36304308533668517,
    0.35842485817995934,
    0.35892719984054566,
    0.3544876409931616,
    0.3520791730284691
  ],
  "val_loss": [
    0.8564605364575981,
    0.6802859660238028,
    0.6448030314408242,
    0.5829687613993882,
    0.51467244066298,
    0.4341078426688909,
    0.4387887608259916,
    0.38723023049533367,
    0.46564850192517043,
    0.35295158284716305,
    0.4070118496660143,
    0.5106759187299758,
    0.3528908183798194,
    0.348972651315853,
    0.3207372664473951,
    0.3148596720770001,
    0.33059286521747705,
    0.36338701052591205,
    0.41542201321572064,
    0.33333279569633306,
    0.38548214244656265,
    0.3310478296596556,
    0.3635154582094401,
    0.42073666290380063,
    0.3272728461306542,
    0.3200213422998786,
    0.42128857881762083,
    0.3345920500811189,
    0.33574353191070255,
    0.3287768103182315,
    0.3629637590609491,
    0.3306794447824359,
    0.3390289145056158,
    0.344950030464679,
    0.36769317998550827,
    0.36087440564297135,
    0.3381633308250457,
    0.33045471534132953,
    0.3475091740489006,
    0.3297784408088773,
    0.3282060184050351,
    0.33971387543715537,
    0.3248692745808512,
    0.34279098059050733,
    0.33410263480618596,
    0.328996487846598
  ],
  "epochs": [
    0,
    1,
    2,
    3,
    4,
    5,
    6,
    7,
    8,
    9,
    10,
    11,
    12,
    13,
    14,
    15,
    16,
    17,
    18,
    19,
    20,
    21,
    22,
    23,
    24,
    25,
    26,
    27,
    28,
    29,
    30,
    31,
    32,
    33,
    34,
    35,
    36,
    37,
    38,
    39,
    40,
    41,
    42,
    43,
    44,
    45
  ]
}