{
  "train_loss": [
    1.3572532377459785,
    0.8929837810993195,
    0.7506522541696374,
    0.6651713520288467,
    0.6067610001564026,
    0.554974315870892,
    0.5172104890238155,
    0.4870391637628728,
    0.47227304902943695,
    0.45680191934108727,
    0.4299293837493116,
    0.4248411920937625,
    0.4193949754129756,
    0.41231025880033323,
    0.3958313152464953,
    0.3896143042770299,
    0.38832769572734827,
    0.3812039574709805,
    0.37309330907734956,
    0.3750027575276115,
    0.37114858928051864,
    0.36553835741498253,
    0.3561001083525744,
    0.35786467641592024,
    0.35194329819896,
    0.34101064484227783,
    0.34011542173949155,
    0.3443854944272475,
    0.3390426698327064,
    0.33257569830526,
    0.33587003447792746,
    0.3344530750404704,
    0.3367032423073595,
    0.32971215093677686,
    0.3314824070442806,
    0.3322053010355342,
    0.3305267691341313,
    0.3279009166088971,
    0.3140928144888444,
    0.31518524803898545,
    0.3102827136083082,
    0.3095409339395436,
    0.3048256354982202,
    0.30289541152390564,
    0.30933454448526554,
    0.30717750346118755,
    0.30156592775474894,
    0.3000225213711912,
    0.30648923838680436,
    0.3022279552979903,
    0.29837571515278377,
    0.3040010036392645,
    0.3027077476002953,
    0.2964820776202462,
    0.30000040162693364,
    0.2960258467630906,
    0.29453131651336495,
    0.2969645868919112
  ],
  "val_loss": [
    0.9110251259058714,
    0.6886259460821748,
    0.5787988248281181,
    0.5396061636507511,
    0.4216468441300094,
    0.4150516877882182,
    0.38840634403750296,
    0.3306854129768908,
    0.3561877261381596,
    0.3768689062446356,
    0.3842062685173005,
    0.29311650167219344,
    0.2783940331544727,
    0.3103003764525056,
    0.2819510595872998,
    0.24692951291799542,
    0.2639645711518824,
    0.2687062853947282,
    0.24890093416906892,
    0.24320297660306095,
    0.26911234059371053,
    0.2910232116933912,
    0.2551143799908459,
    0.2638521226122975,
    0.2485464409459382,
    0.26020769160240886,
    0.2751310135703534,
    0.22194802928715943,
    0.2531535631045699,
    0.26727425935678184,
    0.27787145823240283,
    0.2374904607888311,
    0.24393246807157992,
    0.2545091132633388,
    0.27375279455445706,
    0.2551861378829926,
    0.23491024984978137,
    0.26733989822678267,
    0.2539345377124846,
    0.23869404685683546,
    0.22523820197675376,
    0.2396064920350909,
    0.22811619874555616,
    0.2398490149062127,
    0.2330089279916137,
    0.24786513687577097,
    0.2288584563881159,
    0.22384379713330416,
    0.23206307508517057,
    0.23479355536401272,
    0.22940939099062232,
    0.22853266519960014,
    0.22232691845856606,
    0.22715231073088943,
    0.22965203523635863,
    0.225367856468074,
    0.22400729781948028,
    0.23274970999918876
  ],
  "epochs": [
    0,
    1,
    2,
    3,
    4,
    5,
    6,
    7,
    8,
    9,
    10,
    11,
    12,
    13,
    14,
    15,
    16,
    17,
    18,
    19,
    20,
    21,
    22,
    23,
    24,
    25,
    26,
    27,
    28,
    29,
    30,
    31,
    32,
    33,
    34,
    35,
    36,
    37,
    38,
    39,
    40,
    41,
    42,
    43,
    44,
    45,
    46,
    47,
    48,
    49,
    50,
    51,
    52,
    53,
    54,
    55,
    56,
    57
  ]
}