{
  "train_loss": [
    1.1711450348117134,
    0.7106493636152961,
    0.6060892275788566,
    0.5320507291772149,
    0.4930975217710842,
    0.45465217444029715,
    0.42866487074982035,
    0.4086771029233932,
    0.3919518122347918,
    0.3761269179528409,
    0.3755768699537624,
    0.3668266593868082,
    0.34816430758346206,
    0.3494084953178059,
    0.3360350893844258,
    0.33836563248525964,
    0.3287445910952308,
    0.3214229249141433,
    0.3137510007077997,
    0.3152216922694987,
    0.31081892747770656,
    0.3062056652253324,
    0.3028358084234324,
    0.29680201495235614,
    0.2920822674577886,
    0.29222324230454183,
    0.3028446164998141,
    0.28934242847290903,
    0.29433361993594603,
    0.2855472243915904,
    0.2854656399380077,
    0.28179042304104024,
    0.2853511735796928,
    0.273894683312286,
    0.2775131552327763,
    0.2783476394956762,
    0.2828693604469299,
    0.26840504719452424,
    0.2611707484722137,
    0.25875972777605055,
    0.2610899566520344,
    0.26120912229472937,
    0.26276125038211995,
    0.2622845432433215,
    0.25786575826731595,
    0.25901154542511157,
    0.2558851474252614,
    0.25521102647889743,
    0.26038750781254333,
    0.2582219969413497,
    0.2589818453788757,
    0.2571258366649801,
    0.2606893811984496,
    0.2526369657028805,
    0.2555798818035559,
    0.2588832475109534,
    0.25263777735558424,
    0.25453295528888703,
    0.24457153967835682,
    0.25558484391732644,
    0.24972583093426445,
    0.250383717526089,
    0.24817738538438622,
    0.25129844660108736,
    0.24534192963079976,
    0.25408783985809846,
    0.2465168327905915,
    0.24887859878214924,
    0.25307842644778167,
    0.2470613956993276,
    0.24359247695315964,
    0.25011301430788907,
    0.2509543823924931,
    0.24897853713143955,
    0.24978120852600444
  ],
  "val_loss": [
    0.7045785868540406,
    0.5350041452795267,
    0.42809109026566144,
    0.37198438299819825,
    0.3496523719280958,
    0.30796888759359714,
    0.28833141932263967,
    0.2800404209643602,
    0.2806203884538263,
    0.29123575720004735,
    0.2540287001524121,
    0.246850417740643,
    0.24668611222878098,
    0.34893271620385347,
    0.2299102948512882,
    0.23941133385524155,
    0.25225705043412744,
    0.278509700903669,
    0.22043515206314623,
    0.22951803943142293,
    0.22722868369892238,
    0.22376341121271254,
    0.21937709576450287,
    0.23459317204542457,
    0.236448734276928,
    0.21634491628501565,
    0.23044905643910168,
    0.22750896119978278,
    0.2379453816683963,
    0.22326754415407776,
    0.23300928745884447,
    0.22633446073159574,
    0.22275307592935858,
    0.22811356137972325,
    0.2315523604629561,
    0.26623488219920544,
    0.2199541478883475,
    0.20523107778280972,
    0.20322498285677282,
    0.20422056415118275,
    0.21895020990632474,
    0.21461205347441134,
    0.22189222567249087,
    0.2035614137304947,
    0.19607831672765313,
    0.21445506885647772,
    0.20569208431988953,
    0.21745199842844157,
    0.2254927054280415,
    0.20753120984882115,
    0.201218903507106,
    0.21488744069356472,
    0.21128707709722222,
    0.21319925899151712,
    0.20720035228878259,
    0.20106665121857076,
    0.20681915536988527,
    0.2076103671453893,
    0.20200834779534488,
    0.21147920505609363,
    0.20661659678444264,
    0.20775445429608225,
    0.20461327775847166,
    0.2044649578630924,
    0.2031899553723633,
    0.2056089825928211,
    0.20263751316815612,
    0.20741874582599848,
    0.20353631447069345,
    0.2107517110882327,
    0.2092487171292305,
    0.20709043680690228,
    0.20496395472437143,
    0.20460930415429174,
    0.20399917610920965
  ],
  "epochs": [
    0,
    1,
    2,
    3,
    4,
    5,
    6,
    7,
    8,
    9,
    10,
    11,
    12,
    13,
    14,
    15,
    16,
    17,
    18,
    19,
    20,
    21,
    22,
    23,
    24,
    25,
    26,
    27,
    28,
    29,
    30,
    31,
    32,
    33,
    34,
    35,
    36,
    37,
    38,
    39,
    40,
    41,
    42,
    43,
    44,
    45,
    46,
    47,
    48,
    49,
    50,
    51,
    52,
    53,
    54,
    55,
    56,
    57,
    58,
    59,
    60,
    61,
    62,
    63,
    64,
    65,
    66,
    67,
    68,
    69,
    70,
    71,
    72,
    73,
    74
  ]
}