{
  "train_loss": [
    1.1987556837905535,
    0.7268678439205343,
    0.5990344794230027,
    0.5322802916981957,
    0.49597660341046074,
    0.46451012226668265,
    0.4483622009103948,
    0.4295250796188007,
    0.4139779366688294,
    0.4049943053180521,
    0.3852587097070434,
    0.37946411238475275,
    0.3717150761322542,
    0.3693899315595627,
    0.3652490412918004,
    0.36537523738362565,
    0.35457343917001377,
    0.3458637191761624,
    0.3442749871178107,
    0.336471350653605,
    0.33062807912176306,
    0.33253290168263694,
    0.3279787377335808,
    0.326911929954182,
    0.3244425930760123,
    0.31957953694191843,
    0.31546000532128593,
    0.3131494884870269,
    0.31420973869887264,
    0.3098446590521119,
    0.30872689152305777,
    0.3095301052927971,
    0.3000594706156037,
    0.308292740827257,
    0.305072928152301,
    0.3036478939652443,
    0.29617647948590187,
    0.3017084864052859,
    0.2950974063710733,
    0.29337166626345024,
    0.2907646271044558,
    0.28626546913927253,
    0.2819766470789909,
    0.2826859254728664,
    0.2789573598720811,
    0.28981169806285334,
    0.2816485563462431,
    0.28254588682543147,
    0.28366190674630076,
    0.2795227281342853,
    0.2841766046935862,
    0.27505645261569456,
    0.27467963484200564,
    0.2753809124773199,
    0.27587027468464587,
    0.273355707580393,
    0.2797078314694491,
    0.27776802361011504,
    0.2720833389867436,
    0.2806901415098797
  ],
  "val_loss": [
    0.7546512056142091,
    0.5436447815969586,
    0.4429902008734643,
    0.4070128145627677,
    0.41213962556794287,
    0.3832345882430672,
    0.3573629457503557,
    0.3694477699231356,
    0.3705495883245021,
    0.3363479102030396,
    0.3295071969274431,
    0.3373479732312262,
    0.36422647139988834,
    0.3391712095588445,
    0.32435794686898584,
    0.3203120222780853,
    0.31717362059280274,
    0.31026281956583257,
    0.36591918868944046,
    0.33168429075740274,
    0.3219328883104026,
    0.2865495420526713,
    0.35639619650319215,
    0.35291656013578176,
    0.31951996847055847,
    0.29653777130879455,
    0.320063095819205,
    0.31846811971627176,
    0.31311558024026453,
    0.24549953495152294,
    0.3011993888765573,
    0.33376468359492717,
    0.3018364218994975,
    0.27716016198974097,
    0.3471344420686364,
    0.3159774418920278,
    0.29725316145922986,
    0.2979625772219151,
    0.3477646269602701,
    0.2780618788674474,
    0.31476694177836173,
    0.32887371538672594,
    0.32669575065374373,
    0.30517237081658094,
    0.3399009803775698,
    0.31298434333875774,
    0.30374700855463743,
    0.33315968441311267,
    0.304698336077854,
    0.32593906931579114,
    0.31293579263146964,
    0.34071465421002356,
    0.31174872783012686,
    0.325790586345829,
    0.3264426572015509,
    0.33513377443887293,
    0.3230910220416262,
    0.32099490624386817,
    0.32537072093691677,
    0.3212457902031019
  ],
  "epochs": [
    0,
    1,
    2,
    3,
    4,
    5,
    6,
    7,
    8,
    9,
    10,
    11,
    12,
    13,
    14,
    15,
    16,
    17,
    18,
    19,
    20,
    21,
    22,
    23,
    24,
    25,
    26,
    27,
    28,
    29,
    30,
    31,
    32,
    33,
    34,
    35,
    36,
    37,
    38,
    39,
    40,
    41,
    42,
    43,
    44,
    45,
    46,
    47,
    48,
    49,
    50,
    51,
    52,
    53,
    54,
    55,
    56,
    57,
    58,
    59
  ]
}