{
  "summary": {
    "norm_name": "robust_normalized",
    "num_chips_requested": 10,
    "num_chips_processed": 10,
    "num_chips_with_metrics": 10,
    "generated_at": "2025-11-18T02:05:31.404791"
  },
  "averages": {
    "train": {
      "accuracy": 0.9100785714285713,
      "accuracy_std": 0.012128624011328035,
      "precision": 0.9100939905441805,
      "precision_std": 0.012294587211043654,
      "recall": 0.9100785714285713,
      "recall_std": 0.012128624011328035,
      "f1": 0.9100748747036429,
      "f1_std": 0.01221552128600285,
      "num_chips": 10
    },
    "val": {
      "accuracy": 0.8902548725637182,
      "accuracy_std": 0.014785257573256261,
      "precision": 0.8901742154705612,
      "precision_std": 0.015123640330182814,
      "recall": 0.8902548725637182,
      "recall_std": 0.014785257573256261,
      "f1": 0.8901643209559691,
      "f1_std": 0.01495783753334466,
      "num_chips": 10
    },
    "test": {
      "accuracy": 0.8915415415415415,
      "accuracy_std": 0.01242421296398615,
      "precision": 0.8919321992655675,
      "precision_std": 0.012575561849823039,
      "recall": 0.8915415415415415,
      "recall_std": 0.01242421296398615,
      "f1": 0.8916712886203177,
      "f1_std": 0.012480673632316112,
      "num_chips": 10
    }
  },
  "per_chip": {
    "1": {
      "train": {
        "accuracy": 0.9169285714285714,
        "precision": 0.916875922028652,
        "recall": 0.9169285714285714,
        "f1": 0.9169013176801855
      },
      "val": {
        "accuracy": 0.9090454772613693,
        "precision": 0.9085371431421426,
        "recall": 0.9090454772613693,
        "f1": 0.9087305174142701
      },
      "test": {
        "accuracy": 0.8918918918918919,
        "precision": 0.8916906007968238,
        "recall": 0.8918918918918919,
        "f1": 0.8917858706591101
      }
    },
    "2": {
      "train": {
        "accuracy": 0.9034285714285715,
        "precision": 0.903607144691113,
        "recall": 0.9034285714285715,
        "f1": 0.9035122322305958
      },
      "val": {
        "accuracy": 0.8833083458270865,
        "precision": 0.8831834482644124,
        "recall": 0.8833083458270865,
        "f1": 0.8832425294486905
      },
      "test": {
        "accuracy": 0.8908908908908909,
        "precision": 0.8916856389890405,
        "recall": 0.8908908908908909,
        "f1": 0.8912166294739713
      }
    },
    "3": {
      "train": {
        "accuracy": 0.9297142857142857,
        "precision": 0.9300773932014633,
        "recall": 0.9297142857142857,
        "f1": 0.9298677832725999
      },
      "val": {
        "accuracy": 0.9127936031984007,
        "precision": 0.9133210904670295,
        "recall": 0.9127936031984007,
        "f1": 0.9130069084384504
      },
      "test": {
        "accuracy": 0.9114114114114115,
        "precision": 0.9128497298838947,
        "recall": 0.9114114114114115,
        "f1": 0.9119329643808006
      }
    },
    "4": {
      "train": {
        "accuracy": 0.9222857142857143,
        "precision": 0.9222063413726482,
        "recall": 0.9222857142857143,
        "f1": 0.9222447027611853
      },
      "val": {
        "accuracy": 0.9060469765117442,
        "precision": 0.9066528776164994,
        "recall": 0.9060469765117442,
        "f1": 0.9062643759838264
      },
      "test": {
        "accuracy": 0.9099099099099099,
        "precision": 0.9100027396678564,
        "recall": 0.9099099099099099,
        "f1": 0.9099076083240877
      }
    },
    "5": {
      "train": {
        "accuracy": 0.9055714285714286,
        "precision": 0.9059987272043728,
        "recall": 0.9055714285714286,
        "f1": 0.9057605769548496
      },
      "val": {
        "accuracy": 0.8775612193903048,
        "precision": 0.8772810709983428,
        "recall": 0.8775612193903048,
        "f1": 0.8774086928202327
      },
      "test": {
        "accuracy": 0.8728728728728729,
        "precision": 0.874018119253353,
        "recall": 0.8728728728728729,
        "f1": 0.8733298830956279
      }
    },
    "6": {
      "train": {
        "accuracy": 0.9064285714285715,
        "precision": 0.9063144610867797,
        "recall": 0.9064285714285715,
        "f1": 0.9063622423854077
      },
      "val": {
        "accuracy": 0.8810594702648675,
        "precision": 0.8805846071296034,
        "recall": 0.8810594702648675,
        "f1": 0.8807842699938067
      },
      "test": {
        "accuracy": 0.8868868868868869,
        "precision": 0.888028505272503,
        "recall": 0.8868868868868869,
        "f1": 0.887349504751951
      }
    },
    "7": {
      "train": {
        "accuracy": 0.9151428571428571,
        "precision": 0.9151463559249038,
        "recall": 0.9151428571428571,
        "f1": 0.9151374036802428
      },
      "val": {
        "accuracy": 0.8908045977011494,
        "precision": 0.8902366218540618,
        "recall": 0.8908045977011494,
        "f1": 0.8904714307211155
      },
      "test": {
        "accuracy": 0.8933933933933934,
        "precision": 0.8936523690262579,
        "recall": 0.8933933933933934,
        "f1": 0.8935104563773145
      }
    },
    "8": {
      "train": {
        "accuracy": 0.8824285714285715,
        "precision": 0.8818147968689873,
        "recall": 0.8824285714285715,
        "f1": 0.88208720357681
      },
      "val": {
        "accuracy": 0.8623188405797102,
        "precision": 0.8612863723302193,
        "recall": 0.8623188405797102,
        "f1": 0.8616650723491728
      },
      "test": {
        "accuracy": 0.8708708708708709,
        "precision": 0.8702394922324045,
        "recall": 0.8708708708708709,
        "f1": 0.870527769717416
      }
    },
    "9": {
      "train": {
        "accuracy": 0.9062142857142857,
        "precision": 0.9062616471005872,
        "recall": 0.9062142857142857,
        "f1": 0.9062353626348428
      },
      "val": {
        "accuracy": 0.8893053473263368,
        "precision": 0.8895879898266129,
        "recall": 0.8893053473263368,
        "f1": 0.8894296770123945
      },
      "test": {
        "accuracy": 0.8943943943943944,
        "precision": 0.894612266944974,
        "recall": 0.8943943943943944,
        "f1": 0.8944651794526295
      }
    },
    "10": {
      "train": {
        "accuracy": 0.9126428571428571,
        "precision": 0.9126371159622978,
        "recall": 0.9126428571428571,
        "f1": 0.9126399218597094
      },
      "val": {
        "accuracy": 0.8903048475762119,
        "precision": 0.8910709330766882,
        "recall": 0.8903048475762119,
        "f1": 0.8906397353777299
      },
      "test": {
        "accuracy": 0.8928928928928929,
        "precision": 0.8925425305885667,
        "recall": 0.8928928928928929,
        "f1": 0.8926870199702682
      }
    }
  }
}