{
  "train_loss": [
    0.8078541971342904,
    0.6331381552832467,
    0.5802265313148498,
    0.5618683448791504,
    0.5424559489318302,
    0.531433008153098,
    0.5232404736655099,
    0.5148639908245631,
    0.5082370048250471,
    0.5007561857768468,
    0.4954716391495296,
    0.48780776132856096,
    0.48518840139933994,
    0.4787596240929195,
    0.47803623576845444,
    0.47545603959219795,
    0.47031778309685845,
    0.4694709360395159,
    0.4657506563935961,
    0.4648763888427189,
    0.4603587722029005,
    0.46029493838037766,
    0.456951835836683,
    0.45264301050731115,
    0.45203928424290246,
    0.45423745658057074,
    0.45276707381520953,
    0.4459224592890058,
    0.44596439606802807,
    0.44616992865971156,
    0.44263900262287686,
    0.4430491006919316,
    0.4412741796697889,
    0.4377259138856615,
    0.4355422290597643,
    0.4342404692104885,
    0.4353637754372188,
    0.43427326097488406,
    0.43248671699932645,
    0.43065205830846515,
    0.4281657926968166,
    0.4326443878037589,
    0.4244885031087058,
    0.4287022605964116,
    0.42726083404677256,
    0.4287405118261065,
    0.4256715448651995,
    0.4257353554453169,
    0.41949622870172776,
    0.42093897769110544,
    0.42282563306263515,
    0.42094395075525554,
    0.42090833266803196,
    0.41815067204066686,
    0.4175244893278394,
    0.4207525520869664,
    0.415610811655862,
    0.41315766901288714,
    0.4186001697267805,
    0.4150303716523307,
    0.41367803639684403,
    0.41564275550842283,
    0.4154605648108891,
    0.4161832850456238,
    0.4105937939848219,
    0.4127426577295576,
    0.41470019003323144,
    0.4120936152390071,
    0.40850068954740254,
    0.40933293251310077,
    0.4083182311466762,
    0.408908065537044,
    0.41170973805018835,
    0.40899208557265143,
    0.40699595645495823,
    0.40467015126773287,
    0.4068921513898032,
    0.40727824840545657,
    0.4032635243688311,
    0.40803441538129537,
    0.4064362345967974,
    0.40531828690256394,
    0.4048460225105286,
    0.40554230495180404,
    0.40398648401669096,
    0.4021489745344434,
    0.40054403497150964,
    0.40286361743382043,
    0.4013745000226157,
    0.4018449123995645,
    0.40330411950520106,
    0.40190427678653173,
    0.40039179827826366,
    0.4012312816415514,
    0.396569632264546,
    0.4020196302277701,
    0.39909160301344737,
    0.3977978150367737,
    0.39967974343299867
  ],
  "val_loss": [
    0.4444973404884338,
    0.3997028759479523,
    0.37114890813827517,
    0.3738074874401093,
    0.36870499353408814,
    0.35933577699661257,
    0.35467191133499143,
    0.3528144283771515,
    0.34298869695663453,
    0.33844033513069155,
    0.3388777843952179,
    0.33856255974769595,
    0.3392218700885773,
    0.3346467254638672,
    0.32127176985740663,
    0.32364626898765564,
    0.32430858540534974,
    0.31372336177825927,
    0.32548430676460266,
    0.314639004611969,
    0.31253360824584964,
    0.31578608345985415,
    0.3013398570537567,
    0.32526437754631043,
    0.30603153772354125,
    0.30315591559410093,
    0.3093159882545471,
    0.30211227083206177,
    0.2999774579524994,
    0.2959194447040558,
    0.3015505669593811,
    0.3016003388404846,
    0.30520769238471984,
    0.3038984121322632,
    0.29273152551651,
    0.302391853761673,
    0.310567432308197,
    0.30132465319633484,
    0.29722710666656493,
    0.2945102910041809,
    0.2946707007408142,
    0.2952647608757019,
    0.2882169838428497,
    0.29672613849639895,
    0.297479390335083,
    0.2913663195133209,
    0.2925416416168213,
    0.2903617202281952,
    0.29303658790588377,
    0.28979232025146484,
    0.28469863867759704,
    0.2893926160335541,
    0.2841548153400421,
    0.29489746077060697,
    0.29076920824050906,
    0.2904515908241272,
    0.28688135409355164,
    0.2828135453224182,
    0.2889029417514801,
    0.28660139741897583,
    0.2894700064182282,
    0.2860614811897278,
    0.28910495171546935,
    0.28907723672389984,
    0.28523762199878694,
    0.2800707797050476,
    0.2897305359840393,
    0.27952822275161743,
    0.28110663895606997,
    0.28484740228652955,
    0.28653476781845094,
    0.2766688172340393,
    0.2876350905418396,
    0.28410351133346556,
    0.27869147996902466,
    0.2853401955604553,
    0.282759529876709,
    0.278144187951088,
    0.27950931806564333,
    0.2813139735221863,
    0.2833171922683716,
    0.2777669543266296,
    0.2834486532688141,
    0.2811409317970276,
    0.27485858862400053,
    0.28270077402591703,
    0.2746345104217529,
    0.2729892334222794,
    0.27714984517097474,
    0.2785891806125641,
    0.2750771144390106,
    0.27524891314506533,
    0.27989797210693357,
    0.27667709221839903,
    0.2752498680591583,
    0.2862964210987091,
    0.2721700315475464,
    0.27606113023757933,
    0.2788042403459549
  ],
  "epochs": [
    0,
    1,
    2,
    3,
    4,
    5,
    6,
    7,
    8,
    9,
    10,
    11,
    12,
    13,
    14,
    15,
    16,
    17,
    18,
    19,
    20,
    21,
    22,
    23,
    24,
    25,
    26,
    27,
    28,
    29,
    30,
    31,
    32,
    33,
    34,
    35,
    36,
    37,
    38,
    39,
    40,
    41,
    42,
    43,
    44,
    45,
    46,
    47,
    48,
    49,
    50,
    51,
    52,
    53,
    54,
    55,
    56,
    57,
    58,
    59,
    60,
    61,
    62,
    63,
    64,
    65,
    66,
    67,
    68,
    69,
    70,
    71,
    72,
    73,
    74,
    75,
    76,
    77,
    78,
    79,
    80,
    81,
    82,
    83,
    84,
    85,
    86,
    87,
    88,
    89,
    90,
    91,
    92,
    93,
    94,
    95,
    96,
    97,
    98
  ]
}