{
    "dataset": "train",
    "accuracy": 0.9095928571428571,
    "macro_precision": 0.9087796143043223,
    "macro_recall": 0.9095928571428571,
    "macro_f1": 0.908300114437922,
    "weighted_precision": 0.9087796143043223,
    "weighted_recall": 0.9095928571428571,
    "weighted_f1": 0.9083001144379219,
    "per_class_metrics": {
        "class_0": {
            "precision": 0.8882263246746175,
            "recall": 0.9320285714285714,
            "f1_score": 0.9096004238351504,
            "support": 35000
        },
        "class_1": {
            "precision": 0.8571246616780768,
            "recall": 0.7690857142857143,
            "f1_score": 0.8107220841804081,
            "support": 35000
        },
        "class_2": {
            "precision": 0.8907109749817038,
            "recall": 0.9388857142857143,
            "f1_score": 0.9141641049893592,
            "support": 35000
        },
        "class_3": {
            "precision": 0.9990564958828911,
            "recall": 0.9983714285714286,
            "f1_score": 0.9987138447467703,
            "support": 35000
        }
    },
    "confusion_matrix": [
        [
            32621,
            2356,
            4,
            19
        ],
        [
            4090,
            26918,
            3983,
            9
        ],
        [
            6,
            2128,
            32861,
            5
        ],
        [
            9,
            3,
            45,
            34943
        ]
    ]
}