{
  "reverse_order": {
    "train_accuracy": {
      "mean": 90.8254761904762,
      "std": 0.23693431258626232
    },
    "val_accuracy": {
      "mean": 89.64750000000001,
      "std": 0.18073538053678892
    },
    "test_accuracy": {
      "mean": 89.37888888888888,
      "std": 0.20041315350736066
    }
  },
  "num_seeds": 10,
  "seeds_used": [
    0,
    42,
    123,
    777,
    1234,
    2024,
    3407,
    5555,
    8888,
    12345
  ]
}