{
  "train_loss": [
    0.8153480555261884,
    0.6307077830042158,
    0.5808602397237506,
    0.5575140707015991,
    0.5429140105111259,
    0.5308017230033875,
    0.5194857876913888,
    0.5133466160365513,
    0.5068582165036882,
    0.5003668906893048,
    0.4975680596147265,
    0.48951921015466965,
    0.48537475322995866,
    0.4790385507447379,
    0.47858809613500325,
    0.4754893560886383,
    0.47447431050709316,
    0.4672689020769937,
    0.4660075820718493,
    0.46445966262817384,
    0.4616467321736472,
    0.45981659125600544,
    0.4584516791616167,
    0.4545270459583827,
    0.45545213170051574,
    0.4546939725603376,
    0.4530945870603834,
    0.45073680840900965,
    0.4488189895766122,
    0.4446131414617811,
    0.44543745331764223,
    0.4435252394744328,
    0.4434863605907985,
    0.43915086000306264,
    0.4362323828084128,
    0.44008671706063407,
    0.4370471868991852,
    0.4373940011024475,
    0.43315724580628534,
    0.4335366986819676,
    0.4314023324217115,
    0.43020632199559894,
    0.42887109788485933,
    0.42857820700917926,
    0.4290575511591775,
    0.4279618240901402,
    0.4286562524931771,
    0.4273795170034681,
    0.42185968629973275,
    0.4233570009572165,
    0.4238671593666077,
    0.4252082060132708,
    0.42009822256905693,
    0.4222876095363072,
    0.4216892781598227,
    0.4202783795561109,
    0.4187826382296426,
    0.4162739559514182,
    0.42002022478239875,
    0.4171111311708178,
    0.41389975793021067,
    0.4197942106860025,
    0.4123369681222098,
    0.4152391827787672,
    0.41359581579480853,
    0.4116167526790074,
    0.4140437004429953,
    0.4133557725020817,
    0.4102152173246656,
    0.4113175325666155,
    0.4079071842670441,
    0.4104073208263942,
    0.41445084008489336,
    0.40931631514004296,
    0.4105972173282078,
    0.40584746982029507,
    0.4077767287322453,
    0.4083762654917581,
    0.40463815599850245,
    0.40891384968076433,
    0.40786490507125855,
    0.4080415424483163,
    0.4068068934100015,
    0.4070645374093737,
    0.4056800698893411,
    0.4049364645208631,
    0.39870768207822527,
    0.40527255653653826,
    0.40089162366730824,
    0.3999615990979331,
    0.40385646867752073,
    0.4022273842198508,
    0.402063086605072,
    0.4035376881871905,
    0.40124376008169993,
    0.40383225475719997,
    0.40064041046415055,
    0.4004292332649231,
    0.39898310212407795,
    0.3990579070840563
  ],
  "val_loss": [
    0.45862819666862487,
    0.4001436950683594,
    0.3775345816612244,
    0.3596950214385986,
    0.3639610439300537,
    0.35283937759399414,
    0.34899780731201174,
    0.3506625959396362,
    0.3459615259170532,
    0.331260155916214,
    0.3436473669528961,
    0.32985451526641846,
    0.33306398968696593,
    0.33096070566177366,
    0.3250619117259979,
    0.3226370559692383,
    0.3274170560836792,
    0.3164221803665161,
    0.3242522496700287,
    0.321127631187439,
    0.3064555121421814,
    0.3108293091773987,
    0.32004237422943116,
    0.3224012848854065,
    0.31811044149398804,
    0.30634027581214907,
    0.3131933536529541,
    0.30366891894340514,
    0.3000424665927887,
    0.29715653762817384,
    0.30176047682762147,
    0.30202614903450015,
    0.3055818238258362,
    0.29909094443321227,
    0.3015481464385986,
    0.3025615415096283,
    0.3090486643791199,
    0.29815237755775453,
    0.29592742595672605,
    0.29173600425720214,
    0.298531342124939,
    0.2954357018470764,
    0.29716260981559756,
    0.28922398223876955,
    0.29835795636177065,
    0.29318443241119385,
    0.2913100962638855,
    0.286288214969635,
    0.29725063161849974,
    0.29128547098636626,
    0.2936826635599136,
    0.29444341707229615,
    0.2890436350822449,
    0.29473891410827635,
    0.29423714423179625,
    0.29864989342689513,
    0.2944717167139053,
    0.28758307461738586,
    0.2910782015800476,
    0.2817161554336548,
    0.2896160285949707,
    0.28378362884521485,
    0.28774076318740843,
    0.2917564839839935,
    0.29300886273384097,
    0.2828210708141327,
    0.2904775110244751,
    0.2811737291812897,
    0.2887168569087982,
    0.29132544064521787,
    0.2821939106941223,
    0.28126186757087707,
    0.28466529183387757,
    0.2854753923416138,
    0.2857329875469208,
    0.28595298080444337,
    0.28197047636508943,
    0.2764607405900955,
    0.28248818240165713,
    0.2835515554428101,
    0.2850356504440308,
    0.2829325835943222,
    0.28397242612838747,
    0.28474658977985384,
    0.27783332831859586,
    0.28120664339065554,
    0.27802760453224185,
    0.27441288199424746,
    0.279798619222641,
    0.27899963579177856,
    0.27827029962539673,
    0.2812913062095642,
    0.28794603462219237,
    0.2856739422798157,
    0.279183634185791,
    0.28217761249542234,
    0.27486050052642824,
    0.27788039417266847,
    0.2761739421129227,
    0.280242670583725
  ],
  "epochs": [
    0,
    1,
    2,
    3,
    4,
    5,
    6,
    7,
    8,
    9,
    10,
    11,
    12,
    13,
    14,
    15,
    16,
    17,
    18,
    19,
    20,
    21,
    22,
    23,
    24,
    25,
    26,
    27,
    28,
    29,
    30,
    31,
    32,
    33,
    34,
    35,
    36,
    37,
    38,
    39,
    40,
    41,
    42,
    43,
    44,
    45,
    46,
    47,
    48,
    49,
    50,
    51,
    52,
    53,
    54,
    55,
    56,
    57,
    58,
    59,
    60,
    61,
    62,
    63,
    64,
    65,
    66,
    67,
    68,
    69,
    70,
    71,
    72,
    73,
    74,
    75,
    76,
    77,
    78,
    79,
    80,
    81,
    82,
    83,
    84,
    85,
    86,
    87,
    88,
    89,
    90,
    91,
    92,
    93,
    94,
    95,
    96,
    97,
    98,
    99
  ]
}