{
    "dataset": "train",
    "accuracy": 0.91135,
    "macro_precision": 0.9111347035561164,
    "macro_recall": 0.9113499999999999,
    "macro_f1": 0.9112153185245131,
    "weighted_precision": 0.9111347035561165,
    "weighted_recall": 0.91135,
    "weighted_f1": 0.9112153185245132,
    "per_class_metrics": {
        "class_0": {
            "precision": 0.9016651222868054,
            "recall": 0.9174571428571429,
            "f1_score": 0.9094925863509552,
            "support": 35000
        },
        "class_1": {
            "precision": 0.8278657671482758,
            "recall": 0.8169142857142857,
            "f1_score": 0.8223535671656815,
            "support": 35000
        },
        "class_2": {
            "precision": 0.915694089983655,
            "recall": 0.9123714285714286,
            "f1_score": 0.9140297396705451,
            "support": 35000
        },
        "class_3": {
            "precision": 0.9993138348057294,
            "recall": 0.9986571428571429,
            "f1_score": 0.9989853809108707,
            "support": 35000
        }
    },
    "confusion_matrix": [
        [
            32111,
            2882,
            1,
            6
        ],
        [
            3480,
            28592,
            2924,
            4
        ],
        [
            6,
            3047,
            31933,
            14
        ],
        [
            16,
            16,
            15,
            34953
        ]
    ]
}