{
  "train_loss": [
    0.287109404978427,
    0.15732822290875695,
    0.1225325670093298,
    0.1047175352952697,
    0.09158819319849665,
    0.08450351382182404,
    0.07974660950966858,
    0.0751982169462876,
    0.07225481367585335,
    0.06953705824911595,
    0.06757334356958217,
    0.06358297526836396,
    0.06326003575866873,
    0.06123498174954545,
    0.059189456237310714,
    0.05830561499365351,
    0.05749447422948751,
    0.057064195989885116,
    0.05518834844570268,
    0.05414271559227597,
    0.05371544659137725,
    0.05319880763238127,
    0.05303075856444511,
    0.05230585040693933,
    0.05169746616516601,
    0.05116705669259483,
    0.05101701862771403,
    0.05045276072722945,
    0.0489667574045333,
    0.04968206699429588,
    0.04875196379355409,
    0.049042112476785076,
    0.049141270472583445,
    0.04742699736729264,
    0.04807034024630081,
    0.048257122033021675,
    0.047150598302144894,
    0.047820267746733,
    0.0471116568012671,
    0.04713530978187919,
    0.047180476061661134,
    0.04655687146058137,
    0.04607910937883637,
    0.04576823969964276,
    0.045488935573534534,
    0.04541051390157504,
    0.045963883222165436,
    0.04564589028162035,
    0.045069621427154004,
    0.043872387820685456,
    0.04308998175304045,
    0.042487674269147895,
    0.043788700574500995,
    0.043788385508074,
    0.04386753131042827,
    0.043304279539734127,
    0.04285569263622165,
    0.043227126706730234,
    0.043172027053819464,
    0.042478026492013175,
    0.04253471773117781,
    0.04184559850699522,
    0.041860391577197745,
    0.04305385095829314,
    0.04251177424226295,
    0.042809055063196204,
    0.04213108849288388,
    0.042116945054043425
  ],
  "val_loss": [
    0.15438870978541674,
    0.11948708710260689,
    0.08428080767625942,
    0.08077557759825141,
    0.07117406148463487,
    0.06774405459873378,
    0.059523882321082064,
    0.058196898904861884,
    0.060518932854756714,
    0.06936318873194978,
    0.06275951725547202,
    0.057184516533743596,
    0.059373729140497745,
    0.05890277534490451,
    0.05260449587949552,
    0.0540384263440501,
    0.05908323221374303,
    0.05610331225325354,
    0.05215967356925831,
    0.057184681342914705,
    0.05453437602263876,
    0.05666241328581236,
    0.05068648728774861,
    0.062348746019415556,
    0.0473584798455704,
    0.05600267653353513,
    0.05554062669398263,
    0.05332377342856489,
    0.0529429339861963,
    0.05319316865643487,
    0.05112628623610362,
    0.05317203821032308,
    0.05748114648740739,
    0.04775655079283752,
    0.05060623990430031,
    0.046579836128512395,
    0.0520399026281666,
    0.04548393492004835,
    0.05143695380247664,
    0.0575606466998579,
    0.050040888466173786,
    0.05095320580294356,
    0.047292562917573375,
    0.05187461184686981,
    0.05111469690164086,
    0.054976421347237195,
    0.04986851617577486,
    0.051160491455812016,
    0.05044829157413915,
    0.05104042801249307,
    0.05395137080922723,
    0.05165209039114416,
    0.054740271135233345,
    0.05210587680048775,
    0.04959067200543359,
    0.04953638412989676,
    0.05120603335963097,
    0.0519414704409428,
    0.05258288859331515,
    0.049582860851660374,
    0.054433364910073584,
    0.05256947027519346,
    0.05235854207130615,
    0.05051910114998463,
    0.05314391589490697,
    0.054388728106278,
    0.05247565806203056,
    0.052359155585872945
  ],
  "epochs": [
    0,
    1,
    2,
    3,
    4,
    5,
    6,
    7,
    8,
    9,
    10,
    11,
    12,
    13,
    14,
    15,
    16,
    17,
    18,
    19,
    20,
    21,
    22,
    23,
    24,
    25,
    26,
    27,
    28,
    29,
    30,
    31,
    32,
    33,
    34,
    35,
    36,
    37,
    38,
    39,
    40,
    41,
    42,
    43,
    44,
    45,
    46,
    47,
    48,
    49,
    50,
    51,
    52,
    53,
    54,
    55,
    56,
    57,
    58,
    59,
    60,
    61,
    62,
    63,
    64,
    65,
    66,
    67
  ]
}