{
  "train_loss": [
    0.30894390297206964,
    0.16270676920359786,
    0.13356770821593025,
    0.11403391317210414,
    0.10090786611491984,
    0.09208700957623395,
    0.08482915174216032,
    0.0801727446033196,
    0.07599267286333171,
    0.07357001501050862,
    0.07040125805884599,
    0.06854972906749357,
    0.06619534840299325,
    0.06520719882778146,
    0.0631796936284412,
    0.06247947965833274,
    0.06080584502016956,
    0.06059745800766078,
    0.058965604481371975,
    0.0578600095381791,
    0.058443505557423295,
    0.057279402708465404,
    0.057278573194688015,
    0.05595468522980809,
    0.055064122521064504,
    0.054610762795941396,
    0.05421194462105632,
    0.05490341311320663,
    0.053290973744270484,
    0.05313112147660418,
    0.05265582145784389,
    0.05174349240112034,
    0.0519721922735599,
    0.05114268189634789,
    0.05034955765205351,
    0.05037195288152857,
    0.049632908099076965,
    0.05047939204356887,
    0.04996377351778475,
    0.04968404735015197,
    0.05018023529174653,
    0.04915789349004626,
    0.0486652455648238,
    0.04882629435678775,
    0.048616208498450844,
    0.04871549946171316,
    0.048236492264338515,
    0.048629455832256516,
    0.04895628210326487,
    0.048772383405065,
    0.04773648703470826,
    0.048727679591287265
  ],
  "val_loss": [
    0.1564359785988927,
    0.1196260754019022,
    0.09897543431725353,
    0.07923814709065483,
    0.06785063251154497,
    0.062492523435503246,
    0.05994655806571246,
    0.05798773461137899,
    0.06338614801643416,
    0.05181636470952072,
    0.05138798016705551,
    0.050310916936723515,
    0.0504490516264923,
    0.05432121900958009,
    0.051501224283128984,
    0.04852991860825569,
    0.048467385524418205,
    0.0497849504055921,
    0.052084329404169696,
    0.04959211839013733,
    0.057309019542299215,
    0.04377917919191532,
    0.04832107156980783,
    0.05120870957616717,
    0.05085141842719167,
    0.04888289978262038,
    0.050493586267111826,
    0.047810263489373034,
    0.05460973556619138,
    0.04879809832782485,
    0.05880928387050517,
    0.06003268212662079,
    0.04515637482400053,
    0.04699571452219971,
    0.047016253432957456,
    0.051763353982823904,
    0.05022918531903997,
    0.052510894509032374,
    0.04868882751325146,
    0.05019295749953017,
    0.050209078946500084,
    0.046464494295651096,
    0.050460506055969745,
    0.04997335816151463,
    0.05008736695162952,
    0.04983016729238443,
    0.04765511977020651,
    0.05120555179018993,
    0.04927327043842525,
    0.05189786111295689,
    0.05080570702848491,
    0.05062953645247035
  ],
  "epochs": [
    0,
    1,
    2,
    3,
    4,
    5,
    6,
    7,
    8,
    9,
    10,
    11,
    12,
    13,
    14,
    15,
    16,
    17,
    18,
    19,
    20,
    21,
    22,
    23,
    24,
    25,
    26,
    27,
    28,
    29,
    30,
    31,
    32,
    33,
    34,
    35,
    36,
    37,
    38,
    39,
    40,
    41,
    42,
    43,
    44,
    45,
    46,
    47,
    48,
    49,
    50,
    51
  ]
}