{
  "train_loss": [
    0.33294877628033814,
    0.13141365165060218,
    0.10447011877189984,
    0.0895362179319967,
    0.07810384794731032,
    0.07219373566860503,
    0.06946443454447118,
    0.06483262377367778,
    0.0616911514137279,
    0.059822830358012155,
    0.05744894797829065,
    0.05467073028737848,
    0.05337287921458482,
    0.051673799834468154,
    0.050249650861051945,
    0.050094416339627724,
    0.048964805885810744,
    0.048494129011576834,
    0.04659099275076931,
    0.04782659778710116,
    0.04625056851147251,
    0.04532937252724713,
    0.04532241146334193,
    0.043929978659884496,
    0.04175855514170094,
    0.04240599412132394,
    0.04186693648045714,
    0.04225717151537538,
    0.04176991597833959,
    0.04076364900916815,
    0.041201422246681024,
    0.04145031267946417,
    0.0410107522813434,
    0.0398416616158052,
    0.04055912866003134,
    0.03982562974603339,
    0.04013293527066708,
    0.040956121615388176,
    0.03997920384969224,
    0.04010479042983868,
    0.039517228149554946,
    0.03977004542608153,
    0.03954384155740792
  ],
  "val_loss": [
    0.12247982954140753,
    0.08754193461500108,
    0.07467506164684892,
    0.06398324999026955,
    0.060019145306432625,
    0.05791572125745006,
    0.0631189641833771,
    0.0631816627108492,
    0.059977955155773095,
    0.06412868525949307,
    0.05684460393385962,
    0.061564862390514466,
    0.05399495910969564,
    0.0669732193404343,
    0.06625883109227289,
    0.0601589198486181,
    0.05482761326129548,
    0.06074424150283449,
    0.0691092788358219,
    0.06812020134238993,
    0.0654653687903192,
    0.0708713385887677,
    0.059324131894391036,
    0.06927847391052637,
    0.06482138848514296,
    0.06955097044992727,
    0.06212065716390498,
    0.07295590028516016,
    0.0633314380713273,
    0.0662185056542512,
    0.06751262384350412,
    0.07443371214903892,
    0.0732646672433475,
    0.07132333710615057,
    0.06937999934598338,
    0.06706869769550394,
    0.06762579616624863,
    0.06921594032610301,
    0.06575058846792672,
    0.07407671986147762,
    0.06999225908948574,
    0.06926792285230476,
    0.06428877488942818
  ],
  "epochs": [
    0,
    1,
    2,
    3,
    4,
    5,
    6,
    7,
    8,
    9,
    10,
    11,
    12,
    13,
    14,
    15,
    16,
    17,
    18,
    19,
    20,
    21,
    22,
    23,
    24,
    25,
    26,
    27,
    28,
    29,
    30,
    31,
    32,
    33,
    34,
    35,
    36,
    37,
    38,
    39,
    40,
    41,
    42
  ]
}