{
  "train_loss": [
    0.36076741153543646,
    0.15666569136760455,
    0.13445650253783573,
    0.11672279863194987,
    0.10143766187808731,
    0.09209485973824155,
    0.08443395434455439,
    0.07886298294433139,
    0.07523082902147012,
    0.0723908415707675,
    0.06984519519927827,
    0.06757489768618888,
    0.06624345758421855,
    0.0643922553888776,
    0.06441559454256837,
    0.06252899560400031,
    0.061231277940625495,
    0.05973059862513434,
    0.05815695484930819,
    0.05879669370637698,
    0.057060831409286375,
    0.057287458374418995,
    0.05599761303514242,
    0.055463003482330936,
    0.05367636060511524,
    0.05224132301285864,
    0.05306525209071962,
    0.0522991859015416,
    0.05199255159294064,
    0.051038070194084545,
    0.05057194396853447,
    0.05052153359759938,
    0.050613071823661974,
    0.049813538933680825,
    0.0498090358603407,
    0.04964918034997853,
    0.04873149478300051,
    0.048851667578247465,
    0.04733477357097648,
    0.048404682857746434,
    0.04866459026763385,
    0.04817226778038523,
    0.04721163256093859,
    0.0478751323168928,
    0.0463339248705994,
    0.04619601074944843,
    0.04693231106143106,
    0.04543450512499972,
    0.04561995665627447,
    0.04525227262892506,
    0.04543619071387432,
    0.04612849154424938,
    0.045692847095091235,
    0.04510343954136426,
    0.04480574062771418,
    0.04475277319211852,
    0.04448659484528683,
    0.04332856637510387,
    0.04351430917158723,
    0.04296987192366611,
    0.04338510856371035,
    0.04271665287458084,
    0.041343676256523895,
    0.04247881928797473,
    0.04222147175364874,
    0.04208119524642825,
    0.041500461589206346,
    0.04142985536801544,
    0.04213527207516811,
    0.04036529550836845,
    0.041286725864153016,
    0.04279102368618954,
    0.042079486658966,
    0.04141462521458214,
    0.041150680981915114,
    0.04083485010503368,
    0.040310161499814555,
    0.04130621096627279,
    0.04037087565118616,
    0.04088669698516076
  ],
  "val_loss": [
    0.14967135316692293,
    0.1192746059037745,
    0.10089086561929435,
    0.07952788516413421,
    0.06946298141265289,
    0.06028463883558288,
    0.05538610887597315,
    0.0553495911997743,
    0.05181466400972568,
    0.052434703701874245,
    0.048773445433471355,
    0.0513647188723553,
    0.049904588167555636,
    0.04885029376600869,
    0.049257446714909746,
    0.04810408784542233,
    0.04726148482295685,
    0.04631669843802229,
    0.05237805350334384,
    0.04320586540270597,
    0.045307983935344964,
    0.04353448920301162,
    0.04392738858587109,
    0.040853254747344185,
    0.04035594645538367,
    0.04074702620855533,
    0.039273264171788475,
    0.0385185229650233,
    0.043027597427135335,
    0.04269409749540501,
    0.04407252132659778,
    0.043442652025260035,
    0.04413019285420887,
    0.04085004088119604,
    0.04333250378840603,
    0.04180643143772614,
    0.037494235299527646,
    0.03821694337530062,
    0.03918918062117882,
    0.04256754175876268,
    0.03808791456685867,
    0.03804775957250968,
    0.03804805388790555,
    0.03970962694147602,
    0.04076942377723754,
    0.03823128862131853,
    0.039374414714984596,
    0.03469781345338561,
    0.04243795815855265,
    0.03468453920504544,
    0.04153338159667328,
    0.03540396162425168,
    0.03639815282658674,
    0.04019665731466376,
    0.03797531513264403,
    0.0378669576079119,
    0.03900144992512651,
    0.03944871842104476,
    0.035585231980076064,
    0.03775860125024338,
    0.036888095099129714,
    0.03572952612303197,
    0.035161274412530474,
    0.03686231248138938,
    0.03692146872926969,
    0.037159851260366854,
    0.03600177594053093,
    0.03684235525433906,
    0.03833544170774986,
    0.038411014174926095,
    0.03892957309144549,
    0.036501390545163305,
    0.037266927826567556,
    0.03643609419814311,
    0.03771153962879907,
    0.03706708544050343,
    0.037698197455029,
    0.03641993611527142,
    0.036670052830595525,
    0.03601189879118465
  ],
  "epochs": [
    0,
    1,
    2,
    3,
    4,
    5,
    6,
    7,
    8,
    9,
    10,
    11,
    12,
    13,
    14,
    15,
    16,
    17,
    18,
    19,
    20,
    21,
    22,
    23,
    24,
    25,
    26,
    27,
    28,
    29,
    30,
    31,
    32,
    33,
    34,
    35,
    36,
    37,
    38,
    39,
    40,
    41,
    42,
    43,
    44,
    45,
    46,
    47,
    48,
    49,
    50,
    51,
    52,
    53,
    54,
    55,
    56,
    57,
    58,
    59,
    60,
    61,
    62,
    63,
    64,
    65,
    66,
    67,
    68,
    69,
    70,
    71,
    72,
    73,
    74,
    75,
    76,
    77,
    78,
    79
  ]
}