{
  "train_loss": [
    0.3054296937043017,
    0.14531846560537814,
    0.11778133704581045,
    0.09676302082159302,
    0.08391247181729838,
    0.07586892398920926,
    0.06995928711511873,
    0.06798150664364751,
    0.0650143248621713,
    0.06151289009912448,
    0.05997802264311097,
    0.05834651821716266,
    0.05683809359642593,
    0.05640276476740837,
    0.05397106514058331,
    0.05396415595134551,
    0.05254511229185896,
    0.05074168061668223,
    0.049782412783666095,
    0.04952824619852684,
    0.04868314090100202,
    0.04727501630952413,
    0.04673137735067444,
    0.046795942959460345,
    0.04619910108772191,
    0.045878727419132535,
    0.045452487546611915,
    0.04479577498849143,
    0.044102545490657744,
    0.044845805518667806,
    0.044290280208330264,
    0.04342602885751562,
    0.042527390947057445,
    0.04346852328458971,
    0.043306470001963054,
    0.04312890361147848,
    0.04275527899238196,
    0.04123249850489877,
    0.04138267861340534,
    0.04064619812775742,
    0.04036882079121741,
    0.04099557634951039,
    0.03994690836830572,
    0.039958239419555126,
    0.04011936264789917,
    0.040115805342793465,
    0.0387984390150417,
    0.04019614204425704,
    0.04039323838935657,
    0.03963075597008521,
    0.03955152740532702,
    0.039417242292653434,
    0.03886041993444616,
    0.03904958870600571,
    0.03893701746890491,
    0.03853542976928028
  ],
  "val_loss": [
    0.13357080668210985,
    0.11240337553899736,
    0.08049266824964435,
    0.06371667549246923,
    0.05863467524759471,
    0.054393978515872736,
    0.054344871174544104,
    0.06070531118893996,
    0.05376861721742898,
    0.050984138768399134,
    0.04905814561061562,
    0.05354827022529207,
    0.046465569187421354,
    0.047369482857175176,
    0.0526647258666344,
    0.04188392056967132,
    0.04472472063498571,
    0.05140824398840778,
    0.054858226588112305,
    0.046149977494496855,
    0.048911878946819344,
    0.04568351322668605,
    0.05062679124821443,
    0.04767856792896055,
    0.05076153773698025,
    0.03762257029884495,
    0.052786446243408135,
    0.04743055282742716,
    0.04564221078471747,
    0.050812585421954284,
    0.04930312370415777,
    0.05209033836435993,
    0.04480528017156758,
    0.04498727117897943,
    0.046061883112997755,
    0.06047190547105856,
    0.04938442166894675,
    0.04793666565674357,
    0.04665020860556979,
    0.04985060755861923,
    0.04662180239101872,
    0.049933894976857116,
    0.0478880036593182,
    0.046752129119704486,
    0.0477100517047802,
    0.05331904493214097,
    0.049349401611834764,
    0.049136884760810066,
    0.04774161017267034,
    0.04795099167968146,
    0.047387819684809075,
    0.049424867713241845,
    0.046896456589456646,
    0.047922076183022,
    0.0485182429314591,
    0.0491311143967323
  ],
  "epochs": [
    0,
    1,
    2,
    3,
    4,
    5,
    6,
    7,
    8,
    9,
    10,
    11,
    12,
    13,
    14,
    15,
    16,
    17,
    18,
    19,
    20,
    21,
    22,
    23,
    24,
    25,
    26,
    27,
    28,
    29,
    30,
    31,
    32,
    33,
    34,
    35,
    36,
    37,
    38,
    39,
    40,
    41,
    42,
    43,
    44,
    45,
    46,
    47,
    48,
    49,
    50,
    51,
    52,
    53,
    54,
    55
  ]
}