{
  "train_loss": [
    0.2639297327805649,
    0.14744091150435534,
    0.12436924507672137,
    0.10337991230189801,
    0.08971716710112312,
    0.08238410333002155,
    0.07519658736545931,
    0.07046487082473257,
    0.06743214804340493,
    0.06386594581671737,
    0.06171442250297829,
    0.05988974766297775,
    0.05737812847576358,
    0.05564592823724855,
    0.054928856610574506,
    0.053523843561045156,
    0.05245460981333797,
    0.050597766258499835,
    0.050017032000151555,
    0.049442716899581934,
    0.048750667106360196,
    0.048066791768439796,
    0.0478804876011881,
    0.04649246975102208,
    0.04663301078264009,
    0.04543640475212173,
    0.04494550535624678,
    0.04520060056989843,
    0.04522422880272974,
    0.04459652201865208,
    0.043845306799154396,
    0.04272769378836859,
    0.04183849746022712,
    0.0434371765838428,
    0.042235716432332995,
    0.041700267766348345,
    0.0425748143768446,
    0.04058937877755274,
    0.04000023402950981,
    0.040126606798307464,
    0.04017029850659046,
    0.04015350874005394,
    0.03998647252775052,
    0.03911526307802309,
    0.03967408120124177,
    0.03981799181720073,
    0.040167695776644086,
    0.03939932285723361,
    0.039293809902261605,
    0.039692870461466634,
    0.03889391528611834,
    0.039479572581635286,
    0.038844553614881906,
    0.03906025183302435,
    0.03841881074180657,
    0.03910828930749135,
    0.03805312786759301,
    0.037987738436257294,
    0.038122052900831815,
    0.03876054864715446,
    0.038178629021752966,
    0.03796501112763177,
    0.03816113262183287,
    0.03786159132691947,
    0.03863288041373546,
    0.03823026227510788,
    0.03739993977783756,
    0.03779853700406172,
    0.037973459303717726,
    0.03743519351902334,
    0.03769294350831346,
    0.03833427733657035,
    0.03760267247191884,
    0.03785120462321422,
    0.037680106516927485
  ],
  "val_loss": [
    0.14051921458449215,
    0.11619955671485516,
    0.08931539861951024,
    0.06805345613975078,
    0.060731301386840644,
    0.05500756439287215,
    0.04984667521202937,
    0.04636305595049635,
    0.04508782062330284,
    0.04405060448916629,
    0.04382011120324023,
    0.039602594275493175,
    0.04157375050126576,
    0.04055551280616783,
    0.03914532017079182,
    0.03715141795983072,
    0.038081735765445046,
    0.039530781935900455,
    0.03743945951864589,
    0.03801897716184612,
    0.035352713230531664,
    0.033336268560378815,
    0.038876159011852,
    0.035905576887307694,
    0.03588306014135015,
    0.03291114911262412,
    0.03854261971428059,
    0.03421425802225713,
    0.035227889116504235,
    0.03476956335653086,
    0.033630481420550494,
    0.03457494058820885,
    0.03311519286362454,
    0.03363893603091128,
    0.035938253728090785,
    0.03343935548036825,
    0.03526664486853406,
    0.031874631295795555,
    0.03175163280102425,
    0.03214591807918623,
    0.032999579457100484,
    0.03233212217164692,
    0.03189269154390786,
    0.03266492888506036,
    0.03061347974871751,
    0.0320719346520491,
    0.03284442464646418,
    0.03231513310747687,
    0.03357137938437518,
    0.03335299707541708,
    0.031494107184698805,
    0.031212697227601893,
    0.03322654504154343,
    0.03162574577145279,
    0.0331540951738134,
    0.03225758984917775,
    0.03287580521719065,
    0.031849729717941956,
    0.03239929133560508,
    0.031557936797617,
    0.03098258846148383,
    0.031685511386604054,
    0.0316637327632634,
    0.03212717894348316,
    0.03251310665509664,
    0.03253437012317591,
    0.032033638228313066,
    0.031819917625398375,
    0.03183339258830529,
    0.031973478785948826,
    0.031762949170661164,
    0.03163165627629496,
    0.031517521000932906,
    0.031775461614597586,
    0.03144990823639091
  ],
  "epochs": [
    0,
    1,
    2,
    3,
    4,
    5,
    6,
    7,
    8,
    9,
    10,
    11,
    12,
    13,
    14,
    15,
    16,
    17,
    18,
    19,
    20,
    21,
    22,
    23,
    24,
    25,
    26,
    27,
    28,
    29,
    30,
    31,
    32,
    33,
    34,
    35,
    36,
    37,
    38,
    39,
    40,
    41,
    42,
    43,
    44,
    45,
    46,
    47,
    48,
    49,
    50,
    51,
    52,
    53,
    54,
    55,
    56,
    57,
    58,
    59,
    60,
    61,
    62,
    63,
    64,
    65,
    66,
    67,
    68,
    69,
    70,
    71,
    72,
    73,
    74
  ]
}