{
  "train_loss": [
    0.2976538502628153,
    0.14494415992362936,
    0.12179355670782653,
    0.10526194285262715,
    0.09380205323750322,
    0.08592387224124237,
    0.07930128945207054,
    0.07505136644298381,
    0.07178633088753983,
    0.06864072352986444,
    0.06728595975109122,
    0.06321949319744652,
    0.06384613774378192,
    0.06125577385791324,
    0.06007141060111198,
    0.05816298369318247,
    0.058227707374502315,
    0.0574595043706623,
    0.05691955443979665,
    0.05630432726307348,
    0.05514519384469499,
    0.054585521647875966,
    0.05414282443340529,
    0.05244486527348107,
    0.051863377343185926,
    0.05065905338830569,
    0.05060547096824104,
    0.05141920748251406,
    0.0512494298426265,
    0.05089189792729237,
    0.05031711483204907,
    0.05006478802893649,
    0.048436543149026956,
    0.04987794152545658,
    0.049066551309078936,
    0.04885941277512095,
    0.0481013100458817,
    0.04828483866189014,
    0.046760265210812745,
    0.04861494880000299,
    0.04622599296271801,
    0.0460413060946898,
    0.044988422908566215,
    0.04496178994293917,
    0.044952401117506355,
    0.04567629639059305,
    0.04619497776200826,
    0.045692369382489814,
    0.043970276388255035,
    0.04488940079103817,
    0.04517825902016326,
    0.045238097702915016,
    0.04390486890111457,
    0.04401518832384186,
    0.043834527482024654,
    0.04378561600534754,
    0.04386840508404104,
    0.04386165420101448,
    0.04330267470668663
  ],
  "val_loss": [
    0.13130820211954414,
    0.11423876876942814,
    0.09734524848172442,
    0.07901006994070486,
    0.07240433774422854,
    0.0692313107312657,
    0.08093679948942736,
    0.07120001194998622,
    0.0677979085536208,
    0.06382351679494605,
    0.0661092404567171,
    0.06951198222814128,
    0.061427917121909564,
    0.06484365065698512,
    0.06955025410279632,
    0.06028627202031203,
    0.06427987612551078,
    0.0719349009625148,
    0.06147664542659186,
    0.0676190520694945,
    0.07452061567455531,
    0.06653325925581158,
    0.06571606190409512,
    0.06611170849064366,
    0.06329125336487779,
    0.058565786801045766,
    0.06480290715117008,
    0.06232260976685211,
    0.05263666527462192,
    0.06385371074429713,
    0.06593523340998218,
    0.06322435115580448,
    0.07066832275595517,
    0.061007792840246114,
    0.059473380737472326,
    0.05762557137641125,
    0.0728096598177217,
    0.06283608782105149,
    0.053419136919546875,
    0.058416854223469275,
    0.06450393371633255,
    0.06090653820428998,
    0.06121260886429809,
    0.061234572506509724,
    0.06635692754061893,
    0.06423107403679751,
    0.06041756008635275,
    0.06398851877311246,
    0.06476770702865906,
    0.06520398706779816,
    0.06979495134437458,
    0.060662208724534136,
    0.06374475961201824,
    0.06361482884967701,
    0.06420397686888464,
    0.0625805339193903,
    0.06413319120765663,
    0.06376172451418825,
    0.0643528995802626
  ],
  "epochs": [
    0,
    1,
    2,
    3,
    4,
    5,
    6,
    7,
    8,
    9,
    10,
    11,
    12,
    13,
    14,
    15,
    16,
    17,
    18,
    19,
    20,
    21,
    22,
    23,
    24,
    25,
    26,
    27,
    28,
    29,
    30,
    31,
    32,
    33,
    34,
    35,
    36,
    37,
    38,
    39,
    40,
    41,
    42,
    43,
    44,
    45,
    46,
    47,
    48,
    49,
    50,
    51,
    52,
    53,
    54,
    55,
    56,
    57,
    58
  ]
}