{
  "train_loss": [
    0.43344144414771685,
    0.2793465787714178,
    0.27511219897053457,
    0.272087607329542,
    0.26732065948573025,
    0.265417696129192,
    0.264149011536078,
    0.26505776183171703,
    0.26854938810521906,
    0.26691381687467747,
    0.265678824077953,
    0.26313255646012046,
    0.2631033073772084,
    0.25991532667116685,
    0.26175761954350907,
    0.26280118064446883,
    0.26382178582928395,
    0.2601572784510526,
    0.2610512887889689,
    0.26135900725017897,
    0.2598661317066713,
    0.2573311228643764,
    0.25774071406234395,
    0.25904529934579673,
    0.25857876187021084,
    0.25753952210599723,
    0.2577093625610525,
    0.255902242118662,
    0.25834510136734357,
    0.2558444071899761
  ],
  "val_loss": [
    0.33895511645823717,
    0.3066198630258441,
    0.30491412337869406,
    0.2997412569820881,
    0.29360727220773697,
    0.29604209400713444,
    0.3177506234496832,
    0.2987263621762395,
    0.29262497648596764,
    0.3152743121609092,
    0.2942695952951908,
    0.3379779811948538,
    0.2947853393852711,
    0.29419977217912674,
    0.2910188343375921,
    0.2953309938311577,
    0.3051567869260907,
    0.29470584634691477,
    0.2992350272834301,
    0.29684517718851566,
    0.2964677959680557,
    0.2926539573818445,
    0.2926994822919369,
    0.29320646263659,
    0.29254635982215405,
    0.292335519567132,
    0.2921202341094613,
    0.292097520083189,
    0.29199371114373207,
    0.2920657293871045
  ],
  "epochs": [
    0,
    1,
    2,
    3,
    4,
    5,
    6,
    7,
    8,
    9,
    10,
    11,
    12,
    13,
    14,
    15,
    16,
    17,
    18,
    19,
    20,
    21,
    22,
    23,
    24,
    25,
    26,
    27,
    28,
    29
  ]
}