{
  "train_loss": [
    0.4298451323400844,
    0.24979998740282924,
    0.2471460136500272,
    0.24393146498636767,
    0.24048747637055137,
    0.2394906152378429,
    0.23910283175381747,
    0.2414647256786173,
    0.23772977563467892,
    0.23803089369427075,
    0.23960725502534347,
    0.2361556955359199,
    0.2351320746270093,
    0.23448056822473354,
    0.23627167317000303,
    0.234842156551101,
    0.2308353288607164,
    0.23136129812760786,
    0.22909976596182044,
    0.23030611005696383,
    0.23164439851587468,
    0.23063893643292513,
    0.22998047796162693,
    0.2313686200163581,
    0.2308026367967779,
    0.22927110168066892,
    0.2300192797725851,
    0.23165683935989034,
    0.22904908575794913,
    0.22716667543758046,
    0.22869042347777974,
    0.2271752972494472,
    0.22658670354973187,
    0.22808396166021175,
    0.229958239197731,
    0.23043475340713154,
    0.2289625717834993,
    0.22911585461009631,
    0.22809596224264664,
    0.22935678173195231,
    0.2288929822770032,
    0.23028055104342374,
    0.23193246532570233,
    0.22770070000128312,
    0.22835590703920886,
    0.22858343043110588
  ],
  "val_loss": [
    0.264669556170702,
    0.27630430925637484,
    0.2684988733381033,
    0.2573369964957237,
    0.28256057761609554,
    0.2623394997790456,
    0.2578948913142085,
    0.249793560244143,
    0.26978700514882803,
    0.24638229701668024,
    0.25367339700460434,
    0.2484152214601636,
    0.25128638464957476,
    0.27786754071712494,
    0.25953621603548527,
    0.2550613582134247,
    0.244116535410285,
    0.24401823058724403,
    0.24453622568398714,
    0.24462795816361904,
    0.24399767722934484,
    0.2445023925974965,
    0.2442578161135316,
    0.2445954531431198,
    0.24421408399939537,
    0.24441037606447935,
    0.2440322060137987,
    0.24420507345348597,
    0.24471262469887733,
    0.2441659513860941,
    0.24381605442613363,
    0.24432853143662214,
    0.24419044610112906,
    0.24436528887599707,
    0.2443420747295022,
    0.24436841532588005,
    0.2440180405974388,
    0.24441902432590723,
    0.2442284058779478,
    0.24411599338054657,
    0.24413907434791327,
    0.24417007807642221,
    0.24417051393538713,
    0.24394911620765924,
    0.2443865155801177,
    0.24461182113736868
  ],
  "epochs": [
    0,
    1,
    2,
    3,
    4,
    5,
    6,
    7,
    8,
    9,
    10,
    11,
    12,
    13,
    14,
    15,
    16,
    17,
    18,
    19,
    20,
    21,
    22,
    23,
    24,
    25,
    26,
    27,
    28,
    29,
    30,
    31,
    32,
    33,
    34,
    35,
    36,
    37,
    38,
    39,
    40,
    41,
    42,
    43,
    44,
    45
  ]
}