{
  "train_loss": [
    0.46353009614077484,
    0.30098366141319277,
    0.29157956513491545,
    0.28798183636231856,
    0.2875730853189122,
    0.28621318475766616,
    0.28758885806257073,
    0.2868404133753343,
    0.2796988153999502,
    0.281869207999923,
    0.2808388609777797,
    0.28417277336120605,
    0.2806596311655912,
    0.2846272417090156,
    0.27938110801306637,
    0.27674843885681844,
    0.2755359695716338,
    0.27410690947012467,
    0.27647429677573115,
    0.2764984515580264,
    0.2771840350194411,
    0.27559001581235365,
    0.27593427842313595,
    0.2730320765213533,
    0.273592792857777,
    0.27614979391748257,
    0.27393649355931715,
    0.27421697757460856,
    0.2744708681648428,
    0.27424402074380355,
    0.2727659125219692,
    0.2753982476212762,
    0.2752648272297599,
    0.2768440000035546,
    0.2733180433511734,
    0.27622272236780687,
    0.2751051287759434,
    0.27655278633941305,
    0.2775352288376201,
    0.2768012967976657,
    0.2764246658845381,
    0.27453613714738323,
    0.2731566887010228,
    0.27543635395440186,
    0.27485600195147775,
    0.27405549585819244
  ],
  "val_loss": [
    0.3342560548335314,
    0.2936980137601495,
    0.29629301093518734,
    0.3024364784359932,
    0.310081004165113,
    0.2965322583913803,
    0.29570179246366024,
    0.2909309696406126,
    0.30570564791560173,
    0.3016389161348343,
    0.3061670269817114,
    0.2924117185175419,
    0.33282423578202724,
    0.2943053711205721,
    0.29035676550120115,
    0.28998192958533764,
    0.29087123833596706,
    0.29019373562186956,
    0.2923967447131872,
    0.28997392393648624,
    0.29007120802998543,
    0.29065727815032005,
    0.2905967626720667,
    0.2902885666117072,
    0.2901944359764457,
    0.2900026524439454,
    0.29010621551424265,
    0.290278485044837,
    0.2901646578684449,
    0.2899455912411213,
    0.28976914286613464,
    0.29009590204805136,
    0.2903844900429249,
    0.2899867193773389,
    0.29026871267706156,
    0.290082473307848,
    0.29013912938535213,
    0.29008770547807217,
    0.2906366167590022,
    0.2900289697572589,
    0.2900039693340659,
    0.2899339636787772,
    0.29013336822390556,
    0.2899104608222842,
    0.29013187251985073,
    0.290129316970706
  ],
  "epochs": [
    0,
    1,
    2,
    3,
    4,
    5,
    6,
    7,
    8,
    9,
    10,
    11,
    12,
    13,
    14,
    15,
    16,
    17,
    18,
    19,
    20,
    21,
    22,
    23,
    24,
    25,
    26,
    27,
    28,
    29,
    30,
    31,
    32,
    33,
    34,
    35,
    36,
    37,
    38,
    39,
    40,
    41,
    42,
    43,
    44,
    45
  ]
}