{
  "train_loss": [
    0.4468782536008141,
    0.2270722885023464,
    0.21924273859370838,
    0.21630275222388182,
    0.21308089874007485,
    0.2123903754082593,
    0.21031104217876087,
    0.20876693752678957,
    0.20773050649599595,
    0.21017222553491594,
    0.2099679399620403,
    0.20893106866966593,
    0.20537577650763772,
    0.20453350218859587,
    0.20229895561933517,
    0.20363679446957328,
    0.20207840312610972,
    0.20111842318014664,
    0.20262062441218984,
    0.2031185491518541,
    0.20428128730167042,
    0.20166808610612696,
    0.2014727224003185,
    0.20254072465679862,
    0.20292803618040953,
    0.2019851169802926,
    0.20232533920894968,
    0.2016146952455694,
    0.20313446101817217,
    0.2008830647576939,
    0.20145863050764257,
    0.20146713040091774,
    0.20322183614427394
  ],
  "val_loss": [
    0.2296063806861639,
    0.2371006729081273,
    0.2435212777927518,
    0.26830141246318817,
    0.22183957789093256,
    0.22118070628494024,
    0.2247651582583785,
    0.23030688613653183,
    0.22578586358577013,
    0.23400983028113842,
    0.2220879653468728,
    0.24136003479361534,
    0.2187920892611146,
    0.21895783860236406,
    0.21809581853449345,
    0.21802518423646688,
    0.21863710042089224,
    0.21798121370375156,
    0.21820602472871542,
    0.21915985364466906,
    0.21918728668242693,
    0.21891830023378134,
    0.22002133168280125,
    0.22015386167913675,
    0.2190809678286314,
    0.2189071699976921,
    0.21849704440683126,
    0.2185736633837223,
    0.2183320252224803,
    0.21845847368240356,
    0.2189428685232997,
    0.21852144598960876,
    0.2184387594461441
  ],
  "epochs": [
    0,
    1,
    2,
    3,
    4,
    5,
    6,
    7,
    8,
    9,
    10,
    11,
    12,
    13,
    14,
    15,
    16,
    17,
    18,
    19,
    20,
    21,
    22,
    23,
    24,
    25,
    26,
    27,
    28,
    29,
    30,
    31,
    32
  ]
}