{
  "train_loss": [
    0.43607085076245394,
    0.2377514037218961,
    0.22520435777577488,
    0.22027733759446577,
    0.216325028647076,
    0.21522552560676228,
    0.21510578393936158,
    0.21367601508444006,
    0.21542364087971774,
    0.21241702220656655,
    0.21352244588461788,
    0.21395274183966898,
    0.21360029740767045,
    0.2113196844404394,
    0.2125055500052192,
    0.20932901745492763,
    0.2118553730574521,
    0.20717619224028153,
    0.20798574090003968,
    0.2086810594255274,
    0.20690476487983356,
    0.2077017307281494,
    0.20762097104029223,
    0.2069174045866186,
    0.20763186378912493,
    0.2081710395487872,
    0.2068302113901485,
    0.20619865574619986,
    0.20563137097792192,
    0.2065756001255729,
    0.20630709664388136,
    0.2056817962364717,
    0.20368277457627385,
    0.205191924626177,
    0.20603197785941038,
    0.2065065924416889,
    0.20775963311845605,
    0.20754198946736074,
    0.20639064555818384
  ],
  "val_loss": [
    0.27231964748352766,
    0.26045380905270576,
    0.2633428471162915,
    0.25962029211223125,
    0.2689891532063484,
    0.2570608016103506,
    0.27003142051398754,
    0.26627463661134243,
    0.262092106975615,
    0.25612822920084,
    0.2525716535747051,
    0.2595200128853321,
    0.25527515914291143,
    0.25658517237752676,
    0.2692466853186488,
    0.2681495724245906,
    0.2864195527508855,
    0.2523305444046855,
    0.25378370843827724,
    0.2541519971564412,
    0.2549559334293008,
    0.25408910401165485,
    0.25398037675768137,
    0.25223446171730757,
    0.2536052977666259,
    0.2528268676251173,
    0.25255986116826534,
    0.2528788596391678,
    0.25354437064379454,
    0.25396803207695484,
    0.2534790728241205,
    0.25316950865089893,
    0.2532596355304122,
    0.2534783771261573,
    0.25291055999696255,
    0.25329986587166786,
    0.25330967735499144,
    0.2533850474283099,
    0.25362503342330456
  ],
  "epochs": [
    0,
    1,
    2,
    3,
    4,
    5,
    6,
    7,
    8,
    9,
    10,
    11,
    12,
    13,
    14,
    15,
    16,
    17,
    18,
    19,
    20,
    21,
    22,
    23,
    24,
    25,
    26,
    27,
    28,
    29,
    30,
    31,
    32,
    33,
    34,
    35,
    36,
    37,
    38
  ]
}