{
  "train_loss": [
    0.3715604906732386,
    0.20143543671477926,
    0.19198932647705078,
    0.1899256326935508,
    0.18432728390802036,
    0.1842535826292905,
    0.1832316214388067,
    0.1816288564692844,
    0.18103205954486673,
    0.17869478992440485,
    0.18172252069820058,
    0.17752802737734535,
    0.17710069837895306,
    0.17817942269823767,
    0.17667158977551894,
    0.17739336395805533,
    0.17725574455477974,
    0.17468672408299013
  ],
  "val_loss": [
    0.22847585380077362,
    0.2289523733779788,
    0.21519060153514147,
    0.22257060930132866,
    0.2305219592526555,
    0.2167989956215024,
    0.2217039130628109,
    0.23442725837230682,
    0.22096624225378036,
    0.21963682398200035,
    0.2179602961987257,
    0.2167897578328848,
    0.21811384242027998,
    0.21745035517960787,
    0.21797029860317707,
    0.2175359083339572,
    0.21807470358908176,
    0.21783147286623716
  ],
  "epochs": [
    0,
    1,
    2,
    3,
    4,
    5,
    6,
    7,
    8,
    9,
    10,
    11,
    12,
    13,
    14,
    15,
    16,
    17
  ]
}