{
  "train_loss": [
    0.5067345174876127,
    0.3395685095678676,
    0.33492676724087106,
    0.33332380300218406,
    0.33202788071198897,
    0.32697677178816364,
    0.3262147941372611,
    0.32331897724758496,
    0.3257143947211179,
    0.3250559871846979,
    0.32372619780627165,
    0.32201261086897415,
    0.32607658342881635,
    0.3258393428542397,
    0.3237381225282496,
    0.32431646612557496,
    0.3241408155723052,
    0.3208614213900133,
    0.32461488192731686,
    0.31672323671254243,
    0.3184556337920102,
    0.3197972132401033,
    0.3195830762386322,
    0.31625359058380126,
    0.3186714372851632,
    0.3172357911413366,
    0.3168484842235392,
    0.31694491613994946,
    0.3157893660393628,
    0.3192531631751494,
    0.3175494982437654,
    0.3163613980466669,
    0.317964042858644,
    0.3184172559868206,
    0.3169250875711441,
    0.31629912148822437,
    0.3169736136089672,
    0.31849969625473024,
    0.3172751020301472,
    0.3169294313950972,
    0.3146233000538566,
    0.3171625830910423
  ],
  "val_loss": [
    0.35552917793393135,
    0.4033619873225689,
    0.3498061019927263,
    0.35631210170686245,
    0.34466036036610603,
    0.35041083581745625,
    0.36789848655462265,
    0.3445501737296581,
    0.3415731079876423,
    0.3466544207185507,
    0.3411983232945204,
    0.37818583101034164,
    0.3398820087313652,
    0.3422122187912464,
    0.35592403821647167,
    0.3403405658900738,
    0.34797705709934235,
    0.35022896714508533,
    0.352487538009882,
    0.3393764663487673,
    0.33823341503739357,
    0.33847703970968723,
    0.33722949773073196,
    0.33833304792642593,
    0.337534811347723,
    0.3377833217382431,
    0.33673645928502083,
    0.33878407068550587,
    0.33837260864675045,
    0.33756439946591854,
    0.3373321704566479,
    0.33857233822345734,
    0.33707636035978794,
    0.33695088513195515,
    0.33706689067184925,
    0.3372639790177345,
    0.3369139712303877,
    0.33689363673329353,
    0.3371841236948967,
    0.3372867163270712,
    0.33717616088688374,
    0.33695776015520096
  ],
  "epochs": [
    0,
    1,
    2,
    3,
    4,
    5,
    6,
    7,
    8,
    9,
    10,
    11,
    12,
    13,
    14,
    15,
    16,
    17,
    18,
    19,
    20,
    21,
    22,
    23,
    24,
    25,
    26,
    27,
    28,
    29,
    30,
    31,
    32,
    33,
    34,
    35,
    36,
    37,
    38,
    39,
    40,
    41
  ]
}