{
  "train_loss": [
    0.43119009841572153,
    0.25770435468717057,
    0.24418174976652318,
    0.2433432018215006,
    0.24135793826796792,
    0.2408184373920614,
    0.23841066360473634,
    0.2345981475981799,
    0.23924709423021837,
    0.23742530156265607,
    0.23636915494095195,
    0.23738366311246697,
    0.23491953692652962,
    0.23185550299557772,
    0.23129173002459785,
    0.2299729588356885,
    0.2288919738747857,
    0.22963656430894677,
    0.22973021214658565,
    0.23006689223376187,
    0.23012331480329687,
    0.2313884729688818,
    0.229788323153149,
    0.23083383982831782,
    0.22877946252172643,
    0.22746406820687382,
    0.2288317935033278,
    0.22909553376111116,
    0.23125603524121371,
    0.2288227517496456,
    0.22955245917493647,
    0.23087411468679256,
    0.22697450030933727,
    0.22867658517577433,
    0.22790333032608032,
    0.23034722994674336,
    0.23006066571582448,
    0.22854713933034376,
    0.22872009494087914,
    0.22879265221682463,
    0.22841657616875388,
    0.2303968302228234
  ],
  "val_loss": [
    0.27351617719978094,
    0.2620551185682416,
    0.26338842790573835,
    0.27257994282990694,
    0.266854802146554,
    0.26171816792339087,
    0.25478839688003063,
    0.26559876650571823,
    0.2618954414501786,
    0.2605283483862877,
    0.2581825852394104,
    0.2569802738726139,
    0.2561231944710016,
    0.25498809479177,
    0.25615548342466354,
    0.25501729268580675,
    0.25401291251182556,
    0.2555086836218834,
    0.2552144080400467,
    0.2545378776267171,
    0.2551890602335334,
    0.2548193382099271,
    0.2553680678829551,
    0.25401593185961246,
    0.2546282447874546,
    0.2542114555835724,
    0.25399096217006445,
    0.25430421717464924,
    0.2542386343702674,
    0.2541691828519106,
    0.2546308096498251,
    0.2542955605313182,
    0.25506623089313507,
    0.25448861066251993,
    0.25478463619947433,
    0.25473474711179733,
    0.25445515662431717,
    0.25441813189536333,
    0.25471676141023636,
    0.2542338455095887,
    0.2544336197897792,
    0.25468607619404793
  ],
  "epochs": [
    0,
    1,
    2,
    3,
    4,
    5,
    6,
    7,
    8,
    9,
    10,
    11,
    12,
    13,
    14,
    15,
    16,
    17,
    18,
    19,
    20,
    21,
    22,
    23,
    24,
    25,
    26,
    27,
    28,
    29,
    30,
    31,
    32,
    33,
    34,
    35,
    36,
    37,
    38,
    39,
    40,
    41
  ]
}