{
  "train_loss": [
    0.42092031240463257,
    0.2628225673328746,
    0.25503808720545335,
    0.25391646786169575,
    0.24879141504114324,
    0.2493860445239327,
    0.24805782410231503,
    0.24447280872951854,
    0.24551564021544023,
    0.24767020561478353,
    0.24247019588947297,
    0.24250078363852068,
    0.2403252758763053,
    0.24082267690788617,
    0.24147362438115208,
    0.24014028337868779,
    0.2404353382912549,
    0.2398806406693025,
    0.24200320894067937,
    0.23989235271107068,
    0.23962364223870364,
    0.2390813716433265,
    0.24116419499570674,
    0.23932978402484548,
    0.24201712906360626,
    0.24015591957352378,
    0.23910716555335304,
    0.23796553367918188,
    0.23923762928355824,
    0.23829972554336895,
    0.24154036912051113,
    0.23787353309718046,
    0.23936070555990394,
    0.23726479925892568
  ],
  "val_loss": [
    0.26693535037338734,
    0.2811015583574772,
    0.26806846633553505,
    0.26449311152100563,
    0.2677793772891164,
    0.26934701949357986,
    0.2732193600386381,
    0.267281761392951,
    0.2679607179015875,
    0.26456510834395885,
    0.26316699478775263,
    0.26423097774386406,
    0.2634588051587343,
    0.26343378238379955,
    0.26303338911384344,
    0.26305179111659527,
    0.26310732401907444,
    0.2632407881319523,
    0.26283226907253265,
    0.26365792099386454,
    0.2642003586515784,
    0.2628824822604656,
    0.2629036931321025,
    0.264067399315536,
    0.26408947724848986,
    0.2631306191906333,
    0.2630668142810464,
    0.2632204135879874,
    0.26317370869219303,
    0.2631593896076083,
    0.26315101608633995,
    0.26312242075800896,
    0.2630905508995056,
    0.26307799480855465
  ],
  "epochs": [
    0,
    1,
    2,
    3,
    4,
    5,
    6,
    7,
    8,
    9,
    10,
    11,
    12,
    13,
    14,
    15,
    16,
    17,
    18,
    19,
    20,
    21,
    22,
    23,
    24,
    25,
    26,
    27,
    28,
    29,
    30,
    31,
    32,
    33
  ]
}