{
  "train_loss": [
    0.46278653930534014,
    0.27976721010424876,
    0.2675076766447587,
    0.26803884533318606,
    0.26559138785709036,
    0.2617185015570034,
    0.26036928946321664,
    0.2605968919667331,
    0.2628969883376902,
    0.26002672639760105,
    0.256908932057294,
    0.26193103275515817,
    0.25895143909887836,
    0.2598597553643313,
    0.2590485990047455,
    0.26201242994178425,
    0.25658553676171736,
    0.25818164998834786,
    0.25954204906116835,
    0.2577505035833879,
    0.25565736456350846,
    0.2525367151607167,
    0.2542907397855412,
    0.2537245598706332,
    0.25387454303828155,
    0.2532739666375247,
    0.25237943909384986,
    0.25232229747555474,
    0.253666048429229,
    0.2537385341796008,
    0.2525819878686558,
    0.2512060550126162,
    0.250640962340615,
    0.2536601727659052,
    0.25413617383350023,
    0.2525357002561743,
    0.25256434001705863,
    0.25236747752536426
  ],
  "val_loss": [
    0.3005009088665247,
    0.29738764837384224,
    0.3226213436573744,
    0.2890229308977723,
    0.29636333230882883,
    0.29110898543149233,
    0.2916810307651758,
    0.32900422252714634,
    0.29854579269886017,
    0.288586912676692,
    0.3041764684021473,
    0.294365924783051,
    0.2933734469115734,
    0.2969437027350068,
    0.2873800741508603,
    0.29702221136540174,
    0.2892241142690182,
    0.29958257265388966,
    0.29417508468031883,
    0.29467568453401327,
    0.29055376071482897,
    0.2874933257699013,
    0.2863948196172714,
    0.2864565383642912,
    0.2872073659673333,
    0.28708259854465723,
    0.28684794809669256,
    0.28739999886602163,
    0.28673683013767004,
    0.2867248598486185,
    0.28665447514504194,
    0.2865362111479044,
    0.2867584861814976,
    0.28657103050500154,
    0.28681678231805563,
    0.28658240754157305,
    0.28655791375786066,
    0.28664229810237885
  ],
  "epochs": [
    0,
    1,
    2,
    3,
    4,
    5,
    6,
    7,
    8,
    9,
    10,
    11,
    12,
    13,
    14,
    15,
    16,
    17,
    18,
    19,
    20,
    21,
    22,
    23,
    24,
    25,
    26,
    27,
    28,
    29,
    30,
    31,
    32,
    33,
    34,
    35,
    36,
    37
  ]
}