{
  "train_loss": [
    0.3172438330677423,
    0.12417757476595315,
    0.09681803085587241,
    0.08363485445014456,
    0.07522661670026454,
    0.07124980819496242,
    0.06703565617853946,
    0.0638804075426676,
    0.06177078345282511,
    0.0589282466809858,
    0.05710596807301045,
    0.05624593746763739,
    0.053462557315149095,
    0.05301567333157767,
    0.052635110035877335,
    0.04875065147707408,
    0.049814222780140964,
    0.0477519840493121,
    0.047023439634252685,
    0.046856130874631086,
    0.04592037571086126,
    0.04506256652657281,
    0.044768313057720666,
    0.044337677920067854,
    0.04495007854124362,
    0.0448454437895932,
    0.043670285191725604,
    0.044470656109465795,
    0.04426450731740757,
    0.04505213986574249,
    0.04379007503390312,
    0.04227146983654662,
    0.0419287139617584,
    0.042377004481174735,
    0.04242888191206889,
    0.04310298568484459,
    0.0420307912982323,
    0.04333624366670848
  ],
  "val_loss": [
    0.11412298732902855,
    0.08703803140670062,
    0.07143096729996615,
    0.06427632546401583,
    0.061137779883574696,
    0.06710068784886972,
    0.06143541525234469,
    0.05912055630469695,
    0.0740965192730073,
    0.06089407110121102,
    0.07015568545321003,
    0.06310413628234528,
    0.06750300696003252,
    0.07350342341233046,
    0.06741482433862984,
    0.06240997778659221,
    0.06437926689395682,
    0.07053950236877427,
    0.07223548448528162,
    0.0635535020584939,
    0.07047725543670821,
    0.06866100167680998,
    0.06825057905516588,
    0.06911682949285024,
    0.06644257043662948,
    0.07239783958648331,
    0.06969701360503677,
    0.06640916629403364,
    0.06745058632222936,
    0.07191407715145033,
    0.06679026121564675,
    0.07030054907954764,
    0.06920071408094372,
    0.06482883949647658,
    0.07096688873716629,
    0.0684614833095111,
    0.07194567238620948,
    0.06829181387438439
  ],
  "epochs": [
    0,
    1,
    2,
    3,
    4,
    5,
    6,
    7,
    8,
    9,
    10,
    11,
    12,
    13,
    14,
    15,
    16,
    17,
    18,
    19,
    20,
    21,
    22,
    23,
    24,
    25,
    26,
    27,
    28,
    29,
    30,
    31,
    32,
    33,
    34,
    35,
    36,
    37
  ]
}