{
  "train_loss": [
    0.3092292541671883,
    0.14187636135654016,
    0.11656843616881155,
    0.09715045765042306,
    0.08622929500923916,
    0.07707458207214421,
    0.07304475057531487,
    0.06821602764116091,
    0.06506948118860072,
    0.06202056120065126,
    0.061358110356059946,
    0.05876273739066991,
    0.056274920451370156,
    0.055891770154915074,
    0.05516475875946609,
    0.05313376711681485,
    0.05203345104882663,
    0.051515217337080026,
    0.05078770156441764,
    0.04980487256734209,
    0.04882170259783214,
    0.04820258056067607,
    0.048209814845838334,
    0.04786956790834666,
    0.046674762075258926,
    0.046384914820505815,
    0.045520087568597364,
    0.04505773797292602,
    0.045035610954192555,
    0.04374259246174585,
    0.04404599103060636,
    0.04425220615145835,
    0.0442125531878661,
    0.04236100409179926,
    0.04275693782012571,
    0.04207658967511221,
    0.04150399608876217,
    0.04205193815752864,
    0.042075438692488455,
    0.04098691761663014,
    0.04120841183276339,
    0.04121224677528847,
    0.041552778441797604,
    0.040585184876214375,
    0.041490177884697915,
    0.03997641650113193,
    0.04108973829075694,
    0.04023352785035968,
    0.040096293816512286,
    0.041229562203992494,
    0.03955294570970264,
    0.040016359319402416,
    0.03979796198789369,
    0.03956232618709857,
    0.039566823802888396,
    0.03928538386794654,
    0.03934269489551133,
    0.03934141577306119,
    0.03925151226872748,
    0.03896319488232786,
    0.038542879857122896,
    0.039350917337631644,
    0.039466397631913425,
    0.03973645751279863,
    0.0386932929656045,
    0.039884918286380446,
    0.03926379404115406,
    0.03858927195214413,
    0.03905652902004394
  ],
  "val_loss": [
    0.1338359640678391,
    0.10373617820441723,
    0.08690535384230316,
    0.07254533800296485,
    0.07422768162214197,
    0.06637448946130461,
    0.06998030988615939,
    0.060387485288083555,
    0.06326658356701956,
    0.06202633943757974,
    0.06509491054457613,
    0.06554578030481935,
    0.06860198573558592,
    0.06415512126404793,
    0.0613405823300127,
    0.05459565869532526,
    0.052439396991394466,
    0.055048126511974264,
    0.05328537085151766,
    0.06507582843769343,
    0.058900507574435323,
    0.055245061821187845,
    0.055182914866600194,
    0.05217967009812128,
    0.05484586781240069,
    0.058235673676244916,
    0.05743992500938475,
    0.055375841737259186,
    0.05506543272349518,
    0.05649992471444421,
    0.06096817407233175,
    0.05310913845314645,
    0.06063797414535657,
    0.05464573076751549,
    0.059998690086649736,
    0.05737189623177983,
    0.05561195068585221,
    0.05295456148742233,
    0.051416999512002806,
    0.05524804568849505,
    0.060571193424402744,
    0.054175833295448686,
    0.054353545853518884,
    0.058854867957416,
    0.056955212782486345,
    0.05676170890510548,
    0.05626182449923363,
    0.06096973747480661,
    0.05658430767362006,
    0.05825114754261449,
    0.05767064440296964,
    0.05840095331368502,
    0.057662497099954635,
    0.05707041325804312,
    0.05889378429565113,
    0.0570187160250498,
    0.056857161715743135,
    0.05855373912199866,
    0.059377574478276074,
    0.05714860899024643,
    0.05850199181586504,
    0.058293024470913224,
    0.05752390795678366,
    0.058068460074719046,
    0.059809958533151075,
    0.0589886396221118,
    0.05977201967034489,
    0.06036996089096647,
    0.05762938928673975
  ],
  "epochs": [
    0,
    1,
    2,
    3,
    4,
    5,
    6,
    7,
    8,
    9,
    10,
    11,
    12,
    13,
    14,
    15,
    16,
    17,
    18,
    19,
    20,
    21,
    22,
    23,
    24,
    25,
    26,
    27,
    28,
    29,
    30,
    31,
    32,
    33,
    34,
    35,
    36,
    37,
    38,
    39,
    40,
    41,
    42,
    43,
    44,
    45,
    46,
    47,
    48,
    49,
    50,
    51,
    52,
    53,
    54,
    55,
    56,
    57,
    58,
    59,
    60,
    61,
    62,
    63,
    64,
    65,
    66,
    67,
    68
  ]
}