{
  "train_loss": [
    0.3243045265566219,
    0.15400904414328662,
    0.12350497076457198,
    0.1031768830662424,
    0.09178413939069618,
    0.08385825528339906,
    0.07850636199116706,
    0.0742779070105065,
    0.06963982638310304,
    0.06745546255599369,
    0.06428099501878023,
    0.0627744445712729,
    0.06151275005191565,
    0.05962771972133356,
    0.05779151872816411,
    0.05688900368118828,
    0.05561098963699558,
    0.053448381149633364,
    0.05386347723955458,
    0.053665693236345596,
    0.052490100193430075,
    0.05011620398441499,
    0.04999401655386794,
    0.05011163624680856,
    0.04909043606878681,
    0.04850925223563206,
    0.047861130157993606,
    0.04808625402945009,
    0.047064384804530575,
    0.04627942116931081,
    0.046658917172727264,
    0.045588133023543795,
    0.04503420028666204,
    0.044984892252832656,
    0.045173421256582844,
    0.0437570026957176,
    0.04421045759354125,
    0.04409455034035173,
    0.04360314496538856,
    0.04405902104621584,
    0.04327708628705957,
    0.043682124499570235,
    0.04228977252644572,
    0.04304888871244409,
    0.042182284989817576,
    0.04230616878887469,
    0.042055793070996356,
    0.041328253217718824,
    0.04089434534649958,
    0.04126064886085012,
    0.040715931317007,
    0.03949946581132033,
    0.039663429817354136,
    0.03996279295025902,
    0.039491073927757414,
    0.038944898163053125,
    0.03870587535710498,
    0.03951459589160302,
    0.03942714948545803,
    0.039059259312396705,
    0.03900170773775741,
    0.03902668059549549,
    0.03886153465136886,
    0.038376985835758125,
    0.038756690902466126,
    0.038773637442764915,
    0.03910143193873492,
    0.03880670675838535,
    0.03926398676396771,
    0.03828649775040421,
    0.038451173315671355,
    0.03816248707134615,
    0.03780657589435578,
    0.03785454599525441,
    0.037576299743218855,
    0.037319716350598775,
    0.03784248464317484,
    0.03719890203834935,
    0.037433395626192745,
    0.038025896603410894,
    0.03802754742008719,
    0.03789237482811917,
    0.037151829351417046,
    0.03680328269912438,
    0.03685345709323883,
    0.03755176367407496,
    0.03737479885193434,
    0.03657432083887133,
    0.03810127108950507,
    0.03700247453356331
  ],
  "val_loss": [
    0.14809422940015793,
    0.10516614327207208,
    0.07879769840510562,
    0.06342909876257181,
    0.059247391484677794,
    0.0515173681313172,
    0.05219697955180891,
    0.04839324141503312,
    0.044738173205405476,
    0.043365267524495724,
    0.040491757699055594,
    0.041104223538422954,
    0.040614580450346695,
    0.03840587669983506,
    0.038914619165007026,
    0.03615362401178572,
    0.03806542147358414,
    0.035611957687069665,
    0.036516942040179856,
    0.041170713075553075,
    0.034522622809163295,
    0.03419493964465801,
    0.03380665829754435,
    0.0335204425820848,
    0.03502333845826797,
    0.03286269919772167,
    0.03325734584941529,
    0.03731599373277277,
    0.03330854100058787,
    0.0328892281249864,
    0.03241523501637857,
    0.03168868669599761,
    0.03477014757809229,
    0.03165968311659526,
    0.032151746837189424,
    0.03339328393631149,
    0.031061896108440123,
    0.032856578571954745,
    0.029909084641258233,
    0.03056405317038298,
    0.031151466054143383,
    0.031318812782410534,
    0.033780847839079794,
    0.029955893169972114,
    0.031343132053734735,
    0.03451419306802564,
    0.02995820781507064,
    0.030167408645502294,
    0.029929752650787123,
    0.03174851814401336,
    0.029626003932207823,
    0.029788071135408246,
    0.028817673327284868,
    0.02982258831616491,
    0.032859693813952616,
    0.03053294321289286,
    0.02930893286538776,
    0.03040845853247447,
    0.029067570468760098,
    0.028032337527838538,
    0.030703646887559444,
    0.032305515499319884,
    0.029928982837009246,
    0.029784402484074237,
    0.03043774013640359,
    0.029649240153958093,
    0.029161553611629643,
    0.02948590457963292,
    0.029643832755391487,
    0.030867881589801985,
    0.028720158195937984,
    0.028876071676495488,
    0.029032561789790638,
    0.02932653043390019,
    0.028742051642620937,
    0.029170424935000487,
    0.029325139700085857,
    0.02982107768621063,
    0.029542711234535092,
    0.029472447454463695,
    0.028966540034161884,
    0.029422895846073514,
    0.02934590993972961,
    0.02926125880912878,
    0.02926121861819411,
    0.028967712710436903,
    0.029227195716521236,
    0.02916179752937751,
    0.029275828591198663,
    0.029360744848963807
  ],
  "epochs": [
    0,
    1,
    2,
    3,
    4,
    5,
    6,
    7,
    8,
    9,
    10,
    11,
    12,
    13,
    14,
    15,
    16,
    17,
    18,
    19,
    20,
    21,
    22,
    23,
    24,
    25,
    26,
    27,
    28,
    29,
    30,
    31,
    32,
    33,
    34,
    35,
    36,
    37,
    38,
    39,
    40,
    41,
    42,
    43,
    44,
    45,
    46,
    47,
    48,
    49,
    50,
    51,
    52,
    53,
    54,
    55,
    56,
    57,
    58,
    59,
    60,
    61,
    62,
    63,
    64,
    65,
    66,
    67,
    68,
    69,
    70,
    71,
    72,
    73,
    74,
    75,
    76,
    77,
    78,
    79,
    80,
    81,
    82,
    83,
    84,
    85,
    86,
    87,
    88,
    89
  ]
}