{
  "train_loss": [
    0.3034010167013515,
    0.16065289016474377,
    0.13445235034281558,
    0.1152112936363979,
    0.1012021427737041,
    0.0922246396609328,
    0.08502005974677476,
    0.0796835412796248,
    0.07536516715518454,
    0.07288176422092048,
    0.07017601444639943,
    0.06733388745310633,
    0.06723943166434765,
    0.06386499426920306,
    0.0634725323556499,
    0.06242168424820359,
    0.06064811878922311,
    0.060014444450763135,
    0.05870403794063764,
    0.05772085119038821,
    0.05824097916145217,
    0.05636498552154412,
    0.05602604022418911,
    0.055900238828564236,
    0.05494841625405984,
    0.055151590665971695,
    0.053969147882678294,
    0.05324578499590809,
    0.05347728928551078,
    0.05378160042349588,
    0.052746312584389346,
    0.0522517796555026,
    0.052241214170035986,
    0.05238153850151734,
    0.05182497489520095,
    0.05053269621323456,
    0.051799396249380986,
    0.050525367336178365,
    0.050251909633251754,
    0.05003851650282741,
    0.050363518724387345,
    0.04995583611286499,
    0.04895220095461065,
    0.047997773602943536,
    0.04806944775818424,
    0.04778772254728458,
    0.04832077352838083,
    0.048054103969850326,
    0.04705630995841189,
    0.04758638081056151,
    0.047051978029988034,
    0.04709449740973386,
    0.04645299943841317,
    0.04758532408286225,
    0.046796461824666374,
    0.046139876549555495,
    0.047019557394087315,
    0.04673938695002686,
    0.04672916271639141,
    0.04688443661413409,
    0.04666930969804525,
    0.04667369944805449,
    0.04590924220159649,
    0.04644689319316637,
    0.04599949921057983,
    0.045874450685964394,
    0.046371446302668616,
    0.04532267745922913,
    0.04543166711757129,
    0.04562537111849947,
    0.04514844242991372,
    0.04568341506814415,
    0.045637217162346304,
    0.04508089329031381,
    0.04487677558917891,
    0.045184217474677345,
    0.04518053340132941,
    0.04630280166695064,
    0.04596039290455255,
    0.045554053939201616,
    0.0456181549416347,
    0.04507863920859315
  ],
  "val_loss": [
    0.15474780225194992,
    0.11910493019968271,
    0.09944706396199764,
    0.0750351187773049,
    0.06597614981001243,
    0.06337137588998303,
    0.057115747930947695,
    0.06087386505678296,
    0.0522188161907252,
    0.04981703560915776,
    0.05268244371400215,
    0.04548205806058832,
    0.04863293981761672,
    0.0515380764438305,
    0.049151272483868524,
    0.051634586125146605,
    0.04971845254767686,
    0.05042181917233393,
    0.049789098097244286,
    0.047606868669390685,
    0.04543635390582494,
    0.051878663751995194,
    0.04344686293916311,
    0.05567472424881999,
    0.04481731089181267,
    0.045144350320333614,
    0.045922114831046204,
    0.05617297414282803,
    0.04394622164254543,
    0.04506945319299121,
    0.04203310490993317,
    0.045806902009644546,
    0.051295477044186556,
    0.04353798506490421,
    0.045993910331162624,
    0.053772361073060895,
    0.042065698810620236,
    0.04327491326257587,
    0.044074414696660826,
    0.04571327051671688,
    0.04285342300136108,
    0.046090534114046025,
    0.04295543803891633,
    0.043419605263625274,
    0.043204914868692865,
    0.042807961613289085,
    0.045591060892911636,
    0.04467595771711786,
    0.043628702423302454,
    0.04155524855887052,
    0.047361947860918005,
    0.04031196622818243,
    0.0431972969439812,
    0.042379171898937786,
    0.042141908471239733,
    0.040357555574155414,
    0.04350714374741074,
    0.04167773059743922,
    0.044121646342682654,
    0.04275631024793256,
    0.045159000789863055,
    0.04367897062038537,
    0.04175707502872683,
    0.04239901634282433,
    0.04317324017174542,
    0.0425442110397853,
    0.04339524857932702,
    0.04189892550057266,
    0.04310358422517311,
    0.04123051867063623,
    0.04215941862203181,
    0.04151539698941634,
    0.042627420218195766,
    0.041793978182249704,
    0.0424230367760174,
    0.04321519184741191,
    0.04301871527277399,
    0.042471584302256817,
    0.04285354508610908,
    0.04204232322808821,
    0.04265380679280497,
    0.04218714825983625
  ],
  "epochs": [
    0,
    1,
    2,
    3,
    4,
    5,
    6,
    7,
    8,
    9,
    10,
    11,
    12,
    13,
    14,
    15,
    16,
    17,
    18,
    19,
    20,
    21,
    22,
    23,
    24,
    25,
    26,
    27,
    28,
    29,
    30,
    31,
    32,
    33,
    34,
    35,
    36,
    37,
    38,
    39,
    40,
    41,
    42,
    43,
    44,
    45,
    46,
    47,
    48,
    49,
    50,
    51,
    52,
    53,
    54,
    55,
    56,
    57,
    58,
    59,
    60,
    61,
    62,
    63,
    64,
    65,
    66,
    67,
    68,
    69,
    70,
    71,
    72,
    73,
    74,
    75,
    76,
    77,
    78,
    79,
    80,
    81
  ]
}