{
  "train_loss": [
    0.2628274979916486,
    0.1443035517226566,
    0.11951618608425964,
    0.10296006853607569,
    0.09107797129249032,
    0.08156237891451878,
    0.07542428081685847,
    0.07113153149797158,
    0.06749387220564214,
    0.06383518809283321,
    0.061280204145745795,
    0.06060154837979512,
    0.057998777522959497,
    0.055818385246463806,
    0.05430508915165609,
    0.053153533622283825,
    0.05219141401181167,
    0.05154918314550411,
    0.051851184647530316,
    0.049256455671380865,
    0.04849954967641018,
    0.048376043156128035,
    0.04719140078872442,
    0.04685459775850177,
    0.0461420419879935,
    0.04604247735135934,
    0.04556267957457087,
    0.04463085120035844,
    0.04464192696931687,
    0.04379095395010981,
    0.04432382737879049,
    0.04339087065309286,
    0.04310937970538031,
    0.04291411361403086,
    0.04211930313062939,
    0.0422867889939384,
    0.04247638930820606,
    0.04174150040203875,
    0.04206434719264507,
    0.041141653316603466,
    0.041051543690264224,
    0.04048691763457927,
    0.040241189006377354,
    0.040323833213611084,
    0.040088872765614236,
    0.04011824365535921,
    0.03972361259331758,
    0.03902854926884175,
    0.04019812708212571,
    0.03914516901089387,
    0.038669138896194374,
    0.03926378030837937,
    0.039069514222104446,
    0.03961998161267151,
    0.038490627331828536,
    0.03835860666395589,
    0.03834615839306604,
    0.0386247923919423,
    0.03822324123910882,
    0.037904309176585896,
    0.038301371522247794,
    0.03856525372290476,
    0.037390315426005565,
    0.038071357318284836,
    0.03763058168644255,
    0.037605172699656006,
    0.03762904365208339,
    0.03714075039902872,
    0.036827150590040464,
    0.03574053830043836,
    0.03522014640271664,
    0.0359475608906624,
    0.03545031648975882,
    0.03520795304920863,
    0.03549881245094267,
    0.03542670758017762,
    0.03561364444057373,
    0.03561659369025041,
    0.035547860186039046,
    0.035051877141337506,
    0.03456373287026178,
    0.03511566471139139,
    0.03471208813684908,
    0.03540583278645169,
    0.034823804170062596,
    0.03408452963456512,
    0.034165243812921374,
    0.034466300773519004
  ],
  "val_loss": [
    0.13595846090465785,
    0.10839188769459725,
    0.08554560713237151,
    0.07328873504884542,
    0.05769423416350038,
    0.052916906197788195,
    0.04845908532734029,
    0.04783546561957337,
    0.042638754873769356,
    0.04059489201754332,
    0.04267079727142118,
    0.04000632859533653,
    0.041559315321501346,
    0.03617508942843415,
    0.03536954518349376,
    0.03660538846161217,
    0.03548047088552266,
    0.039471978219808086,
    0.03944484004168771,
    0.034011976906913335,
    0.034668072636122815,
    0.03411979476513807,
    0.03231735998706427,
    0.03445539152016863,
    0.03560831770882942,
    0.03666201588348486,
    0.03496221090317704,
    0.03563124209467787,
    0.03211751618946437,
    0.0374795187584823,
    0.03709867418801878,
    0.034322629836970014,
    0.03281144853390288,
    0.03251118022017181,
    0.03642071393842344,
    0.04097008748503867,
    0.03436918796505779,
    0.03512251769425348,
    0.03166248178458773,
    0.034834062852314676,
    0.0331547428824706,
    0.03284184200456366,
    0.028938513444154525,
    0.03260738922399469,
    0.03509214437799529,
    0.030535741403582506,
    0.028949811126221907,
    0.030412800796329978,
    0.03252470289007761,
    0.028911598841659725,
    0.03020267506071832,
    0.03358016205311287,
    0.028973710964783097,
    0.029744354620925152,
    0.02941123497730587,
    0.03002147204242647,
    0.03168007278000005,
    0.027717055744142273,
    0.0344720862864051,
    0.02971492845390458,
    0.032663778596906924,
    0.031860139835043814,
    0.029886954807443543,
    0.029962092952337115,
    0.03046420899045188,
    0.02918229984934442,
    0.032388837714097465,
    0.03222702762577683,
    0.03142610229842831,
    0.028454165780567565,
    0.030605062193353662,
    0.029016189835965635,
    0.02983085884479806,
    0.030840907891979442,
    0.030254904556204568,
    0.0337862478394527,
    0.030797760433051737,
    0.029392433271277697,
    0.030308944938587958,
    0.029693844364373945,
    0.0308386325428728,
    0.02980676383303944,
    0.030522024782840163,
    0.028846666315803307,
    0.029387398570543156,
    0.030400214370456525,
    0.030290721243363808,
    0.030256414032191974
  ],
  "epochs": [
    0,
    1,
    2,
    3,
    4,
    5,
    6,
    7,
    8,
    9,
    10,
    11,
    12,
    13,
    14,
    15,
    16,
    17,
    18,
    19,
    20,
    21,
    22,
    23,
    24,
    25,
    26,
    27,
    28,
    29,
    30,
    31,
    32,
    33,
    34,
    35,
    36,
    37,
    38,
    39,
    40,
    41,
    42,
    43,
    44,
    45,
    46,
    47,
    48,
    49,
    50,
    51,
    52,
    53,
    54,
    55,
    56,
    57,
    58,
    59,
    60,
    61,
    62,
    63,
    64,
    65,
    66,
    67,
    68,
    69,
    70,
    71,
    72,
    73,
    74,
    75,
    76,
    77,
    78,
    79,
    80,
    81,
    82,
    83,
    84,
    85,
    86,
    87
  ]
}