{
  "train_loss": [
    0.2932941666787321,
    0.14924794360995294,
    0.11818030420352112,
    0.1008132303980264,
    0.0921017587049441,
    0.08464814605360682,
    0.07987056623805654,
    0.07568568423729052,
    0.07306797455996275,
    0.07011465978554704,
    0.06795348752628673,
    0.06614537601443854,
    0.06429849705574188,
    0.06288316737860442,
    0.06054261766712775,
    0.05951829403977503,
    0.05775203566320918,
    0.057193561623042274,
    0.056205240007151255,
    0.05564395638352092,
    0.054914957637136635,
    0.053760925524614075,
    0.05272042466496879,
    0.05244794739579613,
    0.05263205325230956,
    0.05205125219950622,
    0.051278648567809296,
    0.05105227287689393,
    0.050346344067630444,
    0.049418020478703764,
    0.04988596645437859,
    0.04999903361397711,
    0.04946689946915616,
    0.047934388547119774,
    0.04818191422149539,
    0.04723488893021237,
    0.04613877466456458,
    0.04574796625328335,
    0.046740925408561125,
    0.046433858263560314,
    0.04687676426700571,
    0.04573253421790221,
    0.04567669004709883,
    0.04598709321496162,
    0.0458814634044062,
    0.04664409046146003,
    0.045657908701422535,
    0.04469609099863605,
    0.04515580292621797,
    0.045075214793058954,
    0.04586811916056004,
    0.0449391063505953,
    0.04520930846137079,
    0.043997376664456994
  ],
  "val_loss": [
    0.14632320115342737,
    0.10652204079087824,
    0.08336858698166907,
    0.07370321869384498,
    0.06846636916743591,
    0.07786421488272026,
    0.06251329196384177,
    0.06537566927727312,
    0.06244403964956291,
    0.07026865074294619,
    0.06972062627901324,
    0.05929843675112352,
    0.06177559369243682,
    0.055865050456486647,
    0.056552935967920354,
    0.06170509574585594,
    0.058029783342499294,
    0.05885722286766395,
    0.05388913936330937,
    0.05803289155592211,
    0.055099534773034975,
    0.058396506239660084,
    0.0631044527515769,
    0.049238532583694906,
    0.053285699663683773,
    0.052498484542593364,
    0.06063742344849743,
    0.05573674844345078,
    0.05209860758623108,
    0.05289250174537301,
    0.05199087000219152,
    0.05159712299937383,
    0.053042543563060464,
    0.05281395265483298,
    0.050478598906192926,
    0.05470368363312446,
    0.05309349528397434,
    0.05320792138227262,
    0.05763257754733787,
    0.055261448584496976,
    0.05536119333701209,
    0.061350781557848684,
    0.05395739105297252,
    0.051505254610674456,
    0.05330811847816222,
    0.05377147753606551,
    0.05552885714569129,
    0.05597710872534663,
    0.058225824206601835,
    0.05561473399866372,
    0.05761828732211143,
    0.054794897354440764,
    0.0554783629369922,
    0.056348835123935716
  ],
  "epochs": [
    0,
    1,
    2,
    3,
    4,
    5,
    6,
    7,
    8,
    9,
    10,
    11,
    12,
    13,
    14,
    15,
    16,
    17,
    18,
    19,
    20,
    21,
    22,
    23,
    24,
    25,
    26,
    27,
    28,
    29,
    30,
    31,
    32,
    33,
    34,
    35,
    36,
    37,
    38,
    39,
    40,
    41,
    42,
    43,
    44,
    45,
    46,
    47,
    48,
    49,
    50,
    51,
    52,
    53
  ]
}