{
  "train_loss": [
    0.40787301767956124,
    0.24489052539521997,
    0.24378536343574525,
    0.23399014554240488,
    0.23285599052906036,
    0.2316347913308577,
    0.23055753274397417,
    0.2297469664703716,
    0.22998469065536153,
    0.22610604708844964,
    0.22596871907060798,
    0.22459701353853398,
    0.2256822957233949,
    0.2246011259880933,
    0.22396078976717862,
    0.22439397383819926,
    0.22515727037733252,
    0.22501511465419421,
    0.22356941510330547,
    0.2236967075954784,
    0.2243237785317681,
    0.22310466089031913,
    0.22447962977669456,
    0.22392981892282313,
    0.22537116625092246,
    0.22251002436334436
  ],
  "val_loss": [
    0.27773235738277435,
    0.25938170589506626,
    0.2583093550056219,
    0.2672891728579998,
    0.2629921194165945,
    0.26360280346125364,
    0.2657519467175007,
    0.263381440192461,
    0.27247078251093626,
    0.25700792018324137,
    0.25677941646426916,
    0.2595117352902889,
    0.25706271827220917,
    0.2569372374564409,
    0.2583293244242668,
    0.2587086707353592,
    0.25754623766988516,
    0.257716478779912,
    0.25733998976647854,
    0.2572384187951684,
    0.25724292919039726,
    0.25728100165724754,
    0.25734947342425585,
    0.2573750428855419,
    0.2573161171749234,
    0.2575737666338682
  ],
  "epochs": [
    0,
    1,
    2,
    3,
    4,
    5,
    6,
    7,
    8,
    9,
    10,
    11,
    12,
    13,
    14,
    15,
    16,
    17,
    18,
    19,
    20,
    21,
    22,
    23,
    24,
    25
  ]
}