{
  "train_loss": [
    0.3646132522008636,
    0.20269921286539597,
    0.19560072096911343,
    0.1930301071567969,
    0.19106655445965853,
    0.19186891940507023,
    0.18882451165806163,
    0.1894536925987764,
    0.18930894163521853,
    0.18620360385287893,
    0.18688132708722896,
    0.1857257985255935,
    0.18694189353422686,
    0.18511584509502757,
    0.18100150417197836,
    0.1827472746372223,
    0.18313906341791153,
    0.18295986923304472,
    0.18413607017560438,
    0.18162422776222228,
    0.18266208686611868,
    0.18256803317503495,
    0.18262027502059935,
    0.18236686099659313,
    0.18039618297056717,
    0.18243634484030985,
    0.17998937246474353,
    0.18193312734365463,
    0.18289437917145815,
    0.18252976563843815,
    0.18125691468065436,
    0.18182606426152317,
    0.1816868478601629
  ],
  "val_loss": [
    0.22374099865555763,
    0.21881626266986132,
    0.2144008381292224,
    0.22740027401596308,
    0.2188962586224079,
    0.22484855446964502,
    0.21222985815256834,
    0.22761241998523474,
    0.22674218472093344,
    0.2278526872396469,
    0.21687638573348522,
    0.2140962202101946,
    0.22131918370723724,
    0.21263305004686117,
    0.21276113018393517,
    0.21197102311998606,
    0.21193036623299122,
    0.21188437659293413,
    0.2124835280701518,
    0.2120943646878004,
    0.21205475460737944,
    0.21395412366837263,
    0.21382135711610317,
    0.2123275212943554,
    0.21261982154101133,
    0.21261821780353785,
    0.21278132777661085,
    0.21247034054249525,
    0.21252410300076008,
    0.2125589046627283,
    0.2124495068565011,
    0.2125705536454916,
    0.21252573188394308
  ],
  "epochs": [
    0,
    1,
    2,
    3,
    4,
    5,
    6,
    7,
    8,
    9,
    10,
    11,
    12,
    13,
    14,
    15,
    16,
    17,
    18,
    19,
    20,
    21,
    22,
    23,
    24,
    25,
    26,
    27,
    28,
    29,
    30,
    31,
    32
  ]
}