{
  "train_loss": [
    0.47697916193441914,
    0.3087674230337143,
    0.2997742368416353,
    0.29212197823957964,
    0.2925669699907303,
    0.2938632144169374,
    0.28932028087702666,
    0.29026950082995673,
    0.287598303231326,
    0.28527263728055086,
    0.2864889627153223,
    0.285342920368368,
    0.2830730497837067,
    0.28326695534315977,
    0.2820617152885957,
    0.28319506509737535,
    0.2835842780091546,
    0.28116559250788253,
    0.28397843620993873,
    0.2831653903831135,
    0.2829228631474755,
    0.28416768420826305,
    0.282829797538844,
    0.28281923722137103,
    0.2834282157095996,
    0.2812353838573803,
    0.28281491263346237,
    0.2830374620177529
  ],
  "val_loss": [
    0.3141493946313858,
    0.31843794509768486,
    0.29723008815199137,
    0.30815073288977146,
    0.3018743675202131,
    0.29771162290126085,
    0.3043990368023515,
    0.30552814342081547,
    0.2985719181597233,
    0.29675722401589155,
    0.2985068578273058,
    0.29775272496044636,
    0.29675249569118023,
    0.29746320750564337,
    0.29731265641748905,
    0.2985505498945713,
    0.29843082558363676,
    0.2981322156265378,
    0.2980725755915046,
    0.29852043371647596,
    0.2980644777417183,
    0.29755086824297905,
    0.29754661303013563,
    0.29767129570245743,
    0.2975480053573847,
    0.2975846463814378,
    0.29751959443092346,
    0.29779685102403164
  ],
  "epochs": [
    0,
    1,
    2,
    3,
    4,
    5,
    6,
    7,
    8,
    9,
    10,
    11,
    12,
    13,
    14,
    15,
    16,
    17,
    18,
    19,
    20,
    21,
    22,
    23,
    24,
    25,
    26,
    27
  ]
}