{
  "train_loss": [
    0.4517245964570479,
    0.23694101463664663,
    0.23096101500771263,
    0.22361920936541124,
    0.2227666676044464,
    0.2183733812787316,
    0.21648129983381792,
    0.21826705092733556,
    0.2184176258065484,
    0.22010451636531136,
    0.2186515602198514,
    0.2165757414969531,
    0.2139678634025834,
    0.21153138388286938,
    0.21264690946448933,
    0.2120111506093632,
    0.20940165384249254,
    0.21229696111245588,
    0.2092382631518624,
    0.21115920055996287,
    0.209877532991496,
    0.20890086672522806,
    0.21249966431747783,
    0.21248625191775236,
    0.20975407605821436,
    0.2103993058204651,
    0.21258236982605674,
    0.21039347323504362,
    0.21210417341102253,
    0.21228124472227963,
    0.2102989367463372,
    0.2119237027385018,
    0.21010662777857347,
    0.20869847644459116,
    0.21153487075458874,
    0.21042857630686326
  ],
  "val_loss": [
    0.2573331017047167,
    0.22551828995347023,
    0.22903115767985582,
    0.23734955582767725,
    0.22540090791881084,
    0.21999610494822264,
    0.23451189789921045,
    0.22295549418777227,
    0.22877122275531292,
    0.2265396723523736,
    0.26679650880396366,
    0.22051494754850864,
    0.21961670089513063,
    0.22048961278051138,
    0.22033214615657926,
    0.2195477019995451,
    0.22031577723100781,
    0.22031677328050137,
    0.21989921759814024,
    0.2200071751140058,
    0.21925760339945555,
    0.21996871940791607,
    0.22012427169829607,
    0.21989150997251272,
    0.2199980542063713,
    0.21963851293548942,
    0.22027276968583465,
    0.219600192271173,
    0.2197178895585239,
    0.2196587212383747,
    0.21947586862370372,
    0.21938378037884831,
    0.21964486502110958,
    0.21950283693149686,
    0.21947566326707602,
    0.21943554561585188
  ],
  "epochs": [
    0,
    1,
    2,
    3,
    4,
    5,
    6,
    7,
    8,
    9,
    10,
    11,
    12,
    13,
    14,
    15,
    16,
    17,
    18,
    19,
    20,
    21,
    22,
    23,
    24,
    25,
    26,
    27,
    28,
    29,
    30,
    31,
    32,
    33,
    34,
    35
  ]
}