{
  "train_loss": [
    0.43613042425025594,
    0.2479551215063442,
    0.24184443761001934,
    0.2314032346010208,
    0.2323245108127594,
    0.22818743342703038,
    0.22946218577298252,
    0.23213294717398555,
    0.22886395346034658,
    0.22807517864487387,
    0.22272013588385148,
    0.22188799706372347,
    0.22246120436625047,
    0.2215872813354839,
    0.22201151089234786,
    0.22110043168067933,
    0.22065200047059494,
    0.22139115685766395,
    0.22039097953926434,
    0.22174838158217344,
    0.22016224698586898,
    0.22103654471310702,
    0.2219126668843356,
    0.22146135731176897,
    0.2188580345023762,
    0.2209249962459911
  ],
  "val_loss": [
    0.309131751768291,
    0.2612296687439084,
    0.25938539672642946,
    0.25462879706174135,
    0.2592462906613946,
    0.3067668518051505,
    0.2753335004672408,
    0.2691749455407262,
    0.2546880953013897,
    0.2884507589042187,
    0.25313916616141796,
    0.2541375309228897,
    0.2537251291796565,
    0.2549271918833256,
    0.2535020336508751,
    0.25348673202097416,
    0.25422686617821455,
    0.2534964522346854,
    0.25358103681355715,
    0.25327790807932615,
    0.2533740596845746,
    0.25341270957142115,
    0.2532107625156641,
    0.25325696635991335,
    0.2532410314306617,
    0.2536093909293413
  ],
  "epochs": [
    0,
    1,
    2,
    3,
    4,
    5,
    6,
    7,
    8,
    9,
    10,
    11,
    12,
    13,
    14,
    15,
    16,
    17,
    18,
    19,
    20,
    21,
    22,
    23,
    24,
    25
  ]
}