{
  "train_loss": [
    0.47123423543843357,
    0.29198197505690837,
    0.2896131136200645,
    0.28210434019565583,
    0.2807165858420459,
    0.2813082134181803,
    0.2811406308954412,
    0.2786125283349644,
    0.27988541288809343,
    0.2775637138973583,
    0.27805445167151366,
    0.27399889610030437,
    0.27392734560099513,
    0.27183469290083107,
    0.2727782436392524,
    0.27411539446223865,
    0.2712761762467298,
    0.273107400265607,
    0.27092844274911015,
    0.27395382902838966,
    0.2719104398380626
  ],
  "val_loss": [
    0.2990788044407964,
    0.32570766005665064,
    0.2940233526751399,
    0.2913815639913082,
    0.3120116386562586,
    0.29029381275177,
    0.31819771882146597,
    0.2997359400615096,
    0.2989732390269637,
    0.319703783839941,
    0.29745842702686787,
    0.2961028339341283,
    0.29090258944779634,
    0.29043683130294085,
    0.2914935229346156,
    0.2913319440558553,
    0.2915195319801569,
    0.29210241232067347,
    0.2914951229467988,
    0.29093645699322224,
    0.29082554019987583
  ],
  "epochs": [
    0,
    1,
    2,
    3,
    4,
    5,
    6,
    7,
    8,
    9,
    10,
    11,
    12,
    13,
    14,
    15,
    16,
    17,
    18,
    19,
    20
  ]
}