{
  "train_loss": [
    0.4348579241470857,
    0.25191370844841005,
    0.24585232626308096,
    0.23526713658462872,
    0.23705580884760077,
    0.23526590466499328,
    0.2336278641765768,
    0.23603340197693218,
    0.23409774032506075,
    0.23390056192874908,
    0.23168498196385123,
    0.23494781201536005,
    0.23229955380613154,
    0.2291869420896877,
    0.23185861029408195,
    0.2289567389271476,
    0.22850971574133092,
    0.2293832242488861,
    0.22792157178575342,
    0.2274607392874631,
    0.228305476362055,
    0.22676927718249235,
    0.22926002524115824,
    0.22728183215314693,
    0.22686349641193043,
    0.227869867736643,
    0.22837251776998693,
    0.22777255475521088,
    0.22580088810487228
  ],
  "val_loss": [
    0.2685216860845685,
    0.2688920507207513,
    0.2653119610622525,
    0.26357637345790863,
    0.2652593534439802,
    0.261068444699049,
    0.2706793500110507,
    0.2730001537129283,
    0.26640375331044197,
    0.26275587920099497,
    0.2693996001034975,
    0.26412866171449423,
    0.26006707083433867,
    0.25980096962302923,
    0.26049458887428045,
    0.26069310028105974,
    0.26140729058533907,
    0.26166089437901974,
    0.26023943815380335,
    0.2609764449298382,
    0.26035791728645563,
    0.26070673018693924,
    0.2604197785258293,
    0.2604384860023856,
    0.26046925969421864,
    0.2603971417993307,
    0.2603152245283127,
    0.2605242123827338,
    0.26031290274113417
  ],
  "epochs": [
    0,
    1,
    2,
    3,
    4,
    5,
    6,
    7,
    8,
    9,
    10,
    11,
    12,
    13,
    14,
    15,
    16,
    17,
    18,
    19,
    20,
    21,
    22,
    23,
    24,
    25,
    26,
    27,
    28
  ]
}