{
  "train_loss": [
    0.39987207488580184,
    0.23745090094479648,
    0.2298079859126698,
    0.22823482020334765,
    0.22164725905114954,
    0.2212874626571482,
    0.21893046498298646,
    0.2188709462230856,
    0.21989968419075012,
    0.22004407996481115,
    0.21771865595470774,
    0.2181217689405788,
    0.216755703904412,
    0.21824555613777855,
    0.21676927425644615,
    0.21578564562580801,
    0.21272943886843595,
    0.21130503714084625,
    0.21313331371003932,
    0.2129091834480112,
    0.2116159980947321,
    0.21320674229751935,
    0.21058565486561168,
    0.21245778013359418,
    0.21180535094304517,
    0.21132749969309025,
    0.21184730746529318,
    0.20978425280614332,
    0.2119634823365645,
    0.21238184300335972,
    0.2117274744944139,
    0.2102586350657723,
    0.2128071671182459,
    0.2103432078253139,
    0.2097280277447267,
    0.2114768171852285,
    0.20978135791691868,
    0.21305297775702042,
    0.20905270278453827,
    0.21037467311729086
  ],
  "val_loss": [
    0.2525355378165841,
    0.2512383293360472,
    0.27053856384009123,
    0.2521374858915806,
    0.2524925163015723,
    0.2707630228251219,
    0.26484393887221813,
    0.24816579557955265,
    0.25895092729479074,
    0.24686431605368853,
    0.260514666326344,
    0.2606337619945407,
    0.25264697801321745,
    0.24977373331785202,
    0.24859281443059444,
    0.26210019271820784,
    0.24693549238145351,
    0.24631901737302542,
    0.2466021003201604,
    0.24723707139492035,
    0.2469890071079135,
    0.2458090540021658,
    0.24639382306486368,
    0.24773970991373062,
    0.24569052271544933,
    0.24711140990257263,
    0.2476213751360774,
    0.2460015146061778,
    0.24831279460340738,
    0.24632696527987719,
    0.24631187040358782,
    0.24611881468445063,
    0.24613782111555338,
    0.24612630158662796,
    0.2465039324015379,
    0.24636653997004032,
    0.2465962991118431,
    0.2466297959908843,
    0.24658898543566465,
    0.24655037745833397
  ],
  "epochs": [
    0,
    1,
    2,
    3,
    4,
    5,
    6,
    7,
    8,
    9,
    10,
    11,
    12,
    13,
    14,
    15,
    16,
    17,
    18,
    19,
    20,
    21,
    22,
    23,
    24,
    25,
    26,
    27,
    28,
    29,
    30,
    31,
    32,
    33,
    34,
    35,
    36,
    37,
    38,
    39
  ]
}