{
  "train_loss": [
    0.4172608294270255,
    0.24568002738735892,
    0.23554617058147084,
    0.2352723151445389,
    0.23103142163970253,
    0.22783557176589966,
    0.23108329339460892,
    0.22943490662358024,
    0.23100945380601015,
    0.22927394346757368,
    0.22646666873585095,
    0.22682126326994462,
    0.2285514091903513,
    0.2267873826352033,
    0.22653724253177643,
    0.2270486352118579,
    0.2260767327113585,
    0.22665343420072034,
    0.2293227580460635,
    0.2231018843975934,
    0.22550532492724332,
    0.22234241474758495,
    0.22110379338264466,
    0.22203187807039781,
    0.2221016309478066,
    0.2208777064626867,
    0.22067091898484664,
    0.2208939720283855,
    0.22164911709048532,
    0.221363843571056,
    0.22003176754171197,
    0.22015176659280603,
    0.2182608035477725,
    0.22046488333832134,
    0.219092228195884,
    0.21968232528729872,
    0.22077043896371668,
    0.22047674764286387,
    0.21969796364957636
  ],
  "val_loss": [
    0.2526553040370345,
    0.22891336493194103,
    0.24125095084309578,
    0.24549324624240398,
    0.2250138269737363,
    0.23299944959580898,
    0.2246378269046545,
    0.24850321095436811,
    0.22421169094741344,
    0.22817766666412354,
    0.2292656945064664,
    0.22908592969179153,
    0.24066476337611675,
    0.24275297671556473,
    0.22098120767623186,
    0.23352041747421026,
    0.22304156702011824,
    0.2224056562408805,
    0.24931347277015448,
    0.22480593714863062,
    0.2398882256820798,
    0.22139164712280035,
    0.22125228866934776,
    0.22042371984571218,
    0.22099508624523878,
    0.22110322304069996,
    0.22069258708506823,
    0.22202773112803698,
    0.22166971117258072,
    0.22130658943206072,
    0.22076496668159962,
    0.2208923026919365,
    0.22077757492661476,
    0.22068413812667131,
    0.22061733435839415,
    0.22087614703923464,
    0.22085094638168812,
    0.2207228783518076,
    0.22061978932470083
  ],
  "epochs": [
    0,
    1,
    2,
    3,
    4,
    5,
    6,
    7,
    8,
    9,
    10,
    11,
    12,
    13,
    14,
    15,
    16,
    17,
    18,
    19,
    20,
    21,
    22,
    23,
    24,
    25,
    26,
    27,
    28,
    29,
    30,
    31,
    32,
    33,
    34,
    35,
    36,
    37,
    38
  ]
}