{
  "train_loss": [
    0.6701250027929033,
    0.5787971899032592,
    0.559687108026232,
    0.5430221885544914,
    0.5281631240980966,
    0.526349877180372,
    0.5113742975916181,
    0.5013188411848886,
    0.49790371204103745,
    0.4986679736273629,
    0.48833125677108763,
    0.48519934481212074,
    0.48100855661119735,
    0.48020050185067314,
    0.47670494198117935,
    0.4736852285044534,
    0.46821629905700685,
    0.463575551373618,
    0.46525036245754786,
    0.4614062507493155,
    0.4556422622885023,
    0.4574975106375558,
    0.45226637338229586,
    0.45336615715026857,
    0.44962700033187863,
    0.4486190587997437,
    0.4469367469447,
    0.447487112733296,
    0.4414555387088231,
    0.44305718722343446,
    0.44160849979264394,
    0.44070493582998005,
    0.4392963665962219,
    0.43857037309919084,
    0.4353786409854889,
    0.43848545620782037,
    0.43269472133772713,
    0.43142372681753977,
    0.4310101261820112,
    0.43000012465885706,
    0.4294543814114162,
    0.43115555381093706,
    0.4279450067111424,
    0.42684391247204373,
    0.4239336989743369,
    0.4255086043834686,
    0.42344057258878437,
    0.42470850710868835,
    0.4217287391594478,
    0.42109729790006367,
    0.41925123641150336,
    0.41964415347235545,
    0.42028785401753016,
    0.41942092625073024,
    0.4179975985118321,
    0.4194361835071019,
    0.414959063407353,
    0.4180691134861537,
    0.41735098208699906,
    0.41431274414743696,
    0.41441394059317455,
    0.41337285843576704,
    0.4117848963533129,
    0.40902005793026514,
    0.41226919103349957,
    0.4129212744235992,
    0.41276442651748657,
    0.4084869311128344,
    0.4102130260808127,
    0.4066071297781808,
    0.4106280264241355,
    0.4088249414580209,
    0.4075594358580453,
    0.4074903294154576,
    0.40614841201645985,
    0.4071147139413016,
    0.40666779344422477,
    0.4079784407343183,
    0.406382808978217,
    0.40462405601228985,
    0.40215044819286894,
    0.405190171616418,
    0.4016384857722691,
    0.40450070947238376,
    0.40387789028712684,
    0.4016616328716278,
    0.40059644248144965,
    0.40247364530563356,
    0.40362211797577996,
    0.4002471189090184,
    0.39791233310018265,
    0.40069299110685075,
    0.3989272218295506,
    0.4000936845098223,
    0.39921923377854485,
    0.3988025916508266,
    0.40073626859528677,
    0.39724053879465376,
    0.399167445734569,
    0.39740002784047807
  ],
  "val_loss": [
    0.3902132526874542,
    0.3795047396659851,
    0.36510744414329527,
    0.37673976011276245,
    0.35973340158462525,
    0.3571731900691986,
    0.3442806377887726,
    0.33436077156066896,
    0.34121646251678467,
    0.3485826531410217,
    0.34534220514297487,
    0.33653783969879153,
    0.33827704458236696,
    0.3311512572288513,
    0.33656389064788816,
    0.3198214695930481,
    0.3285807699203491,
    0.33219314556121826,
    0.32291891717910765,
    0.3174966410636902,
    0.3244362633705139,
    0.319894738817215,
    0.32223454751968383,
    0.32133671379089357,
    0.31953269863128664,
    0.31129172077178957,
    0.3128965711593628,
    0.31274909510612486,
    0.30631080842018127,
    0.30596148595809936,
    0.3041087173461914,
    0.31254719476699827,
    0.30002912750244143,
    0.3032337471961975,
    0.3073909912109375,
    0.3060753342628479,
    0.30345663056373595,
    0.31447861433029173,
    0.3059619704246521,
    0.3050705011367798,
    0.2988182761192322,
    0.29802614288330076,
    0.30073012266159055,
    0.3010708579063415,
    0.29879924297332766,
    0.3011328556060791,
    0.30243911666870116,
    0.3027645976066589,
    0.3012362120628357,
    0.2964978268623352,
    0.30393967938423155,
    0.2930507712364197,
    0.29859697008132935,
    0.28775230259895324,
    0.2939459419250488,
    0.30669748034477234,
    0.2934529426574707,
    0.2948597031593323,
    0.29437060708999635,
    0.28512326669692994,
    0.2888376190185547,
    0.2912571982383728,
    0.29659994530677797,
    0.29080773572921753,
    0.29468204565048217,
    0.2877374101161957,
    0.29040461587905886,
    0.2891357913970947,
    0.2948736972808838,
    0.28826524052619934,
    0.2906701370716095,
    0.2899929907798767,
    0.2886782774448395,
    0.28862717742919924,
    0.2975235353469849,
    0.28128579139709475,
    0.2855602737903595,
    0.2847886254310608,
    0.28921346511840823,
    0.28969598817825315,
    0.2935123767375946,
    0.28544805879592894,
    0.2875998858451843,
    0.2806900610923767,
    0.2880189666748047,
    0.2880753137588501,
    0.2829318558692932,
    0.2881563672065735,
    0.28807257347106935,
    0.28589683985710146,
    0.2832689754486084,
    0.28672448511123655,
    0.28019374866485597,
    0.283956108379364,
    0.2828067763328552,
    0.2849124415874481,
    0.2889959694385529,
    0.27860087389945987,
    0.2842999486923218,
    0.28432099590301513
  ],
  "epochs": [
    0,
    1,
    2,
    3,
    4,
    5,
    6,
    7,
    8,
    9,
    10,
    11,
    12,
    13,
    14,
    15,
    16,
    17,
    18,
    19,
    20,
    21,
    22,
    23,
    24,
    25,
    26,
    27,
    28,
    29,
    30,
    31,
    32,
    33,
    34,
    35,
    36,
    37,
    38,
    39,
    40,
    41,
    42,
    43,
    44,
    45,
    46,
    47,
    48,
    49,
    50,
    51,
    52,
    53,
    54,
    55,
    56,
    57,
    58,
    59,
    60,
    61,
    62,
    63,
    64,
    65,
    66,
    67,
    68,
    69,
    70,
    71,
    72,
    73,
    74,
    75,
    76,
    77,
    78,
    79,
    80,
    81,
    82,
    83,
    84,
    85,
    86,
    87,
    88,
    89,
    90,
    91,
    92,
    93,
    94,
    95,
    96,
    97,
    98,
    99
  ]
}