{
    "dataset": "train",
    "accuracy": 0.9093785714285715,
    "macro_precision": 0.908996289157362,
    "macro_recall": 0.9093785714285714,
    "macro_f1": 0.9090633449032273,
    "weighted_precision": 0.9089962891573621,
    "weighted_recall": 0.9093785714285715,
    "weighted_f1": 0.9090633449032273,
    "per_class_metrics": {
        "class_0": {
            "precision": 0.9126412858092677,
            "recall": 0.9020285714285714,
            "f1_score": 0.907303895506732,
            "support": 35000
        },
        "class_1": {
            "precision": 0.8285655605433794,
            "recall": 0.8068571428571428,
            "f1_score": 0.8175672741484881,
            "support": 35000
        },
        "class_2": {
            "precision": 0.8959216247454456,
            "recall": 0.9301714285714285,
            "f1_score": 0.9127253357257001,
            "support": 35000
        },
        "class_3": {
            "precision": 0.9988566855313554,
            "recall": 0.9984571428571428,
            "f1_score": 0.9986568742319892,
            "support": 35000
        }
    },
    "confusion_matrix": [
        [
            31571,
            3405,
            8,
            16
        ],
        [
            3003,
            28240,
            3751,
            6
        ],
        [
            1,
            2425,
            32556,
            18
        ],
        [
            18,
            13,
            23,
            34946
        ]
    ]
}