{
    "dataset": "train",
    "accuracy": 0.91165,
    "macro_precision": 0.9120633326623516,
    "macro_recall": 0.9116500000000001,
    "macro_f1": 0.9118264416447596,
    "weighted_precision": 0.9120633326623516,
    "weighted_recall": 0.91165,
    "weighted_f1": 0.9118264416447596,
    "per_class_metrics": {
        "class_0": {
            "precision": 0.9075402927273762,
            "recall": 0.9106,
            "f1_score": 0.9090675718075245,
            "support": 35000
        },
        "class_1": {
            "precision": 0.8191746889601982,
            "recall": 0.8314857142857143,
            "f1_score": 0.8252842923177268,
            "support": 35000
        },
        "class_2": {
            "precision": 0.921967251257889,
            "recall": 0.9057142857142857,
            "f1_score": 0.9137685023708978,
            "support": 35000
        },
        "class_3": {
            "precision": 0.999571097703943,
            "recall": 0.9988,
            "f1_score": 0.9991854000828891,
            "support": 35000
        }
    },
    "confusion_matrix": [
        [
            31871,
            3124,
            1,
            4
        ],
        [
            3232,
            29102,
            2661,
            5
        ],
        [
            2,
            3292,
            31700,
            6
        ],
        [
            13,
            8,
            21,
            34958
        ]
    ]
}