{
  "train_loss": [
    0.8079034871918814,
    0.6354872075080872,
    0.5872743381091526,
    0.5628232621056692,
    0.5467856454576765,
    0.5340772773606437,
    0.5253586072853633,
    0.515785812827519,
    0.5121214249474662,
    0.5042379869733538,
    0.4995024542331696,
    0.49018155268941604,
    0.4869198027065822,
    0.4811276110785348,
    0.4820323459625244,
    0.4781053924560547,
    0.47117463252203806,
    0.47082469483784267,
    0.46900662178993224,
    0.4665590043067932,
    0.4627288645948682,
    0.45835031056404113,
    0.4584543244770595,
    0.4544512905938285,
    0.45588159705570763,
    0.4555350227015359,
    0.45157536099978857,
    0.4493412706851959,
    0.4488576522145952,
    0.4450452216420855,
    0.44433952916009084,
    0.4455401732104165,
    0.44200824748447964,
    0.43914746956144063,
    0.4399873980454036,
    0.43875120629583086,
    0.4383075016975403,
    0.43707570073263985,
    0.4300439480781555,
    0.4339335588863918,
    0.43138456878662107,
    0.4335407584667206,
    0.4307700134686061,
    0.4279617871488844,
    0.4304862354346684,
    0.43092124720982145,
    0.42724094710350036,
    0.4294984652042389,
    0.4249651586805071,
    0.4236763702937535,
    0.4240071881566729,
    0.42284085174288066,
    0.4227425011771066,
    0.4203719192028046,
    0.4221148661885943,
    0.4214397581917899,
    0.4198029334000179,
    0.41534121157782417,
    0.42014646942274914,
    0.415128705058779,
    0.41793618896348134,
    0.4163151924133301,
    0.41635685900279457,
    0.41557252785818916,
    0.41511564519745964,
    0.4115256774970463,
    0.4138559059006827,
    0.413333254303251,
    0.4121424306528909,
    0.4100203376838139,
    0.40842781472206113,
    0.4115886199133737,
    0.4148910012722015,
    0.4098569171019963,
    0.40964314767973764,
    0.40609024760382517,
    0.4068127382346562,
    0.4101861071041652,
    0.40430624727521625,
    0.4072199223586491,
    0.40903987797328406,
    0.4063621759687151,
    0.4072046745095934,
    0.4094091138362885,
    0.40469517718042647,
    0.40350492904526847,
    0.401180180147716,
    0.404369449704034,
    0.39995895424570355,
    0.40110120720182146,
    0.4029875193595886,
    0.39814122608729774,
    0.4009884935447148,
    0.4033860206808363,
    0.4004375934941428,
    0.40333398349625726,
    0.39904942123549325,
    0.3994932244845799,
    0.4004257230622428,
    0.39926477261270793
  ],
  "val_loss": [
    0.45049463367462156,
    0.4060570568084717,
    0.38945451698303224,
    0.368169747543335,
    0.3697469305038452,
    0.36501187028884885,
    0.35997275810241697,
    0.35494534740447997,
    0.35366247277259827,
    0.33886751499176027,
    0.3353620650291443,
    0.33611408848762514,
    0.34156644248962403,
    0.3375784791946411,
    0.32803156833648683,
    0.3399894820213318,
    0.3268451816558838,
    0.32009691991806033,
    0.32504589138031004,
    0.31419536070823667,
    0.32280657186508177,
    0.31419874629974365,
    0.3115118719100952,
    0.31982343969345095,
    0.31346037340164185,
    0.30838368558883666,
    0.30333553814888,
    0.3036059609413147,
    0.3042252172470093,
    0.3044122930049896,
    0.3042232936859131,
    0.30367045192718506,
    0.30236643610000613,
    0.3081479409694672,
    0.30095345611572266,
    0.3013094536781311,
    0.30299991307258606,
    0.304683647441864,
    0.2963830265045166,
    0.2988416874885559,
    0.29251824860572817,
    0.29979933280944826,
    0.29405039892196655,
    0.297008864736557,
    0.30058813762664793,
    0.2925921283721924,
    0.29188396644592285,
    0.2965288197517395,
    0.2983356185913086,
    0.2933750409603119,
    0.2916419748067856,
    0.28705780086517335,
    0.2988450836181641,
    0.295735724067688,
    0.29513217403888703,
    0.2930464996814728,
    0.2907686943054199,
    0.2823069504261017,
    0.28954712438583374,
    0.28707497720718383,
    0.29339836454391477,
    0.29105678701400756,
    0.2930358232498169,
    0.2888214120864868,
    0.29390491971969607,
    0.28542057905197143,
    0.28787487316131594,
    0.28595294966697693,
    0.28743154249191283,
    0.28674668741226195,
    0.2827888650417328,
    0.28825064883232115,
    0.2873360733509064,
    0.28144290442466735,
    0.27743110437393187,
    0.2815671624660492,
    0.28562134568691255,
    0.2853947249174118,
    0.2791152229309082,
    0.2865877272605896,
    0.2849062844276428,
    0.28199446370601655,
    0.2857310619592667,
    0.282239090013504,
    0.27853545293807985,
    0.2839179810523987,
    0.2798841529607773,
    0.279986618232727,
    0.2808856897830963,
    0.27853267064094545,
    0.2782063323736191,
    0.27760223016738894,
    0.2852065966129303,
    0.2816934286594391,
    0.2763125323295593,
    0.2841329372882843,
    0.27636624670028687,
    0.27606619753837586,
    0.27770081124305723,
    0.2814155427932739
  ],
  "epochs": [
    0,
    1,
    2,
    3,
    4,
    5,
    6,
    7,
    8,
    9,
    10,
    11,
    12,
    13,
    14,
    15,
    16,
    17,
    18,
    19,
    20,
    21,
    22,
    23,
    24,
    25,
    26,
    27,
    28,
    29,
    30,
    31,
    32,
    33,
    34,
    35,
    36,
    37,
    38,
    39,
    40,
    41,
    42,
    43,
    44,
    45,
    46,
    47,
    48,
    49,
    50,
    51,
    52,
    53,
    54,
    55,
    56,
    57,
    58,
    59,
    60,
    61,
    62,
    63,
    64,
    65,
    66,
    67,
    68,
    69,
    70,
    71,
    72,
    73,
    74,
    75,
    76,
    77,
    78,
    79,
    80,
    81,
    82,
    83,
    84,
    85,
    86,
    87,
    88,
    89,
    90,
    91,
    92,
    93,
    94,
    95,
    96,
    97,
    98,
    99
  ]
}