{
    "dataset": "train",
    "accuracy": 0.9102642857142857,
    "macro_precision": 0.9096560271621634,
    "macro_recall": 0.9102642857142857,
    "macro_f1": 0.9098720907594897,
    "weighted_precision": 0.9096560271621634,
    "weighted_recall": 0.9102642857142857,
    "weighted_f1": 0.9098720907594896,
    "per_class_metrics": {
        "class_0": {
            "precision": 0.9011760083078392,
            "recall": 0.9173714285714286,
            "f1_score": 0.9092016027410836,
            "support": 35000
        },
        "class_1": {
            "precision": 0.832643773272652,
            "recall": 0.805,
            "f1_score": 0.8185885702664226,
            "support": 35000
        },
        "class_2": {
            "precision": 0.9065457413249212,
            "recall": 0.9196,
            "f1_score": 0.9130262112787927,
            "support": 35000
        },
        "class_3": {
            "precision": 0.9982585857432413,
            "recall": 0.9990857142857142,
            "f1_score": 0.99867197875166,
            "support": 35000
        }
    },
    "confusion_matrix": [
        [
            32108,
            2861,
            2,
            29
        ],
        [
            3509,
            28175,
            3302,
            14
        ],
        [
            6,
            2790,
            32186,
            18
        ],
        [
            6,
            12,
            14,
            34968
        ]
    ]
}